ISO-10303-21;
HEADER;
FILE_DESCRIPTION(('Open CASCADE Model'),'2;1');
FILE_NAME('Open CASCADE Shape Model','2026-07-21T13:04:27',('Author'),(
    'Open CASCADE'),'Open CASCADE STEP processor 7.9','Open CASCADE 7.9'
  ,'Unknown');
FILE_SCHEMA(('AUTOMOTIVE_DESIGN { 1 0 10303 214 1 1 1 1 }'));
ENDSEC;
DATA;
#1 = APPLICATION_PROTOCOL_DEFINITION('international standard',
  'automotive_design',2000,#2);
#2 = APPLICATION_CONTEXT(
  'core data for automotive mechanical design processes');
#3 = SHAPE_DEFINITION_REPRESENTATION(#4,#10);
#4 = PRODUCT_DEFINITION_SHAPE('','',#5);
#5 = PRODUCT_DEFINITION('design','',#6,#9);
#6 = PRODUCT_DEFINITION_FORMATION('','',#7);
#7 = PRODUCT('Open CASCADE STEP translator 7.9 11',
  'Open CASCADE STEP translator 7.9 11','',(#8));
#8 = PRODUCT_CONTEXT('',#2,'mechanical');
#9 = PRODUCT_DEFINITION_CONTEXT('part definition',#2,'design');
#10 = ADVANCED_BREP_SHAPE_REPRESENTATION('',(#11,#15),#17801);
#11 = AXIS2_PLACEMENT_3D('',#12,#13,#14);
#12 = CARTESIAN_POINT('',(0.,0.,0.));
#13 = DIRECTION('',(0.,0.,1.));
#14 = DIRECTION('',(1.,0.,-0.));
#15 = MANIFOLD_SOLID_BREP('',#16);
#16 = CLOSED_SHELL('',(#17,#137,#6829,#6883,#6933,#12610,#12637,#12664,
    #12691,#12718,#12725,#12752,#12799,#12826,#12853,#12860,#12887,
    #12914,#12941,#12968,#12995,#13022,#13049,#13076,#13103,#13130,
    #13157,#13184,#13211,#13238,#13265,#13292,#13319,#13346,#13373,
    #13400,#13427,#13454,#13481,#13508,#13535,#13562,#13589,#13616,
    #13643,#13670,#13697,#13724,#13751,#13778,#13805,#13832,#13859,
    #13886,#13913,#13940,#13967,#13994,#14021,#14048,#14075,#14102,
    #14129,#14156,#14183,#14210,#14237,#14264,#14291,#14318,#14345,
    #14372,#14399,#14426,#14453,#14480,#14507,#14534,#14561,#14588,
    #14615,#14642,#14669,#14696,#14723,#14750,#14777,#14804,#14831,
    #14858,#14885,#14912,#14939,#14966,#14993,#15020,#15047,#15074,
    #15101,#15128,#15155,#15182,#15209,#15236,#15263,#15290,#15317,
    #15344,#15371,#15398,#15425,#15452,#15479,#15506,#15533,#15560,
    #15587,#15614,#15641,#15668,#15695,#15722,#15749,#15776,#15823,
    #15850,#15877,#15884,#15911,#15938,#15965,#15992,#16019,#16046,
    #16073,#16100,#16127,#16154,#16181,#16208,#16235,#16262,#16289,
    #16316,#16343,#16390,#16417,#16444,#16451,#16478,#16505,#16532,
    #16559,#16586,#16613,#16640,#16667,#16694,#16721,#16748,#16775,
    #16802,#16829,#16856,#16883,#16910,#16937,#16964,#16991,#17018,
    #17045,#17072,#17099,#17126,#17153,#17180,#17207,#17234,#17261,
    #17288,#17315,#17342,#17369,#17396,#17423,#17450,#17477,#17504,
    #17531,#17558,#17585,#17612,#17639,#17666,#17693,#17720,#17747,
    #17774));
#17 = ADVANCED_FACE('',(#18),#32,.F.);
#18 = FACE_BOUND('',#19,.F.);
#19 = EDGE_LOOP('',(#20,#55,#83,#111));
#20 = ORIENTED_EDGE('',*,*,#21,.F.);
#21 = EDGE_CURVE('',#22,#24,#26,.T.);
#22 = VERTEX_POINT('',#23);
#23 = CARTESIAN_POINT('',(-71.,-142.,0.));
#24 = VERTEX_POINT('',#25);
#25 = CARTESIAN_POINT('',(71.,-142.,0.));
#26 = SURFACE_CURVE('',#27,(#31,#43),.PCURVE_S1.);
#27 = LINE('',#28,#29);
#28 = CARTESIAN_POINT('',(-105.,-142.,0.));
#29 = VECTOR('',#30,1.);
#30 = DIRECTION('',(1.,0.,0.));
#31 = PCURVE('',#32,#37);
#32 = PLANE('',#33);
#33 = AXIS2_PLACEMENT_3D('',#34,#35,#36);
#34 = CARTESIAN_POINT('',(-105.,-142.,0.));
#35 = DIRECTION('',(0.,1.,0.));
#36 = DIRECTION('',(1.,0.,0.));
#37 = DEFINITIONAL_REPRESENTATION('',(#38),#42);
#38 = LINE('',#39,#40);
#39 = CARTESIAN_POINT('',(0.,0.));
#40 = VECTOR('',#41,1.);
#41 = DIRECTION('',(1.,0.));
#42 = ( GEOMETRIC_REPRESENTATION_CONTEXT(2) 
PARAMETRIC_REPRESENTATION_CONTEXT() REPRESENTATION_CONTEXT('2D SPACE',''
  ) );
#43 = PCURVE('',#44,#49);
#44 = PLANE('',#45);
#45 = AXIS2_PLACEMENT_3D('',#46,#47,#48);
#46 = CARTESIAN_POINT('',(0.,0.,0.));
#47 = DIRECTION('',(0.,0.,1.));
#48 = DIRECTION('',(1.,0.,-0.));
#49 = DEFINITIONAL_REPRESENTATION('',(#50),#54);
#50 = LINE('',#51,#52);
#51 = CARTESIAN_POINT('',(-105.,-142.));
#52 = VECTOR('',#53,1.);
#53 = DIRECTION('',(1.,0.));
#54 = ( GEOMETRIC_REPRESENTATION_CONTEXT(2) 
PARAMETRIC_REPRESENTATION_CONTEXT() REPRESENTATION_CONTEXT('2D SPACE',''
  ) );
#55 = ORIENTED_EDGE('',*,*,#56,.T.);
#56 = EDGE_CURVE('',#22,#57,#59,.T.);
#57 = VERTEX_POINT('',#58);
#58 = CARTESIAN_POINT('',(-71.,-142.,6.));
#59 = SURFACE_CURVE('',#60,(#64,#71),.PCURVE_S1.);
#60 = LINE('',#61,#62);
#61 = CARTESIAN_POINT('',(-71.,-142.,0.));
#62 = VECTOR('',#63,1.);
#63 = DIRECTION('',(0.,0.,1.));
#64 = PCURVE('',#32,#65);
#65 = DEFINITIONAL_REPRESENTATION('',(#66),#70);
#66 = LINE('',#67,#68);
#67 = CARTESIAN_POINT('',(34.,0.));
#68 = VECTOR('',#69,1.);
#69 = DIRECTION('',(0.,-1.));
#70 = ( GEOMETRIC_REPRESENTATION_CONTEXT(2) 
PARAMETRIC_REPRESENTATION_CONTEXT() REPRESENTATION_CONTEXT('2D SPACE',''
  ) );
#71 = PCURVE('',#72,#77);
#72 = CYLINDRICAL_SURFACE('',#73,34.);
#73 = AXIS2_PLACEMENT_3D('',#74,#75,#76);
#74 = CARTESIAN_POINT('',(-71.,-108.,0.));
#75 = DIRECTION('',(0.,0.,1.));
#76 = DIRECTION('',(0.,-1.,0.));
#77 = DEFINITIONAL_REPRESENTATION('',(#78),#82);
#78 = LINE('',#79,#80);
#79 = CARTESIAN_POINT('',(-0.,0.));
#80 = VECTOR('',#81,1.);
#81 = DIRECTION('',(-0.,1.));
#82 = ( GEOMETRIC_REPRESENTATION_CONTEXT(2) 
PARAMETRIC_REPRESENTATION_CONTEXT() REPRESENTATION_CONTEXT('2D SPACE',''
  ) );
#83 = ORIENTED_EDGE('',*,*,#84,.T.);
#84 = EDGE_CURVE('',#57,#85,#87,.T.);
#85 = VERTEX_POINT('',#86);
#86 = CARTESIAN_POINT('',(71.,-142.,6.));
#87 = SURFACE_CURVE('',#88,(#92,#99),.PCURVE_S1.);
#88 = LINE('',#89,#90);
#89 = CARTESIAN_POINT('',(-105.,-142.,6.));
#90 = VECTOR('',#91,1.);
#91 = DIRECTION('',(1.,0.,0.));
#92 = PCURVE('',#32,#93);
#93 = DEFINITIONAL_REPRESENTATION('',(#94),#98);
#94 = LINE('',#95,#96);
#95 = CARTESIAN_POINT('',(0.,-6.));
#96 = VECTOR('',#97,1.);
#97 = DIRECTION('',(1.,0.));
#98 = ( GEOMETRIC_REPRESENTATION_CONTEXT(2) 
PARAMETRIC_REPRESENTATION_CONTEXT() REPRESENTATION_CONTEXT('2D SPACE',''
  ) );
#99 = PCURVE('',#100,#105);
#100 = PLANE('',#101);
#101 = AXIS2_PLACEMENT_3D('',#102,#103,#104);
#102 = CARTESIAN_POINT('',(0.,0.,6.));
#103 = DIRECTION('',(0.,0.,1.));
#104 = DIRECTION('',(1.,0.,-0.));
#105 = DEFINITIONAL_REPRESENTATION('',(#106),#110);
#106 = LINE('',#107,#108);
#107 = CARTESIAN_POINT('',(-105.,-142.));
#108 = VECTOR('',#109,1.);
#109 = DIRECTION('',(1.,0.));
#110 = ( GEOMETRIC_REPRESENTATION_CONTEXT(2) 
PARAMETRIC_REPRESENTATION_CONTEXT() REPRESENTATION_CONTEXT('2D SPACE',''
  ) );
#111 = ORIENTED_EDGE('',*,*,#112,.F.);
#112 = EDGE_CURVE('',#24,#85,#113,.T.);
#113 = SURFACE_CURVE('',#114,(#118,#125),.PCURVE_S1.);
#114 = LINE('',#115,#116);
#115 = CARTESIAN_POINT('',(71.,-142.,0.));
#116 = VECTOR('',#117,1.);
#117 = DIRECTION('',(0.,0.,1.));
#118 = PCURVE('',#32,#119);
#119 = DEFINITIONAL_REPRESENTATION('',(#120),#124);
#120 = LINE('',#121,#122);
#121 = CARTESIAN_POINT('',(176.,0.));
#122 = VECTOR('',#123,1.);
#123 = DIRECTION('',(0.,-1.));
#124 = ( GEOMETRIC_REPRESENTATION_CONTEXT(2) 
PARAMETRIC_REPRESENTATION_CONTEXT() REPRESENTATION_CONTEXT('2D SPACE',''
  ) );
#125 = PCURVE('',#126,#131);
#126 = CYLINDRICAL_SURFACE('',#127,34.);
#127 = AXIS2_PLACEMENT_3D('',#128,#129,#130);
#128 = CARTESIAN_POINT('',(71.,-108.,0.));
#129 = DIRECTION('',(0.,0.,1.));
#130 = DIRECTION('',(0.,-1.,0.));
#131 = DEFINITIONAL_REPRESENTATION('',(#132),#136);
#132 = LINE('',#133,#134);
#133 = CARTESIAN_POINT('',(0.,0.));
#134 = VECTOR('',#135,1.);
#135 = DIRECTION('',(0.,1.));
#136 = ( GEOMETRIC_REPRESENTATION_CONTEXT(2) 
PARAMETRIC_REPRESENTATION_CONTEXT() REPRESENTATION_CONTEXT('2D SPACE',''
  ) );
#137 = ADVANCED_FACE('',(#138,#333,#368,#480,#515,#550,#585,#620,#655,
    #690,#725,#760,#795,#830,#865,#900,#935,#970,#1005,#1040,#1075,#1110
    ,#1145,#1180,#1215,#1250,#1285,#1320,#1355,#1390,#1425,#1460,#1495,
    #1530,#1565,#1600,#1635,#1670,#1705,#1740,#1775,#1810,#1845,#1880,
    #1915,#1950,#1985,#2020,#2055,#2090,#2125,#2160,#2195,#2230,#2265,
    #2300,#2335,#2370,#2405,#2440,#2475,#2510,#2545,#2580,#2615,#2650,
    #2685,#2720,#2755,#2790,#2825,#2860,#2895,#2930,#2965,#3000,#3035,
    #3070,#3105,#3140,#3175,#3210,#3245,#3280,#3315,#3350,#3385,#3420,
    #3455,#3490,#3525,#3560,#3595,#3630,#3665,#3700,#3735,#3770,#3805,
    #3840,#3875,#3910,#3945,#3980,#4015,#4050,#4085,#4120,#4155,#4190,
    #4225,#4260,#4372,#4407,#4442,#4477,#4512,#4547,#4582,#4617,#4652,
    #4687,#4722,#4757,#4792,#4827,#4862,#4897,#4932,#4967,#5079,#5114,
    #5149,#5184,#5219,#5254,#5289,#5324,#5359,#5394,#5429,#5464,#5499,
    #5534,#5569,#5604,#5639,#5674,#5709,#5744,#5779,#5814,#5849,#5884,
    #5919,#5954,#5989,#6024,#6059,#6094,#6129,#6164,#6199,#6234,#6269,
    #6304,#6339,#6374,#6409,#6444,#6479,#6514,#6549,#6584,#6619,#6654,
    #6689,#6724,#6759,#6794),#44,.F.);
#138 = FACE_BOUND('',#139,.F.);
#139 = EDGE_LOOP('',(#140,#141,#165,#193,#222,#250,#279,#307));
#140 = ORIENTED_EDGE('',*,*,#21,.T.);
#141 = ORIENTED_EDGE('',*,*,#142,.T.);
#142 = EDGE_CURVE('',#24,#143,#145,.T.);
#143 = VERTEX_POINT('',#144);
#144 = CARTESIAN_POINT('',(105.,-108.,0.));
#145 = SURFACE_CURVE('',#146,(#151,#158),.PCURVE_S1.);
#146 = CIRCLE('',#147,34.);
#147 = AXIS2_PLACEMENT_3D('',#148,#149,#150);
#148 = CARTESIAN_POINT('',(71.,-108.,0.));
#149 = DIRECTION('',(0.,0.,1.));
#150 = DIRECTION('',(0.,-1.,0.));
#151 = PCURVE('',#44,#152);
#152 = DEFINITIONAL_REPRESENTATION('',(#153),#157);
#153 = CIRCLE('',#154,34.);
#154 = AXIS2_PLACEMENT_2D('',#155,#156);
#155 = CARTESIAN_POINT('',(71.,-108.));
#156 = DIRECTION('',(0.,-1.));
#157 = ( GEOMETRIC_REPRESENTATION_CONTEXT(2) 
PARAMETRIC_REPRESENTATION_CONTEXT() REPRESENTATION_CONTEXT('2D SPACE',''
  ) );
#158 = PCURVE('',#126,#159);
#159 = DEFINITIONAL_REPRESENTATION('',(#160),#164);
#160 = LINE('',#161,#162);
#161 = CARTESIAN_POINT('',(0.,0.));
#162 = VECTOR('',#163,1.);
#163 = DIRECTION('',(1.,0.));
#164 = ( GEOMETRIC_REPRESENTATION_CONTEXT(2) 
PARAMETRIC_REPRESENTATION_CONTEXT() REPRESENTATION_CONTEXT('2D SPACE',''
  ) );
#165 = ORIENTED_EDGE('',*,*,#166,.T.);
#166 = EDGE_CURVE('',#143,#167,#169,.T.);
#167 = VERTEX_POINT('',#168);
#168 = CARTESIAN_POINT('',(105.,108.,0.));
#169 = SURFACE_CURVE('',#170,(#174,#181),.PCURVE_S1.);
#170 = LINE('',#171,#172);
#171 = CARTESIAN_POINT('',(105.,-142.,0.));
#172 = VECTOR('',#173,1.);
#173 = DIRECTION('',(0.,1.,0.));
#174 = PCURVE('',#44,#175);
#175 = DEFINITIONAL_REPRESENTATION('',(#176),#180);
#176 = LINE('',#177,#178);
#177 = CARTESIAN_POINT('',(105.,-142.));
#178 = VECTOR('',#179,1.);
#179 = DIRECTION('',(0.,1.));
#180 = ( GEOMETRIC_REPRESENTATION_CONTEXT(2) 
PARAMETRIC_REPRESENTATION_CONTEXT() REPRESENTATION_CONTEXT('2D SPACE',''
  ) );
#181 = PCURVE('',#182,#187);
#182 = PLANE('',#183);
#183 = AXIS2_PLACEMENT_3D('',#184,#185,#186);
#184 = CARTESIAN_POINT('',(105.,-142.,0.));
#185 = DIRECTION('',(-1.,0.,0.));
#186 = DIRECTION('',(0.,1.,0.));
#187 = DEFINITIONAL_REPRESENTATION('',(#188),#192);
#188 = LINE('',#189,#190);
#189 = CARTESIAN_POINT('',(0.,0.));
#190 = VECTOR('',#191,1.);
#191 = DIRECTION('',(1.,0.));
#192 = ( GEOMETRIC_REPRESENTATION_CONTEXT(2) 
PARAMETRIC_REPRESENTATION_CONTEXT() REPRESENTATION_CONTEXT('2D SPACE',''
  ) );
#193 = ORIENTED_EDGE('',*,*,#194,.T.);
#194 = EDGE_CURVE('',#167,#195,#197,.T.);
#195 = VERTEX_POINT('',#196);
#196 = CARTESIAN_POINT('',(71.,142.,0.));
#197 = SURFACE_CURVE('',#198,(#203,#210),.PCURVE_S1.);
#198 = CIRCLE('',#199,34.);
#199 = AXIS2_PLACEMENT_3D('',#200,#201,#202);
#200 = CARTESIAN_POINT('',(71.,108.,0.));
#201 = DIRECTION('',(0.,0.,1.));
#202 = DIRECTION('',(0.,-1.,0.));
#203 = PCURVE('',#44,#204);
#204 = DEFINITIONAL_REPRESENTATION('',(#205),#209);
#205 = CIRCLE('',#206,34.);
#206 = AXIS2_PLACEMENT_2D('',#207,#208);
#207 = CARTESIAN_POINT('',(71.,108.));
#208 = DIRECTION('',(0.,-1.));
#209 = ( GEOMETRIC_REPRESENTATION_CONTEXT(2) 
PARAMETRIC_REPRESENTATION_CONTEXT() REPRESENTATION_CONTEXT('2D SPACE',''
  ) );
#210 = PCURVE('',#211,#216);
#211 = CYLINDRICAL_SURFACE('',#212,34.);
#212 = AXIS2_PLACEMENT_3D('',#213,#214,#215);
#213 = CARTESIAN_POINT('',(71.,108.,0.));
#214 = DIRECTION('',(0.,0.,1.));
#215 = DIRECTION('',(1.,0.,-0.));
#216 = DEFINITIONAL_REPRESENTATION('',(#217),#221);
#217 = LINE('',#218,#219);
#218 = CARTESIAN_POINT('',(-1.570796326795,0.));
#219 = VECTOR('',#220,1.);
#220 = DIRECTION('',(1.,0.));
#221 = ( GEOMETRIC_REPRESENTATION_CONTEXT(2) 
PARAMETRIC_REPRESENTATION_CONTEXT() REPRESENTATION_CONTEXT('2D SPACE',''
  ) );
#222 = ORIENTED_EDGE('',*,*,#223,.T.);
#223 = EDGE_CURVE('',#195,#224,#226,.T.);
#224 = VERTEX_POINT('',#225);
#225 = CARTESIAN_POINT('',(-71.,142.,0.));
#226 = SURFACE_CURVE('',#227,(#231,#238),.PCURVE_S1.);
#227 = LINE('',#228,#229);
#228 = CARTESIAN_POINT('',(105.,142.,0.));
#229 = VECTOR('',#230,1.);
#230 = DIRECTION('',(-1.,0.,0.));
#231 = PCURVE('',#44,#232);
#232 = DEFINITIONAL_REPRESENTATION('',(#233),#237);
#233 = LINE('',#234,#235);
#234 = CARTESIAN_POINT('',(105.,142.));
#235 = VECTOR('',#236,1.);
#236 = DIRECTION('',(-1.,0.));
#237 = ( GEOMETRIC_REPRESENTATION_CONTEXT(2) 
PARAMETRIC_REPRESENTATION_CONTEXT() REPRESENTATION_CONTEXT('2D SPACE',''
  ) );
#238 = PCURVE('',#239,#244);
#239 = PLANE('',#240);
#240 = AXIS2_PLACEMENT_3D('',#241,#242,#243);
#241 = CARTESIAN_POINT('',(105.,142.,0.));
#242 = DIRECTION('',(0.,-1.,0.));
#243 = DIRECTION('',(-1.,0.,0.));
#244 = DEFINITIONAL_REPRESENTATION('',(#245),#249);
#245 = LINE('',#246,#247);
#246 = CARTESIAN_POINT('',(0.,-0.));
#247 = VECTOR('',#248,1.);
#248 = DIRECTION('',(1.,0.));
#249 = ( GEOMETRIC_REPRESENTATION_CONTEXT(2) 
PARAMETRIC_REPRESENTATION_CONTEXT() REPRESENTATION_CONTEXT('2D SPACE',''
  ) );
#250 = ORIENTED_EDGE('',*,*,#251,.T.);
#251 = EDGE_CURVE('',#224,#252,#254,.T.);
#252 = VERTEX_POINT('',#253);
#253 = CARTESIAN_POINT('',(-105.,108.,0.));
#254 = SURFACE_CURVE('',#255,(#260,#267),.PCURVE_S1.);
#255 = CIRCLE('',#256,34.);
#256 = AXIS2_PLACEMENT_3D('',#257,#258,#259);
#257 = CARTESIAN_POINT('',(-71.,108.,0.));
#258 = DIRECTION('',(0.,0.,1.));
#259 = DIRECTION('',(0.,-1.,0.));
#260 = PCURVE('',#44,#261);
#261 = DEFINITIONAL_REPRESENTATION('',(#262),#266);
#262 = CIRCLE('',#263,34.);
#263 = AXIS2_PLACEMENT_2D('',#264,#265);
#264 = CARTESIAN_POINT('',(-71.,108.));
#265 = DIRECTION('',(0.,-1.));
#266 = ( GEOMETRIC_REPRESENTATION_CONTEXT(2) 
PARAMETRIC_REPRESENTATION_CONTEXT() REPRESENTATION_CONTEXT('2D SPACE',''
  ) );
#267 = PCURVE('',#268,#273);
#268 = CYLINDRICAL_SURFACE('',#269,34.);
#269 = AXIS2_PLACEMENT_3D('',#270,#271,#272);
#270 = CARTESIAN_POINT('',(-71.,108.,0.));
#271 = DIRECTION('',(0.,0.,1.));
#272 = DIRECTION('',(-0.,1.,0.));
#273 = DEFINITIONAL_REPRESENTATION('',(#274),#278);
#274 = LINE('',#275,#276);
#275 = CARTESIAN_POINT('',(-3.14159265359,0.));
#276 = VECTOR('',#277,1.);
#277 = DIRECTION('',(1.,0.));
#278 = ( GEOMETRIC_REPRESENTATION_CONTEXT(2) 
PARAMETRIC_REPRESENTATION_CONTEXT() REPRESENTATION_CONTEXT('2D SPACE',''
  ) );
#279 = ORIENTED_EDGE('',*,*,#280,.T.);
#280 = EDGE_CURVE('',#252,#281,#283,.T.);
#281 = VERTEX_POINT('',#282);
#282 = CARTESIAN_POINT('',(-105.,-108.,0.));
#283 = SURFACE_CURVE('',#284,(#288,#295),.PCURVE_S1.);
#284 = LINE('',#285,#286);
#285 = CARTESIAN_POINT('',(-105.,142.,0.));
#286 = VECTOR('',#287,1.);
#287 = DIRECTION('',(0.,-1.,0.));
#288 = PCURVE('',#44,#289);
#289 = DEFINITIONAL_REPRESENTATION('',(#290),#294);
#290 = LINE('',#291,#292);
#291 = CARTESIAN_POINT('',(-105.,142.));
#292 = VECTOR('',#293,1.);
#293 = DIRECTION('',(0.,-1.));
#294 = ( GEOMETRIC_REPRESENTATION_CONTEXT(2) 
PARAMETRIC_REPRESENTATION_CONTEXT() REPRESENTATION_CONTEXT('2D SPACE',''
  ) );
#295 = PCURVE('',#296,#301);
#296 = PLANE('',#297);
#297 = AXIS2_PLACEMENT_3D('',#298,#299,#300);
#298 = CARTESIAN_POINT('',(-105.,142.,0.));
#299 = DIRECTION('',(1.,0.,-0.));
#300 = DIRECTION('',(0.,-1.,0.));
#301 = DEFINITIONAL_REPRESENTATION('',(#302),#306);
#302 = LINE('',#303,#304);
#303 = CARTESIAN_POINT('',(0.,0.));
#304 = VECTOR('',#305,1.);
#305 = DIRECTION('',(1.,0.));
#306 = ( GEOMETRIC_REPRESENTATION_CONTEXT(2) 
PARAMETRIC_REPRESENTATION_CONTEXT() REPRESENTATION_CONTEXT('2D SPACE',''
  ) );
#307 = ORIENTED_EDGE('',*,*,#308,.F.);
#308 = EDGE_CURVE('',#22,#281,#309,.T.);
#309 = SURFACE_CURVE('',#310,(#315,#326),.PCURVE_S1.);
#310 = CIRCLE('',#311,34.);
#311 = AXIS2_PLACEMENT_3D('',#312,#313,#314);
#312 = CARTESIAN_POINT('',(-71.,-108.,0.));
#313 = DIRECTION('',(-0.,-0.,-1.));
#314 = DIRECTION('',(0.,-1.,0.));
#315 = PCURVE('',#44,#316);
#316 = DEFINITIONAL_REPRESENTATION('',(#317),#325);
#317 = ( BOUNDED_CURVE() B_SPLINE_CURVE(2,(#318,#319,#320,#321,#322,#323
,#324),.UNSPECIFIED.,.T.,.F.) B_SPLINE_CURVE_WITH_KNOTS((1,2,2,2,2,1),(
    -2.094395102393,0.,2.094395102393,4.188790204786,6.28318530718,
8.377580409573),.UNSPECIFIED.) CURVE() GEOMETRIC_REPRESENTATION_ITEM() 
RATIONAL_B_SPLINE_CURVE((1.,0.5,1.,0.5,1.,0.5,1.)) REPRESENTATION_ITEM(
  '') );
#318 = CARTESIAN_POINT('',(-71.,-142.));
#319 = CARTESIAN_POINT('',(-129.8897274573,-142.));
#320 = CARTESIAN_POINT('',(-100.4448637286,-91.));
#321 = CARTESIAN_POINT('',(-71.,-40.));
#322 = CARTESIAN_POINT('',(-41.55513627132,-91.));
#323 = CARTESIAN_POINT('',(-12.11027254265,-142.));
#324 = CARTESIAN_POINT('',(-71.,-142.));
#325 = ( GEOMETRIC_REPRESENTATION_CONTEXT(2) 
PARAMETRIC_REPRESENTATION_CONTEXT() REPRESENTATION_CONTEXT('2D SPACE',''
  ) );
#326 = PCURVE('',#72,#327);
#327 = DEFINITIONAL_REPRESENTATION('',(#328),#332);
#328 = LINE('',#329,#330);
#329 = CARTESIAN_POINT('',(-0.,0.));
#330 = VECTOR('',#331,1.);
#331 = DIRECTION('',(-1.,0.));
#332 = ( GEOMETRIC_REPRESENTATION_CONTEXT(2) 
PARAMETRIC_REPRESENTATION_CONTEXT() REPRESENTATION_CONTEXT('2D SPACE',''
  ) );
#333 = FACE_BOUND('',#334,.F.);
#334 = EDGE_LOOP('',(#335));
#335 = ORIENTED_EDGE('',*,*,#336,.T.);
#336 = EDGE_CURVE('',#337,#337,#339,.T.);
#337 = VERTEX_POINT('',#338);
#338 = CARTESIAN_POINT('',(-91.35,-127.,0.));
#339 = SURFACE_CURVE('',#340,(#345,#356),.PCURVE_S1.);
#340 = CIRCLE('',#341,2.45);
#341 = AXIS2_PLACEMENT_3D('',#342,#343,#344);
#342 = CARTESIAN_POINT('',(-88.9,-127.,0.));
#343 = DIRECTION('',(0.,0.,-1.));
#344 = DIRECTION('',(-1.,0.,0.));
#345 = PCURVE('',#44,#346);
#346 = DEFINITIONAL_REPRESENTATION('',(#347),#355);
#347 = ( BOUNDED_CURVE() B_SPLINE_CURVE(2,(#348,#349,#350,#351,#352,#353
,#354),.UNSPECIFIED.,.T.,.F.) B_SPLINE_CURVE_WITH_KNOTS((1,2,2,2,2,1),(
    -2.094395102393,0.,2.094395102393,4.188790204786,6.28318530718,
8.377580409573),.UNSPECIFIED.) CURVE() GEOMETRIC_REPRESENTATION_ITEM() 
RATIONAL_B_SPLINE_CURVE((1.,0.5,1.,0.5,1.,0.5,1.)) REPRESENTATION_ITEM(
  '') );
#348 = CARTESIAN_POINT('',(-91.35,-127.));
#349 = CARTESIAN_POINT('',(-91.35,-122.7564755214));
#350 = CARTESIAN_POINT('',(-87.675,-124.8782377607));
#351 = CARTESIAN_POINT('',(-84.,-127.));
#352 = CARTESIAN_POINT('',(-87.675,-129.1217622392));
#353 = CARTESIAN_POINT('',(-91.35,-131.2435244785));
#354 = CARTESIAN_POINT('',(-91.35,-127.));
#355 = ( GEOMETRIC_REPRESENTATION_CONTEXT(2) 
PARAMETRIC_REPRESENTATION_CONTEXT() REPRESENTATION_CONTEXT('2D SPACE',''
  ) );
#356 = PCURVE('',#357,#362);
#357 = CYLINDRICAL_SURFACE('',#358,2.45);
#358 = AXIS2_PLACEMENT_3D('',#359,#360,#361);
#359 = CARTESIAN_POINT('',(-88.9,-127.,6.));
#360 = DIRECTION('',(0.,0.,-1.));
#361 = DIRECTION('',(-1.,0.,0.));
#362 = DEFINITIONAL_REPRESENTATION('',(#363),#367);
#363 = LINE('',#364,#365);
#364 = CARTESIAN_POINT('',(0.,6.));
#365 = VECTOR('',#366,1.);
#366 = DIRECTION('',(1.,0.));
#367 = ( GEOMETRIC_REPRESENTATION_CONTEXT(2) 
PARAMETRIC_REPRESENTATION_CONTEXT() REPRESENTATION_CONTEXT('2D SPACE',''
  ) );
#368 = FACE_BOUND('',#369,.F.);
#369 = EDGE_LOOP('',(#370,#401,#427,#456));
#370 = ORIENTED_EDGE('',*,*,#371,.F.);
#371 = EDGE_CURVE('',#372,#374,#376,.T.);
#372 = VERTEX_POINT('',#373);
#373 = CARTESIAN_POINT('',(-86.,-100.,0.));
#374 = VERTEX_POINT('',#375);
#375 = CARTESIAN_POINT('',(-86.,-116.,0.));
#376 = SURFACE_CURVE('',#377,(#382,#389),.PCURVE_S1.);
#377 = CIRCLE('',#378,8.);
#378 = AXIS2_PLACEMENT_3D('',#379,#380,#381);
#379 = CARTESIAN_POINT('',(-86.,-108.,0.));
#380 = DIRECTION('',(0.,0.,1.));
#381 = DIRECTION('',(-0.,-1.,0.));
#382 = PCURVE('',#44,#383);
#383 = DEFINITIONAL_REPRESENTATION('',(#384),#388);
#384 = CIRCLE('',#385,8.);
#385 = AXIS2_PLACEMENT_2D('',#386,#387);
#386 = CARTESIAN_POINT('',(-86.,-108.));
#387 = DIRECTION('',(-0.,-1.));
#388 = ( GEOMETRIC_REPRESENTATION_CONTEXT(2) 
PARAMETRIC_REPRESENTATION_CONTEXT() REPRESENTATION_CONTEXT('2D SPACE',''
  ) );
#389 = PCURVE('',#390,#395);
#390 = CYLINDRICAL_SURFACE('',#391,8.);
#391 = AXIS2_PLACEMENT_3D('',#392,#393,#394);
#392 = CARTESIAN_POINT('',(-86.,-108.,290.0000003));
#393 = DIRECTION('',(0.,-0.,1.));
#394 = DIRECTION('',(0.,-1.,0.));
#395 = DEFINITIONAL_REPRESENTATION('',(#396),#400);
#396 = LINE('',#397,#398);
#397 = CARTESIAN_POINT('',(-6.28318530718,-290.0000003));
#398 = VECTOR('',#399,1.);
#399 = DIRECTION('',(1.,-0.));
#400 = ( GEOMETRIC_REPRESENTATION_CONTEXT(2) 
PARAMETRIC_REPRESENTATION_CONTEXT() REPRESENTATION_CONTEXT('2D SPACE',''
  ) );
#401 = ORIENTED_EDGE('',*,*,#402,.T.);
#402 = EDGE_CURVE('',#372,#403,#405,.T.);
#403 = VERTEX_POINT('',#404);
#404 = CARTESIAN_POINT('',(-64.,-100.,0.));
#405 = SURFACE_CURVE('',#406,(#410,#416),.PCURVE_S1.);
#406 = LINE('',#407,#408);
#407 = CARTESIAN_POINT('',(-43.,-100.,0.));
#408 = VECTOR('',#409,1.);
#409 = DIRECTION('',(1.,0.,-0.));
#410 = PCURVE('',#44,#411);
#411 = DEFINITIONAL_REPRESENTATION('',(#412),#415);
#412 = B_SPLINE_CURVE_WITH_KNOTS('',1,(#413,#414),.UNSPECIFIED.,.F.,.F.,
  (2,2),(-43.,-21.),.PIECEWISE_BEZIER_KNOTS.);
#413 = CARTESIAN_POINT('',(-86.,-100.));
#414 = CARTESIAN_POINT('',(-64.,-100.));
#415 = ( GEOMETRIC_REPRESENTATION_CONTEXT(2) 
PARAMETRIC_REPRESENTATION_CONTEXT() REPRESENTATION_CONTEXT('2D SPACE',''
  ) );
#416 = PCURVE('',#417,#422);
#417 = PLANE('',#418);
#418 = AXIS2_PLACEMENT_3D('',#419,#420,#421);
#419 = CARTESIAN_POINT('',(-86.,-100.,290.0000003));
#420 = DIRECTION('',(0.,-1.,0.));
#421 = DIRECTION('',(1.,0.,0.));
#422 = DEFINITIONAL_REPRESENTATION('',(#423),#426);
#423 = B_SPLINE_CURVE_WITH_KNOTS('',1,(#424,#425),.UNSPECIFIED.,.F.,.F.,
  (2,2),(-43.,-21.),.PIECEWISE_BEZIER_KNOTS.);
#424 = CARTESIAN_POINT('',(0.,-290.0000003));
#425 = CARTESIAN_POINT('',(22.,-290.0000003));
#426 = ( GEOMETRIC_REPRESENTATION_CONTEXT(2) 
PARAMETRIC_REPRESENTATION_CONTEXT() REPRESENTATION_CONTEXT('2D SPACE',''
  ) );
#427 = ORIENTED_EDGE('',*,*,#428,.F.);
#428 = EDGE_CURVE('',#429,#403,#431,.T.);
#429 = VERTEX_POINT('',#430);
#430 = CARTESIAN_POINT('',(-64.,-116.,0.));
#431 = SURFACE_CURVE('',#432,(#437,#444),.PCURVE_S1.);
#432 = CIRCLE('',#433,8.);
#433 = AXIS2_PLACEMENT_3D('',#434,#435,#436);
#434 = CARTESIAN_POINT('',(-64.,-108.,0.));
#435 = DIRECTION('',(0.,-0.,1.));
#436 = DIRECTION('',(0.,1.,0.));
#437 = PCURVE('',#44,#438);
#438 = DEFINITIONAL_REPRESENTATION('',(#439),#443);
#439 = CIRCLE('',#440,8.);
#440 = AXIS2_PLACEMENT_2D('',#441,#442);
#441 = CARTESIAN_POINT('',(-64.,-108.));
#442 = DIRECTION('',(0.,1.));
#443 = ( GEOMETRIC_REPRESENTATION_CONTEXT(2) 
PARAMETRIC_REPRESENTATION_CONTEXT() REPRESENTATION_CONTEXT('2D SPACE',''
  ) );
#444 = PCURVE('',#445,#450);
#445 = CYLINDRICAL_SURFACE('',#446,8.);
#446 = AXIS2_PLACEMENT_3D('',#447,#448,#449);
#447 = CARTESIAN_POINT('',(-64.,-108.,290.0000003));
#448 = DIRECTION('',(0.,0.,1.));
#449 = DIRECTION('',(0.,1.,0.));
#450 = DEFINITIONAL_REPRESENTATION('',(#451),#455);
#451 = LINE('',#452,#453);
#452 = CARTESIAN_POINT('',(-6.28318530718,-290.0000003));
#453 = VECTOR('',#454,1.);
#454 = DIRECTION('',(1.,-0.));
#455 = ( GEOMETRIC_REPRESENTATION_CONTEXT(2) 
PARAMETRIC_REPRESENTATION_CONTEXT() REPRESENTATION_CONTEXT('2D SPACE',''
  ) );
#456 = ORIENTED_EDGE('',*,*,#457,.T.);
#457 = EDGE_CURVE('',#429,#374,#458,.T.);
#458 = SURFACE_CURVE('',#459,(#463,#469),.PCURVE_S1.);
#459 = LINE('',#460,#461);
#460 = CARTESIAN_POINT('',(-32.,-116.,0.));
#461 = VECTOR('',#462,1.);
#462 = DIRECTION('',(-1.,0.,0.));
#463 = PCURVE('',#44,#464);
#464 = DEFINITIONAL_REPRESENTATION('',(#465),#468);
#465 = B_SPLINE_CURVE_WITH_KNOTS('',1,(#466,#467),.UNSPECIFIED.,.F.,.F.,
  (2,2),(32.,54.),.PIECEWISE_BEZIER_KNOTS.);
#466 = CARTESIAN_POINT('',(-64.,-116.));
#467 = CARTESIAN_POINT('',(-86.,-116.));
#468 = ( GEOMETRIC_REPRESENTATION_CONTEXT(2) 
PARAMETRIC_REPRESENTATION_CONTEXT() REPRESENTATION_CONTEXT('2D SPACE',''
  ) );
#469 = PCURVE('',#470,#475);
#470 = PLANE('',#471);
#471 = AXIS2_PLACEMENT_3D('',#472,#473,#474);
#472 = CARTESIAN_POINT('',(-64.,-116.,290.0000003));
#473 = DIRECTION('',(0.,1.,0.));
#474 = DIRECTION('',(-1.,0.,0.));
#475 = DEFINITIONAL_REPRESENTATION('',(#476),#479);
#476 = B_SPLINE_CURVE_WITH_KNOTS('',1,(#477,#478),.UNSPECIFIED.,.F.,.F.,
  (2,2),(32.,54.),.PIECEWISE_BEZIER_KNOTS.);
#477 = CARTESIAN_POINT('',(0.,-290.0000003));
#478 = CARTESIAN_POINT('',(22.,-290.0000003));
#479 = ( GEOMETRIC_REPRESENTATION_CONTEXT(2) 
PARAMETRIC_REPRESENTATION_CONTEXT() REPRESENTATION_CONTEXT('2D SPACE',''
  ) );
#480 = FACE_BOUND('',#481,.F.);
#481 = EDGE_LOOP('',(#482));
#482 = ORIENTED_EDGE('',*,*,#483,.T.);
#483 = EDGE_CURVE('',#484,#484,#486,.T.);
#484 = VERTEX_POINT('',#485);
#485 = CARTESIAN_POINT('',(-65.95,-127.,0.));
#486 = SURFACE_CURVE('',#487,(#492,#503),.PCURVE_S1.);
#487 = CIRCLE('',#488,2.45);
#488 = AXIS2_PLACEMENT_3D('',#489,#490,#491);
#489 = CARTESIAN_POINT('',(-63.5,-127.,0.));
#490 = DIRECTION('',(0.,0.,-1.));
#491 = DIRECTION('',(-1.,0.,0.));
#492 = PCURVE('',#44,#493);
#493 = DEFINITIONAL_REPRESENTATION('',(#494),#502);
#494 = ( BOUNDED_CURVE() B_SPLINE_CURVE(2,(#495,#496,#497,#498,#499,#500
,#501),.UNSPECIFIED.,.T.,.F.) B_SPLINE_CURVE_WITH_KNOTS((1,2,2,2,2,1),(
    -2.094395102393,0.,2.094395102393,4.188790204786,6.28318530718,
8.377580409573),.UNSPECIFIED.) CURVE() GEOMETRIC_REPRESENTATION_ITEM() 
RATIONAL_B_SPLINE_CURVE((1.,0.5,1.,0.5,1.,0.5,1.)) REPRESENTATION_ITEM(
  '') );
#495 = CARTESIAN_POINT('',(-65.95,-127.));
#496 = CARTESIAN_POINT('',(-65.95,-122.7564755214));
#497 = CARTESIAN_POINT('',(-62.275,-124.8782377607));
#498 = CARTESIAN_POINT('',(-58.6,-127.));
#499 = CARTESIAN_POINT('',(-62.275,-129.1217622392));
#500 = CARTESIAN_POINT('',(-65.95,-131.2435244785));
#501 = CARTESIAN_POINT('',(-65.95,-127.));
#502 = ( GEOMETRIC_REPRESENTATION_CONTEXT(2) 
PARAMETRIC_REPRESENTATION_CONTEXT() REPRESENTATION_CONTEXT('2D SPACE',''
  ) );
#503 = PCURVE('',#504,#509);
#504 = CYLINDRICAL_SURFACE('',#505,2.45);
#505 = AXIS2_PLACEMENT_3D('',#506,#507,#508);
#506 = CARTESIAN_POINT('',(-63.5,-127.,6.));
#507 = DIRECTION('',(0.,0.,-1.));
#508 = DIRECTION('',(-1.,0.,0.));
#509 = DEFINITIONAL_REPRESENTATION('',(#510),#514);
#510 = LINE('',#511,#512);
#511 = CARTESIAN_POINT('',(0.,6.));
#512 = VECTOR('',#513,1.);
#513 = DIRECTION('',(1.,0.));
#514 = ( GEOMETRIC_REPRESENTATION_CONTEXT(2) 
PARAMETRIC_REPRESENTATION_CONTEXT() REPRESENTATION_CONTEXT('2D SPACE',''
  ) );
#515 = FACE_BOUND('',#516,.F.);
#516 = EDGE_LOOP('',(#517));
#517 = ORIENTED_EDGE('',*,*,#518,.T.);
#518 = EDGE_CURVE('',#519,#519,#521,.T.);
#519 = VERTEX_POINT('',#520);
#520 = CARTESIAN_POINT('',(-53.25,-127.,0.));
#521 = SURFACE_CURVE('',#522,(#527,#538),.PCURVE_S1.);
#522 = CIRCLE('',#523,2.45);
#523 = AXIS2_PLACEMENT_3D('',#524,#525,#526);
#524 = CARTESIAN_POINT('',(-50.8,-127.,0.));
#525 = DIRECTION('',(0.,0.,-1.));
#526 = DIRECTION('',(-1.,0.,0.));
#527 = PCURVE('',#44,#528);
#528 = DEFINITIONAL_REPRESENTATION('',(#529),#537);
#529 = ( BOUNDED_CURVE() B_SPLINE_CURVE(2,(#530,#531,#532,#533,#534,#535
,#536),.UNSPECIFIED.,.T.,.F.) B_SPLINE_CURVE_WITH_KNOTS((1,2,2,2,2,1),(
    -2.094395102393,0.,2.094395102393,4.188790204786,6.28318530718,
8.377580409573),.UNSPECIFIED.) CURVE() GEOMETRIC_REPRESENTATION_ITEM() 
RATIONAL_B_SPLINE_CURVE((1.,0.5,1.,0.5,1.,0.5,1.)) REPRESENTATION_ITEM(
  '') );
#530 = CARTESIAN_POINT('',(-53.25,-127.));
#531 = CARTESIAN_POINT('',(-53.25,-122.7564755214));
#532 = CARTESIAN_POINT('',(-49.575,-124.8782377607));
#533 = CARTESIAN_POINT('',(-45.9,-127.));
#534 = CARTESIAN_POINT('',(-49.575,-129.1217622392));
#535 = CARTESIAN_POINT('',(-53.25,-131.2435244785));
#536 = CARTESIAN_POINT('',(-53.25,-127.));
#537 = ( GEOMETRIC_REPRESENTATION_CONTEXT(2) 
PARAMETRIC_REPRESENTATION_CONTEXT() REPRESENTATION_CONTEXT('2D SPACE',''
  ) );
#538 = PCURVE('',#539,#544);
#539 = CYLINDRICAL_SURFACE('',#540,2.45);
#540 = AXIS2_PLACEMENT_3D('',#541,#542,#543);
#541 = CARTESIAN_POINT('',(-50.8,-127.,6.));
#542 = DIRECTION('',(0.,0.,-1.));
#543 = DIRECTION('',(-1.,0.,0.));
#544 = DEFINITIONAL_REPRESENTATION('',(#545),#549);
#545 = LINE('',#546,#547);
#546 = CARTESIAN_POINT('',(0.,6.));
#547 = VECTOR('',#548,1.);
#548 = DIRECTION('',(1.,0.));
#549 = ( GEOMETRIC_REPRESENTATION_CONTEXT(2) 
PARAMETRIC_REPRESENTATION_CONTEXT() REPRESENTATION_CONTEXT('2D SPACE',''
  ) );
#550 = FACE_BOUND('',#551,.F.);
#551 = EDGE_LOOP('',(#552));
#552 = ORIENTED_EDGE('',*,*,#553,.T.);
#553 = EDGE_CURVE('',#554,#554,#556,.T.);
#554 = VERTEX_POINT('',#555);
#555 = CARTESIAN_POINT('',(-53.25,-114.3,0.));
#556 = SURFACE_CURVE('',#557,(#562,#573),.PCURVE_S1.);
#557 = CIRCLE('',#558,2.45);
#558 = AXIS2_PLACEMENT_3D('',#559,#560,#561);
#559 = CARTESIAN_POINT('',(-50.8,-114.3,0.));
#560 = DIRECTION('',(0.,0.,-1.));
#561 = DIRECTION('',(-1.,0.,0.));
#562 = PCURVE('',#44,#563);
#563 = DEFINITIONAL_REPRESENTATION('',(#564),#572);
#564 = ( BOUNDED_CURVE() B_SPLINE_CURVE(2,(#565,#566,#567,#568,#569,#570
,#571),.UNSPECIFIED.,.T.,.F.) B_SPLINE_CURVE_WITH_KNOTS((1,2,2,2,2,1),(
    -2.094395102393,0.,2.094395102393,4.188790204786,6.28318530718,
8.377580409573),.UNSPECIFIED.) CURVE() GEOMETRIC_REPRESENTATION_ITEM() 
RATIONAL_B_SPLINE_CURVE((1.,0.5,1.,0.5,1.,0.5,1.)) REPRESENTATION_ITEM(
  '') );
#565 = CARTESIAN_POINT('',(-53.25,-114.3));
#566 = CARTESIAN_POINT('',(-53.25,-110.0564755214));
#567 = CARTESIAN_POINT('',(-49.575,-112.1782377607));
#568 = CARTESIAN_POINT('',(-45.9,-114.3));
#569 = CARTESIAN_POINT('',(-49.575,-116.4217622392));
#570 = CARTESIAN_POINT('',(-53.25,-118.5435244785));
#571 = CARTESIAN_POINT('',(-53.25,-114.3));
#572 = ( GEOMETRIC_REPRESENTATION_CONTEXT(2) 
PARAMETRIC_REPRESENTATION_CONTEXT() REPRESENTATION_CONTEXT('2D SPACE',''
  ) );
#573 = PCURVE('',#574,#579);
#574 = CYLINDRICAL_SURFACE('',#575,2.45);
#575 = AXIS2_PLACEMENT_3D('',#576,#577,#578);
#576 = CARTESIAN_POINT('',(-50.8,-114.3,6.));
#577 = DIRECTION('',(0.,0.,-1.));
#578 = DIRECTION('',(-1.,0.,0.));
#579 = DEFINITIONAL_REPRESENTATION('',(#580),#584);
#580 = LINE('',#581,#582);
#581 = CARTESIAN_POINT('',(0.,6.));
#582 = VECTOR('',#583,1.);
#583 = DIRECTION('',(1.,0.));
#584 = ( GEOMETRIC_REPRESENTATION_CONTEXT(2) 
PARAMETRIC_REPRESENTATION_CONTEXT() REPRESENTATION_CONTEXT('2D SPACE',''
  ) );
#585 = FACE_BOUND('',#586,.F.);
#586 = EDGE_LOOP('',(#587));
#587 = ORIENTED_EDGE('',*,*,#588,.T.);
#588 = EDGE_CURVE('',#589,#589,#591,.T.);
#589 = VERTEX_POINT('',#590);
#590 = CARTESIAN_POINT('',(-53.25,-101.6,0.));
#591 = SURFACE_CURVE('',#592,(#597,#608),.PCURVE_S1.);
#592 = CIRCLE('',#593,2.45);
#593 = AXIS2_PLACEMENT_3D('',#594,#595,#596);
#594 = CARTESIAN_POINT('',(-50.8,-101.6,0.));
#595 = DIRECTION('',(0.,0.,-1.));
#596 = DIRECTION('',(-1.,0.,0.));
#597 = PCURVE('',#44,#598);
#598 = DEFINITIONAL_REPRESENTATION('',(#599),#607);
#599 = ( BOUNDED_CURVE() B_SPLINE_CURVE(2,(#600,#601,#602,#603,#604,#605
,#606),.UNSPECIFIED.,.T.,.F.) B_SPLINE_CURVE_WITH_KNOTS((1,2,2,2,2,1),(
    -2.094395102393,0.,2.094395102393,4.188790204786,6.28318530718,
8.377580409573),.UNSPECIFIED.) CURVE() GEOMETRIC_REPRESENTATION_ITEM() 
RATIONAL_B_SPLINE_CURVE((1.,0.5,1.,0.5,1.,0.5,1.)) REPRESENTATION_ITEM(
  '') );
#600 = CARTESIAN_POINT('',(-53.25,-101.6));
#601 = CARTESIAN_POINT('',(-53.25,-97.35647552145));
#602 = CARTESIAN_POINT('',(-49.575,-99.47823776072));
#603 = CARTESIAN_POINT('',(-45.9,-101.6));
#604 = CARTESIAN_POINT('',(-49.575,-103.7217622392));
#605 = CARTESIAN_POINT('',(-53.25,-105.8435244785));
#606 = CARTESIAN_POINT('',(-53.25,-101.6));
#607 = ( GEOMETRIC_REPRESENTATION_CONTEXT(2) 
PARAMETRIC_REPRESENTATION_CONTEXT() REPRESENTATION_CONTEXT('2D SPACE',''
  ) );
#608 = PCURVE('',#609,#614);
#609 = CYLINDRICAL_SURFACE('',#610,2.45);
#610 = AXIS2_PLACEMENT_3D('',#611,#612,#613);
#611 = CARTESIAN_POINT('',(-50.8,-101.6,6.));
#612 = DIRECTION('',(0.,0.,-1.));
#613 = DIRECTION('',(-1.,0.,0.));
#614 = DEFINITIONAL_REPRESENTATION('',(#615),#619);
#615 = LINE('',#616,#617);
#616 = CARTESIAN_POINT('',(0.,6.));
#617 = VECTOR('',#618,1.);
#618 = DIRECTION('',(1.,0.));
#619 = ( GEOMETRIC_REPRESENTATION_CONTEXT(2) 
PARAMETRIC_REPRESENTATION_CONTEXT() REPRESENTATION_CONTEXT('2D SPACE',''
  ) );
#620 = FACE_BOUND('',#621,.F.);
#621 = EDGE_LOOP('',(#622));
#622 = ORIENTED_EDGE('',*,*,#623,.T.);
#623 = EDGE_CURVE('',#624,#624,#626,.T.);
#624 = VERTEX_POINT('',#625);
#625 = CARTESIAN_POINT('',(-91.35,-88.9,0.));
#626 = SURFACE_CURVE('',#627,(#632,#643),.PCURVE_S1.);
#627 = CIRCLE('',#628,2.45);
#628 = AXIS2_PLACEMENT_3D('',#629,#630,#631);
#629 = CARTESIAN_POINT('',(-88.9,-88.9,0.));
#630 = DIRECTION('',(0.,0.,-1.));
#631 = DIRECTION('',(-1.,0.,0.));
#632 = PCURVE('',#44,#633);
#633 = DEFINITIONAL_REPRESENTATION('',(#634),#642);
#634 = ( BOUNDED_CURVE() B_SPLINE_CURVE(2,(#635,#636,#637,#638,#639,#640
,#641),.UNSPECIFIED.,.T.,.F.) B_SPLINE_CURVE_WITH_KNOTS((1,2,2,2,2,1),(
    -2.094395102393,0.,2.094395102393,4.188790204786,6.28318530718,
8.377580409573),.UNSPECIFIED.) CURVE() GEOMETRIC_REPRESENTATION_ITEM() 
RATIONAL_B_SPLINE_CURVE((1.,0.5,1.,0.5,1.,0.5,1.)) REPRESENTATION_ITEM(
  '') );
#635 = CARTESIAN_POINT('',(-91.35,-88.9));
#636 = CARTESIAN_POINT('',(-91.35,-84.65647552145));
#637 = CARTESIAN_POINT('',(-87.675,-86.77823776072));
#638 = CARTESIAN_POINT('',(-84.,-88.9));
#639 = CARTESIAN_POINT('',(-87.675,-91.02176223927));
#640 = CARTESIAN_POINT('',(-91.35,-93.14352447854));
#641 = CARTESIAN_POINT('',(-91.35,-88.9));
#642 = ( GEOMETRIC_REPRESENTATION_CONTEXT(2) 
PARAMETRIC_REPRESENTATION_CONTEXT() REPRESENTATION_CONTEXT('2D SPACE',''
  ) );
#643 = PCURVE('',#644,#649);
#644 = CYLINDRICAL_SURFACE('',#645,2.45);
#645 = AXIS2_PLACEMENT_3D('',#646,#647,#648);
#646 = CARTESIAN_POINT('',(-88.9,-88.9,6.));
#647 = DIRECTION('',(0.,0.,-1.));
#648 = DIRECTION('',(-1.,0.,0.));
#649 = DEFINITIONAL_REPRESENTATION('',(#650),#654);
#650 = LINE('',#651,#652);
#651 = CARTESIAN_POINT('',(0.,6.));
#652 = VECTOR('',#653,1.);
#653 = DIRECTION('',(1.,0.));
#654 = ( GEOMETRIC_REPRESENTATION_CONTEXT(2) 
PARAMETRIC_REPRESENTATION_CONTEXT() REPRESENTATION_CONTEXT('2D SPACE',''
  ) );
#655 = FACE_BOUND('',#656,.F.);
#656 = EDGE_LOOP('',(#657));
#657 = ORIENTED_EDGE('',*,*,#658,.T.);
#658 = EDGE_CURVE('',#659,#659,#661,.T.);
#659 = VERTEX_POINT('',#660);
#660 = CARTESIAN_POINT('',(-91.35,-76.2,0.));
#661 = SURFACE_CURVE('',#662,(#667,#678),.PCURVE_S1.);
#662 = CIRCLE('',#663,2.45);
#663 = AXIS2_PLACEMENT_3D('',#664,#665,#666);
#664 = CARTESIAN_POINT('',(-88.9,-76.2,0.));
#665 = DIRECTION('',(0.,0.,-1.));
#666 = DIRECTION('',(-1.,0.,0.));
#667 = PCURVE('',#44,#668);
#668 = DEFINITIONAL_REPRESENTATION('',(#669),#677);
#669 = ( BOUNDED_CURVE() B_SPLINE_CURVE(2,(#670,#671,#672,#673,#674,#675
,#676),.UNSPECIFIED.,.T.,.F.) B_SPLINE_CURVE_WITH_KNOTS((1,2,2,2,2,1),(
    -2.094395102393,0.,2.094395102393,4.188790204786,6.28318530718,
8.377580409573),.UNSPECIFIED.) CURVE() GEOMETRIC_REPRESENTATION_ITEM() 
RATIONAL_B_SPLINE_CURVE((1.,0.5,1.,0.5,1.,0.5,1.)) REPRESENTATION_ITEM(
  '') );
#670 = CARTESIAN_POINT('',(-91.35,-76.2));
#671 = CARTESIAN_POINT('',(-91.35,-71.95647552145));
#672 = CARTESIAN_POINT('',(-87.675,-74.07823776072));
#673 = CARTESIAN_POINT('',(-84.,-76.2));
#674 = CARTESIAN_POINT('',(-87.675,-78.32176223927));
#675 = CARTESIAN_POINT('',(-91.35,-80.44352447854));
#676 = CARTESIAN_POINT('',(-91.35,-76.2));
#677 = ( GEOMETRIC_REPRESENTATION_CONTEXT(2) 
PARAMETRIC_REPRESENTATION_CONTEXT() REPRESENTATION_CONTEXT('2D SPACE',''
  ) );
#678 = PCURVE('',#679,#684);
#679 = CYLINDRICAL_SURFACE('',#680,2.45);
#680 = AXIS2_PLACEMENT_3D('',#681,#682,#683);
#681 = CARTESIAN_POINT('',(-88.9,-76.2,6.));
#682 = DIRECTION('',(0.,0.,-1.));
#683 = DIRECTION('',(-1.,0.,0.));
#684 = DEFINITIONAL_REPRESENTATION('',(#685),#689);
#685 = LINE('',#686,#687);
#686 = CARTESIAN_POINT('',(0.,6.));
#687 = VECTOR('',#688,1.);
#688 = DIRECTION('',(1.,0.));
#689 = ( GEOMETRIC_REPRESENTATION_CONTEXT(2) 
PARAMETRIC_REPRESENTATION_CONTEXT() REPRESENTATION_CONTEXT('2D SPACE',''
  ) );
#690 = FACE_BOUND('',#691,.F.);
#691 = EDGE_LOOP('',(#692));
#692 = ORIENTED_EDGE('',*,*,#693,.T.);
#693 = EDGE_CURVE('',#694,#694,#696,.T.);
#694 = VERTEX_POINT('',#695);
#695 = CARTESIAN_POINT('',(-78.65,-76.2,0.));
#696 = SURFACE_CURVE('',#697,(#702,#713),.PCURVE_S1.);
#697 = CIRCLE('',#698,2.45);
#698 = AXIS2_PLACEMENT_3D('',#699,#700,#701);
#699 = CARTESIAN_POINT('',(-76.2,-76.2,0.));
#700 = DIRECTION('',(0.,0.,-1.));
#701 = DIRECTION('',(-1.,0.,0.));
#702 = PCURVE('',#44,#703);
#703 = DEFINITIONAL_REPRESENTATION('',(#704),#712);
#704 = ( BOUNDED_CURVE() B_SPLINE_CURVE(2,(#705,#706,#707,#708,#709,#710
,#711),.UNSPECIFIED.,.T.,.F.) B_SPLINE_CURVE_WITH_KNOTS((1,2,2,2,2,1),(
    -2.094395102393,0.,2.094395102393,4.188790204786,6.28318530718,
8.377580409573),.UNSPECIFIED.) CURVE() GEOMETRIC_REPRESENTATION_ITEM() 
RATIONAL_B_SPLINE_CURVE((1.,0.5,1.,0.5,1.,0.5,1.)) REPRESENTATION_ITEM(
  '') );
#705 = CARTESIAN_POINT('',(-78.65,-76.2));
#706 = CARTESIAN_POINT('',(-78.65,-71.95647552145));
#707 = CARTESIAN_POINT('',(-74.975,-74.07823776072));
#708 = CARTESIAN_POINT('',(-71.3,-76.2));
#709 = CARTESIAN_POINT('',(-74.975,-78.32176223927));
#710 = CARTESIAN_POINT('',(-78.65,-80.44352447854));
#711 = CARTESIAN_POINT('',(-78.65,-76.2));
#712 = ( GEOMETRIC_REPRESENTATION_CONTEXT(2) 
PARAMETRIC_REPRESENTATION_CONTEXT() REPRESENTATION_CONTEXT('2D SPACE',''
  ) );
#713 = PCURVE('',#714,#719);
#714 = CYLINDRICAL_SURFACE('',#715,2.45);
#715 = AXIS2_PLACEMENT_3D('',#716,#717,#718);
#716 = CARTESIAN_POINT('',(-76.2,-76.2,6.));
#717 = DIRECTION('',(0.,0.,-1.));
#718 = DIRECTION('',(-1.,0.,0.));
#719 = DEFINITIONAL_REPRESENTATION('',(#720),#724);
#720 = LINE('',#721,#722);
#721 = CARTESIAN_POINT('',(0.,6.));
#722 = VECTOR('',#723,1.);
#723 = DIRECTION('',(1.,0.));
#724 = ( GEOMETRIC_REPRESENTATION_CONTEXT(2) 
PARAMETRIC_REPRESENTATION_CONTEXT() REPRESENTATION_CONTEXT('2D SPACE',''
  ) );
#725 = FACE_BOUND('',#726,.F.);
#726 = EDGE_LOOP('',(#727));
#727 = ORIENTED_EDGE('',*,*,#728,.T.);
#728 = EDGE_CURVE('',#729,#729,#731,.T.);
#729 = VERTEX_POINT('',#730);
#730 = CARTESIAN_POINT('',(-65.95,-88.9,0.));
#731 = SURFACE_CURVE('',#732,(#737,#748),.PCURVE_S1.);
#732 = CIRCLE('',#733,2.45);
#733 = AXIS2_PLACEMENT_3D('',#734,#735,#736);
#734 = CARTESIAN_POINT('',(-63.5,-88.9,0.));
#735 = DIRECTION('',(0.,0.,-1.));
#736 = DIRECTION('',(-1.,0.,0.));
#737 = PCURVE('',#44,#738);
#738 = DEFINITIONAL_REPRESENTATION('',(#739),#747);
#739 = ( BOUNDED_CURVE() B_SPLINE_CURVE(2,(#740,#741,#742,#743,#744,#745
,#746),.UNSPECIFIED.,.T.,.F.) B_SPLINE_CURVE_WITH_KNOTS((1,2,2,2,2,1),(
    -2.094395102393,0.,2.094395102393,4.188790204786,6.28318530718,
8.377580409573),.UNSPECIFIED.) CURVE() GEOMETRIC_REPRESENTATION_ITEM() 
RATIONAL_B_SPLINE_CURVE((1.,0.5,1.,0.5,1.,0.5,1.)) REPRESENTATION_ITEM(
  '') );
#740 = CARTESIAN_POINT('',(-65.95,-88.9));
#741 = CARTESIAN_POINT('',(-65.95,-84.65647552145));
#742 = CARTESIAN_POINT('',(-62.275,-86.77823776072));
#743 = CARTESIAN_POINT('',(-58.6,-88.9));
#744 = CARTESIAN_POINT('',(-62.275,-91.02176223927));
#745 = CARTESIAN_POINT('',(-65.95,-93.14352447854));
#746 = CARTESIAN_POINT('',(-65.95,-88.9));
#747 = ( GEOMETRIC_REPRESENTATION_CONTEXT(2) 
PARAMETRIC_REPRESENTATION_CONTEXT() REPRESENTATION_CONTEXT('2D SPACE',''
  ) );
#748 = PCURVE('',#749,#754);
#749 = CYLINDRICAL_SURFACE('',#750,2.45);
#750 = AXIS2_PLACEMENT_3D('',#751,#752,#753);
#751 = CARTESIAN_POINT('',(-63.5,-88.9,6.));
#752 = DIRECTION('',(0.,0.,-1.));
#753 = DIRECTION('',(-1.,0.,0.));
#754 = DEFINITIONAL_REPRESENTATION('',(#755),#759);
#755 = LINE('',#756,#757);
#756 = CARTESIAN_POINT('',(0.,6.));
#757 = VECTOR('',#758,1.);
#758 = DIRECTION('',(1.,0.));
#759 = ( GEOMETRIC_REPRESENTATION_CONTEXT(2) 
PARAMETRIC_REPRESENTATION_CONTEXT() REPRESENTATION_CONTEXT('2D SPACE',''
  ) );
#760 = FACE_BOUND('',#761,.F.);
#761 = EDGE_LOOP('',(#762));
#762 = ORIENTED_EDGE('',*,*,#763,.T.);
#763 = EDGE_CURVE('',#764,#764,#766,.T.);
#764 = VERTEX_POINT('',#765);
#765 = CARTESIAN_POINT('',(-53.25,-88.9,0.));
#766 = SURFACE_CURVE('',#767,(#772,#783),.PCURVE_S1.);
#767 = CIRCLE('',#768,2.45);
#768 = AXIS2_PLACEMENT_3D('',#769,#770,#771);
#769 = CARTESIAN_POINT('',(-50.8,-88.9,0.));
#770 = DIRECTION('',(0.,0.,-1.));
#771 = DIRECTION('',(-1.,0.,0.));
#772 = PCURVE('',#44,#773);
#773 = DEFINITIONAL_REPRESENTATION('',(#774),#782);
#774 = ( BOUNDED_CURVE() B_SPLINE_CURVE(2,(#775,#776,#777,#778,#779,#780
,#781),.UNSPECIFIED.,.T.,.F.) B_SPLINE_CURVE_WITH_KNOTS((1,2,2,2,2,1),(
    -2.094395102393,0.,2.094395102393,4.188790204786,6.28318530718,
8.377580409573),.UNSPECIFIED.) CURVE() GEOMETRIC_REPRESENTATION_ITEM() 
RATIONAL_B_SPLINE_CURVE((1.,0.5,1.,0.5,1.,0.5,1.)) REPRESENTATION_ITEM(
  '') );
#775 = CARTESIAN_POINT('',(-53.25,-88.9));
#776 = CARTESIAN_POINT('',(-53.25,-84.65647552145));
#777 = CARTESIAN_POINT('',(-49.575,-86.77823776072));
#778 = CARTESIAN_POINT('',(-45.9,-88.9));
#779 = CARTESIAN_POINT('',(-49.575,-91.02176223927));
#780 = CARTESIAN_POINT('',(-53.25,-93.14352447854));
#781 = CARTESIAN_POINT('',(-53.25,-88.9));
#782 = ( GEOMETRIC_REPRESENTATION_CONTEXT(2) 
PARAMETRIC_REPRESENTATION_CONTEXT() REPRESENTATION_CONTEXT('2D SPACE',''
  ) );
#783 = PCURVE('',#784,#789);
#784 = CYLINDRICAL_SURFACE('',#785,2.45);
#785 = AXIS2_PLACEMENT_3D('',#786,#787,#788);
#786 = CARTESIAN_POINT('',(-50.8,-88.9,6.));
#787 = DIRECTION('',(0.,0.,-1.));
#788 = DIRECTION('',(-1.,0.,0.));
#789 = DEFINITIONAL_REPRESENTATION('',(#790),#794);
#790 = LINE('',#791,#792);
#791 = CARTESIAN_POINT('',(0.,6.));
#792 = VECTOR('',#793,1.);
#793 = DIRECTION('',(1.,0.));
#794 = ( GEOMETRIC_REPRESENTATION_CONTEXT(2) 
PARAMETRIC_REPRESENTATION_CONTEXT() REPRESENTATION_CONTEXT('2D SPACE',''
  ) );
#795 = FACE_BOUND('',#796,.F.);
#796 = EDGE_LOOP('',(#797));
#797 = ORIENTED_EDGE('',*,*,#798,.T.);
#798 = EDGE_CURVE('',#799,#799,#801,.T.);
#799 = VERTEX_POINT('',#800);
#800 = CARTESIAN_POINT('',(-65.95,-76.2,0.));
#801 = SURFACE_CURVE('',#802,(#807,#818),.PCURVE_S1.);
#802 = CIRCLE('',#803,2.45);
#803 = AXIS2_PLACEMENT_3D('',#804,#805,#806);
#804 = CARTESIAN_POINT('',(-63.5,-76.2,0.));
#805 = DIRECTION('',(0.,0.,-1.));
#806 = DIRECTION('',(-1.,0.,0.));
#807 = PCURVE('',#44,#808);
#808 = DEFINITIONAL_REPRESENTATION('',(#809),#817);
#809 = ( BOUNDED_CURVE() B_SPLINE_CURVE(2,(#810,#811,#812,#813,#814,#815
,#816),.UNSPECIFIED.,.T.,.F.) B_SPLINE_CURVE_WITH_KNOTS((1,2,2,2,2,1),(
    -2.094395102393,0.,2.094395102393,4.188790204786,6.28318530718,
8.377580409573),.UNSPECIFIED.) CURVE() GEOMETRIC_REPRESENTATION_ITEM() 
RATIONAL_B_SPLINE_CURVE((1.,0.5,1.,0.5,1.,0.5,1.)) REPRESENTATION_ITEM(
  '') );
#810 = CARTESIAN_POINT('',(-65.95,-76.2));
#811 = CARTESIAN_POINT('',(-65.95,-71.95647552145));
#812 = CARTESIAN_POINT('',(-62.275,-74.07823776072));
#813 = CARTESIAN_POINT('',(-58.6,-76.2));
#814 = CARTESIAN_POINT('',(-62.275,-78.32176223927));
#815 = CARTESIAN_POINT('',(-65.95,-80.44352447854));
#816 = CARTESIAN_POINT('',(-65.95,-76.2));
#817 = ( GEOMETRIC_REPRESENTATION_CONTEXT(2) 
PARAMETRIC_REPRESENTATION_CONTEXT() REPRESENTATION_CONTEXT('2D SPACE',''
  ) );
#818 = PCURVE('',#819,#824);
#819 = CYLINDRICAL_SURFACE('',#820,2.45);
#820 = AXIS2_PLACEMENT_3D('',#821,#822,#823);
#821 = CARTESIAN_POINT('',(-63.5,-76.2,6.));
#822 = DIRECTION('',(0.,0.,-1.));
#823 = DIRECTION('',(-1.,0.,0.));
#824 = DEFINITIONAL_REPRESENTATION('',(#825),#829);
#825 = LINE('',#826,#827);
#826 = CARTESIAN_POINT('',(0.,6.));
#827 = VECTOR('',#828,1.);
#828 = DIRECTION('',(1.,0.));
#829 = ( GEOMETRIC_REPRESENTATION_CONTEXT(2) 
PARAMETRIC_REPRESENTATION_CONTEXT() REPRESENTATION_CONTEXT('2D SPACE',''
  ) );
#830 = FACE_BOUND('',#831,.F.);
#831 = EDGE_LOOP('',(#832));
#832 = ORIENTED_EDGE('',*,*,#833,.T.);
#833 = EDGE_CURVE('',#834,#834,#836,.T.);
#834 = VERTEX_POINT('',#835);
#835 = CARTESIAN_POINT('',(-40.55,-127.,0.));
#836 = SURFACE_CURVE('',#837,(#842,#853),.PCURVE_S1.);
#837 = CIRCLE('',#838,2.45);
#838 = AXIS2_PLACEMENT_3D('',#839,#840,#841);
#839 = CARTESIAN_POINT('',(-38.1,-127.,0.));
#840 = DIRECTION('',(0.,0.,-1.));
#841 = DIRECTION('',(-1.,0.,0.));
#842 = PCURVE('',#44,#843);
#843 = DEFINITIONAL_REPRESENTATION('',(#844),#852);
#844 = ( BOUNDED_CURVE() B_SPLINE_CURVE(2,(#845,#846,#847,#848,#849,#850
,#851),.UNSPECIFIED.,.T.,.F.) B_SPLINE_CURVE_WITH_KNOTS((1,2,2,2,2,1),(
    -2.094395102393,0.,2.094395102393,4.188790204786,6.28318530718,
8.377580409573),.UNSPECIFIED.) CURVE() GEOMETRIC_REPRESENTATION_ITEM() 
RATIONAL_B_SPLINE_CURVE((1.,0.5,1.,0.5,1.,0.5,1.)) REPRESENTATION_ITEM(
  '') );
#845 = CARTESIAN_POINT('',(-40.55,-127.));
#846 = CARTESIAN_POINT('',(-40.55,-122.7564755214));
#847 = CARTESIAN_POINT('',(-36.875,-124.8782377607));
#848 = CARTESIAN_POINT('',(-33.2,-127.));
#849 = CARTESIAN_POINT('',(-36.875,-129.1217622392));
#850 = CARTESIAN_POINT('',(-40.55,-131.2435244785));
#851 = CARTESIAN_POINT('',(-40.55,-127.));
#852 = ( GEOMETRIC_REPRESENTATION_CONTEXT(2) 
PARAMETRIC_REPRESENTATION_CONTEXT() REPRESENTATION_CONTEXT('2D SPACE',''
  ) );
#853 = PCURVE('',#854,#859);
#854 = CYLINDRICAL_SURFACE('',#855,2.45);
#855 = AXIS2_PLACEMENT_3D('',#856,#857,#858);
#856 = CARTESIAN_POINT('',(-38.1,-127.,6.));
#857 = DIRECTION('',(0.,0.,-1.));
#858 = DIRECTION('',(-1.,0.,0.));
#859 = DEFINITIONAL_REPRESENTATION('',(#860),#864);
#860 = LINE('',#861,#862);
#861 = CARTESIAN_POINT('',(0.,6.));
#862 = VECTOR('',#863,1.);
#863 = DIRECTION('',(1.,0.));
#864 = ( GEOMETRIC_REPRESENTATION_CONTEXT(2) 
PARAMETRIC_REPRESENTATION_CONTEXT() REPRESENTATION_CONTEXT('2D SPACE',''
  ) );
#865 = FACE_BOUND('',#866,.F.);
#866 = EDGE_LOOP('',(#867));
#867 = ORIENTED_EDGE('',*,*,#868,.T.);
#868 = EDGE_CURVE('',#869,#869,#871,.T.);
#869 = VERTEX_POINT('',#870);
#870 = CARTESIAN_POINT('',(-40.55,-114.3,0.));
#871 = SURFACE_CURVE('',#872,(#877,#888),.PCURVE_S1.);
#872 = CIRCLE('',#873,2.45);
#873 = AXIS2_PLACEMENT_3D('',#874,#875,#876);
#874 = CARTESIAN_POINT('',(-38.1,-114.3,0.));
#875 = DIRECTION('',(0.,0.,-1.));
#876 = DIRECTION('',(-1.,0.,0.));
#877 = PCURVE('',#44,#878);
#878 = DEFINITIONAL_REPRESENTATION('',(#879),#887);
#879 = ( BOUNDED_CURVE() B_SPLINE_CURVE(2,(#880,#881,#882,#883,#884,#885
,#886),.UNSPECIFIED.,.T.,.F.) B_SPLINE_CURVE_WITH_KNOTS((1,2,2,2,2,1),(
    -2.094395102393,0.,2.094395102393,4.188790204786,6.28318530718,
8.377580409573),.UNSPECIFIED.) CURVE() GEOMETRIC_REPRESENTATION_ITEM() 
RATIONAL_B_SPLINE_CURVE((1.,0.5,1.,0.5,1.,0.5,1.)) REPRESENTATION_ITEM(
  '') );
#880 = CARTESIAN_POINT('',(-40.55,-114.3));
#881 = CARTESIAN_POINT('',(-40.55,-110.0564755214));
#882 = CARTESIAN_POINT('',(-36.875,-112.1782377607));
#883 = CARTESIAN_POINT('',(-33.2,-114.3));
#884 = CARTESIAN_POINT('',(-36.875,-116.4217622392));
#885 = CARTESIAN_POINT('',(-40.55,-118.5435244785));
#886 = CARTESIAN_POINT('',(-40.55,-114.3));
#887 = ( GEOMETRIC_REPRESENTATION_CONTEXT(2) 
PARAMETRIC_REPRESENTATION_CONTEXT() REPRESENTATION_CONTEXT('2D SPACE',''
  ) );
#888 = PCURVE('',#889,#894);
#889 = CYLINDRICAL_SURFACE('',#890,2.45);
#890 = AXIS2_PLACEMENT_3D('',#891,#892,#893);
#891 = CARTESIAN_POINT('',(-38.1,-114.3,6.));
#892 = DIRECTION('',(0.,0.,-1.));
#893 = DIRECTION('',(-1.,0.,0.));
#894 = DEFINITIONAL_REPRESENTATION('',(#895),#899);
#895 = LINE('',#896,#897);
#896 = CARTESIAN_POINT('',(0.,6.));
#897 = VECTOR('',#898,1.);
#898 = DIRECTION('',(1.,0.));
#899 = ( GEOMETRIC_REPRESENTATION_CONTEXT(2) 
PARAMETRIC_REPRESENTATION_CONTEXT() REPRESENTATION_CONTEXT('2D SPACE',''
  ) );
#900 = FACE_BOUND('',#901,.F.);
#901 = EDGE_LOOP('',(#902));
#902 = ORIENTED_EDGE('',*,*,#903,.T.);
#903 = EDGE_CURVE('',#904,#904,#906,.T.);
#904 = VERTEX_POINT('',#905);
#905 = CARTESIAN_POINT('',(-27.85,-127.,0.));
#906 = SURFACE_CURVE('',#907,(#912,#923),.PCURVE_S1.);
#907 = CIRCLE('',#908,2.45);
#908 = AXIS2_PLACEMENT_3D('',#909,#910,#911);
#909 = CARTESIAN_POINT('',(-25.4,-127.,0.));
#910 = DIRECTION('',(0.,0.,-1.));
#911 = DIRECTION('',(-1.,0.,0.));
#912 = PCURVE('',#44,#913);
#913 = DEFINITIONAL_REPRESENTATION('',(#914),#922);
#914 = ( BOUNDED_CURVE() B_SPLINE_CURVE(2,(#915,#916,#917,#918,#919,#920
,#921),.UNSPECIFIED.,.T.,.F.) B_SPLINE_CURVE_WITH_KNOTS((1,2,2,2,2,1),(
    -2.094395102393,0.,2.094395102393,4.188790204786,6.28318530718,
8.377580409573),.UNSPECIFIED.) CURVE() GEOMETRIC_REPRESENTATION_ITEM() 
RATIONAL_B_SPLINE_CURVE((1.,0.5,1.,0.5,1.,0.5,1.)) REPRESENTATION_ITEM(
  '') );
#915 = CARTESIAN_POINT('',(-27.85,-127.));
#916 = CARTESIAN_POINT('',(-27.85,-122.7564755214));
#917 = CARTESIAN_POINT('',(-24.175,-124.8782377607));
#918 = CARTESIAN_POINT('',(-20.5,-127.));
#919 = CARTESIAN_POINT('',(-24.175,-129.1217622392));
#920 = CARTESIAN_POINT('',(-27.85,-131.2435244785));
#921 = CARTESIAN_POINT('',(-27.85,-127.));
#922 = ( GEOMETRIC_REPRESENTATION_CONTEXT(2) 
PARAMETRIC_REPRESENTATION_CONTEXT() REPRESENTATION_CONTEXT('2D SPACE',''
  ) );
#923 = PCURVE('',#924,#929);
#924 = CYLINDRICAL_SURFACE('',#925,2.45);
#925 = AXIS2_PLACEMENT_3D('',#926,#927,#928);
#926 = CARTESIAN_POINT('',(-25.4,-127.,6.));
#927 = DIRECTION('',(0.,0.,-1.));
#928 = DIRECTION('',(-1.,0.,0.));
#929 = DEFINITIONAL_REPRESENTATION('',(#930),#934);
#930 = LINE('',#931,#932);
#931 = CARTESIAN_POINT('',(0.,6.));
#932 = VECTOR('',#933,1.);
#933 = DIRECTION('',(1.,0.));
#934 = ( GEOMETRIC_REPRESENTATION_CONTEXT(2) 
PARAMETRIC_REPRESENTATION_CONTEXT() REPRESENTATION_CONTEXT('2D SPACE',''
  ) );
#935 = FACE_BOUND('',#936,.F.);
#936 = EDGE_LOOP('',(#937));
#937 = ORIENTED_EDGE('',*,*,#938,.T.);
#938 = EDGE_CURVE('',#939,#939,#941,.T.);
#939 = VERTEX_POINT('',#940);
#940 = CARTESIAN_POINT('',(-27.85,-114.3,0.));
#941 = SURFACE_CURVE('',#942,(#947,#958),.PCURVE_S1.);
#942 = CIRCLE('',#943,2.45);
#943 = AXIS2_PLACEMENT_3D('',#944,#945,#946);
#944 = CARTESIAN_POINT('',(-25.4,-114.3,0.));
#945 = DIRECTION('',(0.,0.,-1.));
#946 = DIRECTION('',(-1.,0.,0.));
#947 = PCURVE('',#44,#948);
#948 = DEFINITIONAL_REPRESENTATION('',(#949),#957);
#949 = ( BOUNDED_CURVE() B_SPLINE_CURVE(2,(#950,#951,#952,#953,#954,#955
,#956),.UNSPECIFIED.,.T.,.F.) B_SPLINE_CURVE_WITH_KNOTS((1,2,2,2,2,1),(
    -2.094395102393,0.,2.094395102393,4.188790204786,6.28318530718,
8.377580409573),.UNSPECIFIED.) CURVE() GEOMETRIC_REPRESENTATION_ITEM() 
RATIONAL_B_SPLINE_CURVE((1.,0.5,1.,0.5,1.,0.5,1.)) REPRESENTATION_ITEM(
  '') );
#950 = CARTESIAN_POINT('',(-27.85,-114.3));
#951 = CARTESIAN_POINT('',(-27.85,-110.0564755214));
#952 = CARTESIAN_POINT('',(-24.175,-112.1782377607));
#953 = CARTESIAN_POINT('',(-20.5,-114.3));
#954 = CARTESIAN_POINT('',(-24.175,-116.4217622392));
#955 = CARTESIAN_POINT('',(-27.85,-118.5435244785));
#956 = CARTESIAN_POINT('',(-27.85,-114.3));
#957 = ( GEOMETRIC_REPRESENTATION_CONTEXT(2) 
PARAMETRIC_REPRESENTATION_CONTEXT() REPRESENTATION_CONTEXT('2D SPACE',''
  ) );
#958 = PCURVE('',#959,#964);
#959 = CYLINDRICAL_SURFACE('',#960,2.45);
#960 = AXIS2_PLACEMENT_3D('',#961,#962,#963);
#961 = CARTESIAN_POINT('',(-25.4,-114.3,6.));
#962 = DIRECTION('',(0.,0.,-1.));
#963 = DIRECTION('',(-1.,0.,0.));
#964 = DEFINITIONAL_REPRESENTATION('',(#965),#969);
#965 = LINE('',#966,#967);
#966 = CARTESIAN_POINT('',(0.,6.));
#967 = VECTOR('',#968,1.);
#968 = DIRECTION('',(1.,0.));
#969 = ( GEOMETRIC_REPRESENTATION_CONTEXT(2) 
PARAMETRIC_REPRESENTATION_CONTEXT() REPRESENTATION_CONTEXT('2D SPACE',''
  ) );
#970 = FACE_BOUND('',#971,.F.);
#971 = EDGE_LOOP('',(#972));
#972 = ORIENTED_EDGE('',*,*,#973,.T.);
#973 = EDGE_CURVE('',#974,#974,#976,.T.);
#974 = VERTEX_POINT('',#975);
#975 = CARTESIAN_POINT('',(-40.55,-101.6,0.));
#976 = SURFACE_CURVE('',#977,(#982,#993),.PCURVE_S1.);
#977 = CIRCLE('',#978,2.45);
#978 = AXIS2_PLACEMENT_3D('',#979,#980,#981);
#979 = CARTESIAN_POINT('',(-38.1,-101.6,0.));
#980 = DIRECTION('',(0.,0.,-1.));
#981 = DIRECTION('',(-1.,0.,0.));
#982 = PCURVE('',#44,#983);
#983 = DEFINITIONAL_REPRESENTATION('',(#984),#992);
#984 = ( BOUNDED_CURVE() B_SPLINE_CURVE(2,(#985,#986,#987,#988,#989,#990
,#991),.UNSPECIFIED.,.T.,.F.) B_SPLINE_CURVE_WITH_KNOTS((1,2,2,2,2,1),(
    -2.094395102393,0.,2.094395102393,4.188790204786,6.28318530718,
8.377580409573),.UNSPECIFIED.) CURVE() GEOMETRIC_REPRESENTATION_ITEM() 
RATIONAL_B_SPLINE_CURVE((1.,0.5,1.,0.5,1.,0.5,1.)) REPRESENTATION_ITEM(
  '') );
#985 = CARTESIAN_POINT('',(-40.55,-101.6));
#986 = CARTESIAN_POINT('',(-40.55,-97.35647552145));
#987 = CARTESIAN_POINT('',(-36.875,-99.47823776072));
#988 = CARTESIAN_POINT('',(-33.2,-101.6));
#989 = CARTESIAN_POINT('',(-36.875,-103.7217622392));
#990 = CARTESIAN_POINT('',(-40.55,-105.8435244785));
#991 = CARTESIAN_POINT('',(-40.55,-101.6));
#992 = ( GEOMETRIC_REPRESENTATION_CONTEXT(2) 
PARAMETRIC_REPRESENTATION_CONTEXT() REPRESENTATION_CONTEXT('2D SPACE',''
  ) );
#993 = PCURVE('',#994,#999);
#994 = CYLINDRICAL_SURFACE('',#995,2.45);
#995 = AXIS2_PLACEMENT_3D('',#996,#997,#998);
#996 = CARTESIAN_POINT('',(-38.1,-101.6,6.));
#997 = DIRECTION('',(0.,0.,-1.));
#998 = DIRECTION('',(-1.,0.,0.));
#999 = DEFINITIONAL_REPRESENTATION('',(#1000),#1004);
#1000 = LINE('',#1001,#1002);
#1001 = CARTESIAN_POINT('',(0.,6.));
#1002 = VECTOR('',#1003,1.);
#1003 = DIRECTION('',(1.,0.));
#1004 = ( GEOMETRIC_REPRESENTATION_CONTEXT(2) 
PARAMETRIC_REPRESENTATION_CONTEXT() REPRESENTATION_CONTEXT('2D SPACE',''
  ) );
#1005 = FACE_BOUND('',#1006,.F.);
#1006 = EDGE_LOOP('',(#1007));
#1007 = ORIENTED_EDGE('',*,*,#1008,.T.);
#1008 = EDGE_CURVE('',#1009,#1009,#1011,.T.);
#1009 = VERTEX_POINT('',#1010);
#1010 = CARTESIAN_POINT('',(-27.85,-101.6,0.));
#1011 = SURFACE_CURVE('',#1012,(#1017,#1028),.PCURVE_S1.);
#1012 = CIRCLE('',#1013,2.45);
#1013 = AXIS2_PLACEMENT_3D('',#1014,#1015,#1016);
#1014 = CARTESIAN_POINT('',(-25.4,-101.6,0.));
#1015 = DIRECTION('',(0.,0.,-1.));
#1016 = DIRECTION('',(-1.,0.,0.));
#1017 = PCURVE('',#44,#1018);
#1018 = DEFINITIONAL_REPRESENTATION('',(#1019),#1027);
#1019 = ( BOUNDED_CURVE() B_SPLINE_CURVE(2,(#1020,#1021,#1022,#1023,
#1024,#1025,#1026),.UNSPECIFIED.,.T.,.F.) B_SPLINE_CURVE_WITH_KNOTS((1,2
    ,2,2,2,1),(-2.094395102393,0.,2.094395102393,4.188790204786,
6.28318530718,8.377580409573),.UNSPECIFIED.) CURVE() 
GEOMETRIC_REPRESENTATION_ITEM() RATIONAL_B_SPLINE_CURVE((1.,0.5,1.,0.5,
1.,0.5,1.)) REPRESENTATION_ITEM('') );
#1020 = CARTESIAN_POINT('',(-27.85,-101.6));
#1021 = CARTESIAN_POINT('',(-27.85,-97.35647552145));
#1022 = CARTESIAN_POINT('',(-24.175,-99.47823776072));
#1023 = CARTESIAN_POINT('',(-20.5,-101.6));
#1024 = CARTESIAN_POINT('',(-24.175,-103.7217622392));
#1025 = CARTESIAN_POINT('',(-27.85,-105.8435244785));
#1026 = CARTESIAN_POINT('',(-27.85,-101.6));
#1027 = ( GEOMETRIC_REPRESENTATION_CONTEXT(2) 
PARAMETRIC_REPRESENTATION_CONTEXT() REPRESENTATION_CONTEXT('2D SPACE',''
  ) );
#1028 = PCURVE('',#1029,#1034);
#1029 = CYLINDRICAL_SURFACE('',#1030,2.45);
#1030 = AXIS2_PLACEMENT_3D('',#1031,#1032,#1033);
#1031 = CARTESIAN_POINT('',(-25.4,-101.6,6.));
#1032 = DIRECTION('',(0.,0.,-1.));
#1033 = DIRECTION('',(-1.,0.,0.));
#1034 = DEFINITIONAL_REPRESENTATION('',(#1035),#1039);
#1035 = LINE('',#1036,#1037);
#1036 = CARTESIAN_POINT('',(0.,6.));
#1037 = VECTOR('',#1038,1.);
#1038 = DIRECTION('',(1.,0.));
#1039 = ( GEOMETRIC_REPRESENTATION_CONTEXT(2) 
PARAMETRIC_REPRESENTATION_CONTEXT() REPRESENTATION_CONTEXT('2D SPACE',''
  ) );
#1040 = FACE_BOUND('',#1041,.F.);
#1041 = EDGE_LOOP('',(#1042));
#1042 = ORIENTED_EDGE('',*,*,#1043,.T.);
#1043 = EDGE_CURVE('',#1044,#1044,#1046,.T.);
#1044 = VERTEX_POINT('',#1045);
#1045 = CARTESIAN_POINT('',(-15.15,-127.,0.));
#1046 = SURFACE_CURVE('',#1047,(#1052,#1063),.PCURVE_S1.);
#1047 = CIRCLE('',#1048,2.45);
#1048 = AXIS2_PLACEMENT_3D('',#1049,#1050,#1051);
#1049 = CARTESIAN_POINT('',(-12.7,-127.,0.));
#1050 = DIRECTION('',(0.,0.,-1.));
#1051 = DIRECTION('',(-1.,0.,0.));
#1052 = PCURVE('',#44,#1053);
#1053 = DEFINITIONAL_REPRESENTATION('',(#1054),#1062);
#1054 = ( BOUNDED_CURVE() B_SPLINE_CURVE(2,(#1055,#1056,#1057,#1058,
#1059,#1060,#1061),.UNSPECIFIED.,.T.,.F.) B_SPLINE_CURVE_WITH_KNOTS((1,2
    ,2,2,2,1),(-2.094395102393,0.,2.094395102393,4.188790204786,
6.28318530718,8.377580409573),.UNSPECIFIED.) CURVE() 
GEOMETRIC_REPRESENTATION_ITEM() RATIONAL_B_SPLINE_CURVE((1.,0.5,1.,0.5,
1.,0.5,1.)) REPRESENTATION_ITEM('') );
#1055 = CARTESIAN_POINT('',(-15.15,-127.));
#1056 = CARTESIAN_POINT('',(-15.15,-122.7564755214));
#1057 = CARTESIAN_POINT('',(-11.475,-124.8782377607));
#1058 = CARTESIAN_POINT('',(-7.8,-127.));
#1059 = CARTESIAN_POINT('',(-11.475,-129.1217622392));
#1060 = CARTESIAN_POINT('',(-15.15,-131.2435244785));
#1061 = CARTESIAN_POINT('',(-15.15,-127.));
#1062 = ( GEOMETRIC_REPRESENTATION_CONTEXT(2) 
PARAMETRIC_REPRESENTATION_CONTEXT() REPRESENTATION_CONTEXT('2D SPACE',''
  ) );
#1063 = PCURVE('',#1064,#1069);
#1064 = CYLINDRICAL_SURFACE('',#1065,2.45);
#1065 = AXIS2_PLACEMENT_3D('',#1066,#1067,#1068);
#1066 = CARTESIAN_POINT('',(-12.7,-127.,6.));
#1067 = DIRECTION('',(0.,0.,-1.));
#1068 = DIRECTION('',(-1.,0.,0.));
#1069 = DEFINITIONAL_REPRESENTATION('',(#1070),#1074);
#1070 = LINE('',#1071,#1072);
#1071 = CARTESIAN_POINT('',(0.,6.));
#1072 = VECTOR('',#1073,1.);
#1073 = DIRECTION('',(1.,0.));
#1074 = ( GEOMETRIC_REPRESENTATION_CONTEXT(2) 
PARAMETRIC_REPRESENTATION_CONTEXT() REPRESENTATION_CONTEXT('2D SPACE',''
  ) );
#1075 = FACE_BOUND('',#1076,.F.);
#1076 = EDGE_LOOP('',(#1077));
#1077 = ORIENTED_EDGE('',*,*,#1078,.T.);
#1078 = EDGE_CURVE('',#1079,#1079,#1081,.T.);
#1079 = VERTEX_POINT('',#1080);
#1080 = CARTESIAN_POINT('',(-15.15,-114.3,0.));
#1081 = SURFACE_CURVE('',#1082,(#1087,#1098),.PCURVE_S1.);
#1082 = CIRCLE('',#1083,2.45);
#1083 = AXIS2_PLACEMENT_3D('',#1084,#1085,#1086);
#1084 = CARTESIAN_POINT('',(-12.7,-114.3,0.));
#1085 = DIRECTION('',(0.,0.,-1.));
#1086 = DIRECTION('',(-1.,0.,0.));
#1087 = PCURVE('',#44,#1088);
#1088 = DEFINITIONAL_REPRESENTATION('',(#1089),#1097);
#1089 = ( BOUNDED_CURVE() B_SPLINE_CURVE(2,(#1090,#1091,#1092,#1093,
#1094,#1095,#1096),.UNSPECIFIED.,.T.,.F.) B_SPLINE_CURVE_WITH_KNOTS((1,2
    ,2,2,2,1),(-2.094395102393,0.,2.094395102393,4.188790204786,
6.28318530718,8.377580409573),.UNSPECIFIED.) CURVE() 
GEOMETRIC_REPRESENTATION_ITEM() RATIONAL_B_SPLINE_CURVE((1.,0.5,1.,0.5,
1.,0.5,1.)) REPRESENTATION_ITEM('') );
#1090 = CARTESIAN_POINT('',(-15.15,-114.3));
#1091 = CARTESIAN_POINT('',(-15.15,-110.0564755214));
#1092 = CARTESIAN_POINT('',(-11.475,-112.1782377607));
#1093 = CARTESIAN_POINT('',(-7.8,-114.3));
#1094 = CARTESIAN_POINT('',(-11.475,-116.4217622392));
#1095 = CARTESIAN_POINT('',(-15.15,-118.5435244785));
#1096 = CARTESIAN_POINT('',(-15.15,-114.3));
#1097 = ( GEOMETRIC_REPRESENTATION_CONTEXT(2) 
PARAMETRIC_REPRESENTATION_CONTEXT() REPRESENTATION_CONTEXT('2D SPACE',''
  ) );
#1098 = PCURVE('',#1099,#1104);
#1099 = CYLINDRICAL_SURFACE('',#1100,2.45);
#1100 = AXIS2_PLACEMENT_3D('',#1101,#1102,#1103);
#1101 = CARTESIAN_POINT('',(-12.7,-114.3,6.));
#1102 = DIRECTION('',(0.,0.,-1.));
#1103 = DIRECTION('',(-1.,0.,0.));
#1104 = DEFINITIONAL_REPRESENTATION('',(#1105),#1109);
#1105 = LINE('',#1106,#1107);
#1106 = CARTESIAN_POINT('',(0.,6.));
#1107 = VECTOR('',#1108,1.);
#1108 = DIRECTION('',(1.,0.));
#1109 = ( GEOMETRIC_REPRESENTATION_CONTEXT(2) 
PARAMETRIC_REPRESENTATION_CONTEXT() REPRESENTATION_CONTEXT('2D SPACE',''
  ) );
#1110 = FACE_BOUND('',#1111,.F.);
#1111 = EDGE_LOOP('',(#1112));
#1112 = ORIENTED_EDGE('',*,*,#1113,.T.);
#1113 = EDGE_CURVE('',#1114,#1114,#1116,.T.);
#1114 = VERTEX_POINT('',#1115);
#1115 = CARTESIAN_POINT('',(-15.15,-101.6,0.));
#1116 = SURFACE_CURVE('',#1117,(#1122,#1133),.PCURVE_S1.);
#1117 = CIRCLE('',#1118,2.45);
#1118 = AXIS2_PLACEMENT_3D('',#1119,#1120,#1121);
#1119 = CARTESIAN_POINT('',(-12.7,-101.6,0.));
#1120 = DIRECTION('',(0.,0.,-1.));
#1121 = DIRECTION('',(-1.,0.,0.));
#1122 = PCURVE('',#44,#1123);
#1123 = DEFINITIONAL_REPRESENTATION('',(#1124),#1132);
#1124 = ( BOUNDED_CURVE() B_SPLINE_CURVE(2,(#1125,#1126,#1127,#1128,
#1129,#1130,#1131),.UNSPECIFIED.,.T.,.F.) B_SPLINE_CURVE_WITH_KNOTS((1,2
    ,2,2,2,1),(-2.094395102393,0.,2.094395102393,4.188790204786,
6.28318530718,8.377580409573),.UNSPECIFIED.) CURVE() 
GEOMETRIC_REPRESENTATION_ITEM() RATIONAL_B_SPLINE_CURVE((1.,0.5,1.,0.5,
1.,0.5,1.)) REPRESENTATION_ITEM('') );
#1125 = CARTESIAN_POINT('',(-15.15,-101.6));
#1126 = CARTESIAN_POINT('',(-15.15,-97.35647552145));
#1127 = CARTESIAN_POINT('',(-11.475,-99.47823776072));
#1128 = CARTESIAN_POINT('',(-7.8,-101.6));
#1129 = CARTESIAN_POINT('',(-11.475,-103.7217622392));
#1130 = CARTESIAN_POINT('',(-15.15,-105.8435244785));
#1131 = CARTESIAN_POINT('',(-15.15,-101.6));
#1132 = ( GEOMETRIC_REPRESENTATION_CONTEXT(2) 
PARAMETRIC_REPRESENTATION_CONTEXT() REPRESENTATION_CONTEXT('2D SPACE',''
  ) );
#1133 = PCURVE('',#1134,#1139);
#1134 = CYLINDRICAL_SURFACE('',#1135,2.45);
#1135 = AXIS2_PLACEMENT_3D('',#1136,#1137,#1138);
#1136 = CARTESIAN_POINT('',(-12.7,-101.6,6.));
#1137 = DIRECTION('',(0.,0.,-1.));
#1138 = DIRECTION('',(-1.,0.,0.));
#1139 = DEFINITIONAL_REPRESENTATION('',(#1140),#1144);
#1140 = LINE('',#1141,#1142);
#1141 = CARTESIAN_POINT('',(0.,6.));
#1142 = VECTOR('',#1143,1.);
#1143 = DIRECTION('',(1.,0.));
#1144 = ( GEOMETRIC_REPRESENTATION_CONTEXT(2) 
PARAMETRIC_REPRESENTATION_CONTEXT() REPRESENTATION_CONTEXT('2D SPACE',''
  ) );
#1145 = FACE_BOUND('',#1146,.F.);
#1146 = EDGE_LOOP('',(#1147));
#1147 = ORIENTED_EDGE('',*,*,#1148,.T.);
#1148 = EDGE_CURVE('',#1149,#1149,#1151,.T.);
#1149 = VERTEX_POINT('',#1150);
#1150 = CARTESIAN_POINT('',(-40.55,-88.9,0.));
#1151 = SURFACE_CURVE('',#1152,(#1157,#1168),.PCURVE_S1.);
#1152 = CIRCLE('',#1153,2.45);
#1153 = AXIS2_PLACEMENT_3D('',#1154,#1155,#1156);
#1154 = CARTESIAN_POINT('',(-38.1,-88.9,0.));
#1155 = DIRECTION('',(0.,0.,-1.));
#1156 = DIRECTION('',(-1.,0.,0.));
#1157 = PCURVE('',#44,#1158);
#1158 = DEFINITIONAL_REPRESENTATION('',(#1159),#1167);
#1159 = ( BOUNDED_CURVE() B_SPLINE_CURVE(2,(#1160,#1161,#1162,#1163,
#1164,#1165,#1166),.UNSPECIFIED.,.T.,.F.) B_SPLINE_CURVE_WITH_KNOTS((1,2
    ,2,2,2,1),(-2.094395102393,0.,2.094395102393,4.188790204786,
6.28318530718,8.377580409573),.UNSPECIFIED.) CURVE() 
GEOMETRIC_REPRESENTATION_ITEM() RATIONAL_B_SPLINE_CURVE((1.,0.5,1.,0.5,
1.,0.5,1.)) REPRESENTATION_ITEM('') );
#1160 = CARTESIAN_POINT('',(-40.55,-88.9));
#1161 = CARTESIAN_POINT('',(-40.55,-84.65647552145));
#1162 = CARTESIAN_POINT('',(-36.875,-86.77823776072));
#1163 = CARTESIAN_POINT('',(-33.2,-88.9));
#1164 = CARTESIAN_POINT('',(-36.875,-91.02176223927));
#1165 = CARTESIAN_POINT('',(-40.55,-93.14352447854));
#1166 = CARTESIAN_POINT('',(-40.55,-88.9));
#1167 = ( GEOMETRIC_REPRESENTATION_CONTEXT(2) 
PARAMETRIC_REPRESENTATION_CONTEXT() REPRESENTATION_CONTEXT('2D SPACE',''
  ) );
#1168 = PCURVE('',#1169,#1174);
#1169 = CYLINDRICAL_SURFACE('',#1170,2.45);
#1170 = AXIS2_PLACEMENT_3D('',#1171,#1172,#1173);
#1171 = CARTESIAN_POINT('',(-38.1,-88.9,6.));
#1172 = DIRECTION('',(0.,0.,-1.));
#1173 = DIRECTION('',(-1.,0.,0.));
#1174 = DEFINITIONAL_REPRESENTATION('',(#1175),#1179);
#1175 = LINE('',#1176,#1177);
#1176 = CARTESIAN_POINT('',(0.,6.));
#1177 = VECTOR('',#1178,1.);
#1178 = DIRECTION('',(1.,0.));
#1179 = ( GEOMETRIC_REPRESENTATION_CONTEXT(2) 
PARAMETRIC_REPRESENTATION_CONTEXT() REPRESENTATION_CONTEXT('2D SPACE',''
  ) );
#1180 = FACE_BOUND('',#1181,.F.);
#1181 = EDGE_LOOP('',(#1182));
#1182 = ORIENTED_EDGE('',*,*,#1183,.T.);
#1183 = EDGE_CURVE('',#1184,#1184,#1186,.T.);
#1184 = VERTEX_POINT('',#1185);
#1185 = CARTESIAN_POINT('',(-27.85,-88.9,0.));
#1186 = SURFACE_CURVE('',#1187,(#1192,#1203),.PCURVE_S1.);
#1187 = CIRCLE('',#1188,2.45);
#1188 = AXIS2_PLACEMENT_3D('',#1189,#1190,#1191);
#1189 = CARTESIAN_POINT('',(-25.4,-88.9,0.));
#1190 = DIRECTION('',(0.,0.,-1.));
#1191 = DIRECTION('',(-1.,0.,0.));
#1192 = PCURVE('',#44,#1193);
#1193 = DEFINITIONAL_REPRESENTATION('',(#1194),#1202);
#1194 = ( BOUNDED_CURVE() B_SPLINE_CURVE(2,(#1195,#1196,#1197,#1198,
#1199,#1200,#1201),.UNSPECIFIED.,.T.,.F.) B_SPLINE_CURVE_WITH_KNOTS((1,2
    ,2,2,2,1),(-2.094395102393,0.,2.094395102393,4.188790204786,
6.28318530718,8.377580409573),.UNSPECIFIED.) CURVE() 
GEOMETRIC_REPRESENTATION_ITEM() RATIONAL_B_SPLINE_CURVE((1.,0.5,1.,0.5,
1.,0.5,1.)) REPRESENTATION_ITEM('') );
#1195 = CARTESIAN_POINT('',(-27.85,-88.9));
#1196 = CARTESIAN_POINT('',(-27.85,-84.65647552145));
#1197 = CARTESIAN_POINT('',(-24.175,-86.77823776072));
#1198 = CARTESIAN_POINT('',(-20.5,-88.9));
#1199 = CARTESIAN_POINT('',(-24.175,-91.02176223927));
#1200 = CARTESIAN_POINT('',(-27.85,-93.14352447854));
#1201 = CARTESIAN_POINT('',(-27.85,-88.9));
#1202 = ( GEOMETRIC_REPRESENTATION_CONTEXT(2) 
PARAMETRIC_REPRESENTATION_CONTEXT() REPRESENTATION_CONTEXT('2D SPACE',''
  ) );
#1203 = PCURVE('',#1204,#1209);
#1204 = CYLINDRICAL_SURFACE('',#1205,2.45);
#1205 = AXIS2_PLACEMENT_3D('',#1206,#1207,#1208);
#1206 = CARTESIAN_POINT('',(-25.4,-88.9,6.));
#1207 = DIRECTION('',(0.,0.,-1.));
#1208 = DIRECTION('',(-1.,0.,0.));
#1209 = DEFINITIONAL_REPRESENTATION('',(#1210),#1214);
#1210 = LINE('',#1211,#1212);
#1211 = CARTESIAN_POINT('',(0.,6.));
#1212 = VECTOR('',#1213,1.);
#1213 = DIRECTION('',(1.,0.));
#1214 = ( GEOMETRIC_REPRESENTATION_CONTEXT(2) 
PARAMETRIC_REPRESENTATION_CONTEXT() REPRESENTATION_CONTEXT('2D SPACE',''
  ) );
#1215 = FACE_BOUND('',#1216,.F.);
#1216 = EDGE_LOOP('',(#1217));
#1217 = ORIENTED_EDGE('',*,*,#1218,.T.);
#1218 = EDGE_CURVE('',#1219,#1219,#1221,.T.);
#1219 = VERTEX_POINT('',#1220);
#1220 = CARTESIAN_POINT('',(-15.15,-88.9,0.));
#1221 = SURFACE_CURVE('',#1222,(#1227,#1238),.PCURVE_S1.);
#1222 = CIRCLE('',#1223,2.45);
#1223 = AXIS2_PLACEMENT_3D('',#1224,#1225,#1226);
#1224 = CARTESIAN_POINT('',(-12.7,-88.9,0.));
#1225 = DIRECTION('',(0.,0.,-1.));
#1226 = DIRECTION('',(-1.,0.,0.));
#1227 = PCURVE('',#44,#1228);
#1228 = DEFINITIONAL_REPRESENTATION('',(#1229),#1237);
#1229 = ( BOUNDED_CURVE() B_SPLINE_CURVE(2,(#1230,#1231,#1232,#1233,
#1234,#1235,#1236),.UNSPECIFIED.,.T.,.F.) B_SPLINE_CURVE_WITH_KNOTS((1,2
    ,2,2,2,1),(-2.094395102393,0.,2.094395102393,4.188790204786,
6.28318530718,8.377580409573),.UNSPECIFIED.) CURVE() 
GEOMETRIC_REPRESENTATION_ITEM() RATIONAL_B_SPLINE_CURVE((1.,0.5,1.,0.5,
1.,0.5,1.)) REPRESENTATION_ITEM('') );
#1230 = CARTESIAN_POINT('',(-15.15,-88.9));
#1231 = CARTESIAN_POINT('',(-15.15,-84.65647552145));
#1232 = CARTESIAN_POINT('',(-11.475,-86.77823776072));
#1233 = CARTESIAN_POINT('',(-7.8,-88.9));
#1234 = CARTESIAN_POINT('',(-11.475,-91.02176223927));
#1235 = CARTESIAN_POINT('',(-15.15,-93.14352447854));
#1236 = CARTESIAN_POINT('',(-15.15,-88.9));
#1237 = ( GEOMETRIC_REPRESENTATION_CONTEXT(2) 
PARAMETRIC_REPRESENTATION_CONTEXT() REPRESENTATION_CONTEXT('2D SPACE',''
  ) );
#1238 = PCURVE('',#1239,#1244);
#1239 = CYLINDRICAL_SURFACE('',#1240,2.45);
#1240 = AXIS2_PLACEMENT_3D('',#1241,#1242,#1243);
#1241 = CARTESIAN_POINT('',(-12.7,-88.9,6.));
#1242 = DIRECTION('',(0.,0.,-1.));
#1243 = DIRECTION('',(-1.,0.,0.));
#1244 = DEFINITIONAL_REPRESENTATION('',(#1245),#1249);
#1245 = LINE('',#1246,#1247);
#1246 = CARTESIAN_POINT('',(0.,6.));
#1247 = VECTOR('',#1248,1.);
#1248 = DIRECTION('',(1.,0.));
#1249 = ( GEOMETRIC_REPRESENTATION_CONTEXT(2) 
PARAMETRIC_REPRESENTATION_CONTEXT() REPRESENTATION_CONTEXT('2D SPACE',''
  ) );
#1250 = FACE_BOUND('',#1251,.F.);
#1251 = EDGE_LOOP('',(#1252));
#1252 = ORIENTED_EDGE('',*,*,#1253,.T.);
#1253 = EDGE_CURVE('',#1254,#1254,#1256,.T.);
#1254 = VERTEX_POINT('',#1255);
#1255 = CARTESIAN_POINT('',(-91.35,-63.5,0.));
#1256 = SURFACE_CURVE('',#1257,(#1262,#1273),.PCURVE_S1.);
#1257 = CIRCLE('',#1258,2.45);
#1258 = AXIS2_PLACEMENT_3D('',#1259,#1260,#1261);
#1259 = CARTESIAN_POINT('',(-88.9,-63.5,0.));
#1260 = DIRECTION('',(0.,0.,-1.));
#1261 = DIRECTION('',(-1.,0.,0.));
#1262 = PCURVE('',#44,#1263);
#1263 = DEFINITIONAL_REPRESENTATION('',(#1264),#1272);
#1264 = ( BOUNDED_CURVE() B_SPLINE_CURVE(2,(#1265,#1266,#1267,#1268,
#1269,#1270,#1271),.UNSPECIFIED.,.T.,.F.) B_SPLINE_CURVE_WITH_KNOTS((1,2
    ,2,2,2,1),(-2.094395102393,0.,2.094395102393,4.188790204786,
6.28318530718,8.377580409573),.UNSPECIFIED.) CURVE() 
GEOMETRIC_REPRESENTATION_ITEM() RATIONAL_B_SPLINE_CURVE((1.,0.5,1.,0.5,
1.,0.5,1.)) REPRESENTATION_ITEM('') );
#1265 = CARTESIAN_POINT('',(-91.35,-63.5));
#1266 = CARTESIAN_POINT('',(-91.35,-59.25647552145));
#1267 = CARTESIAN_POINT('',(-87.675,-61.37823776072));
#1268 = CARTESIAN_POINT('',(-84.,-63.5));
#1269 = CARTESIAN_POINT('',(-87.675,-65.62176223927));
#1270 = CARTESIAN_POINT('',(-91.35,-67.74352447854));
#1271 = CARTESIAN_POINT('',(-91.35,-63.5));
#1272 = ( GEOMETRIC_REPRESENTATION_CONTEXT(2) 
PARAMETRIC_REPRESENTATION_CONTEXT() REPRESENTATION_CONTEXT('2D SPACE',''
  ) );
#1273 = PCURVE('',#1274,#1279);
#1274 = CYLINDRICAL_SURFACE('',#1275,2.45);
#1275 = AXIS2_PLACEMENT_3D('',#1276,#1277,#1278);
#1276 = CARTESIAN_POINT('',(-88.9,-63.5,6.));
#1277 = DIRECTION('',(0.,0.,-1.));
#1278 = DIRECTION('',(-1.,0.,0.));
#1279 = DEFINITIONAL_REPRESENTATION('',(#1280),#1284);
#1280 = LINE('',#1281,#1282);
#1281 = CARTESIAN_POINT('',(0.,6.));
#1282 = VECTOR('',#1283,1.);
#1283 = DIRECTION('',(1.,0.));
#1284 = ( GEOMETRIC_REPRESENTATION_CONTEXT(2) 
PARAMETRIC_REPRESENTATION_CONTEXT() REPRESENTATION_CONTEXT('2D SPACE',''
  ) );
#1285 = FACE_BOUND('',#1286,.F.);
#1286 = EDGE_LOOP('',(#1287));
#1287 = ORIENTED_EDGE('',*,*,#1288,.T.);
#1288 = EDGE_CURVE('',#1289,#1289,#1291,.T.);
#1289 = VERTEX_POINT('',#1290);
#1290 = CARTESIAN_POINT('',(-91.35,-50.8,0.));
#1291 = SURFACE_CURVE('',#1292,(#1297,#1308),.PCURVE_S1.);
#1292 = CIRCLE('',#1293,2.45);
#1293 = AXIS2_PLACEMENT_3D('',#1294,#1295,#1296);
#1294 = CARTESIAN_POINT('',(-88.9,-50.8,0.));
#1295 = DIRECTION('',(0.,0.,-1.));
#1296 = DIRECTION('',(-1.,0.,0.));
#1297 = PCURVE('',#44,#1298);
#1298 = DEFINITIONAL_REPRESENTATION('',(#1299),#1307);
#1299 = ( BOUNDED_CURVE() B_SPLINE_CURVE(2,(#1300,#1301,#1302,#1303,
#1304,#1305,#1306),.UNSPECIFIED.,.T.,.F.) B_SPLINE_CURVE_WITH_KNOTS((1,2
    ,2,2,2,1),(-2.094395102393,0.,2.094395102393,4.188790204786,
6.28318530718,8.377580409573),.UNSPECIFIED.) CURVE() 
GEOMETRIC_REPRESENTATION_ITEM() RATIONAL_B_SPLINE_CURVE((1.,0.5,1.,0.5,
1.,0.5,1.)) REPRESENTATION_ITEM('') );
#1300 = CARTESIAN_POINT('',(-91.35,-50.8));
#1301 = CARTESIAN_POINT('',(-91.35,-46.55647552145));
#1302 = CARTESIAN_POINT('',(-87.675,-48.67823776072));
#1303 = CARTESIAN_POINT('',(-84.,-50.8));
#1304 = CARTESIAN_POINT('',(-87.675,-52.92176223927));
#1305 = CARTESIAN_POINT('',(-91.35,-55.04352447854));
#1306 = CARTESIAN_POINT('',(-91.35,-50.8));
#1307 = ( GEOMETRIC_REPRESENTATION_CONTEXT(2) 
PARAMETRIC_REPRESENTATION_CONTEXT() REPRESENTATION_CONTEXT('2D SPACE',''
  ) );
#1308 = PCURVE('',#1309,#1314);
#1309 = CYLINDRICAL_SURFACE('',#1310,2.45);
#1310 = AXIS2_PLACEMENT_3D('',#1311,#1312,#1313);
#1311 = CARTESIAN_POINT('',(-88.9,-50.8,6.));
#1312 = DIRECTION('',(0.,0.,-1.));
#1313 = DIRECTION('',(-1.,0.,0.));
#1314 = DEFINITIONAL_REPRESENTATION('',(#1315),#1319);
#1315 = LINE('',#1316,#1317);
#1316 = CARTESIAN_POINT('',(0.,6.));
#1317 = VECTOR('',#1318,1.);
#1318 = DIRECTION('',(1.,0.));
#1319 = ( GEOMETRIC_REPRESENTATION_CONTEXT(2) 
PARAMETRIC_REPRESENTATION_CONTEXT() REPRESENTATION_CONTEXT('2D SPACE',''
  ) );
#1320 = FACE_BOUND('',#1321,.F.);
#1321 = EDGE_LOOP('',(#1322));
#1322 = ORIENTED_EDGE('',*,*,#1323,.T.);
#1323 = EDGE_CURVE('',#1324,#1324,#1326,.T.);
#1324 = VERTEX_POINT('',#1325);
#1325 = CARTESIAN_POINT('',(-78.65,-63.5,0.));
#1326 = SURFACE_CURVE('',#1327,(#1332,#1343),.PCURVE_S1.);
#1327 = CIRCLE('',#1328,2.45);
#1328 = AXIS2_PLACEMENT_3D('',#1329,#1330,#1331);
#1329 = CARTESIAN_POINT('',(-76.2,-63.5,0.));
#1330 = DIRECTION('',(0.,0.,-1.));
#1331 = DIRECTION('',(-1.,0.,0.));
#1332 = PCURVE('',#44,#1333);
#1333 = DEFINITIONAL_REPRESENTATION('',(#1334),#1342);
#1334 = ( BOUNDED_CURVE() B_SPLINE_CURVE(2,(#1335,#1336,#1337,#1338,
#1339,#1340,#1341),.UNSPECIFIED.,.T.,.F.) B_SPLINE_CURVE_WITH_KNOTS((1,2
    ,2,2,2,1),(-2.094395102393,0.,2.094395102393,4.188790204786,
6.28318530718,8.377580409573),.UNSPECIFIED.) CURVE() 
GEOMETRIC_REPRESENTATION_ITEM() RATIONAL_B_SPLINE_CURVE((1.,0.5,1.,0.5,
1.,0.5,1.)) REPRESENTATION_ITEM('') );
#1335 = CARTESIAN_POINT('',(-78.65,-63.5));
#1336 = CARTESIAN_POINT('',(-78.65,-59.25647552145));
#1337 = CARTESIAN_POINT('',(-74.975,-61.37823776072));
#1338 = CARTESIAN_POINT('',(-71.3,-63.5));
#1339 = CARTESIAN_POINT('',(-74.975,-65.62176223927));
#1340 = CARTESIAN_POINT('',(-78.65,-67.74352447854));
#1341 = CARTESIAN_POINT('',(-78.65,-63.5));
#1342 = ( GEOMETRIC_REPRESENTATION_CONTEXT(2) 
PARAMETRIC_REPRESENTATION_CONTEXT() REPRESENTATION_CONTEXT('2D SPACE',''
  ) );
#1343 = PCURVE('',#1344,#1349);
#1344 = CYLINDRICAL_SURFACE('',#1345,2.45);
#1345 = AXIS2_PLACEMENT_3D('',#1346,#1347,#1348);
#1346 = CARTESIAN_POINT('',(-76.2,-63.5,6.));
#1347 = DIRECTION('',(0.,0.,-1.));
#1348 = DIRECTION('',(-1.,0.,0.));
#1349 = DEFINITIONAL_REPRESENTATION('',(#1350),#1354);
#1350 = LINE('',#1351,#1352);
#1351 = CARTESIAN_POINT('',(0.,6.));
#1352 = VECTOR('',#1353,1.);
#1353 = DIRECTION('',(1.,0.));
#1354 = ( GEOMETRIC_REPRESENTATION_CONTEXT(2) 
PARAMETRIC_REPRESENTATION_CONTEXT() REPRESENTATION_CONTEXT('2D SPACE',''
  ) );
#1355 = FACE_BOUND('',#1356,.F.);
#1356 = EDGE_LOOP('',(#1357));
#1357 = ORIENTED_EDGE('',*,*,#1358,.T.);
#1358 = EDGE_CURVE('',#1359,#1359,#1361,.T.);
#1359 = VERTEX_POINT('',#1360);
#1360 = CARTESIAN_POINT('',(-78.65,-50.8,0.));
#1361 = SURFACE_CURVE('',#1362,(#1367,#1378),.PCURVE_S1.);
#1362 = CIRCLE('',#1363,2.45);
#1363 = AXIS2_PLACEMENT_3D('',#1364,#1365,#1366);
#1364 = CARTESIAN_POINT('',(-76.2,-50.8,0.));
#1365 = DIRECTION('',(0.,0.,-1.));
#1366 = DIRECTION('',(-1.,0.,0.));
#1367 = PCURVE('',#44,#1368);
#1368 = DEFINITIONAL_REPRESENTATION('',(#1369),#1377);
#1369 = ( BOUNDED_CURVE() B_SPLINE_CURVE(2,(#1370,#1371,#1372,#1373,
#1374,#1375,#1376),.UNSPECIFIED.,.T.,.F.) B_SPLINE_CURVE_WITH_KNOTS((1,2
    ,2,2,2,1),(-2.094395102393,0.,2.094395102393,4.188790204786,
6.28318530718,8.377580409573),.UNSPECIFIED.) CURVE() 
GEOMETRIC_REPRESENTATION_ITEM() RATIONAL_B_SPLINE_CURVE((1.,0.5,1.,0.5,
1.,0.5,1.)) REPRESENTATION_ITEM('') );
#1370 = CARTESIAN_POINT('',(-78.65,-50.8));
#1371 = CARTESIAN_POINT('',(-78.65,-46.55647552145));
#1372 = CARTESIAN_POINT('',(-74.975,-48.67823776072));
#1373 = CARTESIAN_POINT('',(-71.3,-50.8));
#1374 = CARTESIAN_POINT('',(-74.975,-52.92176223927));
#1375 = CARTESIAN_POINT('',(-78.65,-55.04352447854));
#1376 = CARTESIAN_POINT('',(-78.65,-50.8));
#1377 = ( GEOMETRIC_REPRESENTATION_CONTEXT(2) 
PARAMETRIC_REPRESENTATION_CONTEXT() REPRESENTATION_CONTEXT('2D SPACE',''
  ) );
#1378 = PCURVE('',#1379,#1384);
#1379 = CYLINDRICAL_SURFACE('',#1380,2.45);
#1380 = AXIS2_PLACEMENT_3D('',#1381,#1382,#1383);
#1381 = CARTESIAN_POINT('',(-76.2,-50.8,6.));
#1382 = DIRECTION('',(0.,0.,-1.));
#1383 = DIRECTION('',(-1.,0.,0.));
#1384 = DEFINITIONAL_REPRESENTATION('',(#1385),#1389);
#1385 = LINE('',#1386,#1387);
#1386 = CARTESIAN_POINT('',(0.,6.));
#1387 = VECTOR('',#1388,1.);
#1388 = DIRECTION('',(1.,0.));
#1389 = ( GEOMETRIC_REPRESENTATION_CONTEXT(2) 
PARAMETRIC_REPRESENTATION_CONTEXT() REPRESENTATION_CONTEXT('2D SPACE',''
  ) );
#1390 = FACE_BOUND('',#1391,.F.);
#1391 = EDGE_LOOP('',(#1392));
#1392 = ORIENTED_EDGE('',*,*,#1393,.T.);
#1393 = EDGE_CURVE('',#1394,#1394,#1396,.T.);
#1394 = VERTEX_POINT('',#1395);
#1395 = CARTESIAN_POINT('',(-91.35,-38.1,0.));
#1396 = SURFACE_CURVE('',#1397,(#1402,#1413),.PCURVE_S1.);
#1397 = CIRCLE('',#1398,2.45);
#1398 = AXIS2_PLACEMENT_3D('',#1399,#1400,#1401);
#1399 = CARTESIAN_POINT('',(-88.9,-38.1,0.));
#1400 = DIRECTION('',(0.,0.,-1.));
#1401 = DIRECTION('',(-1.,0.,0.));
#1402 = PCURVE('',#44,#1403);
#1403 = DEFINITIONAL_REPRESENTATION('',(#1404),#1412);
#1404 = ( BOUNDED_CURVE() B_SPLINE_CURVE(2,(#1405,#1406,#1407,#1408,
#1409,#1410,#1411),.UNSPECIFIED.,.T.,.F.) B_SPLINE_CURVE_WITH_KNOTS((1,2
    ,2,2,2,1),(-2.094395102393,0.,2.094395102393,4.188790204786,
6.28318530718,8.377580409573),.UNSPECIFIED.) CURVE() 
GEOMETRIC_REPRESENTATION_ITEM() RATIONAL_B_SPLINE_CURVE((1.,0.5,1.,0.5,
1.,0.5,1.)) REPRESENTATION_ITEM('') );
#1405 = CARTESIAN_POINT('',(-91.35,-38.1));
#1406 = CARTESIAN_POINT('',(-91.35,-33.85647552145));
#1407 = CARTESIAN_POINT('',(-87.675,-35.97823776072));
#1408 = CARTESIAN_POINT('',(-84.,-38.1));
#1409 = CARTESIAN_POINT('',(-87.675,-40.22176223927));
#1410 = CARTESIAN_POINT('',(-91.35,-42.34352447854));
#1411 = CARTESIAN_POINT('',(-91.35,-38.1));
#1412 = ( GEOMETRIC_REPRESENTATION_CONTEXT(2) 
PARAMETRIC_REPRESENTATION_CONTEXT() REPRESENTATION_CONTEXT('2D SPACE',''
  ) );
#1413 = PCURVE('',#1414,#1419);
#1414 = CYLINDRICAL_SURFACE('',#1415,2.45);
#1415 = AXIS2_PLACEMENT_3D('',#1416,#1417,#1418);
#1416 = CARTESIAN_POINT('',(-88.9,-38.1,6.));
#1417 = DIRECTION('',(0.,0.,-1.));
#1418 = DIRECTION('',(-1.,0.,0.));
#1419 = DEFINITIONAL_REPRESENTATION('',(#1420),#1424);
#1420 = LINE('',#1421,#1422);
#1421 = CARTESIAN_POINT('',(0.,6.));
#1422 = VECTOR('',#1423,1.);
#1423 = DIRECTION('',(1.,0.));
#1424 = ( GEOMETRIC_REPRESENTATION_CONTEXT(2) 
PARAMETRIC_REPRESENTATION_CONTEXT() REPRESENTATION_CONTEXT('2D SPACE',''
  ) );
#1425 = FACE_BOUND('',#1426,.F.);
#1426 = EDGE_LOOP('',(#1427));
#1427 = ORIENTED_EDGE('',*,*,#1428,.T.);
#1428 = EDGE_CURVE('',#1429,#1429,#1431,.T.);
#1429 = VERTEX_POINT('',#1430);
#1430 = CARTESIAN_POINT('',(-78.65,-38.1,0.));
#1431 = SURFACE_CURVE('',#1432,(#1437,#1448),.PCURVE_S1.);
#1432 = CIRCLE('',#1433,2.45);
#1433 = AXIS2_PLACEMENT_3D('',#1434,#1435,#1436);
#1434 = CARTESIAN_POINT('',(-76.2,-38.1,0.));
#1435 = DIRECTION('',(0.,0.,-1.));
#1436 = DIRECTION('',(-1.,0.,0.));
#1437 = PCURVE('',#44,#1438);
#1438 = DEFINITIONAL_REPRESENTATION('',(#1439),#1447);
#1439 = ( BOUNDED_CURVE() B_SPLINE_CURVE(2,(#1440,#1441,#1442,#1443,
#1444,#1445,#1446),.UNSPECIFIED.,.T.,.F.) B_SPLINE_CURVE_WITH_KNOTS((1,2
    ,2,2,2,1),(-2.094395102393,0.,2.094395102393,4.188790204786,
6.28318530718,8.377580409573),.UNSPECIFIED.) CURVE() 
GEOMETRIC_REPRESENTATION_ITEM() RATIONAL_B_SPLINE_CURVE((1.,0.5,1.,0.5,
1.,0.5,1.)) REPRESENTATION_ITEM('') );
#1440 = CARTESIAN_POINT('',(-78.65,-38.1));
#1441 = CARTESIAN_POINT('',(-78.65,-33.85647552145));
#1442 = CARTESIAN_POINT('',(-74.975,-35.97823776072));
#1443 = CARTESIAN_POINT('',(-71.3,-38.1));
#1444 = CARTESIAN_POINT('',(-74.975,-40.22176223927));
#1445 = CARTESIAN_POINT('',(-78.65,-42.34352447854));
#1446 = CARTESIAN_POINT('',(-78.65,-38.1));
#1447 = ( GEOMETRIC_REPRESENTATION_CONTEXT(2) 
PARAMETRIC_REPRESENTATION_CONTEXT() REPRESENTATION_CONTEXT('2D SPACE',''
  ) );
#1448 = PCURVE('',#1449,#1454);
#1449 = CYLINDRICAL_SURFACE('',#1450,2.45);
#1450 = AXIS2_PLACEMENT_3D('',#1451,#1452,#1453);
#1451 = CARTESIAN_POINT('',(-76.2,-38.1,6.));
#1452 = DIRECTION('',(0.,0.,-1.));
#1453 = DIRECTION('',(-1.,0.,0.));
#1454 = DEFINITIONAL_REPRESENTATION('',(#1455),#1459);
#1455 = LINE('',#1456,#1457);
#1456 = CARTESIAN_POINT('',(0.,6.));
#1457 = VECTOR('',#1458,1.);
#1458 = DIRECTION('',(1.,0.));
#1459 = ( GEOMETRIC_REPRESENTATION_CONTEXT(2) 
PARAMETRIC_REPRESENTATION_CONTEXT() REPRESENTATION_CONTEXT('2D SPACE',''
  ) );
#1460 = FACE_BOUND('',#1461,.F.);
#1461 = EDGE_LOOP('',(#1462));
#1462 = ORIENTED_EDGE('',*,*,#1463,.T.);
#1463 = EDGE_CURVE('',#1464,#1464,#1466,.T.);
#1464 = VERTEX_POINT('',#1465);
#1465 = CARTESIAN_POINT('',(-65.95,-63.5,0.));
#1466 = SURFACE_CURVE('',#1467,(#1472,#1483),.PCURVE_S1.);
#1467 = CIRCLE('',#1468,2.45);
#1468 = AXIS2_PLACEMENT_3D('',#1469,#1470,#1471);
#1469 = CARTESIAN_POINT('',(-63.5,-63.5,0.));
#1470 = DIRECTION('',(0.,0.,-1.));
#1471 = DIRECTION('',(-1.,0.,0.));
#1472 = PCURVE('',#44,#1473);
#1473 = DEFINITIONAL_REPRESENTATION('',(#1474),#1482);
#1474 = ( BOUNDED_CURVE() B_SPLINE_CURVE(2,(#1475,#1476,#1477,#1478,
#1479,#1480,#1481),.UNSPECIFIED.,.T.,.F.) B_SPLINE_CURVE_WITH_KNOTS((1,2
    ,2,2,2,1),(-2.094395102393,0.,2.094395102393,4.188790204786,
6.28318530718,8.377580409573),.UNSPECIFIED.) CURVE() 
GEOMETRIC_REPRESENTATION_ITEM() RATIONAL_B_SPLINE_CURVE((1.,0.5,1.,0.5,
1.,0.5,1.)) REPRESENTATION_ITEM('') );
#1475 = CARTESIAN_POINT('',(-65.95,-63.5));
#1476 = CARTESIAN_POINT('',(-65.95,-59.25647552145));
#1477 = CARTESIAN_POINT('',(-62.275,-61.37823776072));
#1478 = CARTESIAN_POINT('',(-58.6,-63.5));
#1479 = CARTESIAN_POINT('',(-62.275,-65.62176223927));
#1480 = CARTESIAN_POINT('',(-65.95,-67.74352447854));
#1481 = CARTESIAN_POINT('',(-65.95,-63.5));
#1482 = ( GEOMETRIC_REPRESENTATION_CONTEXT(2) 
PARAMETRIC_REPRESENTATION_CONTEXT() REPRESENTATION_CONTEXT('2D SPACE',''
  ) );
#1483 = PCURVE('',#1484,#1489);
#1484 = CYLINDRICAL_SURFACE('',#1485,2.45);
#1485 = AXIS2_PLACEMENT_3D('',#1486,#1487,#1488);
#1486 = CARTESIAN_POINT('',(-63.5,-63.5,6.));
#1487 = DIRECTION('',(0.,0.,-1.));
#1488 = DIRECTION('',(-1.,0.,0.));
#1489 = DEFINITIONAL_REPRESENTATION('',(#1490),#1494);
#1490 = LINE('',#1491,#1492);
#1491 = CARTESIAN_POINT('',(0.,6.));
#1492 = VECTOR('',#1493,1.);
#1493 = DIRECTION('',(1.,0.));
#1494 = ( GEOMETRIC_REPRESENTATION_CONTEXT(2) 
PARAMETRIC_REPRESENTATION_CONTEXT() REPRESENTATION_CONTEXT('2D SPACE',''
  ) );
#1495 = FACE_BOUND('',#1496,.F.);
#1496 = EDGE_LOOP('',(#1497));
#1497 = ORIENTED_EDGE('',*,*,#1498,.T.);
#1498 = EDGE_CURVE('',#1499,#1499,#1501,.T.);
#1499 = VERTEX_POINT('',#1500);
#1500 = CARTESIAN_POINT('',(-65.95,-50.8,0.));
#1501 = SURFACE_CURVE('',#1502,(#1507,#1518),.PCURVE_S1.);
#1502 = CIRCLE('',#1503,2.45);
#1503 = AXIS2_PLACEMENT_3D('',#1504,#1505,#1506);
#1504 = CARTESIAN_POINT('',(-63.5,-50.8,0.));
#1505 = DIRECTION('',(0.,0.,-1.));
#1506 = DIRECTION('',(-1.,0.,0.));
#1507 = PCURVE('',#44,#1508);
#1508 = DEFINITIONAL_REPRESENTATION('',(#1509),#1517);
#1509 = ( BOUNDED_CURVE() B_SPLINE_CURVE(2,(#1510,#1511,#1512,#1513,
#1514,#1515,#1516),.UNSPECIFIED.,.T.,.F.) B_SPLINE_CURVE_WITH_KNOTS((1,2
    ,2,2,2,1),(-2.094395102393,0.,2.094395102393,4.188790204786,
6.28318530718,8.377580409573),.UNSPECIFIED.) CURVE() 
GEOMETRIC_REPRESENTATION_ITEM() RATIONAL_B_SPLINE_CURVE((1.,0.5,1.,0.5,
1.,0.5,1.)) REPRESENTATION_ITEM('') );
#1510 = CARTESIAN_POINT('',(-65.95,-50.8));
#1511 = CARTESIAN_POINT('',(-65.95,-46.55647552145));
#1512 = CARTESIAN_POINT('',(-62.275,-48.67823776072));
#1513 = CARTESIAN_POINT('',(-58.6,-50.8));
#1514 = CARTESIAN_POINT('',(-62.275,-52.92176223927));
#1515 = CARTESIAN_POINT('',(-65.95,-55.04352447854));
#1516 = CARTESIAN_POINT('',(-65.95,-50.8));
#1517 = ( GEOMETRIC_REPRESENTATION_CONTEXT(2) 
PARAMETRIC_REPRESENTATION_CONTEXT() REPRESENTATION_CONTEXT('2D SPACE',''
  ) );
#1518 = PCURVE('',#1519,#1524);
#1519 = CYLINDRICAL_SURFACE('',#1520,2.45);
#1520 = AXIS2_PLACEMENT_3D('',#1521,#1522,#1523);
#1521 = CARTESIAN_POINT('',(-63.5,-50.8,6.));
#1522 = DIRECTION('',(0.,0.,-1.));
#1523 = DIRECTION('',(-1.,0.,0.));
#1524 = DEFINITIONAL_REPRESENTATION('',(#1525),#1529);
#1525 = LINE('',#1526,#1527);
#1526 = CARTESIAN_POINT('',(0.,6.));
#1527 = VECTOR('',#1528,1.);
#1528 = DIRECTION('',(1.,0.));
#1529 = ( GEOMETRIC_REPRESENTATION_CONTEXT(2) 
PARAMETRIC_REPRESENTATION_CONTEXT() REPRESENTATION_CONTEXT('2D SPACE',''
  ) );
#1530 = FACE_BOUND('',#1531,.F.);
#1531 = EDGE_LOOP('',(#1532));
#1532 = ORIENTED_EDGE('',*,*,#1533,.T.);
#1533 = EDGE_CURVE('',#1534,#1534,#1536,.T.);
#1534 = VERTEX_POINT('',#1535);
#1535 = CARTESIAN_POINT('',(-65.95,-38.1,0.));
#1536 = SURFACE_CURVE('',#1537,(#1542,#1553),.PCURVE_S1.);
#1537 = CIRCLE('',#1538,2.45);
#1538 = AXIS2_PLACEMENT_3D('',#1539,#1540,#1541);
#1539 = CARTESIAN_POINT('',(-63.5,-38.1,0.));
#1540 = DIRECTION('',(0.,0.,-1.));
#1541 = DIRECTION('',(-1.,0.,0.));
#1542 = PCURVE('',#44,#1543);
#1543 = DEFINITIONAL_REPRESENTATION('',(#1544),#1552);
#1544 = ( BOUNDED_CURVE() B_SPLINE_CURVE(2,(#1545,#1546,#1547,#1548,
#1549,#1550,#1551),.UNSPECIFIED.,.T.,.F.) B_SPLINE_CURVE_WITH_KNOTS((1,2
    ,2,2,2,1),(-2.094395102393,0.,2.094395102393,4.188790204786,
6.28318530718,8.377580409573),.UNSPECIFIED.) CURVE() 
GEOMETRIC_REPRESENTATION_ITEM() RATIONAL_B_SPLINE_CURVE((1.,0.5,1.,0.5,
1.,0.5,1.)) REPRESENTATION_ITEM('') );
#1545 = CARTESIAN_POINT('',(-65.95,-38.1));
#1546 = CARTESIAN_POINT('',(-65.95,-33.85647552145));
#1547 = CARTESIAN_POINT('',(-62.275,-35.97823776072));
#1548 = CARTESIAN_POINT('',(-58.6,-38.1));
#1549 = CARTESIAN_POINT('',(-62.275,-40.22176223927));
#1550 = CARTESIAN_POINT('',(-65.95,-42.34352447854));
#1551 = CARTESIAN_POINT('',(-65.95,-38.1));
#1552 = ( GEOMETRIC_REPRESENTATION_CONTEXT(2) 
PARAMETRIC_REPRESENTATION_CONTEXT() REPRESENTATION_CONTEXT('2D SPACE',''
  ) );
#1553 = PCURVE('',#1554,#1559);
#1554 = CYLINDRICAL_SURFACE('',#1555,2.45);
#1555 = AXIS2_PLACEMENT_3D('',#1556,#1557,#1558);
#1556 = CARTESIAN_POINT('',(-63.5,-38.1,6.));
#1557 = DIRECTION('',(0.,0.,-1.));
#1558 = DIRECTION('',(-1.,0.,0.));
#1559 = DEFINITIONAL_REPRESENTATION('',(#1560),#1564);
#1560 = LINE('',#1561,#1562);
#1561 = CARTESIAN_POINT('',(0.,6.));
#1562 = VECTOR('',#1563,1.);
#1563 = DIRECTION('',(1.,0.));
#1564 = ( GEOMETRIC_REPRESENTATION_CONTEXT(2) 
PARAMETRIC_REPRESENTATION_CONTEXT() REPRESENTATION_CONTEXT('2D SPACE',''
  ) );
#1565 = FACE_BOUND('',#1566,.F.);
#1566 = EDGE_LOOP('',(#1567));
#1567 = ORIENTED_EDGE('',*,*,#1568,.T.);
#1568 = EDGE_CURVE('',#1569,#1569,#1571,.T.);
#1569 = VERTEX_POINT('',#1570);
#1570 = CARTESIAN_POINT('',(-91.35,-25.4,0.));
#1571 = SURFACE_CURVE('',#1572,(#1577,#1588),.PCURVE_S1.);
#1572 = CIRCLE('',#1573,2.45);
#1573 = AXIS2_PLACEMENT_3D('',#1574,#1575,#1576);
#1574 = CARTESIAN_POINT('',(-88.9,-25.4,0.));
#1575 = DIRECTION('',(0.,0.,-1.));
#1576 = DIRECTION('',(-1.,0.,0.));
#1577 = PCURVE('',#44,#1578);
#1578 = DEFINITIONAL_REPRESENTATION('',(#1579),#1587);
#1579 = ( BOUNDED_CURVE() B_SPLINE_CURVE(2,(#1580,#1581,#1582,#1583,
#1584,#1585,#1586),.UNSPECIFIED.,.T.,.F.) B_SPLINE_CURVE_WITH_KNOTS((1,2
    ,2,2,2,1),(-2.094395102393,0.,2.094395102393,4.188790204786,
6.28318530718,8.377580409573),.UNSPECIFIED.) CURVE() 
GEOMETRIC_REPRESENTATION_ITEM() RATIONAL_B_SPLINE_CURVE((1.,0.5,1.,0.5,
1.,0.5,1.)) REPRESENTATION_ITEM('') );
#1580 = CARTESIAN_POINT('',(-91.35,-25.4));
#1581 = CARTESIAN_POINT('',(-91.35,-21.15647552145));
#1582 = CARTESIAN_POINT('',(-87.675,-23.27823776072));
#1583 = CARTESIAN_POINT('',(-84.,-25.4));
#1584 = CARTESIAN_POINT('',(-87.675,-27.52176223927));
#1585 = CARTESIAN_POINT('',(-91.35,-29.64352447854));
#1586 = CARTESIAN_POINT('',(-91.35,-25.4));
#1587 = ( GEOMETRIC_REPRESENTATION_CONTEXT(2) 
PARAMETRIC_REPRESENTATION_CONTEXT() REPRESENTATION_CONTEXT('2D SPACE',''
  ) );
#1588 = PCURVE('',#1589,#1594);
#1589 = CYLINDRICAL_SURFACE('',#1590,2.45);
#1590 = AXIS2_PLACEMENT_3D('',#1591,#1592,#1593);
#1591 = CARTESIAN_POINT('',(-88.9,-25.4,6.));
#1592 = DIRECTION('',(0.,0.,-1.));
#1593 = DIRECTION('',(-1.,0.,0.));
#1594 = DEFINITIONAL_REPRESENTATION('',(#1595),#1599);
#1595 = LINE('',#1596,#1597);
#1596 = CARTESIAN_POINT('',(0.,6.));
#1597 = VECTOR('',#1598,1.);
#1598 = DIRECTION('',(1.,0.));
#1599 = ( GEOMETRIC_REPRESENTATION_CONTEXT(2) 
PARAMETRIC_REPRESENTATION_CONTEXT() REPRESENTATION_CONTEXT('2D SPACE',''
  ) );
#1600 = FACE_BOUND('',#1601,.F.);
#1601 = EDGE_LOOP('',(#1602));
#1602 = ORIENTED_EDGE('',*,*,#1603,.T.);
#1603 = EDGE_CURVE('',#1604,#1604,#1606,.T.);
#1604 = VERTEX_POINT('',#1605);
#1605 = CARTESIAN_POINT('',(-78.65,-25.4,0.));
#1606 = SURFACE_CURVE('',#1607,(#1612,#1623),.PCURVE_S1.);
#1607 = CIRCLE('',#1608,2.45);
#1608 = AXIS2_PLACEMENT_3D('',#1609,#1610,#1611);
#1609 = CARTESIAN_POINT('',(-76.2,-25.4,0.));
#1610 = DIRECTION('',(0.,0.,-1.));
#1611 = DIRECTION('',(-1.,0.,0.));
#1612 = PCURVE('',#44,#1613);
#1613 = DEFINITIONAL_REPRESENTATION('',(#1614),#1622);
#1614 = ( BOUNDED_CURVE() B_SPLINE_CURVE(2,(#1615,#1616,#1617,#1618,
#1619,#1620,#1621),.UNSPECIFIED.,.T.,.F.) B_SPLINE_CURVE_WITH_KNOTS((1,2
    ,2,2,2,1),(-2.094395102393,0.,2.094395102393,4.188790204786,
6.28318530718,8.377580409573),.UNSPECIFIED.) CURVE() 
GEOMETRIC_REPRESENTATION_ITEM() RATIONAL_B_SPLINE_CURVE((1.,0.5,1.,0.5,
1.,0.5,1.)) REPRESENTATION_ITEM('') );
#1615 = CARTESIAN_POINT('',(-78.65,-25.4));
#1616 = CARTESIAN_POINT('',(-78.65,-21.15647552145));
#1617 = CARTESIAN_POINT('',(-74.975,-23.27823776072));
#1618 = CARTESIAN_POINT('',(-71.3,-25.4));
#1619 = CARTESIAN_POINT('',(-74.975,-27.52176223927));
#1620 = CARTESIAN_POINT('',(-78.65,-29.64352447854));
#1621 = CARTESIAN_POINT('',(-78.65,-25.4));
#1622 = ( GEOMETRIC_REPRESENTATION_CONTEXT(2) 
PARAMETRIC_REPRESENTATION_CONTEXT() REPRESENTATION_CONTEXT('2D SPACE',''
  ) );
#1623 = PCURVE('',#1624,#1629);
#1624 = CYLINDRICAL_SURFACE('',#1625,2.45);
#1625 = AXIS2_PLACEMENT_3D('',#1626,#1627,#1628);
#1626 = CARTESIAN_POINT('',(-76.2,-25.4,6.));
#1627 = DIRECTION('',(0.,0.,-1.));
#1628 = DIRECTION('',(-1.,0.,0.));
#1629 = DEFINITIONAL_REPRESENTATION('',(#1630),#1634);
#1630 = LINE('',#1631,#1632);
#1631 = CARTESIAN_POINT('',(0.,6.));
#1632 = VECTOR('',#1633,1.);
#1633 = DIRECTION('',(1.,0.));
#1634 = ( GEOMETRIC_REPRESENTATION_CONTEXT(2) 
PARAMETRIC_REPRESENTATION_CONTEXT() REPRESENTATION_CONTEXT('2D SPACE',''
  ) );
#1635 = FACE_BOUND('',#1636,.F.);
#1636 = EDGE_LOOP('',(#1637));
#1637 = ORIENTED_EDGE('',*,*,#1638,.T.);
#1638 = EDGE_CURVE('',#1639,#1639,#1641,.T.);
#1639 = VERTEX_POINT('',#1640);
#1640 = CARTESIAN_POINT('',(-91.35,-12.7,0.));
#1641 = SURFACE_CURVE('',#1642,(#1647,#1658),.PCURVE_S1.);
#1642 = CIRCLE('',#1643,2.45);
#1643 = AXIS2_PLACEMENT_3D('',#1644,#1645,#1646);
#1644 = CARTESIAN_POINT('',(-88.9,-12.7,0.));
#1645 = DIRECTION('',(0.,0.,-1.));
#1646 = DIRECTION('',(-1.,0.,0.));
#1647 = PCURVE('',#44,#1648);
#1648 = DEFINITIONAL_REPRESENTATION('',(#1649),#1657);
#1649 = ( BOUNDED_CURVE() B_SPLINE_CURVE(2,(#1650,#1651,#1652,#1653,
#1654,#1655,#1656),.UNSPECIFIED.,.T.,.F.) B_SPLINE_CURVE_WITH_KNOTS((1,2
    ,2,2,2,1),(-2.094395102393,0.,2.094395102393,4.188790204786,
6.28318530718,8.377580409573),.UNSPECIFIED.) CURVE() 
GEOMETRIC_REPRESENTATION_ITEM() RATIONAL_B_SPLINE_CURVE((1.,0.5,1.,0.5,
1.,0.5,1.)) REPRESENTATION_ITEM('') );
#1650 = CARTESIAN_POINT('',(-91.35,-12.7));
#1651 = CARTESIAN_POINT('',(-91.35,-8.456475521456));
#1652 = CARTESIAN_POINT('',(-87.675,-10.57823776072));
#1653 = CARTESIAN_POINT('',(-84.,-12.7));
#1654 = CARTESIAN_POINT('',(-87.675,-14.82176223927));
#1655 = CARTESIAN_POINT('',(-91.35,-16.94352447854));
#1656 = CARTESIAN_POINT('',(-91.35,-12.7));
#1657 = ( GEOMETRIC_REPRESENTATION_CONTEXT(2) 
PARAMETRIC_REPRESENTATION_CONTEXT() REPRESENTATION_CONTEXT('2D SPACE',''
  ) );
#1658 = PCURVE('',#1659,#1664);
#1659 = CYLINDRICAL_SURFACE('',#1660,2.45);
#1660 = AXIS2_PLACEMENT_3D('',#1661,#1662,#1663);
#1661 = CARTESIAN_POINT('',(-88.9,-12.7,6.));
#1662 = DIRECTION('',(0.,0.,-1.));
#1663 = DIRECTION('',(-1.,0.,0.));
#1664 = DEFINITIONAL_REPRESENTATION('',(#1665),#1669);
#1665 = LINE('',#1666,#1667);
#1666 = CARTESIAN_POINT('',(0.,6.));
#1667 = VECTOR('',#1668,1.);
#1668 = DIRECTION('',(1.,0.));
#1669 = ( GEOMETRIC_REPRESENTATION_CONTEXT(2) 
PARAMETRIC_REPRESENTATION_CONTEXT() REPRESENTATION_CONTEXT('2D SPACE',''
  ) );
#1670 = FACE_BOUND('',#1671,.F.);
#1671 = EDGE_LOOP('',(#1672));
#1672 = ORIENTED_EDGE('',*,*,#1673,.T.);
#1673 = EDGE_CURVE('',#1674,#1674,#1676,.T.);
#1674 = VERTEX_POINT('',#1675);
#1675 = CARTESIAN_POINT('',(-78.65,-12.7,0.));
#1676 = SURFACE_CURVE('',#1677,(#1682,#1693),.PCURVE_S1.);
#1677 = CIRCLE('',#1678,2.45);
#1678 = AXIS2_PLACEMENT_3D('',#1679,#1680,#1681);
#1679 = CARTESIAN_POINT('',(-76.2,-12.7,0.));
#1680 = DIRECTION('',(0.,0.,-1.));
#1681 = DIRECTION('',(-1.,0.,0.));
#1682 = PCURVE('',#44,#1683);
#1683 = DEFINITIONAL_REPRESENTATION('',(#1684),#1692);
#1684 = ( BOUNDED_CURVE() B_SPLINE_CURVE(2,(#1685,#1686,#1687,#1688,
#1689,#1690,#1691),.UNSPECIFIED.,.T.,.F.) B_SPLINE_CURVE_WITH_KNOTS((1,2
    ,2,2,2,1),(-2.094395102393,0.,2.094395102393,4.188790204786,
6.28318530718,8.377580409573),.UNSPECIFIED.) CURVE() 
GEOMETRIC_REPRESENTATION_ITEM() RATIONAL_B_SPLINE_CURVE((1.,0.5,1.,0.5,
1.,0.5,1.)) REPRESENTATION_ITEM('') );
#1685 = CARTESIAN_POINT('',(-78.65,-12.7));
#1686 = CARTESIAN_POINT('',(-78.65,-8.456475521456));
#1687 = CARTESIAN_POINT('',(-74.975,-10.57823776072));
#1688 = CARTESIAN_POINT('',(-71.3,-12.7));
#1689 = CARTESIAN_POINT('',(-74.975,-14.82176223927));
#1690 = CARTESIAN_POINT('',(-78.65,-16.94352447854));
#1691 = CARTESIAN_POINT('',(-78.65,-12.7));
#1692 = ( GEOMETRIC_REPRESENTATION_CONTEXT(2) 
PARAMETRIC_REPRESENTATION_CONTEXT() REPRESENTATION_CONTEXT('2D SPACE',''
  ) );
#1693 = PCURVE('',#1694,#1699);
#1694 = CYLINDRICAL_SURFACE('',#1695,2.45);
#1695 = AXIS2_PLACEMENT_3D('',#1696,#1697,#1698);
#1696 = CARTESIAN_POINT('',(-76.2,-12.7,6.));
#1697 = DIRECTION('',(0.,0.,-1.));
#1698 = DIRECTION('',(-1.,0.,0.));
#1699 = DEFINITIONAL_REPRESENTATION('',(#1700),#1704);
#1700 = LINE('',#1701,#1702);
#1701 = CARTESIAN_POINT('',(0.,6.));
#1702 = VECTOR('',#1703,1.);
#1703 = DIRECTION('',(1.,0.));
#1704 = ( GEOMETRIC_REPRESENTATION_CONTEXT(2) 
PARAMETRIC_REPRESENTATION_CONTEXT() REPRESENTATION_CONTEXT('2D SPACE',''
  ) );
#1705 = FACE_BOUND('',#1706,.F.);
#1706 = EDGE_LOOP('',(#1707));
#1707 = ORIENTED_EDGE('',*,*,#1708,.T.);
#1708 = EDGE_CURVE('',#1709,#1709,#1711,.T.);
#1709 = VERTEX_POINT('',#1710);
#1710 = CARTESIAN_POINT('',(-65.95,-25.4,0.));
#1711 = SURFACE_CURVE('',#1712,(#1717,#1728),.PCURVE_S1.);
#1712 = CIRCLE('',#1713,2.45);
#1713 = AXIS2_PLACEMENT_3D('',#1714,#1715,#1716);
#1714 = CARTESIAN_POINT('',(-63.5,-25.4,0.));
#1715 = DIRECTION('',(0.,0.,-1.));
#1716 = DIRECTION('',(-1.,0.,0.));
#1717 = PCURVE('',#44,#1718);
#1718 = DEFINITIONAL_REPRESENTATION('',(#1719),#1727);
#1719 = ( BOUNDED_CURVE() B_SPLINE_CURVE(2,(#1720,#1721,#1722,#1723,
#1724,#1725,#1726),.UNSPECIFIED.,.T.,.F.) B_SPLINE_CURVE_WITH_KNOTS((1,2
    ,2,2,2,1),(-2.094395102393,0.,2.094395102393,4.188790204786,
6.28318530718,8.377580409573),.UNSPECIFIED.) CURVE() 
GEOMETRIC_REPRESENTATION_ITEM() RATIONAL_B_SPLINE_CURVE((1.,0.5,1.,0.5,
1.,0.5,1.)) REPRESENTATION_ITEM('') );
#1720 = CARTESIAN_POINT('',(-65.95,-25.4));
#1721 = CARTESIAN_POINT('',(-65.95,-21.15647552145));
#1722 = CARTESIAN_POINT('',(-62.275,-23.27823776072));
#1723 = CARTESIAN_POINT('',(-58.6,-25.4));
#1724 = CARTESIAN_POINT('',(-62.275,-27.52176223927));
#1725 = CARTESIAN_POINT('',(-65.95,-29.64352447854));
#1726 = CARTESIAN_POINT('',(-65.95,-25.4));
#1727 = ( GEOMETRIC_REPRESENTATION_CONTEXT(2) 
PARAMETRIC_REPRESENTATION_CONTEXT() REPRESENTATION_CONTEXT('2D SPACE',''
  ) );
#1728 = PCURVE('',#1729,#1734);
#1729 = CYLINDRICAL_SURFACE('',#1730,2.45);
#1730 = AXIS2_PLACEMENT_3D('',#1731,#1732,#1733);
#1731 = CARTESIAN_POINT('',(-63.5,-25.4,6.));
#1732 = DIRECTION('',(0.,0.,-1.));
#1733 = DIRECTION('',(-1.,0.,0.));
#1734 = DEFINITIONAL_REPRESENTATION('',(#1735),#1739);
#1735 = LINE('',#1736,#1737);
#1736 = CARTESIAN_POINT('',(0.,6.));
#1737 = VECTOR('',#1738,1.);
#1738 = DIRECTION('',(1.,0.));
#1739 = ( GEOMETRIC_REPRESENTATION_CONTEXT(2) 
PARAMETRIC_REPRESENTATION_CONTEXT() REPRESENTATION_CONTEXT('2D SPACE',''
  ) );
#1740 = FACE_BOUND('',#1741,.F.);
#1741 = EDGE_LOOP('',(#1742));
#1742 = ORIENTED_EDGE('',*,*,#1743,.T.);
#1743 = EDGE_CURVE('',#1744,#1744,#1746,.T.);
#1744 = VERTEX_POINT('',#1745);
#1745 = CARTESIAN_POINT('',(-65.95,-12.7,0.));
#1746 = SURFACE_CURVE('',#1747,(#1752,#1763),.PCURVE_S1.);
#1747 = CIRCLE('',#1748,2.45);
#1748 = AXIS2_PLACEMENT_3D('',#1749,#1750,#1751);
#1749 = CARTESIAN_POINT('',(-63.5,-12.7,0.));
#1750 = DIRECTION('',(0.,0.,-1.));
#1751 = DIRECTION('',(-1.,0.,0.));
#1752 = PCURVE('',#44,#1753);
#1753 = DEFINITIONAL_REPRESENTATION('',(#1754),#1762);
#1754 = ( BOUNDED_CURVE() B_SPLINE_CURVE(2,(#1755,#1756,#1757,#1758,
#1759,#1760,#1761),.UNSPECIFIED.,.T.,.F.) B_SPLINE_CURVE_WITH_KNOTS((1,2
    ,2,2,2,1),(-2.094395102393,0.,2.094395102393,4.188790204786,
6.28318530718,8.377580409573),.UNSPECIFIED.) CURVE() 
GEOMETRIC_REPRESENTATION_ITEM() RATIONAL_B_SPLINE_CURVE((1.,0.5,1.,0.5,
1.,0.5,1.)) REPRESENTATION_ITEM('') );
#1755 = CARTESIAN_POINT('',(-65.95,-12.7));
#1756 = CARTESIAN_POINT('',(-65.95,-8.456475521456));
#1757 = CARTESIAN_POINT('',(-62.275,-10.57823776072));
#1758 = CARTESIAN_POINT('',(-58.6,-12.7));
#1759 = CARTESIAN_POINT('',(-62.275,-14.82176223927));
#1760 = CARTESIAN_POINT('',(-65.95,-16.94352447854));
#1761 = CARTESIAN_POINT('',(-65.95,-12.7));
#1762 = ( GEOMETRIC_REPRESENTATION_CONTEXT(2) 
PARAMETRIC_REPRESENTATION_CONTEXT() REPRESENTATION_CONTEXT('2D SPACE',''
  ) );
#1763 = PCURVE('',#1764,#1769);
#1764 = CYLINDRICAL_SURFACE('',#1765,2.45);
#1765 = AXIS2_PLACEMENT_3D('',#1766,#1767,#1768);
#1766 = CARTESIAN_POINT('',(-63.5,-12.7,6.));
#1767 = DIRECTION('',(0.,0.,-1.));
#1768 = DIRECTION('',(-1.,0.,0.));
#1769 = DEFINITIONAL_REPRESENTATION('',(#1770),#1774);
#1770 = LINE('',#1771,#1772);
#1771 = CARTESIAN_POINT('',(0.,6.));
#1772 = VECTOR('',#1773,1.);
#1773 = DIRECTION('',(1.,0.));
#1774 = ( GEOMETRIC_REPRESENTATION_CONTEXT(2) 
PARAMETRIC_REPRESENTATION_CONTEXT() REPRESENTATION_CONTEXT('2D SPACE',''
  ) );
#1775 = FACE_BOUND('',#1776,.F.);
#1776 = EDGE_LOOP('',(#1777));
#1777 = ORIENTED_EDGE('',*,*,#1778,.T.);
#1778 = EDGE_CURVE('',#1779,#1779,#1781,.T.);
#1779 = VERTEX_POINT('',#1780);
#1780 = CARTESIAN_POINT('',(-2.45,-127.,0.));
#1781 = SURFACE_CURVE('',#1782,(#1787,#1798),.PCURVE_S1.);
#1782 = CIRCLE('',#1783,2.45);
#1783 = AXIS2_PLACEMENT_3D('',#1784,#1785,#1786);
#1784 = CARTESIAN_POINT('',(0.,-127.,0.));
#1785 = DIRECTION('',(0.,0.,-1.));
#1786 = DIRECTION('',(-1.,0.,0.));
#1787 = PCURVE('',#44,#1788);
#1788 = DEFINITIONAL_REPRESENTATION('',(#1789),#1797);
#1789 = ( BOUNDED_CURVE() B_SPLINE_CURVE(2,(#1790,#1791,#1792,#1793,
#1794,#1795,#1796),.UNSPECIFIED.,.T.,.F.) B_SPLINE_CURVE_WITH_KNOTS((1,2
    ,2,2,2,1),(-2.094395102393,0.,2.094395102393,4.188790204786,
6.28318530718,8.377580409573),.UNSPECIFIED.) CURVE() 
GEOMETRIC_REPRESENTATION_ITEM() RATIONAL_B_SPLINE_CURVE((1.,0.5,1.,0.5,
1.,0.5,1.)) REPRESENTATION_ITEM('') );
#1790 = CARTESIAN_POINT('',(-2.45,-127.));
#1791 = CARTESIAN_POINT('',(-2.45,-122.7564755214));
#1792 = CARTESIAN_POINT('',(1.225,-124.8782377607));
#1793 = CARTESIAN_POINT('',(4.9,-127.));
#1794 = CARTESIAN_POINT('',(1.225,-129.1217622392));
#1795 = CARTESIAN_POINT('',(-2.45,-131.2435244785));
#1796 = CARTESIAN_POINT('',(-2.45,-127.));
#1797 = ( GEOMETRIC_REPRESENTATION_CONTEXT(2) 
PARAMETRIC_REPRESENTATION_CONTEXT() REPRESENTATION_CONTEXT('2D SPACE',''
  ) );
#1798 = PCURVE('',#1799,#1804);
#1799 = CYLINDRICAL_SURFACE('',#1800,2.45);
#1800 = AXIS2_PLACEMENT_3D('',#1801,#1802,#1803);
#1801 = CARTESIAN_POINT('',(0.,-127.,6.));
#1802 = DIRECTION('',(0.,0.,-1.));
#1803 = DIRECTION('',(-1.,0.,0.));
#1804 = DEFINITIONAL_REPRESENTATION('',(#1805),#1809);
#1805 = LINE('',#1806,#1807);
#1806 = CARTESIAN_POINT('',(0.,6.));
#1807 = VECTOR('',#1808,1.);
#1808 = DIRECTION('',(1.,0.));
#1809 = ( GEOMETRIC_REPRESENTATION_CONTEXT(2) 
PARAMETRIC_REPRESENTATION_CONTEXT() REPRESENTATION_CONTEXT('2D SPACE',''
  ) );
#1810 = FACE_BOUND('',#1811,.F.);
#1811 = EDGE_LOOP('',(#1812));
#1812 = ORIENTED_EDGE('',*,*,#1813,.T.);
#1813 = EDGE_CURVE('',#1814,#1814,#1816,.T.);
#1814 = VERTEX_POINT('',#1815);
#1815 = CARTESIAN_POINT('',(-2.45,-114.3,0.));
#1816 = SURFACE_CURVE('',#1817,(#1822,#1833),.PCURVE_S1.);
#1817 = CIRCLE('',#1818,2.45);
#1818 = AXIS2_PLACEMENT_3D('',#1819,#1820,#1821);
#1819 = CARTESIAN_POINT('',(0.,-114.3,0.));
#1820 = DIRECTION('',(0.,0.,-1.));
#1821 = DIRECTION('',(-1.,0.,0.));
#1822 = PCURVE('',#44,#1823);
#1823 = DEFINITIONAL_REPRESENTATION('',(#1824),#1832);
#1824 = ( BOUNDED_CURVE() B_SPLINE_CURVE(2,(#1825,#1826,#1827,#1828,
#1829,#1830,#1831),.UNSPECIFIED.,.T.,.F.) B_SPLINE_CURVE_WITH_KNOTS((1,2
    ,2,2,2,1),(-2.094395102393,0.,2.094395102393,4.188790204786,
6.28318530718,8.377580409573),.UNSPECIFIED.) CURVE() 
GEOMETRIC_REPRESENTATION_ITEM() RATIONAL_B_SPLINE_CURVE((1.,0.5,1.,0.5,
1.,0.5,1.)) REPRESENTATION_ITEM('') );
#1825 = CARTESIAN_POINT('',(-2.45,-114.3));
#1826 = CARTESIAN_POINT('',(-2.45,-110.0564755214));
#1827 = CARTESIAN_POINT('',(1.225,-112.1782377607));
#1828 = CARTESIAN_POINT('',(4.9,-114.3));
#1829 = CARTESIAN_POINT('',(1.225,-116.4217622392));
#1830 = CARTESIAN_POINT('',(-2.45,-118.5435244785));
#1831 = CARTESIAN_POINT('',(-2.45,-114.3));
#1832 = ( GEOMETRIC_REPRESENTATION_CONTEXT(2) 
PARAMETRIC_REPRESENTATION_CONTEXT() REPRESENTATION_CONTEXT('2D SPACE',''
  ) );
#1833 = PCURVE('',#1834,#1839);
#1834 = CYLINDRICAL_SURFACE('',#1835,2.45);
#1835 = AXIS2_PLACEMENT_3D('',#1836,#1837,#1838);
#1836 = CARTESIAN_POINT('',(0.,-114.3,6.));
#1837 = DIRECTION('',(0.,0.,-1.));
#1838 = DIRECTION('',(-1.,0.,0.));
#1839 = DEFINITIONAL_REPRESENTATION('',(#1840),#1844);
#1840 = LINE('',#1841,#1842);
#1841 = CARTESIAN_POINT('',(0.,6.));
#1842 = VECTOR('',#1843,1.);
#1843 = DIRECTION('',(1.,0.));
#1844 = ( GEOMETRIC_REPRESENTATION_CONTEXT(2) 
PARAMETRIC_REPRESENTATION_CONTEXT() REPRESENTATION_CONTEXT('2D SPACE',''
  ) );
#1845 = FACE_BOUND('',#1846,.F.);
#1846 = EDGE_LOOP('',(#1847));
#1847 = ORIENTED_EDGE('',*,*,#1848,.T.);
#1848 = EDGE_CURVE('',#1849,#1849,#1851,.T.);
#1849 = VERTEX_POINT('',#1850);
#1850 = CARTESIAN_POINT('',(10.25,-127.,0.));
#1851 = SURFACE_CURVE('',#1852,(#1857,#1868),.PCURVE_S1.);
#1852 = CIRCLE('',#1853,2.45);
#1853 = AXIS2_PLACEMENT_3D('',#1854,#1855,#1856);
#1854 = CARTESIAN_POINT('',(12.7,-127.,0.));
#1855 = DIRECTION('',(0.,0.,-1.));
#1856 = DIRECTION('',(-1.,0.,0.));
#1857 = PCURVE('',#44,#1858);
#1858 = DEFINITIONAL_REPRESENTATION('',(#1859),#1867);
#1859 = ( BOUNDED_CURVE() B_SPLINE_CURVE(2,(#1860,#1861,#1862,#1863,
#1864,#1865,#1866),.UNSPECIFIED.,.T.,.F.) B_SPLINE_CURVE_WITH_KNOTS((1,2
    ,2,2,2,1),(-2.094395102393,0.,2.094395102393,4.188790204786,
6.28318530718,8.377580409573),.UNSPECIFIED.) CURVE() 
GEOMETRIC_REPRESENTATION_ITEM() RATIONAL_B_SPLINE_CURVE((1.,0.5,1.,0.5,
1.,0.5,1.)) REPRESENTATION_ITEM('') );
#1860 = CARTESIAN_POINT('',(10.25,-127.));
#1861 = CARTESIAN_POINT('',(10.25,-122.7564755214));
#1862 = CARTESIAN_POINT('',(13.925,-124.8782377607));
#1863 = CARTESIAN_POINT('',(17.6,-127.));
#1864 = CARTESIAN_POINT('',(13.925,-129.1217622392));
#1865 = CARTESIAN_POINT('',(10.25,-131.2435244785));
#1866 = CARTESIAN_POINT('',(10.25,-127.));
#1867 = ( GEOMETRIC_REPRESENTATION_CONTEXT(2) 
PARAMETRIC_REPRESENTATION_CONTEXT() REPRESENTATION_CONTEXT('2D SPACE',''
  ) );
#1868 = PCURVE('',#1869,#1874);
#1869 = CYLINDRICAL_SURFACE('',#1870,2.45);
#1870 = AXIS2_PLACEMENT_3D('',#1871,#1872,#1873);
#1871 = CARTESIAN_POINT('',(12.7,-127.,6.));
#1872 = DIRECTION('',(0.,0.,-1.));
#1873 = DIRECTION('',(-1.,0.,0.));
#1874 = DEFINITIONAL_REPRESENTATION('',(#1875),#1879);
#1875 = LINE('',#1876,#1877);
#1876 = CARTESIAN_POINT('',(0.,6.));
#1877 = VECTOR('',#1878,1.);
#1878 = DIRECTION('',(1.,0.));
#1879 = ( GEOMETRIC_REPRESENTATION_CONTEXT(2) 
PARAMETRIC_REPRESENTATION_CONTEXT() REPRESENTATION_CONTEXT('2D SPACE',''
  ) );
#1880 = FACE_BOUND('',#1881,.F.);
#1881 = EDGE_LOOP('',(#1882));
#1882 = ORIENTED_EDGE('',*,*,#1883,.T.);
#1883 = EDGE_CURVE('',#1884,#1884,#1886,.T.);
#1884 = VERTEX_POINT('',#1885);
#1885 = CARTESIAN_POINT('',(10.25,-114.3,0.));
#1886 = SURFACE_CURVE('',#1887,(#1892,#1903),.PCURVE_S1.);
#1887 = CIRCLE('',#1888,2.45);
#1888 = AXIS2_PLACEMENT_3D('',#1889,#1890,#1891);
#1889 = CARTESIAN_POINT('',(12.7,-114.3,0.));
#1890 = DIRECTION('',(0.,0.,-1.));
#1891 = DIRECTION('',(-1.,0.,0.));
#1892 = PCURVE('',#44,#1893);
#1893 = DEFINITIONAL_REPRESENTATION('',(#1894),#1902);
#1894 = ( BOUNDED_CURVE() B_SPLINE_CURVE(2,(#1895,#1896,#1897,#1898,
#1899,#1900,#1901),.UNSPECIFIED.,.T.,.F.) B_SPLINE_CURVE_WITH_KNOTS((1,2
    ,2,2,2,1),(-2.094395102393,0.,2.094395102393,4.188790204786,
6.28318530718,8.377580409573),.UNSPECIFIED.) CURVE() 
GEOMETRIC_REPRESENTATION_ITEM() RATIONAL_B_SPLINE_CURVE((1.,0.5,1.,0.5,
1.,0.5,1.)) REPRESENTATION_ITEM('') );
#1895 = CARTESIAN_POINT('',(10.25,-114.3));
#1896 = CARTESIAN_POINT('',(10.25,-110.0564755214));
#1897 = CARTESIAN_POINT('',(13.925,-112.1782377607));
#1898 = CARTESIAN_POINT('',(17.6,-114.3));
#1899 = CARTESIAN_POINT('',(13.925,-116.4217622392));
#1900 = CARTESIAN_POINT('',(10.25,-118.5435244785));
#1901 = CARTESIAN_POINT('',(10.25,-114.3));
#1902 = ( GEOMETRIC_REPRESENTATION_CONTEXT(2) 
PARAMETRIC_REPRESENTATION_CONTEXT() REPRESENTATION_CONTEXT('2D SPACE',''
  ) );
#1903 = PCURVE('',#1904,#1909);
#1904 = CYLINDRICAL_SURFACE('',#1905,2.45);
#1905 = AXIS2_PLACEMENT_3D('',#1906,#1907,#1908);
#1906 = CARTESIAN_POINT('',(12.7,-114.3,6.));
#1907 = DIRECTION('',(0.,0.,-1.));
#1908 = DIRECTION('',(-1.,0.,0.));
#1909 = DEFINITIONAL_REPRESENTATION('',(#1910),#1914);
#1910 = LINE('',#1911,#1912);
#1911 = CARTESIAN_POINT('',(0.,6.));
#1912 = VECTOR('',#1913,1.);
#1913 = DIRECTION('',(1.,0.));
#1914 = ( GEOMETRIC_REPRESENTATION_CONTEXT(2) 
PARAMETRIC_REPRESENTATION_CONTEXT() REPRESENTATION_CONTEXT('2D SPACE',''
  ) );
#1915 = FACE_BOUND('',#1916,.F.);
#1916 = EDGE_LOOP('',(#1917));
#1917 = ORIENTED_EDGE('',*,*,#1918,.T.);
#1918 = EDGE_CURVE('',#1919,#1919,#1921,.T.);
#1919 = VERTEX_POINT('',#1920);
#1920 = CARTESIAN_POINT('',(-2.45,-101.6,0.));
#1921 = SURFACE_CURVE('',#1922,(#1927,#1938),.PCURVE_S1.);
#1922 = CIRCLE('',#1923,2.45);
#1923 = AXIS2_PLACEMENT_3D('',#1924,#1925,#1926);
#1924 = CARTESIAN_POINT('',(0.,-101.6,0.));
#1925 = DIRECTION('',(0.,0.,-1.));
#1926 = DIRECTION('',(-1.,0.,0.));
#1927 = PCURVE('',#44,#1928);
#1928 = DEFINITIONAL_REPRESENTATION('',(#1929),#1937);
#1929 = ( BOUNDED_CURVE() B_SPLINE_CURVE(2,(#1930,#1931,#1932,#1933,
#1934,#1935,#1936),.UNSPECIFIED.,.T.,.F.) B_SPLINE_CURVE_WITH_KNOTS((1,2
    ,2,2,2,1),(-2.094395102393,0.,2.094395102393,4.188790204786,
6.28318530718,8.377580409573),.UNSPECIFIED.) CURVE() 
GEOMETRIC_REPRESENTATION_ITEM() RATIONAL_B_SPLINE_CURVE((1.,0.5,1.,0.5,
1.,0.5,1.)) REPRESENTATION_ITEM('') );
#1930 = CARTESIAN_POINT('',(-2.45,-101.6));
#1931 = CARTESIAN_POINT('',(-2.45,-97.35647552145));
#1932 = CARTESIAN_POINT('',(1.225,-99.47823776072));
#1933 = CARTESIAN_POINT('',(4.9,-101.6));
#1934 = CARTESIAN_POINT('',(1.225,-103.7217622392));
#1935 = CARTESIAN_POINT('',(-2.45,-105.8435244785));
#1936 = CARTESIAN_POINT('',(-2.45,-101.6));
#1937 = ( GEOMETRIC_REPRESENTATION_CONTEXT(2) 
PARAMETRIC_REPRESENTATION_CONTEXT() REPRESENTATION_CONTEXT('2D SPACE',''
  ) );
#1938 = PCURVE('',#1939,#1944);
#1939 = CYLINDRICAL_SURFACE('',#1940,2.45);
#1940 = AXIS2_PLACEMENT_3D('',#1941,#1942,#1943);
#1941 = CARTESIAN_POINT('',(0.,-101.6,6.));
#1942 = DIRECTION('',(0.,0.,-1.));
#1943 = DIRECTION('',(-1.,0.,0.));
#1944 = DEFINITIONAL_REPRESENTATION('',(#1945),#1949);
#1945 = LINE('',#1946,#1947);
#1946 = CARTESIAN_POINT('',(0.,6.));
#1947 = VECTOR('',#1948,1.);
#1948 = DIRECTION('',(1.,0.));
#1949 = ( GEOMETRIC_REPRESENTATION_CONTEXT(2) 
PARAMETRIC_REPRESENTATION_CONTEXT() REPRESENTATION_CONTEXT('2D SPACE',''
  ) );
#1950 = FACE_BOUND('',#1951,.F.);
#1951 = EDGE_LOOP('',(#1952));
#1952 = ORIENTED_EDGE('',*,*,#1953,.T.);
#1953 = EDGE_CURVE('',#1954,#1954,#1956,.T.);
#1954 = VERTEX_POINT('',#1955);
#1955 = CARTESIAN_POINT('',(10.25,-101.6,0.));
#1956 = SURFACE_CURVE('',#1957,(#1962,#1973),.PCURVE_S1.);
#1957 = CIRCLE('',#1958,2.45);
#1958 = AXIS2_PLACEMENT_3D('',#1959,#1960,#1961);
#1959 = CARTESIAN_POINT('',(12.7,-101.6,0.));
#1960 = DIRECTION('',(0.,0.,-1.));
#1961 = DIRECTION('',(-1.,0.,0.));
#1962 = PCURVE('',#44,#1963);
#1963 = DEFINITIONAL_REPRESENTATION('',(#1964),#1972);
#1964 = ( BOUNDED_CURVE() B_SPLINE_CURVE(2,(#1965,#1966,#1967,#1968,
#1969,#1970,#1971),.UNSPECIFIED.,.T.,.F.) B_SPLINE_CURVE_WITH_KNOTS((1,2
    ,2,2,2,1),(-2.094395102393,0.,2.094395102393,4.188790204786,
6.28318530718,8.377580409573),.UNSPECIFIED.) CURVE() 
GEOMETRIC_REPRESENTATION_ITEM() RATIONAL_B_SPLINE_CURVE((1.,0.5,1.,0.5,
1.,0.5,1.)) REPRESENTATION_ITEM('') );
#1965 = CARTESIAN_POINT('',(10.25,-101.6));
#1966 = CARTESIAN_POINT('',(10.25,-97.35647552145));
#1967 = CARTESIAN_POINT('',(13.925,-99.47823776072));
#1968 = CARTESIAN_POINT('',(17.6,-101.6));
#1969 = CARTESIAN_POINT('',(13.925,-103.7217622392));
#1970 = CARTESIAN_POINT('',(10.25,-105.8435244785));
#1971 = CARTESIAN_POINT('',(10.25,-101.6));
#1972 = ( GEOMETRIC_REPRESENTATION_CONTEXT(2) 
PARAMETRIC_REPRESENTATION_CONTEXT() REPRESENTATION_CONTEXT('2D SPACE',''
  ) );
#1973 = PCURVE('',#1974,#1979);
#1974 = CYLINDRICAL_SURFACE('',#1975,2.45);
#1975 = AXIS2_PLACEMENT_3D('',#1976,#1977,#1978);
#1976 = CARTESIAN_POINT('',(12.7,-101.6,6.));
#1977 = DIRECTION('',(0.,0.,-1.));
#1978 = DIRECTION('',(-1.,0.,0.));
#1979 = DEFINITIONAL_REPRESENTATION('',(#1980),#1984);
#1980 = LINE('',#1981,#1982);
#1981 = CARTESIAN_POINT('',(0.,6.));
#1982 = VECTOR('',#1983,1.);
#1983 = DIRECTION('',(1.,0.));
#1984 = ( GEOMETRIC_REPRESENTATION_CONTEXT(2) 
PARAMETRIC_REPRESENTATION_CONTEXT() REPRESENTATION_CONTEXT('2D SPACE',''
  ) );
#1985 = FACE_BOUND('',#1986,.F.);
#1986 = EDGE_LOOP('',(#1987));
#1987 = ORIENTED_EDGE('',*,*,#1988,.T.);
#1988 = EDGE_CURVE('',#1989,#1989,#1991,.T.);
#1989 = VERTEX_POINT('',#1990);
#1990 = CARTESIAN_POINT('',(22.95,-127.,0.));
#1991 = SURFACE_CURVE('',#1992,(#1997,#2008),.PCURVE_S1.);
#1992 = CIRCLE('',#1993,2.45);
#1993 = AXIS2_PLACEMENT_3D('',#1994,#1995,#1996);
#1994 = CARTESIAN_POINT('',(25.4,-127.,0.));
#1995 = DIRECTION('',(0.,0.,-1.));
#1996 = DIRECTION('',(-1.,0.,0.));
#1997 = PCURVE('',#44,#1998);
#1998 = DEFINITIONAL_REPRESENTATION('',(#1999),#2007);
#1999 = ( BOUNDED_CURVE() B_SPLINE_CURVE(2,(#2000,#2001,#2002,#2003,
#2004,#2005,#2006),.UNSPECIFIED.,.T.,.F.) B_SPLINE_CURVE_WITH_KNOTS((1,2
    ,2,2,2,1),(-2.094395102393,0.,2.094395102393,4.188790204786,
6.28318530718,8.377580409573),.UNSPECIFIED.) CURVE() 
GEOMETRIC_REPRESENTATION_ITEM() RATIONAL_B_SPLINE_CURVE((1.,0.5,1.,0.5,
1.,0.5,1.)) REPRESENTATION_ITEM('') );
#2000 = CARTESIAN_POINT('',(22.95,-127.));
#2001 = CARTESIAN_POINT('',(22.95,-122.7564755214));
#2002 = CARTESIAN_POINT('',(26.625,-124.8782377607));
#2003 = CARTESIAN_POINT('',(30.3,-127.));
#2004 = CARTESIAN_POINT('',(26.625,-129.1217622392));
#2005 = CARTESIAN_POINT('',(22.95,-131.2435244785));
#2006 = CARTESIAN_POINT('',(22.95,-127.));
#2007 = ( GEOMETRIC_REPRESENTATION_CONTEXT(2) 
PARAMETRIC_REPRESENTATION_CONTEXT() REPRESENTATION_CONTEXT('2D SPACE',''
  ) );
#2008 = PCURVE('',#2009,#2014);
#2009 = CYLINDRICAL_SURFACE('',#2010,2.45);
#2010 = AXIS2_PLACEMENT_3D('',#2011,#2012,#2013);
#2011 = CARTESIAN_POINT('',(25.4,-127.,6.));
#2012 = DIRECTION('',(0.,0.,-1.));
#2013 = DIRECTION('',(-1.,0.,0.));
#2014 = DEFINITIONAL_REPRESENTATION('',(#2015),#2019);
#2015 = LINE('',#2016,#2017);
#2016 = CARTESIAN_POINT('',(0.,6.));
#2017 = VECTOR('',#2018,1.);
#2018 = DIRECTION('',(1.,0.));
#2019 = ( GEOMETRIC_REPRESENTATION_CONTEXT(2) 
PARAMETRIC_REPRESENTATION_CONTEXT() REPRESENTATION_CONTEXT('2D SPACE',''
  ) );
#2020 = FACE_BOUND('',#2021,.F.);
#2021 = EDGE_LOOP('',(#2022));
#2022 = ORIENTED_EDGE('',*,*,#2023,.T.);
#2023 = EDGE_CURVE('',#2024,#2024,#2026,.T.);
#2024 = VERTEX_POINT('',#2025);
#2025 = CARTESIAN_POINT('',(22.95,-114.3,0.));
#2026 = SURFACE_CURVE('',#2027,(#2032,#2043),.PCURVE_S1.);
#2027 = CIRCLE('',#2028,2.45);
#2028 = AXIS2_PLACEMENT_3D('',#2029,#2030,#2031);
#2029 = CARTESIAN_POINT('',(25.4,-114.3,0.));
#2030 = DIRECTION('',(0.,0.,-1.));
#2031 = DIRECTION('',(-1.,0.,0.));
#2032 = PCURVE('',#44,#2033);
#2033 = DEFINITIONAL_REPRESENTATION('',(#2034),#2042);
#2034 = ( BOUNDED_CURVE() B_SPLINE_CURVE(2,(#2035,#2036,#2037,#2038,
#2039,#2040,#2041),.UNSPECIFIED.,.T.,.F.) B_SPLINE_CURVE_WITH_KNOTS((1,2
    ,2,2,2,1),(-2.094395102393,0.,2.094395102393,4.188790204786,
6.28318530718,8.377580409573),.UNSPECIFIED.) CURVE() 
GEOMETRIC_REPRESENTATION_ITEM() RATIONAL_B_SPLINE_CURVE((1.,0.5,1.,0.5,
1.,0.5,1.)) REPRESENTATION_ITEM('') );
#2035 = CARTESIAN_POINT('',(22.95,-114.3));
#2036 = CARTESIAN_POINT('',(22.95,-110.0564755214));
#2037 = CARTESIAN_POINT('',(26.625,-112.1782377607));
#2038 = CARTESIAN_POINT('',(30.3,-114.3));
#2039 = CARTESIAN_POINT('',(26.625,-116.4217622392));
#2040 = CARTESIAN_POINT('',(22.95,-118.5435244785));
#2041 = CARTESIAN_POINT('',(22.95,-114.3));
#2042 = ( GEOMETRIC_REPRESENTATION_CONTEXT(2) 
PARAMETRIC_REPRESENTATION_CONTEXT() REPRESENTATION_CONTEXT('2D SPACE',''
  ) );
#2043 = PCURVE('',#2044,#2049);
#2044 = CYLINDRICAL_SURFACE('',#2045,2.45);
#2045 = AXIS2_PLACEMENT_3D('',#2046,#2047,#2048);
#2046 = CARTESIAN_POINT('',(25.4,-114.3,6.));
#2047 = DIRECTION('',(0.,0.,-1.));
#2048 = DIRECTION('',(-1.,0.,0.));
#2049 = DEFINITIONAL_REPRESENTATION('',(#2050),#2054);
#2050 = LINE('',#2051,#2052);
#2051 = CARTESIAN_POINT('',(0.,6.));
#2052 = VECTOR('',#2053,1.);
#2053 = DIRECTION('',(1.,0.));
#2054 = ( GEOMETRIC_REPRESENTATION_CONTEXT(2) 
PARAMETRIC_REPRESENTATION_CONTEXT() REPRESENTATION_CONTEXT('2D SPACE',''
  ) );
#2055 = FACE_BOUND('',#2056,.F.);
#2056 = EDGE_LOOP('',(#2057));
#2057 = ORIENTED_EDGE('',*,*,#2058,.T.);
#2058 = EDGE_CURVE('',#2059,#2059,#2061,.T.);
#2059 = VERTEX_POINT('',#2060);
#2060 = CARTESIAN_POINT('',(35.65,-127.,0.));
#2061 = SURFACE_CURVE('',#2062,(#2067,#2078),.PCURVE_S1.);
#2062 = CIRCLE('',#2063,2.45);
#2063 = AXIS2_PLACEMENT_3D('',#2064,#2065,#2066);
#2064 = CARTESIAN_POINT('',(38.1,-127.,0.));
#2065 = DIRECTION('',(0.,0.,-1.));
#2066 = DIRECTION('',(-1.,0.,0.));
#2067 = PCURVE('',#44,#2068);
#2068 = DEFINITIONAL_REPRESENTATION('',(#2069),#2077);
#2069 = ( BOUNDED_CURVE() B_SPLINE_CURVE(2,(#2070,#2071,#2072,#2073,
#2074,#2075,#2076),.UNSPECIFIED.,.T.,.F.) B_SPLINE_CURVE_WITH_KNOTS((1,2
    ,2,2,2,1),(-2.094395102393,0.,2.094395102393,4.188790204786,
6.28318530718,8.377580409573),.UNSPECIFIED.) CURVE() 
GEOMETRIC_REPRESENTATION_ITEM() RATIONAL_B_SPLINE_CURVE((1.,0.5,1.,0.5,
1.,0.5,1.)) REPRESENTATION_ITEM('') );
#2070 = CARTESIAN_POINT('',(35.65,-127.));
#2071 = CARTESIAN_POINT('',(35.65,-122.7564755214));
#2072 = CARTESIAN_POINT('',(39.325,-124.8782377607));
#2073 = CARTESIAN_POINT('',(43.,-127.));
#2074 = CARTESIAN_POINT('',(39.325,-129.1217622392));
#2075 = CARTESIAN_POINT('',(35.65,-131.2435244785));
#2076 = CARTESIAN_POINT('',(35.65,-127.));
#2077 = ( GEOMETRIC_REPRESENTATION_CONTEXT(2) 
PARAMETRIC_REPRESENTATION_CONTEXT() REPRESENTATION_CONTEXT('2D SPACE',''
  ) );
#2078 = PCURVE('',#2079,#2084);
#2079 = CYLINDRICAL_SURFACE('',#2080,2.45);
#2080 = AXIS2_PLACEMENT_3D('',#2081,#2082,#2083);
#2081 = CARTESIAN_POINT('',(38.1,-127.,6.));
#2082 = DIRECTION('',(0.,0.,-1.));
#2083 = DIRECTION('',(-1.,0.,0.));
#2084 = DEFINITIONAL_REPRESENTATION('',(#2085),#2089);
#2085 = LINE('',#2086,#2087);
#2086 = CARTESIAN_POINT('',(0.,6.));
#2087 = VECTOR('',#2088,1.);
#2088 = DIRECTION('',(1.,0.));
#2089 = ( GEOMETRIC_REPRESENTATION_CONTEXT(2) 
PARAMETRIC_REPRESENTATION_CONTEXT() REPRESENTATION_CONTEXT('2D SPACE',''
  ) );
#2090 = FACE_BOUND('',#2091,.F.);
#2091 = EDGE_LOOP('',(#2092));
#2092 = ORIENTED_EDGE('',*,*,#2093,.T.);
#2093 = EDGE_CURVE('',#2094,#2094,#2096,.T.);
#2094 = VERTEX_POINT('',#2095);
#2095 = CARTESIAN_POINT('',(35.65,-114.3,0.));
#2096 = SURFACE_CURVE('',#2097,(#2102,#2113),.PCURVE_S1.);
#2097 = CIRCLE('',#2098,2.45);
#2098 = AXIS2_PLACEMENT_3D('',#2099,#2100,#2101);
#2099 = CARTESIAN_POINT('',(38.1,-114.3,0.));
#2100 = DIRECTION('',(0.,0.,-1.));
#2101 = DIRECTION('',(-1.,0.,0.));
#2102 = PCURVE('',#44,#2103);
#2103 = DEFINITIONAL_REPRESENTATION('',(#2104),#2112);
#2104 = ( BOUNDED_CURVE() B_SPLINE_CURVE(2,(#2105,#2106,#2107,#2108,
#2109,#2110,#2111),.UNSPECIFIED.,.T.,.F.) B_SPLINE_CURVE_WITH_KNOTS((1,2
    ,2,2,2,1),(-2.094395102393,0.,2.094395102393,4.188790204786,
6.28318530718,8.377580409573),.UNSPECIFIED.) CURVE() 
GEOMETRIC_REPRESENTATION_ITEM() RATIONAL_B_SPLINE_CURVE((1.,0.5,1.,0.5,
1.,0.5,1.)) REPRESENTATION_ITEM('') );
#2105 = CARTESIAN_POINT('',(35.65,-114.3));
#2106 = CARTESIAN_POINT('',(35.65,-110.0564755214));
#2107 = CARTESIAN_POINT('',(39.325,-112.1782377607));
#2108 = CARTESIAN_POINT('',(43.,-114.3));
#2109 = CARTESIAN_POINT('',(39.325,-116.4217622392));
#2110 = CARTESIAN_POINT('',(35.65,-118.5435244785));
#2111 = CARTESIAN_POINT('',(35.65,-114.3));
#2112 = ( GEOMETRIC_REPRESENTATION_CONTEXT(2) 
PARAMETRIC_REPRESENTATION_CONTEXT() REPRESENTATION_CONTEXT('2D SPACE',''
  ) );
#2113 = PCURVE('',#2114,#2119);
#2114 = CYLINDRICAL_SURFACE('',#2115,2.45);
#2115 = AXIS2_PLACEMENT_3D('',#2116,#2117,#2118);
#2116 = CARTESIAN_POINT('',(38.1,-114.3,6.));
#2117 = DIRECTION('',(0.,0.,-1.));
#2118 = DIRECTION('',(-1.,0.,0.));
#2119 = DEFINITIONAL_REPRESENTATION('',(#2120),#2124);
#2120 = LINE('',#2121,#2122);
#2121 = CARTESIAN_POINT('',(0.,6.));
#2122 = VECTOR('',#2123,1.);
#2123 = DIRECTION('',(1.,0.));
#2124 = ( GEOMETRIC_REPRESENTATION_CONTEXT(2) 
PARAMETRIC_REPRESENTATION_CONTEXT() REPRESENTATION_CONTEXT('2D SPACE',''
  ) );
#2125 = FACE_BOUND('',#2126,.F.);
#2126 = EDGE_LOOP('',(#2127));
#2127 = ORIENTED_EDGE('',*,*,#2128,.T.);
#2128 = EDGE_CURVE('',#2129,#2129,#2131,.T.);
#2129 = VERTEX_POINT('',#2130);
#2130 = CARTESIAN_POINT('',(22.95,-101.6,0.));
#2131 = SURFACE_CURVE('',#2132,(#2137,#2148),.PCURVE_S1.);
#2132 = CIRCLE('',#2133,2.45);
#2133 = AXIS2_PLACEMENT_3D('',#2134,#2135,#2136);
#2134 = CARTESIAN_POINT('',(25.4,-101.6,0.));
#2135 = DIRECTION('',(0.,0.,-1.));
#2136 = DIRECTION('',(-1.,0.,0.));
#2137 = PCURVE('',#44,#2138);
#2138 = DEFINITIONAL_REPRESENTATION('',(#2139),#2147);
#2139 = ( BOUNDED_CURVE() B_SPLINE_CURVE(2,(#2140,#2141,#2142,#2143,
#2144,#2145,#2146),.UNSPECIFIED.,.T.,.F.) B_SPLINE_CURVE_WITH_KNOTS((1,2
    ,2,2,2,1),(-2.094395102393,0.,2.094395102393,4.188790204786,
6.28318530718,8.377580409573),.UNSPECIFIED.) CURVE() 
GEOMETRIC_REPRESENTATION_ITEM() RATIONAL_B_SPLINE_CURVE((1.,0.5,1.,0.5,
1.,0.5,1.)) REPRESENTATION_ITEM('') );
#2140 = CARTESIAN_POINT('',(22.95,-101.6));
#2141 = CARTESIAN_POINT('',(22.95,-97.35647552145));
#2142 = CARTESIAN_POINT('',(26.625,-99.47823776072));
#2143 = CARTESIAN_POINT('',(30.3,-101.6));
#2144 = CARTESIAN_POINT('',(26.625,-103.7217622392));
#2145 = CARTESIAN_POINT('',(22.95,-105.8435244785));
#2146 = CARTESIAN_POINT('',(22.95,-101.6));
#2147 = ( GEOMETRIC_REPRESENTATION_CONTEXT(2) 
PARAMETRIC_REPRESENTATION_CONTEXT() REPRESENTATION_CONTEXT('2D SPACE',''
  ) );
#2148 = PCURVE('',#2149,#2154);
#2149 = CYLINDRICAL_SURFACE('',#2150,2.45);
#2150 = AXIS2_PLACEMENT_3D('',#2151,#2152,#2153);
#2151 = CARTESIAN_POINT('',(25.4,-101.6,6.));
#2152 = DIRECTION('',(0.,0.,-1.));
#2153 = DIRECTION('',(-1.,0.,0.));
#2154 = DEFINITIONAL_REPRESENTATION('',(#2155),#2159);
#2155 = LINE('',#2156,#2157);
#2156 = CARTESIAN_POINT('',(0.,6.));
#2157 = VECTOR('',#2158,1.);
#2158 = DIRECTION('',(1.,0.));
#2159 = ( GEOMETRIC_REPRESENTATION_CONTEXT(2) 
PARAMETRIC_REPRESENTATION_CONTEXT() REPRESENTATION_CONTEXT('2D SPACE',''
  ) );
#2160 = FACE_BOUND('',#2161,.F.);
#2161 = EDGE_LOOP('',(#2162));
#2162 = ORIENTED_EDGE('',*,*,#2163,.T.);
#2163 = EDGE_CURVE('',#2164,#2164,#2166,.T.);
#2164 = VERTEX_POINT('',#2165);
#2165 = CARTESIAN_POINT('',(35.65,-101.6,0.));
#2166 = SURFACE_CURVE('',#2167,(#2172,#2183),.PCURVE_S1.);
#2167 = CIRCLE('',#2168,2.45);
#2168 = AXIS2_PLACEMENT_3D('',#2169,#2170,#2171);
#2169 = CARTESIAN_POINT('',(38.1,-101.6,0.));
#2170 = DIRECTION('',(0.,0.,-1.));
#2171 = DIRECTION('',(-1.,0.,0.));
#2172 = PCURVE('',#44,#2173);
#2173 = DEFINITIONAL_REPRESENTATION('',(#2174),#2182);
#2174 = ( BOUNDED_CURVE() B_SPLINE_CURVE(2,(#2175,#2176,#2177,#2178,
#2179,#2180,#2181),.UNSPECIFIED.,.T.,.F.) B_SPLINE_CURVE_WITH_KNOTS((1,2
    ,2,2,2,1),(-2.094395102393,0.,2.094395102393,4.188790204786,
6.28318530718,8.377580409573),.UNSPECIFIED.) CURVE() 
GEOMETRIC_REPRESENTATION_ITEM() RATIONAL_B_SPLINE_CURVE((1.,0.5,1.,0.5,
1.,0.5,1.)) REPRESENTATION_ITEM('') );
#2175 = CARTESIAN_POINT('',(35.65,-101.6));
#2176 = CARTESIAN_POINT('',(35.65,-97.35647552145));
#2177 = CARTESIAN_POINT('',(39.325,-99.47823776072));
#2178 = CARTESIAN_POINT('',(43.,-101.6));
#2179 = CARTESIAN_POINT('',(39.325,-103.7217622392));
#2180 = CARTESIAN_POINT('',(35.65,-105.8435244785));
#2181 = CARTESIAN_POINT('',(35.65,-101.6));
#2182 = ( GEOMETRIC_REPRESENTATION_CONTEXT(2) 
PARAMETRIC_REPRESENTATION_CONTEXT() REPRESENTATION_CONTEXT('2D SPACE',''
  ) );
#2183 = PCURVE('',#2184,#2189);
#2184 = CYLINDRICAL_SURFACE('',#2185,2.45);
#2185 = AXIS2_PLACEMENT_3D('',#2186,#2187,#2188);
#2186 = CARTESIAN_POINT('',(38.1,-101.6,6.));
#2187 = DIRECTION('',(0.,0.,-1.));
#2188 = DIRECTION('',(-1.,0.,0.));
#2189 = DEFINITIONAL_REPRESENTATION('',(#2190),#2194);
#2190 = LINE('',#2191,#2192);
#2191 = CARTESIAN_POINT('',(0.,6.));
#2192 = VECTOR('',#2193,1.);
#2193 = DIRECTION('',(1.,0.));
#2194 = ( GEOMETRIC_REPRESENTATION_CONTEXT(2) 
PARAMETRIC_REPRESENTATION_CONTEXT() REPRESENTATION_CONTEXT('2D SPACE',''
  ) );
#2195 = FACE_BOUND('',#2196,.F.);
#2196 = EDGE_LOOP('',(#2197));
#2197 = ORIENTED_EDGE('',*,*,#2198,.T.);
#2198 = EDGE_CURVE('',#2199,#2199,#2201,.T.);
#2199 = VERTEX_POINT('',#2200);
#2200 = CARTESIAN_POINT('',(-2.45,-88.9,0.));
#2201 = SURFACE_CURVE('',#2202,(#2207,#2218),.PCURVE_S1.);
#2202 = CIRCLE('',#2203,2.45);
#2203 = AXIS2_PLACEMENT_3D('',#2204,#2205,#2206);
#2204 = CARTESIAN_POINT('',(0.,-88.9,0.));
#2205 = DIRECTION('',(0.,0.,-1.));
#2206 = DIRECTION('',(-1.,0.,0.));
#2207 = PCURVE('',#44,#2208);
#2208 = DEFINITIONAL_REPRESENTATION('',(#2209),#2217);
#2209 = ( BOUNDED_CURVE() B_SPLINE_CURVE(2,(#2210,#2211,#2212,#2213,
#2214,#2215,#2216),.UNSPECIFIED.,.T.,.F.) B_SPLINE_CURVE_WITH_KNOTS((1,2
    ,2,2,2,1),(-2.094395102393,0.,2.094395102393,4.188790204786,
6.28318530718,8.377580409573),.UNSPECIFIED.) CURVE() 
GEOMETRIC_REPRESENTATION_ITEM() RATIONAL_B_SPLINE_CURVE((1.,0.5,1.,0.5,
1.,0.5,1.)) REPRESENTATION_ITEM('') );
#2210 = CARTESIAN_POINT('',(-2.45,-88.9));
#2211 = CARTESIAN_POINT('',(-2.45,-84.65647552145));
#2212 = CARTESIAN_POINT('',(1.225,-86.77823776072));
#2213 = CARTESIAN_POINT('',(4.9,-88.9));
#2214 = CARTESIAN_POINT('',(1.225,-91.02176223927));
#2215 = CARTESIAN_POINT('',(-2.45,-93.14352447854));
#2216 = CARTESIAN_POINT('',(-2.45,-88.9));
#2217 = ( GEOMETRIC_REPRESENTATION_CONTEXT(2) 
PARAMETRIC_REPRESENTATION_CONTEXT() REPRESENTATION_CONTEXT('2D SPACE',''
  ) );
#2218 = PCURVE('',#2219,#2224);
#2219 = CYLINDRICAL_SURFACE('',#2220,2.45);
#2220 = AXIS2_PLACEMENT_3D('',#2221,#2222,#2223);
#2221 = CARTESIAN_POINT('',(0.,-88.9,6.));
#2222 = DIRECTION('',(0.,0.,-1.));
#2223 = DIRECTION('',(-1.,0.,0.));
#2224 = DEFINITIONAL_REPRESENTATION('',(#2225),#2229);
#2225 = LINE('',#2226,#2227);
#2226 = CARTESIAN_POINT('',(0.,6.));
#2227 = VECTOR('',#2228,1.);
#2228 = DIRECTION('',(1.,0.));
#2229 = ( GEOMETRIC_REPRESENTATION_CONTEXT(2) 
PARAMETRIC_REPRESENTATION_CONTEXT() REPRESENTATION_CONTEXT('2D SPACE',''
  ) );
#2230 = FACE_BOUND('',#2231,.F.);
#2231 = EDGE_LOOP('',(#2232));
#2232 = ORIENTED_EDGE('',*,*,#2233,.T.);
#2233 = EDGE_CURVE('',#2234,#2234,#2236,.T.);
#2234 = VERTEX_POINT('',#2235);
#2235 = CARTESIAN_POINT('',(10.25,-88.9,0.));
#2236 = SURFACE_CURVE('',#2237,(#2242,#2253),.PCURVE_S1.);
#2237 = CIRCLE('',#2238,2.45);
#2238 = AXIS2_PLACEMENT_3D('',#2239,#2240,#2241);
#2239 = CARTESIAN_POINT('',(12.7,-88.9,0.));
#2240 = DIRECTION('',(0.,0.,-1.));
#2241 = DIRECTION('',(-1.,0.,0.));
#2242 = PCURVE('',#44,#2243);
#2243 = DEFINITIONAL_REPRESENTATION('',(#2244),#2252);
#2244 = ( BOUNDED_CURVE() B_SPLINE_CURVE(2,(#2245,#2246,#2247,#2248,
#2249,#2250,#2251),.UNSPECIFIED.,.T.,.F.) B_SPLINE_CURVE_WITH_KNOTS((1,2
    ,2,2,2,1),(-2.094395102393,0.,2.094395102393,4.188790204786,
6.28318530718,8.377580409573),.UNSPECIFIED.) CURVE() 
GEOMETRIC_REPRESENTATION_ITEM() RATIONAL_B_SPLINE_CURVE((1.,0.5,1.,0.5,
1.,0.5,1.)) REPRESENTATION_ITEM('') );
#2245 = CARTESIAN_POINT('',(10.25,-88.9));
#2246 = CARTESIAN_POINT('',(10.25,-84.65647552145));
#2247 = CARTESIAN_POINT('',(13.925,-86.77823776072));
#2248 = CARTESIAN_POINT('',(17.6,-88.9));
#2249 = CARTESIAN_POINT('',(13.925,-91.02176223927));
#2250 = CARTESIAN_POINT('',(10.25,-93.14352447854));
#2251 = CARTESIAN_POINT('',(10.25,-88.9));
#2252 = ( GEOMETRIC_REPRESENTATION_CONTEXT(2) 
PARAMETRIC_REPRESENTATION_CONTEXT() REPRESENTATION_CONTEXT('2D SPACE',''
  ) );
#2253 = PCURVE('',#2254,#2259);
#2254 = CYLINDRICAL_SURFACE('',#2255,2.45);
#2255 = AXIS2_PLACEMENT_3D('',#2256,#2257,#2258);
#2256 = CARTESIAN_POINT('',(12.7,-88.9,6.));
#2257 = DIRECTION('',(0.,0.,-1.));
#2258 = DIRECTION('',(-1.,0.,0.));
#2259 = DEFINITIONAL_REPRESENTATION('',(#2260),#2264);
#2260 = LINE('',#2261,#2262);
#2261 = CARTESIAN_POINT('',(0.,6.));
#2262 = VECTOR('',#2263,1.);
#2263 = DIRECTION('',(1.,0.));
#2264 = ( GEOMETRIC_REPRESENTATION_CONTEXT(2) 
PARAMETRIC_REPRESENTATION_CONTEXT() REPRESENTATION_CONTEXT('2D SPACE',''
  ) );
#2265 = FACE_BOUND('',#2266,.F.);
#2266 = EDGE_LOOP('',(#2267));
#2267 = ORIENTED_EDGE('',*,*,#2268,.T.);
#2268 = EDGE_CURVE('',#2269,#2269,#2271,.T.);
#2269 = VERTEX_POINT('',#2270);
#2270 = CARTESIAN_POINT('',(22.95,-88.9,0.));
#2271 = SURFACE_CURVE('',#2272,(#2277,#2288),.PCURVE_S1.);
#2272 = CIRCLE('',#2273,2.45);
#2273 = AXIS2_PLACEMENT_3D('',#2274,#2275,#2276);
#2274 = CARTESIAN_POINT('',(25.4,-88.9,0.));
#2275 = DIRECTION('',(0.,0.,-1.));
#2276 = DIRECTION('',(-1.,0.,0.));
#2277 = PCURVE('',#44,#2278);
#2278 = DEFINITIONAL_REPRESENTATION('',(#2279),#2287);
#2279 = ( BOUNDED_CURVE() B_SPLINE_CURVE(2,(#2280,#2281,#2282,#2283,
#2284,#2285,#2286),.UNSPECIFIED.,.T.,.F.) B_SPLINE_CURVE_WITH_KNOTS((1,2
    ,2,2,2,1),(-2.094395102393,0.,2.094395102393,4.188790204786,
6.28318530718,8.377580409573),.UNSPECIFIED.) CURVE() 
GEOMETRIC_REPRESENTATION_ITEM() RATIONAL_B_SPLINE_CURVE((1.,0.5,1.,0.5,
1.,0.5,1.)) REPRESENTATION_ITEM('') );
#2280 = CARTESIAN_POINT('',(22.95,-88.9));
#2281 = CARTESIAN_POINT('',(22.95,-84.65647552145));
#2282 = CARTESIAN_POINT('',(26.625,-86.77823776072));
#2283 = CARTESIAN_POINT('',(30.3,-88.9));
#2284 = CARTESIAN_POINT('',(26.625,-91.02176223927));
#2285 = CARTESIAN_POINT('',(22.95,-93.14352447854));
#2286 = CARTESIAN_POINT('',(22.95,-88.9));
#2287 = ( GEOMETRIC_REPRESENTATION_CONTEXT(2) 
PARAMETRIC_REPRESENTATION_CONTEXT() REPRESENTATION_CONTEXT('2D SPACE',''
  ) );
#2288 = PCURVE('',#2289,#2294);
#2289 = CYLINDRICAL_SURFACE('',#2290,2.45);
#2290 = AXIS2_PLACEMENT_3D('',#2291,#2292,#2293);
#2291 = CARTESIAN_POINT('',(25.4,-88.9,6.));
#2292 = DIRECTION('',(0.,0.,-1.));
#2293 = DIRECTION('',(-1.,0.,0.));
#2294 = DEFINITIONAL_REPRESENTATION('',(#2295),#2299);
#2295 = LINE('',#2296,#2297);
#2296 = CARTESIAN_POINT('',(0.,6.));
#2297 = VECTOR('',#2298,1.);
#2298 = DIRECTION('',(1.,0.));
#2299 = ( GEOMETRIC_REPRESENTATION_CONTEXT(2) 
PARAMETRIC_REPRESENTATION_CONTEXT() REPRESENTATION_CONTEXT('2D SPACE',''
  ) );
#2300 = FACE_BOUND('',#2301,.F.);
#2301 = EDGE_LOOP('',(#2302));
#2302 = ORIENTED_EDGE('',*,*,#2303,.T.);
#2303 = EDGE_CURVE('',#2304,#2304,#2306,.T.);
#2304 = VERTEX_POINT('',#2305);
#2305 = CARTESIAN_POINT('',(35.65,-88.9,0.));
#2306 = SURFACE_CURVE('',#2307,(#2312,#2323),.PCURVE_S1.);
#2307 = CIRCLE('',#2308,2.45);
#2308 = AXIS2_PLACEMENT_3D('',#2309,#2310,#2311);
#2309 = CARTESIAN_POINT('',(38.1,-88.9,0.));
#2310 = DIRECTION('',(0.,0.,-1.));
#2311 = DIRECTION('',(-1.,0.,0.));
#2312 = PCURVE('',#44,#2313);
#2313 = DEFINITIONAL_REPRESENTATION('',(#2314),#2322);
#2314 = ( BOUNDED_CURVE() B_SPLINE_CURVE(2,(#2315,#2316,#2317,#2318,
#2319,#2320,#2321),.UNSPECIFIED.,.T.,.F.) B_SPLINE_CURVE_WITH_KNOTS((1,2
    ,2,2,2,1),(-2.094395102393,0.,2.094395102393,4.188790204786,
6.28318530718,8.377580409573),.UNSPECIFIED.) CURVE() 
GEOMETRIC_REPRESENTATION_ITEM() RATIONAL_B_SPLINE_CURVE((1.,0.5,1.,0.5,
1.,0.5,1.)) REPRESENTATION_ITEM('') );
#2315 = CARTESIAN_POINT('',(35.65,-88.9));
#2316 = CARTESIAN_POINT('',(35.65,-84.65647552145));
#2317 = CARTESIAN_POINT('',(39.325,-86.77823776072));
#2318 = CARTESIAN_POINT('',(43.,-88.9));
#2319 = CARTESIAN_POINT('',(39.325,-91.02176223927));
#2320 = CARTESIAN_POINT('',(35.65,-93.14352447854));
#2321 = CARTESIAN_POINT('',(35.65,-88.9));
#2322 = ( GEOMETRIC_REPRESENTATION_CONTEXT(2) 
PARAMETRIC_REPRESENTATION_CONTEXT() REPRESENTATION_CONTEXT('2D SPACE',''
  ) );
#2323 = PCURVE('',#2324,#2329);
#2324 = CYLINDRICAL_SURFACE('',#2325,2.45);
#2325 = AXIS2_PLACEMENT_3D('',#2326,#2327,#2328);
#2326 = CARTESIAN_POINT('',(38.1,-88.9,6.));
#2327 = DIRECTION('',(0.,0.,-1.));
#2328 = DIRECTION('',(-1.,0.,0.));
#2329 = DEFINITIONAL_REPRESENTATION('',(#2330),#2334);
#2330 = LINE('',#2331,#2332);
#2331 = CARTESIAN_POINT('',(0.,6.));
#2332 = VECTOR('',#2333,1.);
#2333 = DIRECTION('',(1.,0.));
#2334 = ( GEOMETRIC_REPRESENTATION_CONTEXT(2) 
PARAMETRIC_REPRESENTATION_CONTEXT() REPRESENTATION_CONTEXT('2D SPACE',''
  ) );
#2335 = FACE_BOUND('',#2336,.F.);
#2336 = EDGE_LOOP('',(#2337));
#2337 = ORIENTED_EDGE('',*,*,#2338,.T.);
#2338 = EDGE_CURVE('',#2339,#2339,#2341,.T.);
#2339 = VERTEX_POINT('',#2340);
#2340 = CARTESIAN_POINT('',(48.35,-127.,0.));
#2341 = SURFACE_CURVE('',#2342,(#2347,#2358),.PCURVE_S1.);
#2342 = CIRCLE('',#2343,2.45);
#2343 = AXIS2_PLACEMENT_3D('',#2344,#2345,#2346);
#2344 = CARTESIAN_POINT('',(50.8,-127.,0.));
#2345 = DIRECTION('',(0.,0.,-1.));
#2346 = DIRECTION('',(-1.,0.,0.));
#2347 = PCURVE('',#44,#2348);
#2348 = DEFINITIONAL_REPRESENTATION('',(#2349),#2357);
#2349 = ( BOUNDED_CURVE() B_SPLINE_CURVE(2,(#2350,#2351,#2352,#2353,
#2354,#2355,#2356),.UNSPECIFIED.,.T.,.F.) B_SPLINE_CURVE_WITH_KNOTS((1,2
    ,2,2,2,1),(-2.094395102393,0.,2.094395102393,4.188790204786,
6.28318530718,8.377580409573),.UNSPECIFIED.) CURVE() 
GEOMETRIC_REPRESENTATION_ITEM() RATIONAL_B_SPLINE_CURVE((1.,0.5,1.,0.5,
1.,0.5,1.)) REPRESENTATION_ITEM('') );
#2350 = CARTESIAN_POINT('',(48.35,-127.));
#2351 = CARTESIAN_POINT('',(48.35,-122.7564755214));
#2352 = CARTESIAN_POINT('',(52.025,-124.8782377607));
#2353 = CARTESIAN_POINT('',(55.7,-127.));
#2354 = CARTESIAN_POINT('',(52.025,-129.1217622392));
#2355 = CARTESIAN_POINT('',(48.35,-131.2435244785));
#2356 = CARTESIAN_POINT('',(48.35,-127.));
#2357 = ( GEOMETRIC_REPRESENTATION_CONTEXT(2) 
PARAMETRIC_REPRESENTATION_CONTEXT() REPRESENTATION_CONTEXT('2D SPACE',''
  ) );
#2358 = PCURVE('',#2359,#2364);
#2359 = CYLINDRICAL_SURFACE('',#2360,2.45);
#2360 = AXIS2_PLACEMENT_3D('',#2361,#2362,#2363);
#2361 = CARTESIAN_POINT('',(50.8,-127.,6.));
#2362 = DIRECTION('',(0.,0.,-1.));
#2363 = DIRECTION('',(-1.,0.,0.));
#2364 = DEFINITIONAL_REPRESENTATION('',(#2365),#2369);
#2365 = LINE('',#2366,#2367);
#2366 = CARTESIAN_POINT('',(0.,6.));
#2367 = VECTOR('',#2368,1.);
#2368 = DIRECTION('',(1.,0.));
#2369 = ( GEOMETRIC_REPRESENTATION_CONTEXT(2) 
PARAMETRIC_REPRESENTATION_CONTEXT() REPRESENTATION_CONTEXT('2D SPACE',''
  ) );
#2370 = FACE_BOUND('',#2371,.F.);
#2371 = EDGE_LOOP('',(#2372));
#2372 = ORIENTED_EDGE('',*,*,#2373,.T.);
#2373 = EDGE_CURVE('',#2374,#2374,#2376,.T.);
#2374 = VERTEX_POINT('',#2375);
#2375 = CARTESIAN_POINT('',(48.35,-114.3,0.));
#2376 = SURFACE_CURVE('',#2377,(#2382,#2393),.PCURVE_S1.);
#2377 = CIRCLE('',#2378,2.45);
#2378 = AXIS2_PLACEMENT_3D('',#2379,#2380,#2381);
#2379 = CARTESIAN_POINT('',(50.8,-114.3,0.));
#2380 = DIRECTION('',(0.,0.,-1.));
#2381 = DIRECTION('',(-1.,0.,0.));
#2382 = PCURVE('',#44,#2383);
#2383 = DEFINITIONAL_REPRESENTATION('',(#2384),#2392);
#2384 = ( BOUNDED_CURVE() B_SPLINE_CURVE(2,(#2385,#2386,#2387,#2388,
#2389,#2390,#2391),.UNSPECIFIED.,.T.,.F.) B_SPLINE_CURVE_WITH_KNOTS((1,2
    ,2,2,2,1),(-2.094395102393,0.,2.094395102393,4.188790204786,
6.28318530718,8.377580409573),.UNSPECIFIED.) CURVE() 
GEOMETRIC_REPRESENTATION_ITEM() RATIONAL_B_SPLINE_CURVE((1.,0.5,1.,0.5,
1.,0.5,1.)) REPRESENTATION_ITEM('') );
#2385 = CARTESIAN_POINT('',(48.35,-114.3));
#2386 = CARTESIAN_POINT('',(48.35,-110.0564755214));
#2387 = CARTESIAN_POINT('',(52.025,-112.1782377607));
#2388 = CARTESIAN_POINT('',(55.7,-114.3));
#2389 = CARTESIAN_POINT('',(52.025,-116.4217622392));
#2390 = CARTESIAN_POINT('',(48.35,-118.5435244785));
#2391 = CARTESIAN_POINT('',(48.35,-114.3));
#2392 = ( GEOMETRIC_REPRESENTATION_CONTEXT(2) 
PARAMETRIC_REPRESENTATION_CONTEXT() REPRESENTATION_CONTEXT('2D SPACE',''
  ) );
#2393 = PCURVE('',#2394,#2399);
#2394 = CYLINDRICAL_SURFACE('',#2395,2.45);
#2395 = AXIS2_PLACEMENT_3D('',#2396,#2397,#2398);
#2396 = CARTESIAN_POINT('',(50.8,-114.3,6.));
#2397 = DIRECTION('',(0.,0.,-1.));
#2398 = DIRECTION('',(-1.,0.,0.));
#2399 = DEFINITIONAL_REPRESENTATION('',(#2400),#2404);
#2400 = LINE('',#2401,#2402);
#2401 = CARTESIAN_POINT('',(0.,6.));
#2402 = VECTOR('',#2403,1.);
#2403 = DIRECTION('',(1.,0.));
#2404 = ( GEOMETRIC_REPRESENTATION_CONTEXT(2) 
PARAMETRIC_REPRESENTATION_CONTEXT() REPRESENTATION_CONTEXT('2D SPACE',''
  ) );
#2405 = FACE_BOUND('',#2406,.F.);
#2406 = EDGE_LOOP('',(#2407));
#2407 = ORIENTED_EDGE('',*,*,#2408,.T.);
#2408 = EDGE_CURVE('',#2409,#2409,#2411,.T.);
#2409 = VERTEX_POINT('',#2410);
#2410 = CARTESIAN_POINT('',(61.05,-127.,0.));
#2411 = SURFACE_CURVE('',#2412,(#2417,#2428),.PCURVE_S1.);
#2412 = CIRCLE('',#2413,2.45);
#2413 = AXIS2_PLACEMENT_3D('',#2414,#2415,#2416);
#2414 = CARTESIAN_POINT('',(63.5,-127.,0.));
#2415 = DIRECTION('',(0.,0.,-1.));
#2416 = DIRECTION('',(-1.,0.,0.));
#2417 = PCURVE('',#44,#2418);
#2418 = DEFINITIONAL_REPRESENTATION('',(#2419),#2427);
#2419 = ( BOUNDED_CURVE() B_SPLINE_CURVE(2,(#2420,#2421,#2422,#2423,
#2424,#2425,#2426),.UNSPECIFIED.,.T.,.F.) B_SPLINE_CURVE_WITH_KNOTS((1,2
    ,2,2,2,1),(-2.094395102393,0.,2.094395102393,4.188790204786,
6.28318530718,8.377580409573),.UNSPECIFIED.) CURVE() 
GEOMETRIC_REPRESENTATION_ITEM() RATIONAL_B_SPLINE_CURVE((1.,0.5,1.,0.5,
1.,0.5,1.)) REPRESENTATION_ITEM('') );
#2420 = CARTESIAN_POINT('',(61.05,-127.));
#2421 = CARTESIAN_POINT('',(61.05,-122.7564755214));
#2422 = CARTESIAN_POINT('',(64.725,-124.8782377607));
#2423 = CARTESIAN_POINT('',(68.4,-127.));
#2424 = CARTESIAN_POINT('',(64.725,-129.1217622392));
#2425 = CARTESIAN_POINT('',(61.05,-131.2435244785));
#2426 = CARTESIAN_POINT('',(61.05,-127.));
#2427 = ( GEOMETRIC_REPRESENTATION_CONTEXT(2) 
PARAMETRIC_REPRESENTATION_CONTEXT() REPRESENTATION_CONTEXT('2D SPACE',''
  ) );
#2428 = PCURVE('',#2429,#2434);
#2429 = CYLINDRICAL_SURFACE('',#2430,2.45);
#2430 = AXIS2_PLACEMENT_3D('',#2431,#2432,#2433);
#2431 = CARTESIAN_POINT('',(63.5,-127.,6.));
#2432 = DIRECTION('',(0.,0.,-1.));
#2433 = DIRECTION('',(-1.,0.,0.));
#2434 = DEFINITIONAL_REPRESENTATION('',(#2435),#2439);
#2435 = LINE('',#2436,#2437);
#2436 = CARTESIAN_POINT('',(0.,6.));
#2437 = VECTOR('',#2438,1.);
#2438 = DIRECTION('',(1.,0.));
#2439 = ( GEOMETRIC_REPRESENTATION_CONTEXT(2) 
PARAMETRIC_REPRESENTATION_CONTEXT() REPRESENTATION_CONTEXT('2D SPACE',''
  ) );
#2440 = FACE_BOUND('',#2441,.F.);
#2441 = EDGE_LOOP('',(#2442));
#2442 = ORIENTED_EDGE('',*,*,#2443,.T.);
#2443 = EDGE_CURVE('',#2444,#2444,#2446,.T.);
#2444 = VERTEX_POINT('',#2445);
#2445 = CARTESIAN_POINT('',(48.35,-101.6,0.));
#2446 = SURFACE_CURVE('',#2447,(#2452,#2463),.PCURVE_S1.);
#2447 = CIRCLE('',#2448,2.45);
#2448 = AXIS2_PLACEMENT_3D('',#2449,#2450,#2451);
#2449 = CARTESIAN_POINT('',(50.8,-101.6,0.));
#2450 = DIRECTION('',(0.,0.,-1.));
#2451 = DIRECTION('',(-1.,0.,0.));
#2452 = PCURVE('',#44,#2453);
#2453 = DEFINITIONAL_REPRESENTATION('',(#2454),#2462);
#2454 = ( BOUNDED_CURVE() B_SPLINE_CURVE(2,(#2455,#2456,#2457,#2458,
#2459,#2460,#2461),.UNSPECIFIED.,.T.,.F.) B_SPLINE_CURVE_WITH_KNOTS((1,2
    ,2,2,2,1),(-2.094395102393,0.,2.094395102393,4.188790204786,
6.28318530718,8.377580409573),.UNSPECIFIED.) CURVE() 
GEOMETRIC_REPRESENTATION_ITEM() RATIONAL_B_SPLINE_CURVE((1.,0.5,1.,0.5,
1.,0.5,1.)) REPRESENTATION_ITEM('') );
#2455 = CARTESIAN_POINT('',(48.35,-101.6));
#2456 = CARTESIAN_POINT('',(48.35,-97.35647552145));
#2457 = CARTESIAN_POINT('',(52.025,-99.47823776072));
#2458 = CARTESIAN_POINT('',(55.7,-101.6));
#2459 = CARTESIAN_POINT('',(52.025,-103.7217622392));
#2460 = CARTESIAN_POINT('',(48.35,-105.8435244785));
#2461 = CARTESIAN_POINT('',(48.35,-101.6));
#2462 = ( GEOMETRIC_REPRESENTATION_CONTEXT(2) 
PARAMETRIC_REPRESENTATION_CONTEXT() REPRESENTATION_CONTEXT('2D SPACE',''
  ) );
#2463 = PCURVE('',#2464,#2469);
#2464 = CYLINDRICAL_SURFACE('',#2465,2.45);
#2465 = AXIS2_PLACEMENT_3D('',#2466,#2467,#2468);
#2466 = CARTESIAN_POINT('',(50.8,-101.6,6.));
#2467 = DIRECTION('',(0.,0.,-1.));
#2468 = DIRECTION('',(-1.,0.,0.));
#2469 = DEFINITIONAL_REPRESENTATION('',(#2470),#2474);
#2470 = LINE('',#2471,#2472);
#2471 = CARTESIAN_POINT('',(0.,6.));
#2472 = VECTOR('',#2473,1.);
#2473 = DIRECTION('',(1.,0.));
#2474 = ( GEOMETRIC_REPRESENTATION_CONTEXT(2) 
PARAMETRIC_REPRESENTATION_CONTEXT() REPRESENTATION_CONTEXT('2D SPACE',''
  ) );
#2475 = FACE_BOUND('',#2476,.F.);
#2476 = EDGE_LOOP('',(#2477));
#2477 = ORIENTED_EDGE('',*,*,#2478,.T.);
#2478 = EDGE_CURVE('',#2479,#2479,#2481,.T.);
#2479 = VERTEX_POINT('',#2480);
#2480 = CARTESIAN_POINT('',(73.75,-127.,0.));
#2481 = SURFACE_CURVE('',#2482,(#2487,#2498),.PCURVE_S1.);
#2482 = CIRCLE('',#2483,2.45);
#2483 = AXIS2_PLACEMENT_3D('',#2484,#2485,#2486);
#2484 = CARTESIAN_POINT('',(76.2,-127.,0.));
#2485 = DIRECTION('',(0.,0.,-1.));
#2486 = DIRECTION('',(-1.,0.,0.));
#2487 = PCURVE('',#44,#2488);
#2488 = DEFINITIONAL_REPRESENTATION('',(#2489),#2497);
#2489 = ( BOUNDED_CURVE() B_SPLINE_CURVE(2,(#2490,#2491,#2492,#2493,
#2494,#2495,#2496),.UNSPECIFIED.,.T.,.F.) B_SPLINE_CURVE_WITH_KNOTS((1,2
    ,2,2,2,1),(-2.094395102393,0.,2.094395102393,4.188790204786,
6.28318530718,8.377580409573),.UNSPECIFIED.) CURVE() 
GEOMETRIC_REPRESENTATION_ITEM() RATIONAL_B_SPLINE_CURVE((1.,0.5,1.,0.5,
1.,0.5,1.)) REPRESENTATION_ITEM('') );
#2490 = CARTESIAN_POINT('',(73.75,-127.));
#2491 = CARTESIAN_POINT('',(73.75,-122.7564755214));
#2492 = CARTESIAN_POINT('',(77.425,-124.8782377607));
#2493 = CARTESIAN_POINT('',(81.1,-127.));
#2494 = CARTESIAN_POINT('',(77.425,-129.1217622392));
#2495 = CARTESIAN_POINT('',(73.75,-131.2435244785));
#2496 = CARTESIAN_POINT('',(73.75,-127.));
#2497 = ( GEOMETRIC_REPRESENTATION_CONTEXT(2) 
PARAMETRIC_REPRESENTATION_CONTEXT() REPRESENTATION_CONTEXT('2D SPACE',''
  ) );
#2498 = PCURVE('',#2499,#2504);
#2499 = CYLINDRICAL_SURFACE('',#2500,2.45);
#2500 = AXIS2_PLACEMENT_3D('',#2501,#2502,#2503);
#2501 = CARTESIAN_POINT('',(76.2,-127.,6.));
#2502 = DIRECTION('',(0.,0.,-1.));
#2503 = DIRECTION('',(-1.,0.,0.));
#2504 = DEFINITIONAL_REPRESENTATION('',(#2505),#2509);
#2505 = LINE('',#2506,#2507);
#2506 = CARTESIAN_POINT('',(0.,6.));
#2507 = VECTOR('',#2508,1.);
#2508 = DIRECTION('',(1.,0.));
#2509 = ( GEOMETRIC_REPRESENTATION_CONTEXT(2) 
PARAMETRIC_REPRESENTATION_CONTEXT() REPRESENTATION_CONTEXT('2D SPACE',''
  ) );
#2510 = FACE_BOUND('',#2511,.F.);
#2511 = EDGE_LOOP('',(#2512));
#2512 = ORIENTED_EDGE('',*,*,#2513,.T.);
#2513 = EDGE_CURVE('',#2514,#2514,#2516,.T.);
#2514 = VERTEX_POINT('',#2515);
#2515 = CARTESIAN_POINT('',(86.45,-127.,0.));
#2516 = SURFACE_CURVE('',#2517,(#2522,#2533),.PCURVE_S1.);
#2517 = CIRCLE('',#2518,2.45);
#2518 = AXIS2_PLACEMENT_3D('',#2519,#2520,#2521);
#2519 = CARTESIAN_POINT('',(88.9,-127.,0.));
#2520 = DIRECTION('',(0.,0.,-1.));
#2521 = DIRECTION('',(-1.,0.,0.));
#2522 = PCURVE('',#44,#2523);
#2523 = DEFINITIONAL_REPRESENTATION('',(#2524),#2532);
#2524 = ( BOUNDED_CURVE() B_SPLINE_CURVE(2,(#2525,#2526,#2527,#2528,
#2529,#2530,#2531),.UNSPECIFIED.,.T.,.F.) B_SPLINE_CURVE_WITH_KNOTS((1,2
    ,2,2,2,1),(-2.094395102393,0.,2.094395102393,4.188790204786,
6.28318530718,8.377580409573),.UNSPECIFIED.) CURVE() 
GEOMETRIC_REPRESENTATION_ITEM() RATIONAL_B_SPLINE_CURVE((1.,0.5,1.,0.5,
1.,0.5,1.)) REPRESENTATION_ITEM('') );
#2525 = CARTESIAN_POINT('',(86.45,-127.));
#2526 = CARTESIAN_POINT('',(86.45,-122.7564755214));
#2527 = CARTESIAN_POINT('',(90.125,-124.8782377607));
#2528 = CARTESIAN_POINT('',(93.8,-127.));
#2529 = CARTESIAN_POINT('',(90.125,-129.1217622392));
#2530 = CARTESIAN_POINT('',(86.45,-131.2435244785));
#2531 = CARTESIAN_POINT('',(86.45,-127.));
#2532 = ( GEOMETRIC_REPRESENTATION_CONTEXT(2) 
PARAMETRIC_REPRESENTATION_CONTEXT() REPRESENTATION_CONTEXT('2D SPACE',''
  ) );
#2533 = PCURVE('',#2534,#2539);
#2534 = CYLINDRICAL_SURFACE('',#2535,2.45);
#2535 = AXIS2_PLACEMENT_3D('',#2536,#2537,#2538);
#2536 = CARTESIAN_POINT('',(88.9,-127.,6.));
#2537 = DIRECTION('',(0.,0.,-1.));
#2538 = DIRECTION('',(-1.,0.,0.));
#2539 = DEFINITIONAL_REPRESENTATION('',(#2540),#2544);
#2540 = LINE('',#2541,#2542);
#2541 = CARTESIAN_POINT('',(0.,6.));
#2542 = VECTOR('',#2543,1.);
#2543 = DIRECTION('',(1.,0.));
#2544 = ( GEOMETRIC_REPRESENTATION_CONTEXT(2) 
PARAMETRIC_REPRESENTATION_CONTEXT() REPRESENTATION_CONTEXT('2D SPACE',''
  ) );
#2545 = FACE_BOUND('',#2546,.F.);
#2546 = EDGE_LOOP('',(#2547));
#2547 = ORIENTED_EDGE('',*,*,#2548,.T.);
#2548 = EDGE_CURVE('',#2549,#2549,#2551,.T.);
#2549 = VERTEX_POINT('',#2550);
#2550 = CARTESIAN_POINT('',(86.45,-114.3,0.));
#2551 = SURFACE_CURVE('',#2552,(#2557,#2568),.PCURVE_S1.);
#2552 = CIRCLE('',#2553,2.45);
#2553 = AXIS2_PLACEMENT_3D('',#2554,#2555,#2556);
#2554 = CARTESIAN_POINT('',(88.9,-114.3,0.));
#2555 = DIRECTION('',(0.,0.,-1.));
#2556 = DIRECTION('',(-1.,0.,0.));
#2557 = PCURVE('',#44,#2558);
#2558 = DEFINITIONAL_REPRESENTATION('',(#2559),#2567);
#2559 = ( BOUNDED_CURVE() B_SPLINE_CURVE(2,(#2560,#2561,#2562,#2563,
#2564,#2565,#2566),.UNSPECIFIED.,.T.,.F.) B_SPLINE_CURVE_WITH_KNOTS((1,2
    ,2,2,2,1),(-2.094395102393,0.,2.094395102393,4.188790204786,
6.28318530718,8.377580409573),.UNSPECIFIED.) CURVE() 
GEOMETRIC_REPRESENTATION_ITEM() RATIONAL_B_SPLINE_CURVE((1.,0.5,1.,0.5,
1.,0.5,1.)) REPRESENTATION_ITEM('') );
#2560 = CARTESIAN_POINT('',(86.45,-114.3));
#2561 = CARTESIAN_POINT('',(86.45,-110.0564755214));
#2562 = CARTESIAN_POINT('',(90.125,-112.1782377607));
#2563 = CARTESIAN_POINT('',(93.8,-114.3));
#2564 = CARTESIAN_POINT('',(90.125,-116.4217622392));
#2565 = CARTESIAN_POINT('',(86.45,-118.5435244785));
#2566 = CARTESIAN_POINT('',(86.45,-114.3));
#2567 = ( GEOMETRIC_REPRESENTATION_CONTEXT(2) 
PARAMETRIC_REPRESENTATION_CONTEXT() REPRESENTATION_CONTEXT('2D SPACE',''
  ) );
#2568 = PCURVE('',#2569,#2574);
#2569 = CYLINDRICAL_SURFACE('',#2570,2.45);
#2570 = AXIS2_PLACEMENT_3D('',#2571,#2572,#2573);
#2571 = CARTESIAN_POINT('',(88.9,-114.3,6.));
#2572 = DIRECTION('',(0.,0.,-1.));
#2573 = DIRECTION('',(-1.,0.,0.));
#2574 = DEFINITIONAL_REPRESENTATION('',(#2575),#2579);
#2575 = LINE('',#2576,#2577);
#2576 = CARTESIAN_POINT('',(0.,6.));
#2577 = VECTOR('',#2578,1.);
#2578 = DIRECTION('',(1.,0.));
#2579 = ( GEOMETRIC_REPRESENTATION_CONTEXT(2) 
PARAMETRIC_REPRESENTATION_CONTEXT() REPRESENTATION_CONTEXT('2D SPACE',''
  ) );
#2580 = FACE_BOUND('',#2581,.F.);
#2581 = EDGE_LOOP('',(#2582));
#2582 = ORIENTED_EDGE('',*,*,#2583,.T.);
#2583 = EDGE_CURVE('',#2584,#2584,#2586,.T.);
#2584 = VERTEX_POINT('',#2585);
#2585 = CARTESIAN_POINT('',(67.,-108.,0.));
#2586 = SURFACE_CURVE('',#2587,(#2592,#2603),.PCURVE_S1.);
#2587 = CIRCLE('',#2588,8.);
#2588 = AXIS2_PLACEMENT_3D('',#2589,#2590,#2591);
#2589 = CARTESIAN_POINT('',(75.,-108.,0.));
#2590 = DIRECTION('',(0.,0.,-1.));
#2591 = DIRECTION('',(-1.,0.,0.));
#2592 = PCURVE('',#44,#2593);
#2593 = DEFINITIONAL_REPRESENTATION('',(#2594),#2602);
#2594 = ( BOUNDED_CURVE() B_SPLINE_CURVE(2,(#2595,#2596,#2597,#2598,
#2599,#2600,#2601),.UNSPECIFIED.,.T.,.F.) B_SPLINE_CURVE_WITH_KNOTS((1,2
    ,2,2,2,1),(-2.094395102393,0.,2.094395102393,4.188790204786,
6.28318530718,8.377580409573),.UNSPECIFIED.) CURVE() 
GEOMETRIC_REPRESENTATION_ITEM() RATIONAL_B_SPLINE_CURVE((1.,0.5,1.,0.5,
1.,0.5,1.)) REPRESENTATION_ITEM('') );
#2595 = CARTESIAN_POINT('',(67.,-108.));
#2596 = CARTESIAN_POINT('',(67.,-94.14359353944));
#2597 = CARTESIAN_POINT('',(79.,-101.0717967697));
#2598 = CARTESIAN_POINT('',(91.,-108.));
#2599 = CARTESIAN_POINT('',(79.,-114.9282032302));
#2600 = CARTESIAN_POINT('',(67.,-121.8564064605));
#2601 = CARTESIAN_POINT('',(67.,-108.));
#2602 = ( GEOMETRIC_REPRESENTATION_CONTEXT(2) 
PARAMETRIC_REPRESENTATION_CONTEXT() REPRESENTATION_CONTEXT('2D SPACE',''
  ) );
#2603 = PCURVE('',#2604,#2609);
#2604 = CYLINDRICAL_SURFACE('',#2605,8.);
#2605 = AXIS2_PLACEMENT_3D('',#2606,#2607,#2608);
#2606 = CARTESIAN_POINT('',(75.,-108.,6.));
#2607 = DIRECTION('',(0.,0.,-1.));
#2608 = DIRECTION('',(-1.,0.,0.));
#2609 = DEFINITIONAL_REPRESENTATION('',(#2610),#2614);
#2610 = LINE('',#2611,#2612);
#2611 = CARTESIAN_POINT('',(0.,6.));
#2612 = VECTOR('',#2613,1.);
#2613 = DIRECTION('',(1.,0.));
#2614 = ( GEOMETRIC_REPRESENTATION_CONTEXT(2) 
PARAMETRIC_REPRESENTATION_CONTEXT() REPRESENTATION_CONTEXT('2D SPACE',''
  ) );
#2615 = FACE_BOUND('',#2616,.F.);
#2616 = EDGE_LOOP('',(#2617));
#2617 = ORIENTED_EDGE('',*,*,#2618,.T.);
#2618 = EDGE_CURVE('',#2619,#2619,#2621,.T.);
#2619 = VERTEX_POINT('',#2620);
#2620 = CARTESIAN_POINT('',(86.45,-101.6,0.));
#2621 = SURFACE_CURVE('',#2622,(#2627,#2638),.PCURVE_S1.);
#2622 = CIRCLE('',#2623,2.45);
#2623 = AXIS2_PLACEMENT_3D('',#2624,#2625,#2626);
#2624 = CARTESIAN_POINT('',(88.9,-101.6,0.));
#2625 = DIRECTION('',(0.,0.,-1.));
#2626 = DIRECTION('',(-1.,0.,0.));
#2627 = PCURVE('',#44,#2628);
#2628 = DEFINITIONAL_REPRESENTATION('',(#2629),#2637);
#2629 = ( BOUNDED_CURVE() B_SPLINE_CURVE(2,(#2630,#2631,#2632,#2633,
#2634,#2635,#2636),.UNSPECIFIED.,.T.,.F.) B_SPLINE_CURVE_WITH_KNOTS((1,2
    ,2,2,2,1),(-2.094395102393,0.,2.094395102393,4.188790204786,
6.28318530718,8.377580409573),.UNSPECIFIED.) CURVE() 
GEOMETRIC_REPRESENTATION_ITEM() RATIONAL_B_SPLINE_CURVE((1.,0.5,1.,0.5,
1.,0.5,1.)) REPRESENTATION_ITEM('') );
#2630 = CARTESIAN_POINT('',(86.45,-101.6));
#2631 = CARTESIAN_POINT('',(86.45,-97.35647552145));
#2632 = CARTESIAN_POINT('',(90.125,-99.47823776072));
#2633 = CARTESIAN_POINT('',(93.8,-101.6));
#2634 = CARTESIAN_POINT('',(90.125,-103.7217622392));
#2635 = CARTESIAN_POINT('',(86.45,-105.8435244785));
#2636 = CARTESIAN_POINT('',(86.45,-101.6));
#2637 = ( GEOMETRIC_REPRESENTATION_CONTEXT(2) 
PARAMETRIC_REPRESENTATION_CONTEXT() REPRESENTATION_CONTEXT('2D SPACE',''
  ) );
#2638 = PCURVE('',#2639,#2644);
#2639 = CYLINDRICAL_SURFACE('',#2640,2.45);
#2640 = AXIS2_PLACEMENT_3D('',#2641,#2642,#2643);
#2641 = CARTESIAN_POINT('',(88.9,-101.6,6.));
#2642 = DIRECTION('',(0.,0.,-1.));
#2643 = DIRECTION('',(-1.,0.,0.));
#2644 = DEFINITIONAL_REPRESENTATION('',(#2645),#2649);
#2645 = LINE('',#2646,#2647);
#2646 = CARTESIAN_POINT('',(0.,6.));
#2647 = VECTOR('',#2648,1.);
#2648 = DIRECTION('',(1.,0.));
#2649 = ( GEOMETRIC_REPRESENTATION_CONTEXT(2) 
PARAMETRIC_REPRESENTATION_CONTEXT() REPRESENTATION_CONTEXT('2D SPACE',''
  ) );
#2650 = FACE_BOUND('',#2651,.F.);
#2651 = EDGE_LOOP('',(#2652));
#2652 = ORIENTED_EDGE('',*,*,#2653,.T.);
#2653 = EDGE_CURVE('',#2654,#2654,#2656,.T.);
#2654 = VERTEX_POINT('',#2655);
#2655 = CARTESIAN_POINT('',(48.35,-88.9,0.));
#2656 = SURFACE_CURVE('',#2657,(#2662,#2673),.PCURVE_S1.);
#2657 = CIRCLE('',#2658,2.45);
#2658 = AXIS2_PLACEMENT_3D('',#2659,#2660,#2661);
#2659 = CARTESIAN_POINT('',(50.8,-88.9,0.));
#2660 = DIRECTION('',(0.,0.,-1.));
#2661 = DIRECTION('',(-1.,0.,0.));
#2662 = PCURVE('',#44,#2663);
#2663 = DEFINITIONAL_REPRESENTATION('',(#2664),#2672);
#2664 = ( BOUNDED_CURVE() B_SPLINE_CURVE(2,(#2665,#2666,#2667,#2668,
#2669,#2670,#2671),.UNSPECIFIED.,.T.,.F.) B_SPLINE_CURVE_WITH_KNOTS((1,2
    ,2,2,2,1),(-2.094395102393,0.,2.094395102393,4.188790204786,
6.28318530718,8.377580409573),.UNSPECIFIED.) CURVE() 
GEOMETRIC_REPRESENTATION_ITEM() RATIONAL_B_SPLINE_CURVE((1.,0.5,1.,0.5,
1.,0.5,1.)) REPRESENTATION_ITEM('') );
#2665 = CARTESIAN_POINT('',(48.35,-88.9));
#2666 = CARTESIAN_POINT('',(48.35,-84.65647552145));
#2667 = CARTESIAN_POINT('',(52.025,-86.77823776072));
#2668 = CARTESIAN_POINT('',(55.7,-88.9));
#2669 = CARTESIAN_POINT('',(52.025,-91.02176223927));
#2670 = CARTESIAN_POINT('',(48.35,-93.14352447854));
#2671 = CARTESIAN_POINT('',(48.35,-88.9));
#2672 = ( GEOMETRIC_REPRESENTATION_CONTEXT(2) 
PARAMETRIC_REPRESENTATION_CONTEXT() REPRESENTATION_CONTEXT('2D SPACE',''
  ) );
#2673 = PCURVE('',#2674,#2679);
#2674 = CYLINDRICAL_SURFACE('',#2675,2.45);
#2675 = AXIS2_PLACEMENT_3D('',#2676,#2677,#2678);
#2676 = CARTESIAN_POINT('',(50.8,-88.9,6.));
#2677 = DIRECTION('',(0.,0.,-1.));
#2678 = DIRECTION('',(-1.,0.,0.));
#2679 = DEFINITIONAL_REPRESENTATION('',(#2680),#2684);
#2680 = LINE('',#2681,#2682);
#2681 = CARTESIAN_POINT('',(0.,6.));
#2682 = VECTOR('',#2683,1.);
#2683 = DIRECTION('',(1.,0.));
#2684 = ( GEOMETRIC_REPRESENTATION_CONTEXT(2) 
PARAMETRIC_REPRESENTATION_CONTEXT() REPRESENTATION_CONTEXT('2D SPACE',''
  ) );
#2685 = FACE_BOUND('',#2686,.F.);
#2686 = EDGE_LOOP('',(#2687));
#2687 = ORIENTED_EDGE('',*,*,#2688,.T.);
#2688 = EDGE_CURVE('',#2689,#2689,#2691,.T.);
#2689 = VERTEX_POINT('',#2690);
#2690 = CARTESIAN_POINT('',(61.05,-88.9,0.));
#2691 = SURFACE_CURVE('',#2692,(#2697,#2708),.PCURVE_S1.);
#2692 = CIRCLE('',#2693,2.45);
#2693 = AXIS2_PLACEMENT_3D('',#2694,#2695,#2696);
#2694 = CARTESIAN_POINT('',(63.5,-88.9,0.));
#2695 = DIRECTION('',(0.,0.,-1.));
#2696 = DIRECTION('',(-1.,0.,0.));
#2697 = PCURVE('',#44,#2698);
#2698 = DEFINITIONAL_REPRESENTATION('',(#2699),#2707);
#2699 = ( BOUNDED_CURVE() B_SPLINE_CURVE(2,(#2700,#2701,#2702,#2703,
#2704,#2705,#2706),.UNSPECIFIED.,.T.,.F.) B_SPLINE_CURVE_WITH_KNOTS((1,2
    ,2,2,2,1),(-2.094395102393,0.,2.094395102393,4.188790204786,
6.28318530718,8.377580409573),.UNSPECIFIED.) CURVE() 
GEOMETRIC_REPRESENTATION_ITEM() RATIONAL_B_SPLINE_CURVE((1.,0.5,1.,0.5,
1.,0.5,1.)) REPRESENTATION_ITEM('') );
#2700 = CARTESIAN_POINT('',(61.05,-88.9));
#2701 = CARTESIAN_POINT('',(61.05,-84.65647552145));
#2702 = CARTESIAN_POINT('',(64.725,-86.77823776072));
#2703 = CARTESIAN_POINT('',(68.4,-88.9));
#2704 = CARTESIAN_POINT('',(64.725,-91.02176223927));
#2705 = CARTESIAN_POINT('',(61.05,-93.14352447854));
#2706 = CARTESIAN_POINT('',(61.05,-88.9));
#2707 = ( GEOMETRIC_REPRESENTATION_CONTEXT(2) 
PARAMETRIC_REPRESENTATION_CONTEXT() REPRESENTATION_CONTEXT('2D SPACE',''
  ) );
#2708 = PCURVE('',#2709,#2714);
#2709 = CYLINDRICAL_SURFACE('',#2710,2.45);
#2710 = AXIS2_PLACEMENT_3D('',#2711,#2712,#2713);
#2711 = CARTESIAN_POINT('',(63.5,-88.9,6.));
#2712 = DIRECTION('',(0.,0.,-1.));
#2713 = DIRECTION('',(-1.,0.,0.));
#2714 = DEFINITIONAL_REPRESENTATION('',(#2715),#2719);
#2715 = LINE('',#2716,#2717);
#2716 = CARTESIAN_POINT('',(0.,6.));
#2717 = VECTOR('',#2718,1.);
#2718 = DIRECTION('',(1.,0.));
#2719 = ( GEOMETRIC_REPRESENTATION_CONTEXT(2) 
PARAMETRIC_REPRESENTATION_CONTEXT() REPRESENTATION_CONTEXT('2D SPACE',''
  ) );
#2720 = FACE_BOUND('',#2721,.F.);
#2721 = EDGE_LOOP('',(#2722));
#2722 = ORIENTED_EDGE('',*,*,#2723,.T.);
#2723 = EDGE_CURVE('',#2724,#2724,#2726,.T.);
#2724 = VERTEX_POINT('',#2725);
#2725 = CARTESIAN_POINT('',(61.05,-76.2,0.));
#2726 = SURFACE_CURVE('',#2727,(#2732,#2743),.PCURVE_S1.);
#2727 = CIRCLE('',#2728,2.45);
#2728 = AXIS2_PLACEMENT_3D('',#2729,#2730,#2731);
#2729 = CARTESIAN_POINT('',(63.5,-76.2,0.));
#2730 = DIRECTION('',(0.,0.,-1.));
#2731 = DIRECTION('',(-1.,0.,0.));
#2732 = PCURVE('',#44,#2733);
#2733 = DEFINITIONAL_REPRESENTATION('',(#2734),#2742);
#2734 = ( BOUNDED_CURVE() B_SPLINE_CURVE(2,(#2735,#2736,#2737,#2738,
#2739,#2740,#2741),.UNSPECIFIED.,.T.,.F.) B_SPLINE_CURVE_WITH_KNOTS((1,2
    ,2,2,2,1),(-2.094395102393,0.,2.094395102393,4.188790204786,
6.28318530718,8.377580409573),.UNSPECIFIED.) CURVE() 
GEOMETRIC_REPRESENTATION_ITEM() RATIONAL_B_SPLINE_CURVE((1.,0.5,1.,0.5,
1.,0.5,1.)) REPRESENTATION_ITEM('') );
#2735 = CARTESIAN_POINT('',(61.05,-76.2));
#2736 = CARTESIAN_POINT('',(61.05,-71.95647552145));
#2737 = CARTESIAN_POINT('',(64.725,-74.07823776072));
#2738 = CARTESIAN_POINT('',(68.4,-76.2));
#2739 = CARTESIAN_POINT('',(64.725,-78.32176223927));
#2740 = CARTESIAN_POINT('',(61.05,-80.44352447854));
#2741 = CARTESIAN_POINT('',(61.05,-76.2));
#2742 = ( GEOMETRIC_REPRESENTATION_CONTEXT(2) 
PARAMETRIC_REPRESENTATION_CONTEXT() REPRESENTATION_CONTEXT('2D SPACE',''
  ) );
#2743 = PCURVE('',#2744,#2749);
#2744 = CYLINDRICAL_SURFACE('',#2745,2.45);
#2745 = AXIS2_PLACEMENT_3D('',#2746,#2747,#2748);
#2746 = CARTESIAN_POINT('',(63.5,-76.2,6.));
#2747 = DIRECTION('',(0.,0.,-1.));
#2748 = DIRECTION('',(-1.,0.,0.));
#2749 = DEFINITIONAL_REPRESENTATION('',(#2750),#2754);
#2750 = LINE('',#2751,#2752);
#2751 = CARTESIAN_POINT('',(0.,6.));
#2752 = VECTOR('',#2753,1.);
#2753 = DIRECTION('',(1.,0.));
#2754 = ( GEOMETRIC_REPRESENTATION_CONTEXT(2) 
PARAMETRIC_REPRESENTATION_CONTEXT() REPRESENTATION_CONTEXT('2D SPACE',''
  ) );
#2755 = FACE_BOUND('',#2756,.F.);
#2756 = EDGE_LOOP('',(#2757));
#2757 = ORIENTED_EDGE('',*,*,#2758,.T.);
#2758 = EDGE_CURVE('',#2759,#2759,#2761,.T.);
#2759 = VERTEX_POINT('',#2760);
#2760 = CARTESIAN_POINT('',(73.75,-88.9,0.));
#2761 = SURFACE_CURVE('',#2762,(#2767,#2778),.PCURVE_S1.);
#2762 = CIRCLE('',#2763,2.45);
#2763 = AXIS2_PLACEMENT_3D('',#2764,#2765,#2766);
#2764 = CARTESIAN_POINT('',(76.2,-88.9,0.));
#2765 = DIRECTION('',(0.,0.,-1.));
#2766 = DIRECTION('',(-1.,0.,0.));
#2767 = PCURVE('',#44,#2768);
#2768 = DEFINITIONAL_REPRESENTATION('',(#2769),#2777);
#2769 = ( BOUNDED_CURVE() B_SPLINE_CURVE(2,(#2770,#2771,#2772,#2773,
#2774,#2775,#2776),.UNSPECIFIED.,.T.,.F.) B_SPLINE_CURVE_WITH_KNOTS((1,2
    ,2,2,2,1),(-2.094395102393,0.,2.094395102393,4.188790204786,
6.28318530718,8.377580409573),.UNSPECIFIED.) CURVE() 
GEOMETRIC_REPRESENTATION_ITEM() RATIONAL_B_SPLINE_CURVE((1.,0.5,1.,0.5,
1.,0.5,1.)) REPRESENTATION_ITEM('') );
#2770 = CARTESIAN_POINT('',(73.75,-88.9));
#2771 = CARTESIAN_POINT('',(73.75,-84.65647552145));
#2772 = CARTESIAN_POINT('',(77.425,-86.77823776072));
#2773 = CARTESIAN_POINT('',(81.1,-88.9));
#2774 = CARTESIAN_POINT('',(77.425,-91.02176223927));
#2775 = CARTESIAN_POINT('',(73.75,-93.14352447854));
#2776 = CARTESIAN_POINT('',(73.75,-88.9));
#2777 = ( GEOMETRIC_REPRESENTATION_CONTEXT(2) 
PARAMETRIC_REPRESENTATION_CONTEXT() REPRESENTATION_CONTEXT('2D SPACE',''
  ) );
#2778 = PCURVE('',#2779,#2784);
#2779 = CYLINDRICAL_SURFACE('',#2780,2.45);
#2780 = AXIS2_PLACEMENT_3D('',#2781,#2782,#2783);
#2781 = CARTESIAN_POINT('',(76.2,-88.9,6.));
#2782 = DIRECTION('',(0.,0.,-1.));
#2783 = DIRECTION('',(-1.,0.,0.));
#2784 = DEFINITIONAL_REPRESENTATION('',(#2785),#2789);
#2785 = LINE('',#2786,#2787);
#2786 = CARTESIAN_POINT('',(0.,6.));
#2787 = VECTOR('',#2788,1.);
#2788 = DIRECTION('',(1.,0.));
#2789 = ( GEOMETRIC_REPRESENTATION_CONTEXT(2) 
PARAMETRIC_REPRESENTATION_CONTEXT() REPRESENTATION_CONTEXT('2D SPACE',''
  ) );
#2790 = FACE_BOUND('',#2791,.F.);
#2791 = EDGE_LOOP('',(#2792));
#2792 = ORIENTED_EDGE('',*,*,#2793,.T.);
#2793 = EDGE_CURVE('',#2794,#2794,#2796,.T.);
#2794 = VERTEX_POINT('',#2795);
#2795 = CARTESIAN_POINT('',(86.45,-88.9,0.));
#2796 = SURFACE_CURVE('',#2797,(#2802,#2813),.PCURVE_S1.);
#2797 = CIRCLE('',#2798,2.45);
#2798 = AXIS2_PLACEMENT_3D('',#2799,#2800,#2801);
#2799 = CARTESIAN_POINT('',(88.9,-88.9,0.));
#2800 = DIRECTION('',(0.,0.,-1.));
#2801 = DIRECTION('',(-1.,0.,0.));
#2802 = PCURVE('',#44,#2803);
#2803 = DEFINITIONAL_REPRESENTATION('',(#2804),#2812);
#2804 = ( BOUNDED_CURVE() B_SPLINE_CURVE(2,(#2805,#2806,#2807,#2808,
#2809,#2810,#2811),.UNSPECIFIED.,.T.,.F.) B_SPLINE_CURVE_WITH_KNOTS((1,2
    ,2,2,2,1),(-2.094395102393,0.,2.094395102393,4.188790204786,
6.28318530718,8.377580409573),.UNSPECIFIED.) CURVE() 
GEOMETRIC_REPRESENTATION_ITEM() RATIONAL_B_SPLINE_CURVE((1.,0.5,1.,0.5,
1.,0.5,1.)) REPRESENTATION_ITEM('') );
#2805 = CARTESIAN_POINT('',(86.45,-88.9));
#2806 = CARTESIAN_POINT('',(86.45,-84.65647552145));
#2807 = CARTESIAN_POINT('',(90.125,-86.77823776072));
#2808 = CARTESIAN_POINT('',(93.8,-88.9));
#2809 = CARTESIAN_POINT('',(90.125,-91.02176223927));
#2810 = CARTESIAN_POINT('',(86.45,-93.14352447854));
#2811 = CARTESIAN_POINT('',(86.45,-88.9));
#2812 = ( GEOMETRIC_REPRESENTATION_CONTEXT(2) 
PARAMETRIC_REPRESENTATION_CONTEXT() REPRESENTATION_CONTEXT('2D SPACE',''
  ) );
#2813 = PCURVE('',#2814,#2819);
#2814 = CYLINDRICAL_SURFACE('',#2815,2.45);
#2815 = AXIS2_PLACEMENT_3D('',#2816,#2817,#2818);
#2816 = CARTESIAN_POINT('',(88.9,-88.9,6.));
#2817 = DIRECTION('',(0.,0.,-1.));
#2818 = DIRECTION('',(-1.,0.,0.));
#2819 = DEFINITIONAL_REPRESENTATION('',(#2820),#2824);
#2820 = LINE('',#2821,#2822);
#2821 = CARTESIAN_POINT('',(0.,6.));
#2822 = VECTOR('',#2823,1.);
#2823 = DIRECTION('',(1.,0.));
#2824 = ( GEOMETRIC_REPRESENTATION_CONTEXT(2) 
PARAMETRIC_REPRESENTATION_CONTEXT() REPRESENTATION_CONTEXT('2D SPACE',''
  ) );
#2825 = FACE_BOUND('',#2826,.F.);
#2826 = EDGE_LOOP('',(#2827));
#2827 = ORIENTED_EDGE('',*,*,#2828,.T.);
#2828 = EDGE_CURVE('',#2829,#2829,#2831,.T.);
#2829 = VERTEX_POINT('',#2830);
#2830 = CARTESIAN_POINT('',(73.75,-76.2,0.));
#2831 = SURFACE_CURVE('',#2832,(#2837,#2848),.PCURVE_S1.);
#2832 = CIRCLE('',#2833,2.45);
#2833 = AXIS2_PLACEMENT_3D('',#2834,#2835,#2836);
#2834 = CARTESIAN_POINT('',(76.2,-76.2,0.));
#2835 = DIRECTION('',(0.,0.,-1.));
#2836 = DIRECTION('',(-1.,0.,0.));
#2837 = PCURVE('',#44,#2838);
#2838 = DEFINITIONAL_REPRESENTATION('',(#2839),#2847);
#2839 = ( BOUNDED_CURVE() B_SPLINE_CURVE(2,(#2840,#2841,#2842,#2843,
#2844,#2845,#2846),.UNSPECIFIED.,.T.,.F.) B_SPLINE_CURVE_WITH_KNOTS((1,2
    ,2,2,2,1),(-2.094395102393,0.,2.094395102393,4.188790204786,
6.28318530718,8.377580409573),.UNSPECIFIED.) CURVE() 
GEOMETRIC_REPRESENTATION_ITEM() RATIONAL_B_SPLINE_CURVE((1.,0.5,1.,0.5,
1.,0.5,1.)) REPRESENTATION_ITEM('') );
#2840 = CARTESIAN_POINT('',(73.75,-76.2));
#2841 = CARTESIAN_POINT('',(73.75,-71.95647552145));
#2842 = CARTESIAN_POINT('',(77.425,-74.07823776072));
#2843 = CARTESIAN_POINT('',(81.1,-76.2));
#2844 = CARTESIAN_POINT('',(77.425,-78.32176223927));
#2845 = CARTESIAN_POINT('',(73.75,-80.44352447854));
#2846 = CARTESIAN_POINT('',(73.75,-76.2));
#2847 = ( GEOMETRIC_REPRESENTATION_CONTEXT(2) 
PARAMETRIC_REPRESENTATION_CONTEXT() REPRESENTATION_CONTEXT('2D SPACE',''
  ) );
#2848 = PCURVE('',#2849,#2854);
#2849 = CYLINDRICAL_SURFACE('',#2850,2.45);
#2850 = AXIS2_PLACEMENT_3D('',#2851,#2852,#2853);
#2851 = CARTESIAN_POINT('',(76.2,-76.2,6.));
#2852 = DIRECTION('',(0.,0.,-1.));
#2853 = DIRECTION('',(-1.,0.,0.));
#2854 = DEFINITIONAL_REPRESENTATION('',(#2855),#2859);
#2855 = LINE('',#2856,#2857);
#2856 = CARTESIAN_POINT('',(0.,6.));
#2857 = VECTOR('',#2858,1.);
#2858 = DIRECTION('',(1.,0.));
#2859 = ( GEOMETRIC_REPRESENTATION_CONTEXT(2) 
PARAMETRIC_REPRESENTATION_CONTEXT() REPRESENTATION_CONTEXT('2D SPACE',''
  ) );
#2860 = FACE_BOUND('',#2861,.F.);
#2861 = EDGE_LOOP('',(#2862));
#2862 = ORIENTED_EDGE('',*,*,#2863,.T.);
#2863 = EDGE_CURVE('',#2864,#2864,#2866,.T.);
#2864 = VERTEX_POINT('',#2865);
#2865 = CARTESIAN_POINT('',(86.45,-76.2,0.));
#2866 = SURFACE_CURVE('',#2867,(#2872,#2883),.PCURVE_S1.);
#2867 = CIRCLE('',#2868,2.45);
#2868 = AXIS2_PLACEMENT_3D('',#2869,#2870,#2871);
#2869 = CARTESIAN_POINT('',(88.9,-76.2,0.));
#2870 = DIRECTION('',(0.,0.,-1.));
#2871 = DIRECTION('',(-1.,0.,0.));
#2872 = PCURVE('',#44,#2873);
#2873 = DEFINITIONAL_REPRESENTATION('',(#2874),#2882);
#2874 = ( BOUNDED_CURVE() B_SPLINE_CURVE(2,(#2875,#2876,#2877,#2878,
#2879,#2880,#2881),.UNSPECIFIED.,.T.,.F.) B_SPLINE_CURVE_WITH_KNOTS((1,2
    ,2,2,2,1),(-2.094395102393,0.,2.094395102393,4.188790204786,
6.28318530718,8.377580409573),.UNSPECIFIED.) CURVE() 
GEOMETRIC_REPRESENTATION_ITEM() RATIONAL_B_SPLINE_CURVE((1.,0.5,1.,0.5,
1.,0.5,1.)) REPRESENTATION_ITEM('') );
#2875 = CARTESIAN_POINT('',(86.45,-76.2));
#2876 = CARTESIAN_POINT('',(86.45,-71.95647552145));
#2877 = CARTESIAN_POINT('',(90.125,-74.07823776072));
#2878 = CARTESIAN_POINT('',(93.8,-76.2));
#2879 = CARTESIAN_POINT('',(90.125,-78.32176223927));
#2880 = CARTESIAN_POINT('',(86.45,-80.44352447854));
#2881 = CARTESIAN_POINT('',(86.45,-76.2));
#2882 = ( GEOMETRIC_REPRESENTATION_CONTEXT(2) 
PARAMETRIC_REPRESENTATION_CONTEXT() REPRESENTATION_CONTEXT('2D SPACE',''
  ) );
#2883 = PCURVE('',#2884,#2889);
#2884 = CYLINDRICAL_SURFACE('',#2885,2.45);
#2885 = AXIS2_PLACEMENT_3D('',#2886,#2887,#2888);
#2886 = CARTESIAN_POINT('',(88.9,-76.2,6.));
#2887 = DIRECTION('',(0.,0.,-1.));
#2888 = DIRECTION('',(-1.,0.,0.));
#2889 = DEFINITIONAL_REPRESENTATION('',(#2890),#2894);
#2890 = LINE('',#2891,#2892);
#2891 = CARTESIAN_POINT('',(0.,6.));
#2892 = VECTOR('',#2893,1.);
#2893 = DIRECTION('',(1.,0.));
#2894 = ( GEOMETRIC_REPRESENTATION_CONTEXT(2) 
PARAMETRIC_REPRESENTATION_CONTEXT() REPRESENTATION_CONTEXT('2D SPACE',''
  ) );
#2895 = FACE_BOUND('',#2896,.F.);
#2896 = EDGE_LOOP('',(#2897));
#2897 = ORIENTED_EDGE('',*,*,#2898,.T.);
#2898 = EDGE_CURVE('',#2899,#2899,#2901,.T.);
#2899 = VERTEX_POINT('',#2900);
#2900 = CARTESIAN_POINT('',(61.05,-63.5,0.));
#2901 = SURFACE_CURVE('',#2902,(#2907,#2918),.PCURVE_S1.);
#2902 = CIRCLE('',#2903,2.45);
#2903 = AXIS2_PLACEMENT_3D('',#2904,#2905,#2906);
#2904 = CARTESIAN_POINT('',(63.5,-63.5,0.));
#2905 = DIRECTION('',(0.,0.,-1.));
#2906 = DIRECTION('',(-1.,0.,0.));
#2907 = PCURVE('',#44,#2908);
#2908 = DEFINITIONAL_REPRESENTATION('',(#2909),#2917);
#2909 = ( BOUNDED_CURVE() B_SPLINE_CURVE(2,(#2910,#2911,#2912,#2913,
#2914,#2915,#2916),.UNSPECIFIED.,.T.,.F.) B_SPLINE_CURVE_WITH_KNOTS((1,2
    ,2,2,2,1),(-2.094395102393,0.,2.094395102393,4.188790204786,
6.28318530718,8.377580409573),.UNSPECIFIED.) CURVE() 
GEOMETRIC_REPRESENTATION_ITEM() RATIONAL_B_SPLINE_CURVE((1.,0.5,1.,0.5,
1.,0.5,1.)) REPRESENTATION_ITEM('') );
#2910 = CARTESIAN_POINT('',(61.05,-63.5));
#2911 = CARTESIAN_POINT('',(61.05,-59.25647552145));
#2912 = CARTESIAN_POINT('',(64.725,-61.37823776072));
#2913 = CARTESIAN_POINT('',(68.4,-63.5));
#2914 = CARTESIAN_POINT('',(64.725,-65.62176223927));
#2915 = CARTESIAN_POINT('',(61.05,-67.74352447854));
#2916 = CARTESIAN_POINT('',(61.05,-63.5));
#2917 = ( GEOMETRIC_REPRESENTATION_CONTEXT(2) 
PARAMETRIC_REPRESENTATION_CONTEXT() REPRESENTATION_CONTEXT('2D SPACE',''
  ) );
#2918 = PCURVE('',#2919,#2924);
#2919 = CYLINDRICAL_SURFACE('',#2920,2.45);
#2920 = AXIS2_PLACEMENT_3D('',#2921,#2922,#2923);
#2921 = CARTESIAN_POINT('',(63.5,-63.5,6.));
#2922 = DIRECTION('',(0.,0.,-1.));
#2923 = DIRECTION('',(-1.,0.,0.));
#2924 = DEFINITIONAL_REPRESENTATION('',(#2925),#2929);
#2925 = LINE('',#2926,#2927);
#2926 = CARTESIAN_POINT('',(0.,6.));
#2927 = VECTOR('',#2928,1.);
#2928 = DIRECTION('',(1.,0.));
#2929 = ( GEOMETRIC_REPRESENTATION_CONTEXT(2) 
PARAMETRIC_REPRESENTATION_CONTEXT() REPRESENTATION_CONTEXT('2D SPACE',''
  ) );
#2930 = FACE_BOUND('',#2931,.F.);
#2931 = EDGE_LOOP('',(#2932));
#2932 = ORIENTED_EDGE('',*,*,#2933,.T.);
#2933 = EDGE_CURVE('',#2934,#2934,#2936,.T.);
#2934 = VERTEX_POINT('',#2935);
#2935 = CARTESIAN_POINT('',(61.05,-50.8,0.));
#2936 = SURFACE_CURVE('',#2937,(#2942,#2953),.PCURVE_S1.);
#2937 = CIRCLE('',#2938,2.45);
#2938 = AXIS2_PLACEMENT_3D('',#2939,#2940,#2941);
#2939 = CARTESIAN_POINT('',(63.5,-50.8,0.));
#2940 = DIRECTION('',(0.,0.,-1.));
#2941 = DIRECTION('',(-1.,0.,0.));
#2942 = PCURVE('',#44,#2943);
#2943 = DEFINITIONAL_REPRESENTATION('',(#2944),#2952);
#2944 = ( BOUNDED_CURVE() B_SPLINE_CURVE(2,(#2945,#2946,#2947,#2948,
#2949,#2950,#2951),.UNSPECIFIED.,.T.,.F.) B_SPLINE_CURVE_WITH_KNOTS((1,2
    ,2,2,2,1),(-2.094395102393,0.,2.094395102393,4.188790204786,
6.28318530718,8.377580409573),.UNSPECIFIED.) CURVE() 
GEOMETRIC_REPRESENTATION_ITEM() RATIONAL_B_SPLINE_CURVE((1.,0.5,1.,0.5,
1.,0.5,1.)) REPRESENTATION_ITEM('') );
#2945 = CARTESIAN_POINT('',(61.05,-50.8));
#2946 = CARTESIAN_POINT('',(61.05,-46.55647552145));
#2947 = CARTESIAN_POINT('',(64.725,-48.67823776072));
#2948 = CARTESIAN_POINT('',(68.4,-50.8));
#2949 = CARTESIAN_POINT('',(64.725,-52.92176223927));
#2950 = CARTESIAN_POINT('',(61.05,-55.04352447854));
#2951 = CARTESIAN_POINT('',(61.05,-50.8));
#2952 = ( GEOMETRIC_REPRESENTATION_CONTEXT(2) 
PARAMETRIC_REPRESENTATION_CONTEXT() REPRESENTATION_CONTEXT('2D SPACE',''
  ) );
#2953 = PCURVE('',#2954,#2959);
#2954 = CYLINDRICAL_SURFACE('',#2955,2.45);
#2955 = AXIS2_PLACEMENT_3D('',#2956,#2957,#2958);
#2956 = CARTESIAN_POINT('',(63.5,-50.8,6.));
#2957 = DIRECTION('',(0.,0.,-1.));
#2958 = DIRECTION('',(-1.,0.,0.));
#2959 = DEFINITIONAL_REPRESENTATION('',(#2960),#2964);
#2960 = LINE('',#2961,#2962);
#2961 = CARTESIAN_POINT('',(0.,6.));
#2962 = VECTOR('',#2963,1.);
#2963 = DIRECTION('',(1.,0.));
#2964 = ( GEOMETRIC_REPRESENTATION_CONTEXT(2) 
PARAMETRIC_REPRESENTATION_CONTEXT() REPRESENTATION_CONTEXT('2D SPACE',''
  ) );
#2965 = FACE_BOUND('',#2966,.F.);
#2966 = EDGE_LOOP('',(#2967));
#2967 = ORIENTED_EDGE('',*,*,#2968,.T.);
#2968 = EDGE_CURVE('',#2969,#2969,#2971,.T.);
#2969 = VERTEX_POINT('',#2970);
#2970 = CARTESIAN_POINT('',(61.05,-38.1,0.));
#2971 = SURFACE_CURVE('',#2972,(#2977,#2988),.PCURVE_S1.);
#2972 = CIRCLE('',#2973,2.45);
#2973 = AXIS2_PLACEMENT_3D('',#2974,#2975,#2976);
#2974 = CARTESIAN_POINT('',(63.5,-38.1,0.));
#2975 = DIRECTION('',(0.,0.,-1.));
#2976 = DIRECTION('',(-1.,0.,0.));
#2977 = PCURVE('',#44,#2978);
#2978 = DEFINITIONAL_REPRESENTATION('',(#2979),#2987);
#2979 = ( BOUNDED_CURVE() B_SPLINE_CURVE(2,(#2980,#2981,#2982,#2983,
#2984,#2985,#2986),.UNSPECIFIED.,.T.,.F.) B_SPLINE_CURVE_WITH_KNOTS((1,2
    ,2,2,2,1),(-2.094395102393,0.,2.094395102393,4.188790204786,
6.28318530718,8.377580409573),.UNSPECIFIED.) CURVE() 
GEOMETRIC_REPRESENTATION_ITEM() RATIONAL_B_SPLINE_CURVE((1.,0.5,1.,0.5,
1.,0.5,1.)) REPRESENTATION_ITEM('') );
#2980 = CARTESIAN_POINT('',(61.05,-38.1));
#2981 = CARTESIAN_POINT('',(61.05,-33.85647552145));
#2982 = CARTESIAN_POINT('',(64.725,-35.97823776072));
#2983 = CARTESIAN_POINT('',(68.4,-38.1));
#2984 = CARTESIAN_POINT('',(64.725,-40.22176223927));
#2985 = CARTESIAN_POINT('',(61.05,-42.34352447854));
#2986 = CARTESIAN_POINT('',(61.05,-38.1));
#2987 = ( GEOMETRIC_REPRESENTATION_CONTEXT(2) 
PARAMETRIC_REPRESENTATION_CONTEXT() REPRESENTATION_CONTEXT('2D SPACE',''
  ) );
#2988 = PCURVE('',#2989,#2994);
#2989 = CYLINDRICAL_SURFACE('',#2990,2.45);
#2990 = AXIS2_PLACEMENT_3D('',#2991,#2992,#2993);
#2991 = CARTESIAN_POINT('',(63.5,-38.1,6.));
#2992 = DIRECTION('',(0.,0.,-1.));
#2993 = DIRECTION('',(-1.,0.,0.));
#2994 = DEFINITIONAL_REPRESENTATION('',(#2995),#2999);
#2995 = LINE('',#2996,#2997);
#2996 = CARTESIAN_POINT('',(0.,6.));
#2997 = VECTOR('',#2998,1.);
#2998 = DIRECTION('',(1.,0.));
#2999 = ( GEOMETRIC_REPRESENTATION_CONTEXT(2) 
PARAMETRIC_REPRESENTATION_CONTEXT() REPRESENTATION_CONTEXT('2D SPACE',''
  ) );
#3000 = FACE_BOUND('',#3001,.F.);
#3001 = EDGE_LOOP('',(#3002));
#3002 = ORIENTED_EDGE('',*,*,#3003,.T.);
#3003 = EDGE_CURVE('',#3004,#3004,#3006,.T.);
#3004 = VERTEX_POINT('',#3005);
#3005 = CARTESIAN_POINT('',(73.75,-63.5,0.));
#3006 = SURFACE_CURVE('',#3007,(#3012,#3023),.PCURVE_S1.);
#3007 = CIRCLE('',#3008,2.45);
#3008 = AXIS2_PLACEMENT_3D('',#3009,#3010,#3011);
#3009 = CARTESIAN_POINT('',(76.2,-63.5,0.));
#3010 = DIRECTION('',(0.,0.,-1.));
#3011 = DIRECTION('',(-1.,0.,0.));
#3012 = PCURVE('',#44,#3013);
#3013 = DEFINITIONAL_REPRESENTATION('',(#3014),#3022);
#3014 = ( BOUNDED_CURVE() B_SPLINE_CURVE(2,(#3015,#3016,#3017,#3018,
#3019,#3020,#3021),.UNSPECIFIED.,.T.,.F.) B_SPLINE_CURVE_WITH_KNOTS((1,2
    ,2,2,2,1),(-2.094395102393,0.,2.094395102393,4.188790204786,
6.28318530718,8.377580409573),.UNSPECIFIED.) CURVE() 
GEOMETRIC_REPRESENTATION_ITEM() RATIONAL_B_SPLINE_CURVE((1.,0.5,1.,0.5,
1.,0.5,1.)) REPRESENTATION_ITEM('') );
#3015 = CARTESIAN_POINT('',(73.75,-63.5));
#3016 = CARTESIAN_POINT('',(73.75,-59.25647552145));
#3017 = CARTESIAN_POINT('',(77.425,-61.37823776072));
#3018 = CARTESIAN_POINT('',(81.1,-63.5));
#3019 = CARTESIAN_POINT('',(77.425,-65.62176223927));
#3020 = CARTESIAN_POINT('',(73.75,-67.74352447854));
#3021 = CARTESIAN_POINT('',(73.75,-63.5));
#3022 = ( GEOMETRIC_REPRESENTATION_CONTEXT(2) 
PARAMETRIC_REPRESENTATION_CONTEXT() REPRESENTATION_CONTEXT('2D SPACE',''
  ) );
#3023 = PCURVE('',#3024,#3029);
#3024 = CYLINDRICAL_SURFACE('',#3025,2.45);
#3025 = AXIS2_PLACEMENT_3D('',#3026,#3027,#3028);
#3026 = CARTESIAN_POINT('',(76.2,-63.5,6.));
#3027 = DIRECTION('',(0.,0.,-1.));
#3028 = DIRECTION('',(-1.,0.,0.));
#3029 = DEFINITIONAL_REPRESENTATION('',(#3030),#3034);
#3030 = LINE('',#3031,#3032);
#3031 = CARTESIAN_POINT('',(0.,6.));
#3032 = VECTOR('',#3033,1.);
#3033 = DIRECTION('',(1.,0.));
#3034 = ( GEOMETRIC_REPRESENTATION_CONTEXT(2) 
PARAMETRIC_REPRESENTATION_CONTEXT() REPRESENTATION_CONTEXT('2D SPACE',''
  ) );
#3035 = FACE_BOUND('',#3036,.F.);
#3036 = EDGE_LOOP('',(#3037));
#3037 = ORIENTED_EDGE('',*,*,#3038,.T.);
#3038 = EDGE_CURVE('',#3039,#3039,#3041,.T.);
#3039 = VERTEX_POINT('',#3040);
#3040 = CARTESIAN_POINT('',(73.75,-50.8,0.));
#3041 = SURFACE_CURVE('',#3042,(#3047,#3058),.PCURVE_S1.);
#3042 = CIRCLE('',#3043,2.45);
#3043 = AXIS2_PLACEMENT_3D('',#3044,#3045,#3046);
#3044 = CARTESIAN_POINT('',(76.2,-50.8,0.));
#3045 = DIRECTION('',(0.,0.,-1.));
#3046 = DIRECTION('',(-1.,0.,0.));
#3047 = PCURVE('',#44,#3048);
#3048 = DEFINITIONAL_REPRESENTATION('',(#3049),#3057);
#3049 = ( BOUNDED_CURVE() B_SPLINE_CURVE(2,(#3050,#3051,#3052,#3053,
#3054,#3055,#3056),.UNSPECIFIED.,.T.,.F.) B_SPLINE_CURVE_WITH_KNOTS((1,2
    ,2,2,2,1),(-2.094395102393,0.,2.094395102393,4.188790204786,
6.28318530718,8.377580409573),.UNSPECIFIED.) CURVE() 
GEOMETRIC_REPRESENTATION_ITEM() RATIONAL_B_SPLINE_CURVE((1.,0.5,1.,0.5,
1.,0.5,1.)) REPRESENTATION_ITEM('') );
#3050 = CARTESIAN_POINT('',(73.75,-50.8));
#3051 = CARTESIAN_POINT('',(73.75,-46.55647552145));
#3052 = CARTESIAN_POINT('',(77.425,-48.67823776072));
#3053 = CARTESIAN_POINT('',(81.1,-50.8));
#3054 = CARTESIAN_POINT('',(77.425,-52.92176223927));
#3055 = CARTESIAN_POINT('',(73.75,-55.04352447854));
#3056 = CARTESIAN_POINT('',(73.75,-50.8));
#3057 = ( GEOMETRIC_REPRESENTATION_CONTEXT(2) 
PARAMETRIC_REPRESENTATION_CONTEXT() REPRESENTATION_CONTEXT('2D SPACE',''
  ) );
#3058 = PCURVE('',#3059,#3064);
#3059 = CYLINDRICAL_SURFACE('',#3060,2.45);
#3060 = AXIS2_PLACEMENT_3D('',#3061,#3062,#3063);
#3061 = CARTESIAN_POINT('',(76.2,-50.8,6.));
#3062 = DIRECTION('',(0.,0.,-1.));
#3063 = DIRECTION('',(-1.,0.,0.));
#3064 = DEFINITIONAL_REPRESENTATION('',(#3065),#3069);
#3065 = LINE('',#3066,#3067);
#3066 = CARTESIAN_POINT('',(0.,6.));
#3067 = VECTOR('',#3068,1.);
#3068 = DIRECTION('',(1.,0.));
#3069 = ( GEOMETRIC_REPRESENTATION_CONTEXT(2) 
PARAMETRIC_REPRESENTATION_CONTEXT() REPRESENTATION_CONTEXT('2D SPACE',''
  ) );
#3070 = FACE_BOUND('',#3071,.F.);
#3071 = EDGE_LOOP('',(#3072));
#3072 = ORIENTED_EDGE('',*,*,#3073,.T.);
#3073 = EDGE_CURVE('',#3074,#3074,#3076,.T.);
#3074 = VERTEX_POINT('',#3075);
#3075 = CARTESIAN_POINT('',(86.45,-63.5,0.));
#3076 = SURFACE_CURVE('',#3077,(#3082,#3093),.PCURVE_S1.);
#3077 = CIRCLE('',#3078,2.45);
#3078 = AXIS2_PLACEMENT_3D('',#3079,#3080,#3081);
#3079 = CARTESIAN_POINT('',(88.9,-63.5,0.));
#3080 = DIRECTION('',(0.,0.,-1.));
#3081 = DIRECTION('',(-1.,0.,0.));
#3082 = PCURVE('',#44,#3083);
#3083 = DEFINITIONAL_REPRESENTATION('',(#3084),#3092);
#3084 = ( BOUNDED_CURVE() B_SPLINE_CURVE(2,(#3085,#3086,#3087,#3088,
#3089,#3090,#3091),.UNSPECIFIED.,.T.,.F.) B_SPLINE_CURVE_WITH_KNOTS((1,2
    ,2,2,2,1),(-2.094395102393,0.,2.094395102393,4.188790204786,
6.28318530718,8.377580409573),.UNSPECIFIED.) CURVE() 
GEOMETRIC_REPRESENTATION_ITEM() RATIONAL_B_SPLINE_CURVE((1.,0.5,1.,0.5,
1.,0.5,1.)) REPRESENTATION_ITEM('') );
#3085 = CARTESIAN_POINT('',(86.45,-63.5));
#3086 = CARTESIAN_POINT('',(86.45,-59.25647552145));
#3087 = CARTESIAN_POINT('',(90.125,-61.37823776072));
#3088 = CARTESIAN_POINT('',(93.8,-63.5));
#3089 = CARTESIAN_POINT('',(90.125,-65.62176223927));
#3090 = CARTESIAN_POINT('',(86.45,-67.74352447854));
#3091 = CARTESIAN_POINT('',(86.45,-63.5));
#3092 = ( GEOMETRIC_REPRESENTATION_CONTEXT(2) 
PARAMETRIC_REPRESENTATION_CONTEXT() REPRESENTATION_CONTEXT('2D SPACE',''
  ) );
#3093 = PCURVE('',#3094,#3099);
#3094 = CYLINDRICAL_SURFACE('',#3095,2.45);
#3095 = AXIS2_PLACEMENT_3D('',#3096,#3097,#3098);
#3096 = CARTESIAN_POINT('',(88.9,-63.5,6.));
#3097 = DIRECTION('',(0.,0.,-1.));
#3098 = DIRECTION('',(-1.,0.,0.));
#3099 = DEFINITIONAL_REPRESENTATION('',(#3100),#3104);
#3100 = LINE('',#3101,#3102);
#3101 = CARTESIAN_POINT('',(0.,6.));
#3102 = VECTOR('',#3103,1.);
#3103 = DIRECTION('',(1.,0.));
#3104 = ( GEOMETRIC_REPRESENTATION_CONTEXT(2) 
PARAMETRIC_REPRESENTATION_CONTEXT() REPRESENTATION_CONTEXT('2D SPACE',''
  ) );
#3105 = FACE_BOUND('',#3106,.F.);
#3106 = EDGE_LOOP('',(#3107));
#3107 = ORIENTED_EDGE('',*,*,#3108,.T.);
#3108 = EDGE_CURVE('',#3109,#3109,#3111,.T.);
#3109 = VERTEX_POINT('',#3110);
#3110 = CARTESIAN_POINT('',(86.45,-50.8,0.));
#3111 = SURFACE_CURVE('',#3112,(#3117,#3128),.PCURVE_S1.);
#3112 = CIRCLE('',#3113,2.45);
#3113 = AXIS2_PLACEMENT_3D('',#3114,#3115,#3116);
#3114 = CARTESIAN_POINT('',(88.9,-50.8,0.));
#3115 = DIRECTION('',(0.,0.,-1.));
#3116 = DIRECTION('',(-1.,0.,0.));
#3117 = PCURVE('',#44,#3118);
#3118 = DEFINITIONAL_REPRESENTATION('',(#3119),#3127);
#3119 = ( BOUNDED_CURVE() B_SPLINE_CURVE(2,(#3120,#3121,#3122,#3123,
#3124,#3125,#3126),.UNSPECIFIED.,.T.,.F.) B_SPLINE_CURVE_WITH_KNOTS((1,2
    ,2,2,2,1),(-2.094395102393,0.,2.094395102393,4.188790204786,
6.28318530718,8.377580409573),.UNSPECIFIED.) CURVE() 
GEOMETRIC_REPRESENTATION_ITEM() RATIONAL_B_SPLINE_CURVE((1.,0.5,1.,0.5,
1.,0.5,1.)) REPRESENTATION_ITEM('') );
#3120 = CARTESIAN_POINT('',(86.45,-50.8));
#3121 = CARTESIAN_POINT('',(86.45,-46.55647552145));
#3122 = CARTESIAN_POINT('',(90.125,-48.67823776072));
#3123 = CARTESIAN_POINT('',(93.8,-50.8));
#3124 = CARTESIAN_POINT('',(90.125,-52.92176223927));
#3125 = CARTESIAN_POINT('',(86.45,-55.04352447854));
#3126 = CARTESIAN_POINT('',(86.45,-50.8));
#3127 = ( GEOMETRIC_REPRESENTATION_CONTEXT(2) 
PARAMETRIC_REPRESENTATION_CONTEXT() REPRESENTATION_CONTEXT('2D SPACE',''
  ) );
#3128 = PCURVE('',#3129,#3134);
#3129 = CYLINDRICAL_SURFACE('',#3130,2.45);
#3130 = AXIS2_PLACEMENT_3D('',#3131,#3132,#3133);
#3131 = CARTESIAN_POINT('',(88.9,-50.8,6.));
#3132 = DIRECTION('',(0.,0.,-1.));
#3133 = DIRECTION('',(-1.,0.,0.));
#3134 = DEFINITIONAL_REPRESENTATION('',(#3135),#3139);
#3135 = LINE('',#3136,#3137);
#3136 = CARTESIAN_POINT('',(0.,6.));
#3137 = VECTOR('',#3138,1.);
#3138 = DIRECTION('',(1.,0.));
#3139 = ( GEOMETRIC_REPRESENTATION_CONTEXT(2) 
PARAMETRIC_REPRESENTATION_CONTEXT() REPRESENTATION_CONTEXT('2D SPACE',''
  ) );
#3140 = FACE_BOUND('',#3141,.F.);
#3141 = EDGE_LOOP('',(#3142));
#3142 = ORIENTED_EDGE('',*,*,#3143,.T.);
#3143 = EDGE_CURVE('',#3144,#3144,#3146,.T.);
#3144 = VERTEX_POINT('',#3145);
#3145 = CARTESIAN_POINT('',(73.75,-38.1,0.));
#3146 = SURFACE_CURVE('',#3147,(#3152,#3163),.PCURVE_S1.);
#3147 = CIRCLE('',#3148,2.45);
#3148 = AXIS2_PLACEMENT_3D('',#3149,#3150,#3151);
#3149 = CARTESIAN_POINT('',(76.2,-38.1,0.));
#3150 = DIRECTION('',(0.,0.,-1.));
#3151 = DIRECTION('',(-1.,0.,0.));
#3152 = PCURVE('',#44,#3153);
#3153 = DEFINITIONAL_REPRESENTATION('',(#3154),#3162);
#3154 = ( BOUNDED_CURVE() B_SPLINE_CURVE(2,(#3155,#3156,#3157,#3158,
#3159,#3160,#3161),.UNSPECIFIED.,.T.,.F.) B_SPLINE_CURVE_WITH_KNOTS((1,2
    ,2,2,2,1),(-2.094395102393,0.,2.094395102393,4.188790204786,
6.28318530718,8.377580409573),.UNSPECIFIED.) CURVE() 
GEOMETRIC_REPRESENTATION_ITEM() RATIONAL_B_SPLINE_CURVE((1.,0.5,1.,0.5,
1.,0.5,1.)) REPRESENTATION_ITEM('') );
#3155 = CARTESIAN_POINT('',(73.75,-38.1));
#3156 = CARTESIAN_POINT('',(73.75,-33.85647552145));
#3157 = CARTESIAN_POINT('',(77.425,-35.97823776072));
#3158 = CARTESIAN_POINT('',(81.1,-38.1));
#3159 = CARTESIAN_POINT('',(77.425,-40.22176223927));
#3160 = CARTESIAN_POINT('',(73.75,-42.34352447854));
#3161 = CARTESIAN_POINT('',(73.75,-38.1));
#3162 = ( GEOMETRIC_REPRESENTATION_CONTEXT(2) 
PARAMETRIC_REPRESENTATION_CONTEXT() REPRESENTATION_CONTEXT('2D SPACE',''
  ) );
#3163 = PCURVE('',#3164,#3169);
#3164 = CYLINDRICAL_SURFACE('',#3165,2.45);
#3165 = AXIS2_PLACEMENT_3D('',#3166,#3167,#3168);
#3166 = CARTESIAN_POINT('',(76.2,-38.1,6.));
#3167 = DIRECTION('',(0.,0.,-1.));
#3168 = DIRECTION('',(-1.,0.,0.));
#3169 = DEFINITIONAL_REPRESENTATION('',(#3170),#3174);
#3170 = LINE('',#3171,#3172);
#3171 = CARTESIAN_POINT('',(0.,6.));
#3172 = VECTOR('',#3173,1.);
#3173 = DIRECTION('',(1.,0.));
#3174 = ( GEOMETRIC_REPRESENTATION_CONTEXT(2) 
PARAMETRIC_REPRESENTATION_CONTEXT() REPRESENTATION_CONTEXT('2D SPACE',''
  ) );
#3175 = FACE_BOUND('',#3176,.F.);
#3176 = EDGE_LOOP('',(#3177));
#3177 = ORIENTED_EDGE('',*,*,#3178,.T.);
#3178 = EDGE_CURVE('',#3179,#3179,#3181,.T.);
#3179 = VERTEX_POINT('',#3180);
#3180 = CARTESIAN_POINT('',(86.45,-38.1,0.));
#3181 = SURFACE_CURVE('',#3182,(#3187,#3198),.PCURVE_S1.);
#3182 = CIRCLE('',#3183,2.45);
#3183 = AXIS2_PLACEMENT_3D('',#3184,#3185,#3186);
#3184 = CARTESIAN_POINT('',(88.9,-38.1,0.));
#3185 = DIRECTION('',(0.,0.,-1.));
#3186 = DIRECTION('',(-1.,0.,0.));
#3187 = PCURVE('',#44,#3188);
#3188 = DEFINITIONAL_REPRESENTATION('',(#3189),#3197);
#3189 = ( BOUNDED_CURVE() B_SPLINE_CURVE(2,(#3190,#3191,#3192,#3193,
#3194,#3195,#3196),.UNSPECIFIED.,.T.,.F.) B_SPLINE_CURVE_WITH_KNOTS((1,2
    ,2,2,2,1),(-2.094395102393,0.,2.094395102393,4.188790204786,
6.28318530718,8.377580409573),.UNSPECIFIED.) CURVE() 
GEOMETRIC_REPRESENTATION_ITEM() RATIONAL_B_SPLINE_CURVE((1.,0.5,1.,0.5,
1.,0.5,1.)) REPRESENTATION_ITEM('') );
#3190 = CARTESIAN_POINT('',(86.45,-38.1));
#3191 = CARTESIAN_POINT('',(86.45,-33.85647552145));
#3192 = CARTESIAN_POINT('',(90.125,-35.97823776072));
#3193 = CARTESIAN_POINT('',(93.8,-38.1));
#3194 = CARTESIAN_POINT('',(90.125,-40.22176223927));
#3195 = CARTESIAN_POINT('',(86.45,-42.34352447854));
#3196 = CARTESIAN_POINT('',(86.45,-38.1));
#3197 = ( GEOMETRIC_REPRESENTATION_CONTEXT(2) 
PARAMETRIC_REPRESENTATION_CONTEXT() REPRESENTATION_CONTEXT('2D SPACE',''
  ) );
#3198 = PCURVE('',#3199,#3204);
#3199 = CYLINDRICAL_SURFACE('',#3200,2.45);
#3200 = AXIS2_PLACEMENT_3D('',#3201,#3202,#3203);
#3201 = CARTESIAN_POINT('',(88.9,-38.1,6.));
#3202 = DIRECTION('',(0.,0.,-1.));
#3203 = DIRECTION('',(-1.,0.,0.));
#3204 = DEFINITIONAL_REPRESENTATION('',(#3205),#3209);
#3205 = LINE('',#3206,#3207);
#3206 = CARTESIAN_POINT('',(0.,6.));
#3207 = VECTOR('',#3208,1.);
#3208 = DIRECTION('',(1.,0.));
#3209 = ( GEOMETRIC_REPRESENTATION_CONTEXT(2) 
PARAMETRIC_REPRESENTATION_CONTEXT() REPRESENTATION_CONTEXT('2D SPACE',''
  ) );
#3210 = FACE_BOUND('',#3211,.F.);
#3211 = EDGE_LOOP('',(#3212));
#3212 = ORIENTED_EDGE('',*,*,#3213,.T.);
#3213 = EDGE_CURVE('',#3214,#3214,#3216,.T.);
#3214 = VERTEX_POINT('',#3215);
#3215 = CARTESIAN_POINT('',(61.05,-25.4,0.));
#3216 = SURFACE_CURVE('',#3217,(#3222,#3233),.PCURVE_S1.);
#3217 = CIRCLE('',#3218,2.45);
#3218 = AXIS2_PLACEMENT_3D('',#3219,#3220,#3221);
#3219 = CARTESIAN_POINT('',(63.5,-25.4,0.));
#3220 = DIRECTION('',(0.,0.,-1.));
#3221 = DIRECTION('',(-1.,0.,0.));
#3222 = PCURVE('',#44,#3223);
#3223 = DEFINITIONAL_REPRESENTATION('',(#3224),#3232);
#3224 = ( BOUNDED_CURVE() B_SPLINE_CURVE(2,(#3225,#3226,#3227,#3228,
#3229,#3230,#3231),.UNSPECIFIED.,.T.,.F.) B_SPLINE_CURVE_WITH_KNOTS((1,2
    ,2,2,2,1),(-2.094395102393,0.,2.094395102393,4.188790204786,
6.28318530718,8.377580409573),.UNSPECIFIED.) CURVE() 
GEOMETRIC_REPRESENTATION_ITEM() RATIONAL_B_SPLINE_CURVE((1.,0.5,1.,0.5,
1.,0.5,1.)) REPRESENTATION_ITEM('') );
#3225 = CARTESIAN_POINT('',(61.05,-25.4));
#3226 = CARTESIAN_POINT('',(61.05,-21.15647552145));
#3227 = CARTESIAN_POINT('',(64.725,-23.27823776072));
#3228 = CARTESIAN_POINT('',(68.4,-25.4));
#3229 = CARTESIAN_POINT('',(64.725,-27.52176223927));
#3230 = CARTESIAN_POINT('',(61.05,-29.64352447854));
#3231 = CARTESIAN_POINT('',(61.05,-25.4));
#3232 = ( GEOMETRIC_REPRESENTATION_CONTEXT(2) 
PARAMETRIC_REPRESENTATION_CONTEXT() REPRESENTATION_CONTEXT('2D SPACE',''
  ) );
#3233 = PCURVE('',#3234,#3239);
#3234 = CYLINDRICAL_SURFACE('',#3235,2.45);
#3235 = AXIS2_PLACEMENT_3D('',#3236,#3237,#3238);
#3236 = CARTESIAN_POINT('',(63.5,-25.4,6.));
#3237 = DIRECTION('',(0.,0.,-1.));
#3238 = DIRECTION('',(-1.,0.,0.));
#3239 = DEFINITIONAL_REPRESENTATION('',(#3240),#3244);
#3240 = LINE('',#3241,#3242);
#3241 = CARTESIAN_POINT('',(0.,6.));
#3242 = VECTOR('',#3243,1.);
#3243 = DIRECTION('',(1.,0.));
#3244 = ( GEOMETRIC_REPRESENTATION_CONTEXT(2) 
PARAMETRIC_REPRESENTATION_CONTEXT() REPRESENTATION_CONTEXT('2D SPACE',''
  ) );
#3245 = FACE_BOUND('',#3246,.F.);
#3246 = EDGE_LOOP('',(#3247));
#3247 = ORIENTED_EDGE('',*,*,#3248,.T.);
#3248 = EDGE_CURVE('',#3249,#3249,#3251,.T.);
#3249 = VERTEX_POINT('',#3250);
#3250 = CARTESIAN_POINT('',(61.05,-12.7,0.));
#3251 = SURFACE_CURVE('',#3252,(#3257,#3268),.PCURVE_S1.);
#3252 = CIRCLE('',#3253,2.45);
#3253 = AXIS2_PLACEMENT_3D('',#3254,#3255,#3256);
#3254 = CARTESIAN_POINT('',(63.5,-12.7,0.));
#3255 = DIRECTION('',(0.,0.,-1.));
#3256 = DIRECTION('',(-1.,0.,0.));
#3257 = PCURVE('',#44,#3258);
#3258 = DEFINITIONAL_REPRESENTATION('',(#3259),#3267);
#3259 = ( BOUNDED_CURVE() B_SPLINE_CURVE(2,(#3260,#3261,#3262,#3263,
#3264,#3265,#3266),.UNSPECIFIED.,.T.,.F.) B_SPLINE_CURVE_WITH_KNOTS((1,2
    ,2,2,2,1),(-2.094395102393,0.,2.094395102393,4.188790204786,
6.28318530718,8.377580409573),.UNSPECIFIED.) CURVE() 
GEOMETRIC_REPRESENTATION_ITEM() RATIONAL_B_SPLINE_CURVE((1.,0.5,1.,0.5,
1.,0.5,1.)) REPRESENTATION_ITEM('') );
#3260 = CARTESIAN_POINT('',(61.05,-12.7));
#3261 = CARTESIAN_POINT('',(61.05,-8.456475521456));
#3262 = CARTESIAN_POINT('',(64.725,-10.57823776072));
#3263 = CARTESIAN_POINT('',(68.4,-12.7));
#3264 = CARTESIAN_POINT('',(64.725,-14.82176223927));
#3265 = CARTESIAN_POINT('',(61.05,-16.94352447854));
#3266 = CARTESIAN_POINT('',(61.05,-12.7));
#3267 = ( GEOMETRIC_REPRESENTATION_CONTEXT(2) 
PARAMETRIC_REPRESENTATION_CONTEXT() REPRESENTATION_CONTEXT('2D SPACE',''
  ) );
#3268 = PCURVE('',#3269,#3274);
#3269 = CYLINDRICAL_SURFACE('',#3270,2.45);
#3270 = AXIS2_PLACEMENT_3D('',#3271,#3272,#3273);
#3271 = CARTESIAN_POINT('',(63.5,-12.7,6.));
#3272 = DIRECTION('',(0.,0.,-1.));
#3273 = DIRECTION('',(-1.,0.,0.));
#3274 = DEFINITIONAL_REPRESENTATION('',(#3275),#3279);
#3275 = LINE('',#3276,#3277);
#3276 = CARTESIAN_POINT('',(0.,6.));
#3277 = VECTOR('',#3278,1.);
#3278 = DIRECTION('',(1.,0.));
#3279 = ( GEOMETRIC_REPRESENTATION_CONTEXT(2) 
PARAMETRIC_REPRESENTATION_CONTEXT() REPRESENTATION_CONTEXT('2D SPACE',''
  ) );
#3280 = FACE_BOUND('',#3281,.F.);
#3281 = EDGE_LOOP('',(#3282));
#3282 = ORIENTED_EDGE('',*,*,#3283,.T.);
#3283 = EDGE_CURVE('',#3284,#3284,#3286,.T.);
#3284 = VERTEX_POINT('',#3285);
#3285 = CARTESIAN_POINT('',(73.75,-25.4,0.));
#3286 = SURFACE_CURVE('',#3287,(#3292,#3303),.PCURVE_S1.);
#3287 = CIRCLE('',#3288,2.45);
#3288 = AXIS2_PLACEMENT_3D('',#3289,#3290,#3291);
#3289 = CARTESIAN_POINT('',(76.2,-25.4,0.));
#3290 = DIRECTION('',(0.,0.,-1.));
#3291 = DIRECTION('',(-1.,0.,0.));
#3292 = PCURVE('',#44,#3293);
#3293 = DEFINITIONAL_REPRESENTATION('',(#3294),#3302);
#3294 = ( BOUNDED_CURVE() B_SPLINE_CURVE(2,(#3295,#3296,#3297,#3298,
#3299,#3300,#3301),.UNSPECIFIED.,.T.,.F.) B_SPLINE_CURVE_WITH_KNOTS((1,2
    ,2,2,2,1),(-2.094395102393,0.,2.094395102393,4.188790204786,
6.28318530718,8.377580409573),.UNSPECIFIED.) CURVE() 
GEOMETRIC_REPRESENTATION_ITEM() RATIONAL_B_SPLINE_CURVE((1.,0.5,1.,0.5,
1.,0.5,1.)) REPRESENTATION_ITEM('') );
#3295 = CARTESIAN_POINT('',(73.75,-25.4));
#3296 = CARTESIAN_POINT('',(73.75,-21.15647552145));
#3297 = CARTESIAN_POINT('',(77.425,-23.27823776072));
#3298 = CARTESIAN_POINT('',(81.1,-25.4));
#3299 = CARTESIAN_POINT('',(77.425,-27.52176223927));
#3300 = CARTESIAN_POINT('',(73.75,-29.64352447854));
#3301 = CARTESIAN_POINT('',(73.75,-25.4));
#3302 = ( GEOMETRIC_REPRESENTATION_CONTEXT(2) 
PARAMETRIC_REPRESENTATION_CONTEXT() REPRESENTATION_CONTEXT('2D SPACE',''
  ) );
#3303 = PCURVE('',#3304,#3309);
#3304 = CYLINDRICAL_SURFACE('',#3305,2.45);
#3305 = AXIS2_PLACEMENT_3D('',#3306,#3307,#3308);
#3306 = CARTESIAN_POINT('',(76.2,-25.4,6.));
#3307 = DIRECTION('',(0.,0.,-1.));
#3308 = DIRECTION('',(-1.,0.,0.));
#3309 = DEFINITIONAL_REPRESENTATION('',(#3310),#3314);
#3310 = LINE('',#3311,#3312);
#3311 = CARTESIAN_POINT('',(0.,6.));
#3312 = VECTOR('',#3313,1.);
#3313 = DIRECTION('',(1.,0.));
#3314 = ( GEOMETRIC_REPRESENTATION_CONTEXT(2) 
PARAMETRIC_REPRESENTATION_CONTEXT() REPRESENTATION_CONTEXT('2D SPACE',''
  ) );
#3315 = FACE_BOUND('',#3316,.F.);
#3316 = EDGE_LOOP('',(#3317));
#3317 = ORIENTED_EDGE('',*,*,#3318,.T.);
#3318 = EDGE_CURVE('',#3319,#3319,#3321,.T.);
#3319 = VERTEX_POINT('',#3320);
#3320 = CARTESIAN_POINT('',(86.45,-25.4,0.));
#3321 = SURFACE_CURVE('',#3322,(#3327,#3338),.PCURVE_S1.);
#3322 = CIRCLE('',#3323,2.45);
#3323 = AXIS2_PLACEMENT_3D('',#3324,#3325,#3326);
#3324 = CARTESIAN_POINT('',(88.9,-25.4,0.));
#3325 = DIRECTION('',(0.,0.,-1.));
#3326 = DIRECTION('',(-1.,0.,0.));
#3327 = PCURVE('',#44,#3328);
#3328 = DEFINITIONAL_REPRESENTATION('',(#3329),#3337);
#3329 = ( BOUNDED_CURVE() B_SPLINE_CURVE(2,(#3330,#3331,#3332,#3333,
#3334,#3335,#3336),.UNSPECIFIED.,.T.,.F.) B_SPLINE_CURVE_WITH_KNOTS((1,2
    ,2,2,2,1),(-2.094395102393,0.,2.094395102393,4.188790204786,
6.28318530718,8.377580409573),.UNSPECIFIED.) CURVE() 
GEOMETRIC_REPRESENTATION_ITEM() RATIONAL_B_SPLINE_CURVE((1.,0.5,1.,0.5,
1.,0.5,1.)) REPRESENTATION_ITEM('') );
#3330 = CARTESIAN_POINT('',(86.45,-25.4));
#3331 = CARTESIAN_POINT('',(86.45,-21.15647552145));
#3332 = CARTESIAN_POINT('',(90.125,-23.27823776072));
#3333 = CARTESIAN_POINT('',(93.8,-25.4));
#3334 = CARTESIAN_POINT('',(90.125,-27.52176223927));
#3335 = CARTESIAN_POINT('',(86.45,-29.64352447854));
#3336 = CARTESIAN_POINT('',(86.45,-25.4));
#3337 = ( GEOMETRIC_REPRESENTATION_CONTEXT(2) 
PARAMETRIC_REPRESENTATION_CONTEXT() REPRESENTATION_CONTEXT('2D SPACE',''
  ) );
#3338 = PCURVE('',#3339,#3344);
#3339 = CYLINDRICAL_SURFACE('',#3340,2.45);
#3340 = AXIS2_PLACEMENT_3D('',#3341,#3342,#3343);
#3341 = CARTESIAN_POINT('',(88.9,-25.4,6.));
#3342 = DIRECTION('',(0.,0.,-1.));
#3343 = DIRECTION('',(-1.,0.,0.));
#3344 = DEFINITIONAL_REPRESENTATION('',(#3345),#3349);
#3345 = LINE('',#3346,#3347);
#3346 = CARTESIAN_POINT('',(0.,6.));
#3347 = VECTOR('',#3348,1.);
#3348 = DIRECTION('',(1.,0.));
#3349 = ( GEOMETRIC_REPRESENTATION_CONTEXT(2) 
PARAMETRIC_REPRESENTATION_CONTEXT() REPRESENTATION_CONTEXT('2D SPACE',''
  ) );
#3350 = FACE_BOUND('',#3351,.F.);
#3351 = EDGE_LOOP('',(#3352));
#3352 = ORIENTED_EDGE('',*,*,#3353,.T.);
#3353 = EDGE_CURVE('',#3354,#3354,#3356,.T.);
#3354 = VERTEX_POINT('',#3355);
#3355 = CARTESIAN_POINT('',(73.75,-12.7,0.));
#3356 = SURFACE_CURVE('',#3357,(#3362,#3373),.PCURVE_S1.);
#3357 = CIRCLE('',#3358,2.45);
#3358 = AXIS2_PLACEMENT_3D('',#3359,#3360,#3361);
#3359 = CARTESIAN_POINT('',(76.2,-12.7,0.));
#3360 = DIRECTION('',(0.,0.,-1.));
#3361 = DIRECTION('',(-1.,0.,0.));
#3362 = PCURVE('',#44,#3363);
#3363 = DEFINITIONAL_REPRESENTATION('',(#3364),#3372);
#3364 = ( BOUNDED_CURVE() B_SPLINE_CURVE(2,(#3365,#3366,#3367,#3368,
#3369,#3370,#3371),.UNSPECIFIED.,.T.,.F.) B_SPLINE_CURVE_WITH_KNOTS((1,2
    ,2,2,2,1),(-2.094395102393,0.,2.094395102393,4.188790204786,
6.28318530718,8.377580409573),.UNSPECIFIED.) CURVE() 
GEOMETRIC_REPRESENTATION_ITEM() RATIONAL_B_SPLINE_CURVE((1.,0.5,1.,0.5,
1.,0.5,1.)) REPRESENTATION_ITEM('') );
#3365 = CARTESIAN_POINT('',(73.75,-12.7));
#3366 = CARTESIAN_POINT('',(73.75,-8.456475521456));
#3367 = CARTESIAN_POINT('',(77.425,-10.57823776072));
#3368 = CARTESIAN_POINT('',(81.1,-12.7));
#3369 = CARTESIAN_POINT('',(77.425,-14.82176223927));
#3370 = CARTESIAN_POINT('',(73.75,-16.94352447854));
#3371 = CARTESIAN_POINT('',(73.75,-12.7));
#3372 = ( GEOMETRIC_REPRESENTATION_CONTEXT(2) 
PARAMETRIC_REPRESENTATION_CONTEXT() REPRESENTATION_CONTEXT('2D SPACE',''
  ) );
#3373 = PCURVE('',#3374,#3379);
#3374 = CYLINDRICAL_SURFACE('',#3375,2.45);
#3375 = AXIS2_PLACEMENT_3D('',#3376,#3377,#3378);
#3376 = CARTESIAN_POINT('',(76.2,-12.7,6.));
#3377 = DIRECTION('',(0.,0.,-1.));
#3378 = DIRECTION('',(-1.,0.,0.));
#3379 = DEFINITIONAL_REPRESENTATION('',(#3380),#3384);
#3380 = LINE('',#3381,#3382);
#3381 = CARTESIAN_POINT('',(0.,6.));
#3382 = VECTOR('',#3383,1.);
#3383 = DIRECTION('',(1.,0.));
#3384 = ( GEOMETRIC_REPRESENTATION_CONTEXT(2) 
PARAMETRIC_REPRESENTATION_CONTEXT() REPRESENTATION_CONTEXT('2D SPACE',''
  ) );
#3385 = FACE_BOUND('',#3386,.F.);
#3386 = EDGE_LOOP('',(#3387));
#3387 = ORIENTED_EDGE('',*,*,#3388,.T.);
#3388 = EDGE_CURVE('',#3389,#3389,#3391,.T.);
#3389 = VERTEX_POINT('',#3390);
#3390 = CARTESIAN_POINT('',(86.45,-12.7,0.));
#3391 = SURFACE_CURVE('',#3392,(#3397,#3408),.PCURVE_S1.);
#3392 = CIRCLE('',#3393,2.45);
#3393 = AXIS2_PLACEMENT_3D('',#3394,#3395,#3396);
#3394 = CARTESIAN_POINT('',(88.9,-12.7,0.));
#3395 = DIRECTION('',(0.,0.,-1.));
#3396 = DIRECTION('',(-1.,0.,0.));
#3397 = PCURVE('',#44,#3398);
#3398 = DEFINITIONAL_REPRESENTATION('',(#3399),#3407);
#3399 = ( BOUNDED_CURVE() B_SPLINE_CURVE(2,(#3400,#3401,#3402,#3403,
#3404,#3405,#3406),.UNSPECIFIED.,.T.,.F.) B_SPLINE_CURVE_WITH_KNOTS((1,2
    ,2,2,2,1),(-2.094395102393,0.,2.094395102393,4.188790204786,
6.28318530718,8.377580409573),.UNSPECIFIED.) CURVE() 
GEOMETRIC_REPRESENTATION_ITEM() RATIONAL_B_SPLINE_CURVE((1.,0.5,1.,0.5,
1.,0.5,1.)) REPRESENTATION_ITEM('') );
#3400 = CARTESIAN_POINT('',(86.45,-12.7));
#3401 = CARTESIAN_POINT('',(86.45,-8.456475521456));
#3402 = CARTESIAN_POINT('',(90.125,-10.57823776072));
#3403 = CARTESIAN_POINT('',(93.8,-12.7));
#3404 = CARTESIAN_POINT('',(90.125,-14.82176223927));
#3405 = CARTESIAN_POINT('',(86.45,-16.94352447854));
#3406 = CARTESIAN_POINT('',(86.45,-12.7));
#3407 = ( GEOMETRIC_REPRESENTATION_CONTEXT(2) 
PARAMETRIC_REPRESENTATION_CONTEXT() REPRESENTATION_CONTEXT('2D SPACE',''
  ) );
#3408 = PCURVE('',#3409,#3414);
#3409 = CYLINDRICAL_SURFACE('',#3410,2.45);
#3410 = AXIS2_PLACEMENT_3D('',#3411,#3412,#3413);
#3411 = CARTESIAN_POINT('',(88.9,-12.7,6.));
#3412 = DIRECTION('',(0.,0.,-1.));
#3413 = DIRECTION('',(-1.,0.,0.));
#3414 = DEFINITIONAL_REPRESENTATION('',(#3415),#3419);
#3415 = LINE('',#3416,#3417);
#3416 = CARTESIAN_POINT('',(0.,6.));
#3417 = VECTOR('',#3418,1.);
#3418 = DIRECTION('',(1.,0.));
#3419 = ( GEOMETRIC_REPRESENTATION_CONTEXT(2) 
PARAMETRIC_REPRESENTATION_CONTEXT() REPRESENTATION_CONTEXT('2D SPACE',''
  ) );
#3420 = FACE_BOUND('',#3421,.F.);
#3421 = EDGE_LOOP('',(#3422));
#3422 = ORIENTED_EDGE('',*,*,#3423,.T.);
#3423 = EDGE_CURVE('',#3424,#3424,#3426,.T.);
#3424 = VERTEX_POINT('',#3425);
#3425 = CARTESIAN_POINT('',(-91.35,-6.000769315822E-16,0.));
#3426 = SURFACE_CURVE('',#3427,(#3432,#3443),.PCURVE_S1.);
#3427 = CIRCLE('',#3428,2.45);
#3428 = AXIS2_PLACEMENT_3D('',#3429,#3430,#3431);
#3429 = CARTESIAN_POINT('',(-88.9,0.,0.));
#3430 = DIRECTION('',(0.,0.,-1.));
#3431 = DIRECTION('',(-1.,0.,0.));
#3432 = PCURVE('',#44,#3433);
#3433 = DEFINITIONAL_REPRESENTATION('',(#3434),#3442);
#3434 = ( BOUNDED_CURVE() B_SPLINE_CURVE(2,(#3435,#3436,#3437,#3438,
#3439,#3440,#3441),.UNSPECIFIED.,.T.,.F.) B_SPLINE_CURVE_WITH_KNOTS((1,2
    ,2,2,2,1),(-2.094395102393,0.,2.094395102393,4.188790204786,
6.28318530718,8.377580409573),.UNSPECIFIED.) CURVE() 
GEOMETRIC_REPRESENTATION_ITEM() RATIONAL_B_SPLINE_CURVE((1.,0.5,1.,0.5,
1.,0.5,1.)) REPRESENTATION_ITEM('') );
#3435 = CARTESIAN_POINT('',(-91.35,0.));
#3436 = CARTESIAN_POINT('',(-91.35,4.243524478544));
#3437 = CARTESIAN_POINT('',(-87.675,2.121762239272));
#3438 = CARTESIAN_POINT('',(-84.,6.000769315822E-16));
#3439 = CARTESIAN_POINT('',(-87.675,-2.121762239272));
#3440 = CARTESIAN_POINT('',(-91.35,-4.243524478544));
#3441 = CARTESIAN_POINT('',(-91.35,0.));
#3442 = ( GEOMETRIC_REPRESENTATION_CONTEXT(2) 
PARAMETRIC_REPRESENTATION_CONTEXT() REPRESENTATION_CONTEXT('2D SPACE',''
  ) );
#3443 = PCURVE('',#3444,#3449);
#3444 = CYLINDRICAL_SURFACE('',#3445,2.45);
#3445 = AXIS2_PLACEMENT_3D('',#3446,#3447,#3448);
#3446 = CARTESIAN_POINT('',(-88.9,0.,6.));
#3447 = DIRECTION('',(0.,0.,-1.));
#3448 = DIRECTION('',(-1.,0.,0.));
#3449 = DEFINITIONAL_REPRESENTATION('',(#3450),#3454);
#3450 = LINE('',#3451,#3452);
#3451 = CARTESIAN_POINT('',(0.,6.));
#3452 = VECTOR('',#3453,1.);
#3453 = DIRECTION('',(1.,0.));
#3454 = ( GEOMETRIC_REPRESENTATION_CONTEXT(2) 
PARAMETRIC_REPRESENTATION_CONTEXT() REPRESENTATION_CONTEXT('2D SPACE',''
  ) );
#3455 = FACE_BOUND('',#3456,.F.);
#3456 = EDGE_LOOP('',(#3457));
#3457 = ORIENTED_EDGE('',*,*,#3458,.T.);
#3458 = EDGE_CURVE('',#3459,#3459,#3461,.T.);
#3459 = VERTEX_POINT('',#3460);
#3460 = CARTESIAN_POINT('',(-91.35,12.7,0.));
#3461 = SURFACE_CURVE('',#3462,(#3467,#3478),.PCURVE_S1.);
#3462 = CIRCLE('',#3463,2.45);
#3463 = AXIS2_PLACEMENT_3D('',#3464,#3465,#3466);
#3464 = CARTESIAN_POINT('',(-88.9,12.7,0.));
#3465 = DIRECTION('',(0.,0.,-1.));
#3466 = DIRECTION('',(-1.,0.,0.));
#3467 = PCURVE('',#44,#3468);
#3468 = DEFINITIONAL_REPRESENTATION('',(#3469),#3477);
#3469 = ( BOUNDED_CURVE() B_SPLINE_CURVE(2,(#3470,#3471,#3472,#3473,
#3474,#3475,#3476),.UNSPECIFIED.,.T.,.F.) B_SPLINE_CURVE_WITH_KNOTS((1,2
    ,2,2,2,1),(-2.094395102393,0.,2.094395102393,4.188790204786,
6.28318530718,8.377580409573),.UNSPECIFIED.) CURVE() 
GEOMETRIC_REPRESENTATION_ITEM() RATIONAL_B_SPLINE_CURVE((1.,0.5,1.,0.5,
1.,0.5,1.)) REPRESENTATION_ITEM('') );
#3470 = CARTESIAN_POINT('',(-91.35,12.7));
#3471 = CARTESIAN_POINT('',(-91.35,16.943524478544));
#3472 = CARTESIAN_POINT('',(-87.675,14.821762239272));
#3473 = CARTESIAN_POINT('',(-84.,12.7));
#3474 = CARTESIAN_POINT('',(-87.675,10.578237760728));
#3475 = CARTESIAN_POINT('',(-91.35,8.456475521456));
#3476 = CARTESIAN_POINT('',(-91.35,12.7));
#3477 = ( GEOMETRIC_REPRESENTATION_CONTEXT(2) 
PARAMETRIC_REPRESENTATION_CONTEXT() REPRESENTATION_CONTEXT('2D SPACE',''
  ) );
#3478 = PCURVE('',#3479,#3484);
#3479 = CYLINDRICAL_SURFACE('',#3480,2.45);
#3480 = AXIS2_PLACEMENT_3D('',#3481,#3482,#3483);
#3481 = CARTESIAN_POINT('',(-88.9,12.7,6.));
#3482 = DIRECTION('',(0.,0.,-1.));
#3483 = DIRECTION('',(-1.,0.,0.));
#3484 = DEFINITIONAL_REPRESENTATION('',(#3485),#3489);
#3485 = LINE('',#3486,#3487);
#3486 = CARTESIAN_POINT('',(0.,6.));
#3487 = VECTOR('',#3488,1.);
#3488 = DIRECTION('',(1.,0.));
#3489 = ( GEOMETRIC_REPRESENTATION_CONTEXT(2) 
PARAMETRIC_REPRESENTATION_CONTEXT() REPRESENTATION_CONTEXT('2D SPACE',''
  ) );
#3490 = FACE_BOUND('',#3491,.F.);
#3491 = EDGE_LOOP('',(#3492));
#3492 = ORIENTED_EDGE('',*,*,#3493,.T.);
#3493 = EDGE_CURVE('',#3494,#3494,#3496,.T.);
#3494 = VERTEX_POINT('',#3495);
#3495 = CARTESIAN_POINT('',(-78.65,-6.000769315822E-16,0.));
#3496 = SURFACE_CURVE('',#3497,(#3502,#3513),.PCURVE_S1.);
#3497 = CIRCLE('',#3498,2.45);
#3498 = AXIS2_PLACEMENT_3D('',#3499,#3500,#3501);
#3499 = CARTESIAN_POINT('',(-76.2,0.,0.));
#3500 = DIRECTION('',(0.,0.,-1.));
#3501 = DIRECTION('',(-1.,0.,0.));
#3502 = PCURVE('',#44,#3503);
#3503 = DEFINITIONAL_REPRESENTATION('',(#3504),#3512);
#3504 = ( BOUNDED_CURVE() B_SPLINE_CURVE(2,(#3505,#3506,#3507,#3508,
#3509,#3510,#3511),.UNSPECIFIED.,.T.,.F.) B_SPLINE_CURVE_WITH_KNOTS((1,2
    ,2,2,2,1),(-2.094395102393,0.,2.094395102393,4.188790204786,
6.28318530718,8.377580409573),.UNSPECIFIED.) CURVE() 
GEOMETRIC_REPRESENTATION_ITEM() RATIONAL_B_SPLINE_CURVE((1.,0.5,1.,0.5,
1.,0.5,1.)) REPRESENTATION_ITEM('') );
#3505 = CARTESIAN_POINT('',(-78.65,0.));
#3506 = CARTESIAN_POINT('',(-78.65,4.243524478544));
#3507 = CARTESIAN_POINT('',(-74.975,2.121762239272));
#3508 = CARTESIAN_POINT('',(-71.3,6.000769315822E-16));
#3509 = CARTESIAN_POINT('',(-74.975,-2.121762239272));
#3510 = CARTESIAN_POINT('',(-78.65,-4.243524478544));
#3511 = CARTESIAN_POINT('',(-78.65,0.));
#3512 = ( GEOMETRIC_REPRESENTATION_CONTEXT(2) 
PARAMETRIC_REPRESENTATION_CONTEXT() REPRESENTATION_CONTEXT('2D SPACE',''
  ) );
#3513 = PCURVE('',#3514,#3519);
#3514 = CYLINDRICAL_SURFACE('',#3515,2.45);
#3515 = AXIS2_PLACEMENT_3D('',#3516,#3517,#3518);
#3516 = CARTESIAN_POINT('',(-76.2,0.,6.));
#3517 = DIRECTION('',(0.,0.,-1.));
#3518 = DIRECTION('',(-1.,0.,0.));
#3519 = DEFINITIONAL_REPRESENTATION('',(#3520),#3524);
#3520 = LINE('',#3521,#3522);
#3521 = CARTESIAN_POINT('',(0.,6.));
#3522 = VECTOR('',#3523,1.);
#3523 = DIRECTION('',(1.,0.));
#3524 = ( GEOMETRIC_REPRESENTATION_CONTEXT(2) 
PARAMETRIC_REPRESENTATION_CONTEXT() REPRESENTATION_CONTEXT('2D SPACE',''
  ) );
#3525 = FACE_BOUND('',#3526,.F.);
#3526 = EDGE_LOOP('',(#3527));
#3527 = ORIENTED_EDGE('',*,*,#3528,.T.);
#3528 = EDGE_CURVE('',#3529,#3529,#3531,.T.);
#3529 = VERTEX_POINT('',#3530);
#3530 = CARTESIAN_POINT('',(-78.65,12.7,0.));
#3531 = SURFACE_CURVE('',#3532,(#3537,#3548),.PCURVE_S1.);
#3532 = CIRCLE('',#3533,2.45);
#3533 = AXIS2_PLACEMENT_3D('',#3534,#3535,#3536);
#3534 = CARTESIAN_POINT('',(-76.2,12.7,0.));
#3535 = DIRECTION('',(0.,0.,-1.));
#3536 = DIRECTION('',(-1.,0.,0.));
#3537 = PCURVE('',#44,#3538);
#3538 = DEFINITIONAL_REPRESENTATION('',(#3539),#3547);
#3539 = ( BOUNDED_CURVE() B_SPLINE_CURVE(2,(#3540,#3541,#3542,#3543,
#3544,#3545,#3546),.UNSPECIFIED.,.T.,.F.) B_SPLINE_CURVE_WITH_KNOTS((1,2
    ,2,2,2,1),(-2.094395102393,0.,2.094395102393,4.188790204786,
6.28318530718,8.377580409573),.UNSPECIFIED.) CURVE() 
GEOMETRIC_REPRESENTATION_ITEM() RATIONAL_B_SPLINE_CURVE((1.,0.5,1.,0.5,
1.,0.5,1.)) REPRESENTATION_ITEM('') );
#3540 = CARTESIAN_POINT('',(-78.65,12.7));
#3541 = CARTESIAN_POINT('',(-78.65,16.943524478544));
#3542 = CARTESIAN_POINT('',(-74.975,14.821762239272));
#3543 = CARTESIAN_POINT('',(-71.3,12.7));
#3544 = CARTESIAN_POINT('',(-74.975,10.578237760728));
#3545 = CARTESIAN_POINT('',(-78.65,8.456475521456));
#3546 = CARTESIAN_POINT('',(-78.65,12.7));
#3547 = ( GEOMETRIC_REPRESENTATION_CONTEXT(2) 
PARAMETRIC_REPRESENTATION_CONTEXT() REPRESENTATION_CONTEXT('2D SPACE',''
  ) );
#3548 = PCURVE('',#3549,#3554);
#3549 = CYLINDRICAL_SURFACE('',#3550,2.45);
#3550 = AXIS2_PLACEMENT_3D('',#3551,#3552,#3553);
#3551 = CARTESIAN_POINT('',(-76.2,12.7,6.));
#3552 = DIRECTION('',(0.,0.,-1.));
#3553 = DIRECTION('',(-1.,0.,0.));
#3554 = DEFINITIONAL_REPRESENTATION('',(#3555),#3559);
#3555 = LINE('',#3556,#3557);
#3556 = CARTESIAN_POINT('',(0.,6.));
#3557 = VECTOR('',#3558,1.);
#3558 = DIRECTION('',(1.,0.));
#3559 = ( GEOMETRIC_REPRESENTATION_CONTEXT(2) 
PARAMETRIC_REPRESENTATION_CONTEXT() REPRESENTATION_CONTEXT('2D SPACE',''
  ) );
#3560 = FACE_BOUND('',#3561,.F.);
#3561 = EDGE_LOOP('',(#3562));
#3562 = ORIENTED_EDGE('',*,*,#3563,.T.);
#3563 = EDGE_CURVE('',#3564,#3564,#3566,.T.);
#3564 = VERTEX_POINT('',#3565);
#3565 = CARTESIAN_POINT('',(-91.35,25.4,0.));
#3566 = SURFACE_CURVE('',#3567,(#3572,#3583),.PCURVE_S1.);
#3567 = CIRCLE('',#3568,2.45);
#3568 = AXIS2_PLACEMENT_3D('',#3569,#3570,#3571);
#3569 = CARTESIAN_POINT('',(-88.9,25.4,0.));
#3570 = DIRECTION('',(0.,0.,-1.));
#3571 = DIRECTION('',(-1.,0.,0.));
#3572 = PCURVE('',#44,#3573);
#3573 = DEFINITIONAL_REPRESENTATION('',(#3574),#3582);
#3574 = ( BOUNDED_CURVE() B_SPLINE_CURVE(2,(#3575,#3576,#3577,#3578,
#3579,#3580,#3581),.UNSPECIFIED.,.T.,.F.) B_SPLINE_CURVE_WITH_KNOTS((1,2
    ,2,2,2,1),(-2.094395102393,0.,2.094395102393,4.188790204786,
6.28318530718,8.377580409573),.UNSPECIFIED.) CURVE() 
GEOMETRIC_REPRESENTATION_ITEM() RATIONAL_B_SPLINE_CURVE((1.,0.5,1.,0.5,
1.,0.5,1.)) REPRESENTATION_ITEM('') );
#3575 = CARTESIAN_POINT('',(-91.35,25.4));
#3576 = CARTESIAN_POINT('',(-91.35,29.643524478544));
#3577 = CARTESIAN_POINT('',(-87.675,27.521762239272));
#3578 = CARTESIAN_POINT('',(-84.,25.4));
#3579 = CARTESIAN_POINT('',(-87.675,23.278237760728));
#3580 = CARTESIAN_POINT('',(-91.35,21.156475521456));
#3581 = CARTESIAN_POINT('',(-91.35,25.4));
#3582 = ( GEOMETRIC_REPRESENTATION_CONTEXT(2) 
PARAMETRIC_REPRESENTATION_CONTEXT() REPRESENTATION_CONTEXT('2D SPACE',''
  ) );
#3583 = PCURVE('',#3584,#3589);
#3584 = CYLINDRICAL_SURFACE('',#3585,2.45);
#3585 = AXIS2_PLACEMENT_3D('',#3586,#3587,#3588);
#3586 = CARTESIAN_POINT('',(-88.9,25.4,6.));
#3587 = DIRECTION('',(0.,0.,-1.));
#3588 = DIRECTION('',(-1.,0.,0.));
#3589 = DEFINITIONAL_REPRESENTATION('',(#3590),#3594);
#3590 = LINE('',#3591,#3592);
#3591 = CARTESIAN_POINT('',(0.,6.));
#3592 = VECTOR('',#3593,1.);
#3593 = DIRECTION('',(1.,0.));
#3594 = ( GEOMETRIC_REPRESENTATION_CONTEXT(2) 
PARAMETRIC_REPRESENTATION_CONTEXT() REPRESENTATION_CONTEXT('2D SPACE',''
  ) );
#3595 = FACE_BOUND('',#3596,.F.);
#3596 = EDGE_LOOP('',(#3597));
#3597 = ORIENTED_EDGE('',*,*,#3598,.T.);
#3598 = EDGE_CURVE('',#3599,#3599,#3601,.T.);
#3599 = VERTEX_POINT('',#3600);
#3600 = CARTESIAN_POINT('',(-78.65,25.4,0.));
#3601 = SURFACE_CURVE('',#3602,(#3607,#3618),.PCURVE_S1.);
#3602 = CIRCLE('',#3603,2.45);
#3603 = AXIS2_PLACEMENT_3D('',#3604,#3605,#3606);
#3604 = CARTESIAN_POINT('',(-76.2,25.4,0.));
#3605 = DIRECTION('',(0.,0.,-1.));
#3606 = DIRECTION('',(-1.,0.,0.));
#3607 = PCURVE('',#44,#3608);
#3608 = DEFINITIONAL_REPRESENTATION('',(#3609),#3617);
#3609 = ( BOUNDED_CURVE() B_SPLINE_CURVE(2,(#3610,#3611,#3612,#3613,
#3614,#3615,#3616),.UNSPECIFIED.,.T.,.F.) B_SPLINE_CURVE_WITH_KNOTS((1,2
    ,2,2,2,1),(-2.094395102393,0.,2.094395102393,4.188790204786,
6.28318530718,8.377580409573),.UNSPECIFIED.) CURVE() 
GEOMETRIC_REPRESENTATION_ITEM() RATIONAL_B_SPLINE_CURVE((1.,0.5,1.,0.5,
1.,0.5,1.)) REPRESENTATION_ITEM('') );
#3610 = CARTESIAN_POINT('',(-78.65,25.4));
#3611 = CARTESIAN_POINT('',(-78.65,29.643524478544));
#3612 = CARTESIAN_POINT('',(-74.975,27.521762239272));
#3613 = CARTESIAN_POINT('',(-71.3,25.4));
#3614 = CARTESIAN_POINT('',(-74.975,23.278237760728));
#3615 = CARTESIAN_POINT('',(-78.65,21.156475521456));
#3616 = CARTESIAN_POINT('',(-78.65,25.4));
#3617 = ( GEOMETRIC_REPRESENTATION_CONTEXT(2) 
PARAMETRIC_REPRESENTATION_CONTEXT() REPRESENTATION_CONTEXT('2D SPACE',''
  ) );
#3618 = PCURVE('',#3619,#3624);
#3619 = CYLINDRICAL_SURFACE('',#3620,2.45);
#3620 = AXIS2_PLACEMENT_3D('',#3621,#3622,#3623);
#3621 = CARTESIAN_POINT('',(-76.2,25.4,6.));
#3622 = DIRECTION('',(0.,0.,-1.));
#3623 = DIRECTION('',(-1.,0.,0.));
#3624 = DEFINITIONAL_REPRESENTATION('',(#3625),#3629);
#3625 = LINE('',#3626,#3627);
#3626 = CARTESIAN_POINT('',(0.,6.));
#3627 = VECTOR('',#3628,1.);
#3628 = DIRECTION('',(1.,0.));
#3629 = ( GEOMETRIC_REPRESENTATION_CONTEXT(2) 
PARAMETRIC_REPRESENTATION_CONTEXT() REPRESENTATION_CONTEXT('2D SPACE',''
  ) );
#3630 = FACE_BOUND('',#3631,.F.);
#3631 = EDGE_LOOP('',(#3632));
#3632 = ORIENTED_EDGE('',*,*,#3633,.T.);
#3633 = EDGE_CURVE('',#3634,#3634,#3636,.T.);
#3634 = VERTEX_POINT('',#3635);
#3635 = CARTESIAN_POINT('',(-65.95,-6.000769315822E-16,0.));
#3636 = SURFACE_CURVE('',#3637,(#3642,#3653),.PCURVE_S1.);
#3637 = CIRCLE('',#3638,2.45);
#3638 = AXIS2_PLACEMENT_3D('',#3639,#3640,#3641);
#3639 = CARTESIAN_POINT('',(-63.5,0.,0.));
#3640 = DIRECTION('',(0.,0.,-1.));
#3641 = DIRECTION('',(-1.,0.,0.));
#3642 = PCURVE('',#44,#3643);
#3643 = DEFINITIONAL_REPRESENTATION('',(#3644),#3652);
#3644 = ( BOUNDED_CURVE() B_SPLINE_CURVE(2,(#3645,#3646,#3647,#3648,
#3649,#3650,#3651),.UNSPECIFIED.,.T.,.F.) B_SPLINE_CURVE_WITH_KNOTS((1,2
    ,2,2,2,1),(-2.094395102393,0.,2.094395102393,4.188790204786,
6.28318530718,8.377580409573),.UNSPECIFIED.) CURVE() 
GEOMETRIC_REPRESENTATION_ITEM() RATIONAL_B_SPLINE_CURVE((1.,0.5,1.,0.5,
1.,0.5,1.)) REPRESENTATION_ITEM('') );
#3645 = CARTESIAN_POINT('',(-65.95,0.));
#3646 = CARTESIAN_POINT('',(-65.95,4.243524478544));
#3647 = CARTESIAN_POINT('',(-62.275,2.121762239272));
#3648 = CARTESIAN_POINT('',(-58.6,6.000769315822E-16));
#3649 = CARTESIAN_POINT('',(-62.275,-2.121762239272));
#3650 = CARTESIAN_POINT('',(-65.95,-4.243524478544));
#3651 = CARTESIAN_POINT('',(-65.95,0.));
#3652 = ( GEOMETRIC_REPRESENTATION_CONTEXT(2) 
PARAMETRIC_REPRESENTATION_CONTEXT() REPRESENTATION_CONTEXT('2D SPACE',''
  ) );
#3653 = PCURVE('',#3654,#3659);
#3654 = CYLINDRICAL_SURFACE('',#3655,2.45);
#3655 = AXIS2_PLACEMENT_3D('',#3656,#3657,#3658);
#3656 = CARTESIAN_POINT('',(-63.5,0.,6.));
#3657 = DIRECTION('',(0.,0.,-1.));
#3658 = DIRECTION('',(-1.,0.,0.));
#3659 = DEFINITIONAL_REPRESENTATION('',(#3660),#3664);
#3660 = LINE('',#3661,#3662);
#3661 = CARTESIAN_POINT('',(0.,6.));
#3662 = VECTOR('',#3663,1.);
#3663 = DIRECTION('',(1.,0.));
#3664 = ( GEOMETRIC_REPRESENTATION_CONTEXT(2) 
PARAMETRIC_REPRESENTATION_CONTEXT() REPRESENTATION_CONTEXT('2D SPACE',''
  ) );
#3665 = FACE_BOUND('',#3666,.F.);
#3666 = EDGE_LOOP('',(#3667));
#3667 = ORIENTED_EDGE('',*,*,#3668,.T.);
#3668 = EDGE_CURVE('',#3669,#3669,#3671,.T.);
#3669 = VERTEX_POINT('',#3670);
#3670 = CARTESIAN_POINT('',(-65.95,12.7,0.));
#3671 = SURFACE_CURVE('',#3672,(#3677,#3688),.PCURVE_S1.);
#3672 = CIRCLE('',#3673,2.45);
#3673 = AXIS2_PLACEMENT_3D('',#3674,#3675,#3676);
#3674 = CARTESIAN_POINT('',(-63.5,12.7,0.));
#3675 = DIRECTION('',(0.,0.,-1.));
#3676 = DIRECTION('',(-1.,0.,0.));
#3677 = PCURVE('',#44,#3678);
#3678 = DEFINITIONAL_REPRESENTATION('',(#3679),#3687);
#3679 = ( BOUNDED_CURVE() B_SPLINE_CURVE(2,(#3680,#3681,#3682,#3683,
#3684,#3685,#3686),.UNSPECIFIED.,.T.,.F.) B_SPLINE_CURVE_WITH_KNOTS((1,2
    ,2,2,2,1),(-2.094395102393,0.,2.094395102393,4.188790204786,
6.28318530718,8.377580409573),.UNSPECIFIED.) CURVE() 
GEOMETRIC_REPRESENTATION_ITEM() RATIONAL_B_SPLINE_CURVE((1.,0.5,1.,0.5,
1.,0.5,1.)) REPRESENTATION_ITEM('') );
#3680 = CARTESIAN_POINT('',(-65.95,12.7));
#3681 = CARTESIAN_POINT('',(-65.95,16.943524478544));
#3682 = CARTESIAN_POINT('',(-62.275,14.821762239272));
#3683 = CARTESIAN_POINT('',(-58.6,12.7));
#3684 = CARTESIAN_POINT('',(-62.275,10.578237760728));
#3685 = CARTESIAN_POINT('',(-65.95,8.456475521456));
#3686 = CARTESIAN_POINT('',(-65.95,12.7));
#3687 = ( GEOMETRIC_REPRESENTATION_CONTEXT(2) 
PARAMETRIC_REPRESENTATION_CONTEXT() REPRESENTATION_CONTEXT('2D SPACE',''
  ) );
#3688 = PCURVE('',#3689,#3694);
#3689 = CYLINDRICAL_SURFACE('',#3690,2.45);
#3690 = AXIS2_PLACEMENT_3D('',#3691,#3692,#3693);
#3691 = CARTESIAN_POINT('',(-63.5,12.7,6.));
#3692 = DIRECTION('',(0.,0.,-1.));
#3693 = DIRECTION('',(-1.,0.,0.));
#3694 = DEFINITIONAL_REPRESENTATION('',(#3695),#3699);
#3695 = LINE('',#3696,#3697);
#3696 = CARTESIAN_POINT('',(0.,6.));
#3697 = VECTOR('',#3698,1.);
#3698 = DIRECTION('',(1.,0.));
#3699 = ( GEOMETRIC_REPRESENTATION_CONTEXT(2) 
PARAMETRIC_REPRESENTATION_CONTEXT() REPRESENTATION_CONTEXT('2D SPACE',''
  ) );
#3700 = FACE_BOUND('',#3701,.F.);
#3701 = EDGE_LOOP('',(#3702));
#3702 = ORIENTED_EDGE('',*,*,#3703,.T.);
#3703 = EDGE_CURVE('',#3704,#3704,#3706,.T.);
#3704 = VERTEX_POINT('',#3705);
#3705 = CARTESIAN_POINT('',(-65.95,25.4,0.));
#3706 = SURFACE_CURVE('',#3707,(#3712,#3723),.PCURVE_S1.);
#3707 = CIRCLE('',#3708,2.45);
#3708 = AXIS2_PLACEMENT_3D('',#3709,#3710,#3711);
#3709 = CARTESIAN_POINT('',(-63.5,25.4,0.));
#3710 = DIRECTION('',(0.,0.,-1.));
#3711 = DIRECTION('',(-1.,0.,0.));
#3712 = PCURVE('',#44,#3713);
#3713 = DEFINITIONAL_REPRESENTATION('',(#3714),#3722);
#3714 = ( BOUNDED_CURVE() B_SPLINE_CURVE(2,(#3715,#3716,#3717,#3718,
#3719,#3720,#3721),.UNSPECIFIED.,.T.,.F.) B_SPLINE_CURVE_WITH_KNOTS((1,2
    ,2,2,2,1),(-2.094395102393,0.,2.094395102393,4.188790204786,
6.28318530718,8.377580409573),.UNSPECIFIED.) CURVE() 
GEOMETRIC_REPRESENTATION_ITEM() RATIONAL_B_SPLINE_CURVE((1.,0.5,1.,0.5,
1.,0.5,1.)) REPRESENTATION_ITEM('') );
#3715 = CARTESIAN_POINT('',(-65.95,25.4));
#3716 = CARTESIAN_POINT('',(-65.95,29.643524478544));
#3717 = CARTESIAN_POINT('',(-62.275,27.521762239272));
#3718 = CARTESIAN_POINT('',(-58.6,25.4));
#3719 = CARTESIAN_POINT('',(-62.275,23.278237760728));
#3720 = CARTESIAN_POINT('',(-65.95,21.156475521456));
#3721 = CARTESIAN_POINT('',(-65.95,25.4));
#3722 = ( GEOMETRIC_REPRESENTATION_CONTEXT(2) 
PARAMETRIC_REPRESENTATION_CONTEXT() REPRESENTATION_CONTEXT('2D SPACE',''
  ) );
#3723 = PCURVE('',#3724,#3729);
#3724 = CYLINDRICAL_SURFACE('',#3725,2.45);
#3725 = AXIS2_PLACEMENT_3D('',#3726,#3727,#3728);
#3726 = CARTESIAN_POINT('',(-63.5,25.4,6.));
#3727 = DIRECTION('',(0.,0.,-1.));
#3728 = DIRECTION('',(-1.,0.,0.));
#3729 = DEFINITIONAL_REPRESENTATION('',(#3730),#3734);
#3730 = LINE('',#3731,#3732);
#3731 = CARTESIAN_POINT('',(0.,6.));
#3732 = VECTOR('',#3733,1.);
#3733 = DIRECTION('',(1.,0.));
#3734 = ( GEOMETRIC_REPRESENTATION_CONTEXT(2) 
PARAMETRIC_REPRESENTATION_CONTEXT() REPRESENTATION_CONTEXT('2D SPACE',''
  ) );
#3735 = FACE_BOUND('',#3736,.F.);
#3736 = EDGE_LOOP('',(#3737));
#3737 = ORIENTED_EDGE('',*,*,#3738,.T.);
#3738 = EDGE_CURVE('',#3739,#3739,#3741,.T.);
#3739 = VERTEX_POINT('',#3740);
#3740 = CARTESIAN_POINT('',(-91.35,38.1,0.));
#3741 = SURFACE_CURVE('',#3742,(#3747,#3758),.PCURVE_S1.);
#3742 = CIRCLE('',#3743,2.45);
#3743 = AXIS2_PLACEMENT_3D('',#3744,#3745,#3746);
#3744 = CARTESIAN_POINT('',(-88.9,38.1,0.));
#3745 = DIRECTION('',(0.,0.,-1.));
#3746 = DIRECTION('',(-1.,0.,0.));
#3747 = PCURVE('',#44,#3748);
#3748 = DEFINITIONAL_REPRESENTATION('',(#3749),#3757);
#3749 = ( BOUNDED_CURVE() B_SPLINE_CURVE(2,(#3750,#3751,#3752,#3753,
#3754,#3755,#3756),.UNSPECIFIED.,.T.,.F.) B_SPLINE_CURVE_WITH_KNOTS((1,2
    ,2,2,2,1),(-2.094395102393,0.,2.094395102393,4.188790204786,
6.28318530718,8.377580409573),.UNSPECIFIED.) CURVE() 
GEOMETRIC_REPRESENTATION_ITEM() RATIONAL_B_SPLINE_CURVE((1.,0.5,1.,0.5,
1.,0.5,1.)) REPRESENTATION_ITEM('') );
#3750 = CARTESIAN_POINT('',(-91.35,38.1));
#3751 = CARTESIAN_POINT('',(-91.35,42.343524478544));
#3752 = CARTESIAN_POINT('',(-87.675,40.221762239272));
#3753 = CARTESIAN_POINT('',(-84.,38.1));
#3754 = CARTESIAN_POINT('',(-87.675,35.978237760728));
#3755 = CARTESIAN_POINT('',(-91.35,33.856475521456));
#3756 = CARTESIAN_POINT('',(-91.35,38.1));
#3757 = ( GEOMETRIC_REPRESENTATION_CONTEXT(2) 
PARAMETRIC_REPRESENTATION_CONTEXT() REPRESENTATION_CONTEXT('2D SPACE',''
  ) );
#3758 = PCURVE('',#3759,#3764);
#3759 = CYLINDRICAL_SURFACE('',#3760,2.45);
#3760 = AXIS2_PLACEMENT_3D('',#3761,#3762,#3763);
#3761 = CARTESIAN_POINT('',(-88.9,38.1,6.));
#3762 = DIRECTION('',(0.,0.,-1.));
#3763 = DIRECTION('',(-1.,0.,0.));
#3764 = DEFINITIONAL_REPRESENTATION('',(#3765),#3769);
#3765 = LINE('',#3766,#3767);
#3766 = CARTESIAN_POINT('',(0.,6.));
#3767 = VECTOR('',#3768,1.);
#3768 = DIRECTION('',(1.,0.));
#3769 = ( GEOMETRIC_REPRESENTATION_CONTEXT(2) 
PARAMETRIC_REPRESENTATION_CONTEXT() REPRESENTATION_CONTEXT('2D SPACE',''
  ) );
#3770 = FACE_BOUND('',#3771,.F.);
#3771 = EDGE_LOOP('',(#3772));
#3772 = ORIENTED_EDGE('',*,*,#3773,.T.);
#3773 = EDGE_CURVE('',#3774,#3774,#3776,.T.);
#3774 = VERTEX_POINT('',#3775);
#3775 = CARTESIAN_POINT('',(-78.65,38.1,0.));
#3776 = SURFACE_CURVE('',#3777,(#3782,#3793),.PCURVE_S1.);
#3777 = CIRCLE('',#3778,2.45);
#3778 = AXIS2_PLACEMENT_3D('',#3779,#3780,#3781);
#3779 = CARTESIAN_POINT('',(-76.2,38.1,0.));
#3780 = DIRECTION('',(0.,0.,-1.));
#3781 = DIRECTION('',(-1.,0.,0.));
#3782 = PCURVE('',#44,#3783);
#3783 = DEFINITIONAL_REPRESENTATION('',(#3784),#3792);
#3784 = ( BOUNDED_CURVE() B_SPLINE_CURVE(2,(#3785,#3786,#3787,#3788,
#3789,#3790,#3791),.UNSPECIFIED.,.T.,.F.) B_SPLINE_CURVE_WITH_KNOTS((1,2
    ,2,2,2,1),(-2.094395102393,0.,2.094395102393,4.188790204786,
6.28318530718,8.377580409573),.UNSPECIFIED.) CURVE() 
GEOMETRIC_REPRESENTATION_ITEM() RATIONAL_B_SPLINE_CURVE((1.,0.5,1.,0.5,
1.,0.5,1.)) REPRESENTATION_ITEM('') );
#3785 = CARTESIAN_POINT('',(-78.65,38.1));
#3786 = CARTESIAN_POINT('',(-78.65,42.343524478544));
#3787 = CARTESIAN_POINT('',(-74.975,40.221762239272));
#3788 = CARTESIAN_POINT('',(-71.3,38.1));
#3789 = CARTESIAN_POINT('',(-74.975,35.978237760728));
#3790 = CARTESIAN_POINT('',(-78.65,33.856475521456));
#3791 = CARTESIAN_POINT('',(-78.65,38.1));
#3792 = ( GEOMETRIC_REPRESENTATION_CONTEXT(2) 
PARAMETRIC_REPRESENTATION_CONTEXT() REPRESENTATION_CONTEXT('2D SPACE',''
  ) );
#3793 = PCURVE('',#3794,#3799);
#3794 = CYLINDRICAL_SURFACE('',#3795,2.45);
#3795 = AXIS2_PLACEMENT_3D('',#3796,#3797,#3798);
#3796 = CARTESIAN_POINT('',(-76.2,38.1,6.));
#3797 = DIRECTION('',(0.,0.,-1.));
#3798 = DIRECTION('',(-1.,0.,0.));
#3799 = DEFINITIONAL_REPRESENTATION('',(#3800),#3804);
#3800 = LINE('',#3801,#3802);
#3801 = CARTESIAN_POINT('',(0.,6.));
#3802 = VECTOR('',#3803,1.);
#3803 = DIRECTION('',(1.,0.));
#3804 = ( GEOMETRIC_REPRESENTATION_CONTEXT(2) 
PARAMETRIC_REPRESENTATION_CONTEXT() REPRESENTATION_CONTEXT('2D SPACE',''
  ) );
#3805 = FACE_BOUND('',#3806,.F.);
#3806 = EDGE_LOOP('',(#3807));
#3807 = ORIENTED_EDGE('',*,*,#3808,.T.);
#3808 = EDGE_CURVE('',#3809,#3809,#3811,.T.);
#3809 = VERTEX_POINT('',#3810);
#3810 = CARTESIAN_POINT('',(-91.35,50.8,0.));
#3811 = SURFACE_CURVE('',#3812,(#3817,#3828),.PCURVE_S1.);
#3812 = CIRCLE('',#3813,2.45);
#3813 = AXIS2_PLACEMENT_3D('',#3814,#3815,#3816);
#3814 = CARTESIAN_POINT('',(-88.9,50.8,0.));
#3815 = DIRECTION('',(0.,0.,-1.));
#3816 = DIRECTION('',(-1.,0.,0.));
#3817 = PCURVE('',#44,#3818);
#3818 = DEFINITIONAL_REPRESENTATION('',(#3819),#3827);
#3819 = ( BOUNDED_CURVE() B_SPLINE_CURVE(2,(#3820,#3821,#3822,#3823,
#3824,#3825,#3826),.UNSPECIFIED.,.T.,.F.) B_SPLINE_CURVE_WITH_KNOTS((1,2
    ,2,2,2,1),(-2.094395102393,0.,2.094395102393,4.188790204786,
6.28318530718,8.377580409573),.UNSPECIFIED.) CURVE() 
GEOMETRIC_REPRESENTATION_ITEM() RATIONAL_B_SPLINE_CURVE((1.,0.5,1.,0.5,
1.,0.5,1.)) REPRESENTATION_ITEM('') );
#3820 = CARTESIAN_POINT('',(-91.35,50.8));
#3821 = CARTESIAN_POINT('',(-91.35,55.043524478544));
#3822 = CARTESIAN_POINT('',(-87.675,52.921762239272));
#3823 = CARTESIAN_POINT('',(-84.,50.8));
#3824 = CARTESIAN_POINT('',(-87.675,48.678237760728));
#3825 = CARTESIAN_POINT('',(-91.35,46.556475521456));
#3826 = CARTESIAN_POINT('',(-91.35,50.8));
#3827 = ( GEOMETRIC_REPRESENTATION_CONTEXT(2) 
PARAMETRIC_REPRESENTATION_CONTEXT() REPRESENTATION_CONTEXT('2D SPACE',''
  ) );
#3828 = PCURVE('',#3829,#3834);
#3829 = CYLINDRICAL_SURFACE('',#3830,2.45);
#3830 = AXIS2_PLACEMENT_3D('',#3831,#3832,#3833);
#3831 = CARTESIAN_POINT('',(-88.9,50.8,6.));
#3832 = DIRECTION('',(0.,0.,-1.));
#3833 = DIRECTION('',(-1.,0.,0.));
#3834 = DEFINITIONAL_REPRESENTATION('',(#3835),#3839);
#3835 = LINE('',#3836,#3837);
#3836 = CARTESIAN_POINT('',(0.,6.));
#3837 = VECTOR('',#3838,1.);
#3838 = DIRECTION('',(1.,0.));
#3839 = ( GEOMETRIC_REPRESENTATION_CONTEXT(2) 
PARAMETRIC_REPRESENTATION_CONTEXT() REPRESENTATION_CONTEXT('2D SPACE',''
  ) );
#3840 = FACE_BOUND('',#3841,.F.);
#3841 = EDGE_LOOP('',(#3842));
#3842 = ORIENTED_EDGE('',*,*,#3843,.T.);
#3843 = EDGE_CURVE('',#3844,#3844,#3846,.T.);
#3844 = VERTEX_POINT('',#3845);
#3845 = CARTESIAN_POINT('',(-91.35,63.5,0.));
#3846 = SURFACE_CURVE('',#3847,(#3852,#3863),.PCURVE_S1.);
#3847 = CIRCLE('',#3848,2.45);
#3848 = AXIS2_PLACEMENT_3D('',#3849,#3850,#3851);
#3849 = CARTESIAN_POINT('',(-88.9,63.5,0.));
#3850 = DIRECTION('',(0.,0.,-1.));
#3851 = DIRECTION('',(-1.,0.,0.));
#3852 = PCURVE('',#44,#3853);
#3853 = DEFINITIONAL_REPRESENTATION('',(#3854),#3862);
#3854 = ( BOUNDED_CURVE() B_SPLINE_CURVE(2,(#3855,#3856,#3857,#3858,
#3859,#3860,#3861),.UNSPECIFIED.,.T.,.F.) B_SPLINE_CURVE_WITH_KNOTS((1,2
    ,2,2,2,1),(-2.094395102393,0.,2.094395102393,4.188790204786,
6.28318530718,8.377580409573),.UNSPECIFIED.) CURVE() 
GEOMETRIC_REPRESENTATION_ITEM() RATIONAL_B_SPLINE_CURVE((1.,0.5,1.,0.5,
1.,0.5,1.)) REPRESENTATION_ITEM('') );
#3855 = CARTESIAN_POINT('',(-91.35,63.5));
#3856 = CARTESIAN_POINT('',(-91.35,67.743524478544));
#3857 = CARTESIAN_POINT('',(-87.675,65.621762239272));
#3858 = CARTESIAN_POINT('',(-84.,63.5));
#3859 = CARTESIAN_POINT('',(-87.675,61.378237760728));
#3860 = CARTESIAN_POINT('',(-91.35,59.256475521456));
#3861 = CARTESIAN_POINT('',(-91.35,63.5));
#3862 = ( GEOMETRIC_REPRESENTATION_CONTEXT(2) 
PARAMETRIC_REPRESENTATION_CONTEXT() REPRESENTATION_CONTEXT('2D SPACE',''
  ) );
#3863 = PCURVE('',#3864,#3869);
#3864 = CYLINDRICAL_SURFACE('',#3865,2.45);
#3865 = AXIS2_PLACEMENT_3D('',#3866,#3867,#3868);
#3866 = CARTESIAN_POINT('',(-88.9,63.5,6.));
#3867 = DIRECTION('',(0.,0.,-1.));
#3868 = DIRECTION('',(-1.,0.,0.));
#3869 = DEFINITIONAL_REPRESENTATION('',(#3870),#3874);
#3870 = LINE('',#3871,#3872);
#3871 = CARTESIAN_POINT('',(0.,6.));
#3872 = VECTOR('',#3873,1.);
#3873 = DIRECTION('',(1.,0.));
#3874 = ( GEOMETRIC_REPRESENTATION_CONTEXT(2) 
PARAMETRIC_REPRESENTATION_CONTEXT() REPRESENTATION_CONTEXT('2D SPACE',''
  ) );
#3875 = FACE_BOUND('',#3876,.F.);
#3876 = EDGE_LOOP('',(#3877));
#3877 = ORIENTED_EDGE('',*,*,#3878,.T.);
#3878 = EDGE_CURVE('',#3879,#3879,#3881,.T.);
#3879 = VERTEX_POINT('',#3880);
#3880 = CARTESIAN_POINT('',(-78.65,50.8,0.));
#3881 = SURFACE_CURVE('',#3882,(#3887,#3898),.PCURVE_S1.);
#3882 = CIRCLE('',#3883,2.45);
#3883 = AXIS2_PLACEMENT_3D('',#3884,#3885,#3886);
#3884 = CARTESIAN_POINT('',(-76.2,50.8,0.));
#3885 = DIRECTION('',(0.,0.,-1.));
#3886 = DIRECTION('',(-1.,0.,0.));
#3887 = PCURVE('',#44,#3888);
#3888 = DEFINITIONAL_REPRESENTATION('',(#3889),#3897);
#3889 = ( BOUNDED_CURVE() B_SPLINE_CURVE(2,(#3890,#3891,#3892,#3893,
#3894,#3895,#3896),.UNSPECIFIED.,.T.,.F.) B_SPLINE_CURVE_WITH_KNOTS((1,2
    ,2,2,2,1),(-2.094395102393,0.,2.094395102393,4.188790204786,
6.28318530718,8.377580409573),.UNSPECIFIED.) CURVE() 
GEOMETRIC_REPRESENTATION_ITEM() RATIONAL_B_SPLINE_CURVE((1.,0.5,1.,0.5,
1.,0.5,1.)) REPRESENTATION_ITEM('') );
#3890 = CARTESIAN_POINT('',(-78.65,50.8));
#3891 = CARTESIAN_POINT('',(-78.65,55.043524478544));
#3892 = CARTESIAN_POINT('',(-74.975,52.921762239272));
#3893 = CARTESIAN_POINT('',(-71.3,50.8));
#3894 = CARTESIAN_POINT('',(-74.975,48.678237760728));
#3895 = CARTESIAN_POINT('',(-78.65,46.556475521456));
#3896 = CARTESIAN_POINT('',(-78.65,50.8));
#3897 = ( GEOMETRIC_REPRESENTATION_CONTEXT(2) 
PARAMETRIC_REPRESENTATION_CONTEXT() REPRESENTATION_CONTEXT('2D SPACE',''
  ) );
#3898 = PCURVE('',#3899,#3904);
#3899 = CYLINDRICAL_SURFACE('',#3900,2.45);
#3900 = AXIS2_PLACEMENT_3D('',#3901,#3902,#3903);
#3901 = CARTESIAN_POINT('',(-76.2,50.8,6.));
#3902 = DIRECTION('',(0.,0.,-1.));
#3903 = DIRECTION('',(-1.,0.,0.));
#3904 = DEFINITIONAL_REPRESENTATION('',(#3905),#3909);
#3905 = LINE('',#3906,#3907);
#3906 = CARTESIAN_POINT('',(0.,6.));
#3907 = VECTOR('',#3908,1.);
#3908 = DIRECTION('',(1.,0.));
#3909 = ( GEOMETRIC_REPRESENTATION_CONTEXT(2) 
PARAMETRIC_REPRESENTATION_CONTEXT() REPRESENTATION_CONTEXT('2D SPACE',''
  ) );
#3910 = FACE_BOUND('',#3911,.F.);
#3911 = EDGE_LOOP('',(#3912));
#3912 = ORIENTED_EDGE('',*,*,#3913,.T.);
#3913 = EDGE_CURVE('',#3914,#3914,#3916,.T.);
#3914 = VERTEX_POINT('',#3915);
#3915 = CARTESIAN_POINT('',(-78.65,63.5,0.));
#3916 = SURFACE_CURVE('',#3917,(#3922,#3933),.PCURVE_S1.);
#3917 = CIRCLE('',#3918,2.45);
#3918 = AXIS2_PLACEMENT_3D('',#3919,#3920,#3921);
#3919 = CARTESIAN_POINT('',(-76.2,63.5,0.));
#3920 = DIRECTION('',(0.,0.,-1.));
#3921 = DIRECTION('',(-1.,0.,0.));
#3922 = PCURVE('',#44,#3923);
#3923 = DEFINITIONAL_REPRESENTATION('',(#3924),#3932);
#3924 = ( BOUNDED_CURVE() B_SPLINE_CURVE(2,(#3925,#3926,#3927,#3928,
#3929,#3930,#3931),.UNSPECIFIED.,.T.,.F.) B_SPLINE_CURVE_WITH_KNOTS((1,2
    ,2,2,2,1),(-2.094395102393,0.,2.094395102393,4.188790204786,
6.28318530718,8.377580409573),.UNSPECIFIED.) CURVE() 
GEOMETRIC_REPRESENTATION_ITEM() RATIONAL_B_SPLINE_CURVE((1.,0.5,1.,0.5,
1.,0.5,1.)) REPRESENTATION_ITEM('') );
#3925 = CARTESIAN_POINT('',(-78.65,63.5));
#3926 = CARTESIAN_POINT('',(-78.65,67.743524478544));
#3927 = CARTESIAN_POINT('',(-74.975,65.621762239272));
#3928 = CARTESIAN_POINT('',(-71.3,63.5));
#3929 = CARTESIAN_POINT('',(-74.975,61.378237760728));
#3930 = CARTESIAN_POINT('',(-78.65,59.256475521456));
#3931 = CARTESIAN_POINT('',(-78.65,63.5));
#3932 = ( GEOMETRIC_REPRESENTATION_CONTEXT(2) 
PARAMETRIC_REPRESENTATION_CONTEXT() REPRESENTATION_CONTEXT('2D SPACE',''
  ) );
#3933 = PCURVE('',#3934,#3939);
#3934 = CYLINDRICAL_SURFACE('',#3935,2.45);
#3935 = AXIS2_PLACEMENT_3D('',#3936,#3937,#3938);
#3936 = CARTESIAN_POINT('',(-76.2,63.5,6.));
#3937 = DIRECTION('',(0.,0.,-1.));
#3938 = DIRECTION('',(-1.,0.,0.));
#3939 = DEFINITIONAL_REPRESENTATION('',(#3940),#3944);
#3940 = LINE('',#3941,#3942);
#3941 = CARTESIAN_POINT('',(0.,6.));
#3942 = VECTOR('',#3943,1.);
#3943 = DIRECTION('',(1.,0.));
#3944 = ( GEOMETRIC_REPRESENTATION_CONTEXT(2) 
PARAMETRIC_REPRESENTATION_CONTEXT() REPRESENTATION_CONTEXT('2D SPACE',''
  ) );
#3945 = FACE_BOUND('',#3946,.F.);
#3946 = EDGE_LOOP('',(#3947));
#3947 = ORIENTED_EDGE('',*,*,#3948,.T.);
#3948 = EDGE_CURVE('',#3949,#3949,#3951,.T.);
#3949 = VERTEX_POINT('',#3950);
#3950 = CARTESIAN_POINT('',(-65.95,38.1,0.));
#3951 = SURFACE_CURVE('',#3952,(#3957,#3968),.PCURVE_S1.);
#3952 = CIRCLE('',#3953,2.45);
#3953 = AXIS2_PLACEMENT_3D('',#3954,#3955,#3956);
#3954 = CARTESIAN_POINT('',(-63.5,38.1,0.));
#3955 = DIRECTION('',(0.,0.,-1.));
#3956 = DIRECTION('',(-1.,0.,0.));
#3957 = PCURVE('',#44,#3958);
#3958 = DEFINITIONAL_REPRESENTATION('',(#3959),#3967);
#3959 = ( BOUNDED_CURVE() B_SPLINE_CURVE(2,(#3960,#3961,#3962,#3963,
#3964,#3965,#3966),.UNSPECIFIED.,.T.,.F.) B_SPLINE_CURVE_WITH_KNOTS((1,2
    ,2,2,2,1),(-2.094395102393,0.,2.094395102393,4.188790204786,
6.28318530718,8.377580409573),.UNSPECIFIED.) CURVE() 
GEOMETRIC_REPRESENTATION_ITEM() RATIONAL_B_SPLINE_CURVE((1.,0.5,1.,0.5,
1.,0.5,1.)) REPRESENTATION_ITEM('') );
#3960 = CARTESIAN_POINT('',(-65.95,38.1));
#3961 = CARTESIAN_POINT('',(-65.95,42.343524478544));
#3962 = CARTESIAN_POINT('',(-62.275,40.221762239272));
#3963 = CARTESIAN_POINT('',(-58.6,38.1));
#3964 = CARTESIAN_POINT('',(-62.275,35.978237760728));
#3965 = CARTESIAN_POINT('',(-65.95,33.856475521456));
#3966 = CARTESIAN_POINT('',(-65.95,38.1));
#3967 = ( GEOMETRIC_REPRESENTATION_CONTEXT(2) 
PARAMETRIC_REPRESENTATION_CONTEXT() REPRESENTATION_CONTEXT('2D SPACE',''
  ) );
#3968 = PCURVE('',#3969,#3974);
#3969 = CYLINDRICAL_SURFACE('',#3970,2.45);
#3970 = AXIS2_PLACEMENT_3D('',#3971,#3972,#3973);
#3971 = CARTESIAN_POINT('',(-63.5,38.1,6.));
#3972 = DIRECTION('',(0.,0.,-1.));
#3973 = DIRECTION('',(-1.,0.,0.));
#3974 = DEFINITIONAL_REPRESENTATION('',(#3975),#3979);
#3975 = LINE('',#3976,#3977);
#3976 = CARTESIAN_POINT('',(0.,6.));
#3977 = VECTOR('',#3978,1.);
#3978 = DIRECTION('',(1.,0.));
#3979 = ( GEOMETRIC_REPRESENTATION_CONTEXT(2) 
PARAMETRIC_REPRESENTATION_CONTEXT() REPRESENTATION_CONTEXT('2D SPACE',''
  ) );
#3980 = FACE_BOUND('',#3981,.F.);
#3981 = EDGE_LOOP('',(#3982));
#3982 = ORIENTED_EDGE('',*,*,#3983,.T.);
#3983 = EDGE_CURVE('',#3984,#3984,#3986,.T.);
#3984 = VERTEX_POINT('',#3985);
#3985 = CARTESIAN_POINT('',(-65.95,50.8,0.));
#3986 = SURFACE_CURVE('',#3987,(#3992,#4003),.PCURVE_S1.);
#3987 = CIRCLE('',#3988,2.45);
#3988 = AXIS2_PLACEMENT_3D('',#3989,#3990,#3991);
#3989 = CARTESIAN_POINT('',(-63.5,50.8,0.));
#3990 = DIRECTION('',(0.,0.,-1.));
#3991 = DIRECTION('',(-1.,0.,0.));
#3992 = PCURVE('',#44,#3993);
#3993 = DEFINITIONAL_REPRESENTATION('',(#3994),#4002);
#3994 = ( BOUNDED_CURVE() B_SPLINE_CURVE(2,(#3995,#3996,#3997,#3998,
#3999,#4000,#4001),.UNSPECIFIED.,.T.,.F.) B_SPLINE_CURVE_WITH_KNOTS((1,2
    ,2,2,2,1),(-2.094395102393,0.,2.094395102393,4.188790204786,
6.28318530718,8.377580409573),.UNSPECIFIED.) CURVE() 
GEOMETRIC_REPRESENTATION_ITEM() RATIONAL_B_SPLINE_CURVE((1.,0.5,1.,0.5,
1.,0.5,1.)) REPRESENTATION_ITEM('') );
#3995 = CARTESIAN_POINT('',(-65.95,50.8));
#3996 = CARTESIAN_POINT('',(-65.95,55.043524478544));
#3997 = CARTESIAN_POINT('',(-62.275,52.921762239272));
#3998 = CARTESIAN_POINT('',(-58.6,50.8));
#3999 = CARTESIAN_POINT('',(-62.275,48.678237760728));
#4000 = CARTESIAN_POINT('',(-65.95,46.556475521456));
#4001 = CARTESIAN_POINT('',(-65.95,50.8));
#4002 = ( GEOMETRIC_REPRESENTATION_CONTEXT(2) 
PARAMETRIC_REPRESENTATION_CONTEXT() REPRESENTATION_CONTEXT('2D SPACE',''
  ) );
#4003 = PCURVE('',#4004,#4009);
#4004 = CYLINDRICAL_SURFACE('',#4005,2.45);
#4005 = AXIS2_PLACEMENT_3D('',#4006,#4007,#4008);
#4006 = CARTESIAN_POINT('',(-63.5,50.8,6.));
#4007 = DIRECTION('',(0.,0.,-1.));
#4008 = DIRECTION('',(-1.,0.,0.));
#4009 = DEFINITIONAL_REPRESENTATION('',(#4010),#4014);
#4010 = LINE('',#4011,#4012);
#4011 = CARTESIAN_POINT('',(0.,6.));
#4012 = VECTOR('',#4013,1.);
#4013 = DIRECTION('',(1.,0.));
#4014 = ( GEOMETRIC_REPRESENTATION_CONTEXT(2) 
PARAMETRIC_REPRESENTATION_CONTEXT() REPRESENTATION_CONTEXT('2D SPACE',''
  ) );
#4015 = FACE_BOUND('',#4016,.F.);
#4016 = EDGE_LOOP('',(#4017));
#4017 = ORIENTED_EDGE('',*,*,#4018,.T.);
#4018 = EDGE_CURVE('',#4019,#4019,#4021,.T.);
#4019 = VERTEX_POINT('',#4020);
#4020 = CARTESIAN_POINT('',(-65.95,63.5,0.));
#4021 = SURFACE_CURVE('',#4022,(#4027,#4038),.PCURVE_S1.);
#4022 = CIRCLE('',#4023,2.45);
#4023 = AXIS2_PLACEMENT_3D('',#4024,#4025,#4026);
#4024 = CARTESIAN_POINT('',(-63.5,63.5,0.));
#4025 = DIRECTION('',(0.,0.,-1.));
#4026 = DIRECTION('',(-1.,0.,0.));
#4027 = PCURVE('',#44,#4028);
#4028 = DEFINITIONAL_REPRESENTATION('',(#4029),#4037);
#4029 = ( BOUNDED_CURVE() B_SPLINE_CURVE(2,(#4030,#4031,#4032,#4033,
#4034,#4035,#4036),.UNSPECIFIED.,.T.,.F.) B_SPLINE_CURVE_WITH_KNOTS((1,2
    ,2,2,2,1),(-2.094395102393,0.,2.094395102393,4.188790204786,
6.28318530718,8.377580409573),.UNSPECIFIED.) CURVE() 
GEOMETRIC_REPRESENTATION_ITEM() RATIONAL_B_SPLINE_CURVE((1.,0.5,1.,0.5,
1.,0.5,1.)) REPRESENTATION_ITEM('') );
#4030 = CARTESIAN_POINT('',(-65.95,63.5));
#4031 = CARTESIAN_POINT('',(-65.95,67.743524478544));
#4032 = CARTESIAN_POINT('',(-62.275,65.621762239272));
#4033 = CARTESIAN_POINT('',(-58.6,63.5));
#4034 = CARTESIAN_POINT('',(-62.275,61.378237760728));
#4035 = CARTESIAN_POINT('',(-65.95,59.256475521456));
#4036 = CARTESIAN_POINT('',(-65.95,63.5));
#4037 = ( GEOMETRIC_REPRESENTATION_CONTEXT(2) 
PARAMETRIC_REPRESENTATION_CONTEXT() REPRESENTATION_CONTEXT('2D SPACE',''
  ) );
#4038 = PCURVE('',#4039,#4044);
#4039 = CYLINDRICAL_SURFACE('',#4040,2.45);
#4040 = AXIS2_PLACEMENT_3D('',#4041,#4042,#4043);
#4041 = CARTESIAN_POINT('',(-63.5,63.5,6.));
#4042 = DIRECTION('',(0.,0.,-1.));
#4043 = DIRECTION('',(-1.,0.,0.));
#4044 = DEFINITIONAL_REPRESENTATION('',(#4045),#4049);
#4045 = LINE('',#4046,#4047);
#4046 = CARTESIAN_POINT('',(0.,6.));
#4047 = VECTOR('',#4048,1.);
#4048 = DIRECTION('',(1.,0.));
#4049 = ( GEOMETRIC_REPRESENTATION_CONTEXT(2) 
PARAMETRIC_REPRESENTATION_CONTEXT() REPRESENTATION_CONTEXT('2D SPACE',''
  ) );
#4050 = FACE_BOUND('',#4051,.F.);
#4051 = EDGE_LOOP('',(#4052));
#4052 = ORIENTED_EDGE('',*,*,#4053,.T.);
#4053 = EDGE_CURVE('',#4054,#4054,#4056,.T.);
#4054 = VERTEX_POINT('',#4055);
#4055 = CARTESIAN_POINT('',(-91.35,76.2,0.));
#4056 = SURFACE_CURVE('',#4057,(#4062,#4073),.PCURVE_S1.);
#4057 = CIRCLE('',#4058,2.45);
#4058 = AXIS2_PLACEMENT_3D('',#4059,#4060,#4061);
#4059 = CARTESIAN_POINT('',(-88.9,76.2,0.));
#4060 = DIRECTION('',(0.,0.,-1.));
#4061 = DIRECTION('',(-1.,0.,0.));
#4062 = PCURVE('',#44,#4063);
#4063 = DEFINITIONAL_REPRESENTATION('',(#4064),#4072);
#4064 = ( BOUNDED_CURVE() B_SPLINE_CURVE(2,(#4065,#4066,#4067,#4068,
#4069,#4070,#4071),.UNSPECIFIED.,.T.,.F.) B_SPLINE_CURVE_WITH_KNOTS((1,2
    ,2,2,2,1),(-2.094395102393,0.,2.094395102393,4.188790204786,
6.28318530718,8.377580409573),.UNSPECIFIED.) CURVE() 
GEOMETRIC_REPRESENTATION_ITEM() RATIONAL_B_SPLINE_CURVE((1.,0.5,1.,0.5,
1.,0.5,1.)) REPRESENTATION_ITEM('') );
#4065 = CARTESIAN_POINT('',(-91.35,76.2));
#4066 = CARTESIAN_POINT('',(-91.35,80.443524478544));
#4067 = CARTESIAN_POINT('',(-87.675,78.321762239272));
#4068 = CARTESIAN_POINT('',(-84.,76.2));
#4069 = CARTESIAN_POINT('',(-87.675,74.078237760728));
#4070 = CARTESIAN_POINT('',(-91.35,71.956475521456));
#4071 = CARTESIAN_POINT('',(-91.35,76.2));
#4072 = ( GEOMETRIC_REPRESENTATION_CONTEXT(2) 
PARAMETRIC_REPRESENTATION_CONTEXT() REPRESENTATION_CONTEXT('2D SPACE',''
  ) );
#4073 = PCURVE('',#4074,#4079);
#4074 = CYLINDRICAL_SURFACE('',#4075,2.45);
#4075 = AXIS2_PLACEMENT_3D('',#4076,#4077,#4078);
#4076 = CARTESIAN_POINT('',(-88.9,76.2,6.));
#4077 = DIRECTION('',(0.,0.,-1.));
#4078 = DIRECTION('',(-1.,0.,0.));
#4079 = DEFINITIONAL_REPRESENTATION('',(#4080),#4084);
#4080 = LINE('',#4081,#4082);
#4081 = CARTESIAN_POINT('',(0.,6.));
#4082 = VECTOR('',#4083,1.);
#4083 = DIRECTION('',(1.,0.));
#4084 = ( GEOMETRIC_REPRESENTATION_CONTEXT(2) 
PARAMETRIC_REPRESENTATION_CONTEXT() REPRESENTATION_CONTEXT('2D SPACE',''
  ) );
#4085 = FACE_BOUND('',#4086,.F.);
#4086 = EDGE_LOOP('',(#4087));
#4087 = ORIENTED_EDGE('',*,*,#4088,.T.);
#4088 = EDGE_CURVE('',#4089,#4089,#4091,.T.);
#4089 = VERTEX_POINT('',#4090);
#4090 = CARTESIAN_POINT('',(-78.65,76.2,0.));
#4091 = SURFACE_CURVE('',#4092,(#4097,#4108),.PCURVE_S1.);
#4092 = CIRCLE('',#4093,2.45);
#4093 = AXIS2_PLACEMENT_3D('',#4094,#4095,#4096);
#4094 = CARTESIAN_POINT('',(-76.2,76.2,0.));
#4095 = DIRECTION('',(0.,0.,-1.));
#4096 = DIRECTION('',(-1.,0.,0.));
#4097 = PCURVE('',#44,#4098);
#4098 = DEFINITIONAL_REPRESENTATION('',(#4099),#4107);
#4099 = ( BOUNDED_CURVE() B_SPLINE_CURVE(2,(#4100,#4101,#4102,#4103,
#4104,#4105,#4106),.UNSPECIFIED.,.T.,.F.) B_SPLINE_CURVE_WITH_KNOTS((1,2
    ,2,2,2,1),(-2.094395102393,0.,2.094395102393,4.188790204786,
6.28318530718,8.377580409573),.UNSPECIFIED.) CURVE() 
GEOMETRIC_REPRESENTATION_ITEM() RATIONAL_B_SPLINE_CURVE((1.,0.5,1.,0.5,
1.,0.5,1.)) REPRESENTATION_ITEM('') );
#4100 = CARTESIAN_POINT('',(-78.65,76.2));
#4101 = CARTESIAN_POINT('',(-78.65,80.443524478544));
#4102 = CARTESIAN_POINT('',(-74.975,78.321762239272));
#4103 = CARTESIAN_POINT('',(-71.3,76.2));
#4104 = CARTESIAN_POINT('',(-74.975,74.078237760728));
#4105 = CARTESIAN_POINT('',(-78.65,71.956475521456));
#4106 = CARTESIAN_POINT('',(-78.65,76.2));
#4107 = ( GEOMETRIC_REPRESENTATION_CONTEXT(2) 
PARAMETRIC_REPRESENTATION_CONTEXT() REPRESENTATION_CONTEXT('2D SPACE',''
  ) );
#4108 = PCURVE('',#4109,#4114);
#4109 = CYLINDRICAL_SURFACE('',#4110,2.45);
#4110 = AXIS2_PLACEMENT_3D('',#4111,#4112,#4113);
#4111 = CARTESIAN_POINT('',(-76.2,76.2,6.));
#4112 = DIRECTION('',(0.,0.,-1.));
#4113 = DIRECTION('',(-1.,0.,0.));
#4114 = DEFINITIONAL_REPRESENTATION('',(#4115),#4119);
#4115 = LINE('',#4116,#4117);
#4116 = CARTESIAN_POINT('',(0.,6.));
#4117 = VECTOR('',#4118,1.);
#4118 = DIRECTION('',(1.,0.));
#4119 = ( GEOMETRIC_REPRESENTATION_CONTEXT(2) 
PARAMETRIC_REPRESENTATION_CONTEXT() REPRESENTATION_CONTEXT('2D SPACE',''
  ) );
#4120 = FACE_BOUND('',#4121,.F.);
#4121 = EDGE_LOOP('',(#4122));
#4122 = ORIENTED_EDGE('',*,*,#4123,.T.);
#4123 = EDGE_CURVE('',#4124,#4124,#4126,.T.);
#4124 = VERTEX_POINT('',#4125);
#4125 = CARTESIAN_POINT('',(-91.35,88.9,0.));
#4126 = SURFACE_CURVE('',#4127,(#4132,#4143),.PCURVE_S1.);
#4127 = CIRCLE('',#4128,2.45);
#4128 = AXIS2_PLACEMENT_3D('',#4129,#4130,#4131);
#4129 = CARTESIAN_POINT('',(-88.9,88.9,0.));
#4130 = DIRECTION('',(0.,0.,-1.));
#4131 = DIRECTION('',(-1.,0.,0.));
#4132 = PCURVE('',#44,#4133);
#4133 = DEFINITIONAL_REPRESENTATION('',(#4134),#4142);
#4134 = ( BOUNDED_CURVE() B_SPLINE_CURVE(2,(#4135,#4136,#4137,#4138,
#4139,#4140,#4141),.UNSPECIFIED.,.T.,.F.) B_SPLINE_CURVE_WITH_KNOTS((1,2
    ,2,2,2,1),(-2.094395102393,0.,2.094395102393,4.188790204786,
6.28318530718,8.377580409573),.UNSPECIFIED.) CURVE() 
GEOMETRIC_REPRESENTATION_ITEM() RATIONAL_B_SPLINE_CURVE((1.,0.5,1.,0.5,
1.,0.5,1.)) REPRESENTATION_ITEM('') );
#4135 = CARTESIAN_POINT('',(-91.35,88.9));
#4136 = CARTESIAN_POINT('',(-91.35,93.143524478544));
#4137 = CARTESIAN_POINT('',(-87.675,91.021762239272));
#4138 = CARTESIAN_POINT('',(-84.,88.9));
#4139 = CARTESIAN_POINT('',(-87.675,86.778237760728));
#4140 = CARTESIAN_POINT('',(-91.35,84.656475521456));
#4141 = CARTESIAN_POINT('',(-91.35,88.9));
#4142 = ( GEOMETRIC_REPRESENTATION_CONTEXT(2) 
PARAMETRIC_REPRESENTATION_CONTEXT() REPRESENTATION_CONTEXT('2D SPACE',''
  ) );
#4143 = PCURVE('',#4144,#4149);
#4144 = CYLINDRICAL_SURFACE('',#4145,2.45);
#4145 = AXIS2_PLACEMENT_3D('',#4146,#4147,#4148);
#4146 = CARTESIAN_POINT('',(-88.9,88.9,6.));
#4147 = DIRECTION('',(0.,0.,-1.));
#4148 = DIRECTION('',(-1.,0.,0.));
#4149 = DEFINITIONAL_REPRESENTATION('',(#4150),#4154);
#4150 = LINE('',#4151,#4152);
#4151 = CARTESIAN_POINT('',(0.,6.));
#4152 = VECTOR('',#4153,1.);
#4153 = DIRECTION('',(1.,0.));
#4154 = ( GEOMETRIC_REPRESENTATION_CONTEXT(2) 
PARAMETRIC_REPRESENTATION_CONTEXT() REPRESENTATION_CONTEXT('2D SPACE',''
  ) );
#4155 = FACE_BOUND('',#4156,.F.);
#4156 = EDGE_LOOP('',(#4157));
#4157 = ORIENTED_EDGE('',*,*,#4158,.T.);
#4158 = EDGE_CURVE('',#4159,#4159,#4161,.T.);
#4159 = VERTEX_POINT('',#4160);
#4160 = CARTESIAN_POINT('',(-65.95,76.2,0.));
#4161 = SURFACE_CURVE('',#4162,(#4167,#4178),.PCURVE_S1.);
#4162 = CIRCLE('',#4163,2.45);
#4163 = AXIS2_PLACEMENT_3D('',#4164,#4165,#4166);
#4164 = CARTESIAN_POINT('',(-63.5,76.2,0.));
#4165 = DIRECTION('',(0.,0.,-1.));
#4166 = DIRECTION('',(-1.,0.,0.));
#4167 = PCURVE('',#44,#4168);
#4168 = DEFINITIONAL_REPRESENTATION('',(#4169),#4177);
#4169 = ( BOUNDED_CURVE() B_SPLINE_CURVE(2,(#4170,#4171,#4172,#4173,
#4174,#4175,#4176),.UNSPECIFIED.,.T.,.F.) B_SPLINE_CURVE_WITH_KNOTS((1,2
    ,2,2,2,1),(-2.094395102393,0.,2.094395102393,4.188790204786,
6.28318530718,8.377580409573),.UNSPECIFIED.) CURVE() 
GEOMETRIC_REPRESENTATION_ITEM() RATIONAL_B_SPLINE_CURVE((1.,0.5,1.,0.5,
1.,0.5,1.)) REPRESENTATION_ITEM('') );
#4170 = CARTESIAN_POINT('',(-65.95,76.2));
#4171 = CARTESIAN_POINT('',(-65.95,80.443524478544));
#4172 = CARTESIAN_POINT('',(-62.275,78.321762239272));
#4173 = CARTESIAN_POINT('',(-58.6,76.2));
#4174 = CARTESIAN_POINT('',(-62.275,74.078237760728));
#4175 = CARTESIAN_POINT('',(-65.95,71.956475521456));
#4176 = CARTESIAN_POINT('',(-65.95,76.2));
#4177 = ( GEOMETRIC_REPRESENTATION_CONTEXT(2) 
PARAMETRIC_REPRESENTATION_CONTEXT() REPRESENTATION_CONTEXT('2D SPACE',''
  ) );
#4178 = PCURVE('',#4179,#4184);
#4179 = CYLINDRICAL_SURFACE('',#4180,2.45);
#4180 = AXIS2_PLACEMENT_3D('',#4181,#4182,#4183);
#4181 = CARTESIAN_POINT('',(-63.5,76.2,6.));
#4182 = DIRECTION('',(0.,0.,-1.));
#4183 = DIRECTION('',(-1.,0.,0.));
#4184 = DEFINITIONAL_REPRESENTATION('',(#4185),#4189);
#4185 = LINE('',#4186,#4187);
#4186 = CARTESIAN_POINT('',(0.,6.));
#4187 = VECTOR('',#4188,1.);
#4188 = DIRECTION('',(1.,0.));
#4189 = ( GEOMETRIC_REPRESENTATION_CONTEXT(2) 
PARAMETRIC_REPRESENTATION_CONTEXT() REPRESENTATION_CONTEXT('2D SPACE',''
  ) );
#4190 = FACE_BOUND('',#4191,.F.);
#4191 = EDGE_LOOP('',(#4192));
#4192 = ORIENTED_EDGE('',*,*,#4193,.T.);
#4193 = EDGE_CURVE('',#4194,#4194,#4196,.T.);
#4194 = VERTEX_POINT('',#4195);
#4195 = CARTESIAN_POINT('',(-65.95,88.9,0.));
#4196 = SURFACE_CURVE('',#4197,(#4202,#4213),.PCURVE_S1.);
#4197 = CIRCLE('',#4198,2.45);
#4198 = AXIS2_PLACEMENT_3D('',#4199,#4200,#4201);
#4199 = CARTESIAN_POINT('',(-63.5,88.9,0.));
#4200 = DIRECTION('',(0.,0.,-1.));
#4201 = DIRECTION('',(-1.,0.,0.));
#4202 = PCURVE('',#44,#4203);
#4203 = DEFINITIONAL_REPRESENTATION('',(#4204),#4212);
#4204 = ( BOUNDED_CURVE() B_SPLINE_CURVE(2,(#4205,#4206,#4207,#4208,
#4209,#4210,#4211),.UNSPECIFIED.,.T.,.F.) B_SPLINE_CURVE_WITH_KNOTS((1,2
    ,2,2,2,1),(-2.094395102393,0.,2.094395102393,4.188790204786,
6.28318530718,8.377580409573),.UNSPECIFIED.) CURVE() 
GEOMETRIC_REPRESENTATION_ITEM() RATIONAL_B_SPLINE_CURVE((1.,0.5,1.,0.5,
1.,0.5,1.)) REPRESENTATION_ITEM('') );
#4205 = CARTESIAN_POINT('',(-65.95,88.9));
#4206 = CARTESIAN_POINT('',(-65.95,93.143524478544));
#4207 = CARTESIAN_POINT('',(-62.275,91.021762239272));
#4208 = CARTESIAN_POINT('',(-58.6,88.9));
#4209 = CARTESIAN_POINT('',(-62.275,86.778237760728));
#4210 = CARTESIAN_POINT('',(-65.95,84.656475521456));
#4211 = CARTESIAN_POINT('',(-65.95,88.9));
#4212 = ( GEOMETRIC_REPRESENTATION_CONTEXT(2) 
PARAMETRIC_REPRESENTATION_CONTEXT() REPRESENTATION_CONTEXT('2D SPACE',''
  ) );
#4213 = PCURVE('',#4214,#4219);
#4214 = CYLINDRICAL_SURFACE('',#4215,2.45);
#4215 = AXIS2_PLACEMENT_3D('',#4216,#4217,#4218);
#4216 = CARTESIAN_POINT('',(-63.5,88.9,6.));
#4217 = DIRECTION('',(0.,0.,-1.));
#4218 = DIRECTION('',(-1.,0.,0.));
#4219 = DEFINITIONAL_REPRESENTATION('',(#4220),#4224);
#4220 = LINE('',#4221,#4222);
#4221 = CARTESIAN_POINT('',(0.,6.));
#4222 = VECTOR('',#4223,1.);
#4223 = DIRECTION('',(1.,0.));
#4224 = ( GEOMETRIC_REPRESENTATION_CONTEXT(2) 
PARAMETRIC_REPRESENTATION_CONTEXT() REPRESENTATION_CONTEXT('2D SPACE',''
  ) );
#4225 = FACE_BOUND('',#4226,.F.);
#4226 = EDGE_LOOP('',(#4227));
#4227 = ORIENTED_EDGE('',*,*,#4228,.T.);
#4228 = EDGE_CURVE('',#4229,#4229,#4231,.T.);
#4229 = VERTEX_POINT('',#4230);
#4230 = CARTESIAN_POINT('',(-53.25,88.9,0.));
#4231 = SURFACE_CURVE('',#4232,(#4237,#4248),.PCURVE_S1.);
#4232 = CIRCLE('',#4233,2.45);
#4233 = AXIS2_PLACEMENT_3D('',#4234,#4235,#4236);
#4234 = CARTESIAN_POINT('',(-50.8,88.9,0.));
#4235 = DIRECTION('',(0.,0.,-1.));
#4236 = DIRECTION('',(-1.,0.,0.));
#4237 = PCURVE('',#44,#4238);
#4238 = DEFINITIONAL_REPRESENTATION('',(#4239),#4247);
#4239 = ( BOUNDED_CURVE() B_SPLINE_CURVE(2,(#4240,#4241,#4242,#4243,
#4244,#4245,#4246),.UNSPECIFIED.,.T.,.F.) B_SPLINE_CURVE_WITH_KNOTS((1,2
    ,2,2,2,1),(-2.094395102393,0.,2.094395102393,4.188790204786,
6.28318530718,8.377580409573),.UNSPECIFIED.) CURVE() 
GEOMETRIC_REPRESENTATION_ITEM() RATIONAL_B_SPLINE_CURVE((1.,0.5,1.,0.5,
1.,0.5,1.)) REPRESENTATION_ITEM('') );
#4240 = CARTESIAN_POINT('',(-53.25,88.9));
#4241 = CARTESIAN_POINT('',(-53.25,93.143524478544));
#4242 = CARTESIAN_POINT('',(-49.575,91.021762239272));
#4243 = CARTESIAN_POINT('',(-45.9,88.9));
#4244 = CARTESIAN_POINT('',(-49.575,86.778237760728));
#4245 = CARTESIAN_POINT('',(-53.25,84.656475521456));
#4246 = CARTESIAN_POINT('',(-53.25,88.9));
#4247 = ( GEOMETRIC_REPRESENTATION_CONTEXT(2) 
PARAMETRIC_REPRESENTATION_CONTEXT() REPRESENTATION_CONTEXT('2D SPACE',''
  ) );
#4248 = PCURVE('',#4249,#4254);
#4249 = CYLINDRICAL_SURFACE('',#4250,2.45);
#4250 = AXIS2_PLACEMENT_3D('',#4251,#4252,#4253);
#4251 = CARTESIAN_POINT('',(-50.8,88.9,6.));
#4252 = DIRECTION('',(0.,0.,-1.));
#4253 = DIRECTION('',(-1.,0.,0.));
#4254 = DEFINITIONAL_REPRESENTATION('',(#4255),#4259);
#4255 = LINE('',#4256,#4257);
#4256 = CARTESIAN_POINT('',(0.,6.));
#4257 = VECTOR('',#4258,1.);
#4258 = DIRECTION('',(1.,0.));
#4259 = ( GEOMETRIC_REPRESENTATION_CONTEXT(2) 
PARAMETRIC_REPRESENTATION_CONTEXT() REPRESENTATION_CONTEXT('2D SPACE',''
  ) );
#4260 = FACE_BOUND('',#4261,.F.);
#4261 = EDGE_LOOP('',(#4262,#4293,#4319,#4348));
#4262 = ORIENTED_EDGE('',*,*,#4263,.F.);
#4263 = EDGE_CURVE('',#4264,#4266,#4268,.T.);
#4264 = VERTEX_POINT('',#4265);
#4265 = CARTESIAN_POINT('',(-86.,116.,0.));
#4266 = VERTEX_POINT('',#4267);
#4267 = CARTESIAN_POINT('',(-86.,100.,0.));
#4268 = SURFACE_CURVE('',#4269,(#4274,#4281),.PCURVE_S1.);
#4269 = CIRCLE('',#4270,8.);
#4270 = AXIS2_PLACEMENT_3D('',#4271,#4272,#4273);
#4271 = CARTESIAN_POINT('',(-86.,108.,0.));
#4272 = DIRECTION('',(0.,0.,1.));
#4273 = DIRECTION('',(-0.,-1.,0.));
#4274 = PCURVE('',#44,#4275);
#4275 = DEFINITIONAL_REPRESENTATION('',(#4276),#4280);
#4276 = CIRCLE('',#4277,8.);
#4277 = AXIS2_PLACEMENT_2D('',#4278,#4279);
#4278 = CARTESIAN_POINT('',(-86.,108.));
#4279 = DIRECTION('',(-0.,-1.));
#4280 = ( GEOMETRIC_REPRESENTATION_CONTEXT(2) 
PARAMETRIC_REPRESENTATION_CONTEXT() REPRESENTATION_CONTEXT('2D SPACE',''
  ) );
#4281 = PCURVE('',#4282,#4287);
#4282 = CYLINDRICAL_SURFACE('',#4283,8.);
#4283 = AXIS2_PLACEMENT_3D('',#4284,#4285,#4286);
#4284 = CARTESIAN_POINT('',(-86.,108.,290.0000003));
#4285 = DIRECTION('',(0.,-0.,1.));
#4286 = DIRECTION('',(0.,-1.,0.));
#4287 = DEFINITIONAL_REPRESENTATION('',(#4288),#4292);
#4288 = LINE('',#4289,#4290);
#4289 = CARTESIAN_POINT('',(-6.28318530718,-290.0000003));
#4290 = VECTOR('',#4291,1.);
#4291 = DIRECTION('',(1.,-0.));
#4292 = ( GEOMETRIC_REPRESENTATION_CONTEXT(2) 
PARAMETRIC_REPRESENTATION_CONTEXT() REPRESENTATION_CONTEXT('2D SPACE',''
  ) );
#4293 = ORIENTED_EDGE('',*,*,#4294,.T.);
#4294 = EDGE_CURVE('',#4264,#4295,#4297,.T.);
#4295 = VERTEX_POINT('',#4296);
#4296 = CARTESIAN_POINT('',(-64.,116.,0.));
#4297 = SURFACE_CURVE('',#4298,(#4302,#4308),.PCURVE_S1.);
#4298 = LINE('',#4299,#4300);
#4299 = CARTESIAN_POINT('',(-43.,116.,0.));
#4300 = VECTOR('',#4301,1.);
#4301 = DIRECTION('',(1.,0.,-0.));
#4302 = PCURVE('',#44,#4303);
#4303 = DEFINITIONAL_REPRESENTATION('',(#4304),#4307);
#4304 = B_SPLINE_CURVE_WITH_KNOTS('',1,(#4305,#4306),.UNSPECIFIED.,.F.,
  .F.,(2,2),(-43.,-21.),.PIECEWISE_BEZIER_KNOTS.);
#4305 = CARTESIAN_POINT('',(-86.,116.));
#4306 = CARTESIAN_POINT('',(-64.,116.));
#4307 = ( GEOMETRIC_REPRESENTATION_CONTEXT(2) 
PARAMETRIC_REPRESENTATION_CONTEXT() REPRESENTATION_CONTEXT('2D SPACE',''
  ) );
#4308 = PCURVE('',#4309,#4314);
#4309 = PLANE('',#4310);
#4310 = AXIS2_PLACEMENT_3D('',#4311,#4312,#4313);
#4311 = CARTESIAN_POINT('',(-86.,116.,290.0000003));
#4312 = DIRECTION('',(0.,-1.,0.));
#4313 = DIRECTION('',(1.,0.,0.));
#4314 = DEFINITIONAL_REPRESENTATION('',(#4315),#4318);
#4315 = B_SPLINE_CURVE_WITH_KNOTS('',1,(#4316,#4317),.UNSPECIFIED.,.F.,
  .F.,(2,2),(-43.,-21.),.PIECEWISE_BEZIER_KNOTS.);
#4316 = CARTESIAN_POINT('',(0.,-290.0000003));
#4317 = CARTESIAN_POINT('',(22.,-290.0000003));
#4318 = ( GEOMETRIC_REPRESENTATION_CONTEXT(2) 
PARAMETRIC_REPRESENTATION_CONTEXT() REPRESENTATION_CONTEXT('2D SPACE',''
  ) );
#4319 = ORIENTED_EDGE('',*,*,#4320,.F.);
#4320 = EDGE_CURVE('',#4321,#4295,#4323,.T.);
#4321 = VERTEX_POINT('',#4322);
#4322 = CARTESIAN_POINT('',(-64.,100.,0.));
#4323 = SURFACE_CURVE('',#4324,(#4329,#4336),.PCURVE_S1.);
#4324 = CIRCLE('',#4325,8.);
#4325 = AXIS2_PLACEMENT_3D('',#4326,#4327,#4328);
#4326 = CARTESIAN_POINT('',(-64.,108.,0.));
#4327 = DIRECTION('',(0.,-0.,1.));
#4328 = DIRECTION('',(0.,1.,0.));
#4329 = PCURVE('',#44,#4330);
#4330 = DEFINITIONAL_REPRESENTATION('',(#4331),#4335);
#4331 = CIRCLE('',#4332,8.);
#4332 = AXIS2_PLACEMENT_2D('',#4333,#4334);
#4333 = CARTESIAN_POINT('',(-64.,108.));
#4334 = DIRECTION('',(0.,1.));
#4335 = ( GEOMETRIC_REPRESENTATION_CONTEXT(2) 
PARAMETRIC_REPRESENTATION_CONTEXT() REPRESENTATION_CONTEXT('2D SPACE',''
  ) );
#4336 = PCURVE('',#4337,#4342);
#4337 = CYLINDRICAL_SURFACE('',#4338,8.);
#4338 = AXIS2_PLACEMENT_3D('',#4339,#4340,#4341);
#4339 = CARTESIAN_POINT('',(-64.,108.,290.0000003));
#4340 = DIRECTION('',(0.,0.,1.));
#4341 = DIRECTION('',(0.,1.,0.));
#4342 = DEFINITIONAL_REPRESENTATION('',(#4343),#4347);
#4343 = LINE('',#4344,#4345);
#4344 = CARTESIAN_POINT('',(-6.28318530718,-290.0000003));
#4345 = VECTOR('',#4346,1.);
#4346 = DIRECTION('',(1.,-0.));
#4347 = ( GEOMETRIC_REPRESENTATION_CONTEXT(2) 
PARAMETRIC_REPRESENTATION_CONTEXT() REPRESENTATION_CONTEXT('2D SPACE',''
  ) );
#4348 = ORIENTED_EDGE('',*,*,#4349,.T.);
#4349 = EDGE_CURVE('',#4321,#4266,#4350,.T.);
#4350 = SURFACE_CURVE('',#4351,(#4355,#4361),.PCURVE_S1.);
#4351 = LINE('',#4352,#4353);
#4352 = CARTESIAN_POINT('',(-32.,100.,0.));
#4353 = VECTOR('',#4354,1.);
#4354 = DIRECTION('',(-1.,0.,0.));
#4355 = PCURVE('',#44,#4356);
#4356 = DEFINITIONAL_REPRESENTATION('',(#4357),#4360);
#4357 = B_SPLINE_CURVE_WITH_KNOTS('',1,(#4358,#4359),.UNSPECIFIED.,.F.,
  .F.,(2,2),(32.,54.),.PIECEWISE_BEZIER_KNOTS.);
#4358 = CARTESIAN_POINT('',(-64.,100.));
#4359 = CARTESIAN_POINT('',(-86.,100.));
#4360 = ( GEOMETRIC_REPRESENTATION_CONTEXT(2) 
PARAMETRIC_REPRESENTATION_CONTEXT() REPRESENTATION_CONTEXT('2D SPACE',''
  ) );
#4361 = PCURVE('',#4362,#4367);
#4362 = PLANE('',#4363);
#4363 = AXIS2_PLACEMENT_3D('',#4364,#4365,#4366);
#4364 = CARTESIAN_POINT('',(-64.,100.,290.0000003));
#4365 = DIRECTION('',(0.,1.,0.));
#4366 = DIRECTION('',(-1.,0.,0.));
#4367 = DEFINITIONAL_REPRESENTATION('',(#4368),#4371);
#4368 = B_SPLINE_CURVE_WITH_KNOTS('',1,(#4369,#4370),.UNSPECIFIED.,.F.,
  .F.,(2,2),(32.,54.),.PIECEWISE_BEZIER_KNOTS.);
#4369 = CARTESIAN_POINT('',(0.,-290.0000003));
#4370 = CARTESIAN_POINT('',(22.,-290.0000003));
#4371 = ( GEOMETRIC_REPRESENTATION_CONTEXT(2) 
PARAMETRIC_REPRESENTATION_CONTEXT() REPRESENTATION_CONTEXT('2D SPACE',''
  ) );
#4372 = FACE_BOUND('',#4373,.F.);
#4373 = EDGE_LOOP('',(#4374));
#4374 = ORIENTED_EDGE('',*,*,#4375,.T.);
#4375 = EDGE_CURVE('',#4376,#4376,#4378,.T.);
#4376 = VERTEX_POINT('',#4377);
#4377 = CARTESIAN_POINT('',(-91.35,127.,0.));
#4378 = SURFACE_CURVE('',#4379,(#4384,#4395),.PCURVE_S1.);
#4379 = CIRCLE('',#4380,2.45);
#4380 = AXIS2_PLACEMENT_3D('',#4381,#4382,#4383);
#4381 = CARTESIAN_POINT('',(-88.9,127.,0.));
#4382 = DIRECTION('',(0.,0.,-1.));
#4383 = DIRECTION('',(-1.,0.,0.));
#4384 = PCURVE('',#44,#4385);
#4385 = DEFINITIONAL_REPRESENTATION('',(#4386),#4394);
#4386 = ( BOUNDED_CURVE() B_SPLINE_CURVE(2,(#4387,#4388,#4389,#4390,
#4391,#4392,#4393),.UNSPECIFIED.,.T.,.F.) B_SPLINE_CURVE_WITH_KNOTS((1,2
    ,2,2,2,1),(-2.094395102393,0.,2.094395102393,4.188790204786,
6.28318530718,8.377580409573),.UNSPECIFIED.) CURVE() 
GEOMETRIC_REPRESENTATION_ITEM() RATIONAL_B_SPLINE_CURVE((1.,0.5,1.,0.5,
1.,0.5,1.)) REPRESENTATION_ITEM('') );
#4387 = CARTESIAN_POINT('',(-91.35,127.));
#4388 = CARTESIAN_POINT('',(-91.35,131.24352447854));
#4389 = CARTESIAN_POINT('',(-87.675,129.12176223927));
#4390 = CARTESIAN_POINT('',(-84.,127.));
#4391 = CARTESIAN_POINT('',(-87.675,124.87823776072));
#4392 = CARTESIAN_POINT('',(-91.35,122.75647552145));
#4393 = CARTESIAN_POINT('',(-91.35,127.));
#4394 = ( GEOMETRIC_REPRESENTATION_CONTEXT(2) 
PARAMETRIC_REPRESENTATION_CONTEXT() REPRESENTATION_CONTEXT('2D SPACE',''
  ) );
#4395 = PCURVE('',#4396,#4401);
#4396 = CYLINDRICAL_SURFACE('',#4397,2.45);
#4397 = AXIS2_PLACEMENT_3D('',#4398,#4399,#4400);
#4398 = CARTESIAN_POINT('',(-88.9,127.,6.));
#4399 = DIRECTION('',(0.,0.,-1.));
#4400 = DIRECTION('',(-1.,0.,0.));
#4401 = DEFINITIONAL_REPRESENTATION('',(#4402),#4406);
#4402 = LINE('',#4403,#4404);
#4403 = CARTESIAN_POINT('',(0.,6.));
#4404 = VECTOR('',#4405,1.);
#4405 = DIRECTION('',(1.,0.));
#4406 = ( GEOMETRIC_REPRESENTATION_CONTEXT(2) 
PARAMETRIC_REPRESENTATION_CONTEXT() REPRESENTATION_CONTEXT('2D SPACE',''
  ) );
#4407 = FACE_BOUND('',#4408,.F.);
#4408 = EDGE_LOOP('',(#4409));
#4409 = ORIENTED_EDGE('',*,*,#4410,.T.);
#4410 = EDGE_CURVE('',#4411,#4411,#4413,.T.);
#4411 = VERTEX_POINT('',#4412);
#4412 = CARTESIAN_POINT('',(-53.25,101.6,0.));
#4413 = SURFACE_CURVE('',#4414,(#4419,#4430),.PCURVE_S1.);
#4414 = CIRCLE('',#4415,2.45);
#4415 = AXIS2_PLACEMENT_3D('',#4416,#4417,#4418);
#4416 = CARTESIAN_POINT('',(-50.8,101.6,0.));
#4417 = DIRECTION('',(0.,0.,-1.));
#4418 = DIRECTION('',(-1.,0.,0.));
#4419 = PCURVE('',#44,#4420);
#4420 = DEFINITIONAL_REPRESENTATION('',(#4421),#4429);
#4421 = ( BOUNDED_CURVE() B_SPLINE_CURVE(2,(#4422,#4423,#4424,#4425,
#4426,#4427,#4428),.UNSPECIFIED.,.T.,.F.) B_SPLINE_CURVE_WITH_KNOTS((1,2
    ,2,2,2,1),(-2.094395102393,0.,2.094395102393,4.188790204786,
6.28318530718,8.377580409573),.UNSPECIFIED.) CURVE() 
GEOMETRIC_REPRESENTATION_ITEM() RATIONAL_B_SPLINE_CURVE((1.,0.5,1.,0.5,
1.,0.5,1.)) REPRESENTATION_ITEM('') );
#4422 = CARTESIAN_POINT('',(-53.25,101.6));
#4423 = CARTESIAN_POINT('',(-53.25,105.84352447854));
#4424 = CARTESIAN_POINT('',(-49.575,103.72176223927));
#4425 = CARTESIAN_POINT('',(-45.9,101.6));
#4426 = CARTESIAN_POINT('',(-49.575,99.478237760728));
#4427 = CARTESIAN_POINT('',(-53.25,97.356475521456));
#4428 = CARTESIAN_POINT('',(-53.25,101.6));
#4429 = ( GEOMETRIC_REPRESENTATION_CONTEXT(2) 
PARAMETRIC_REPRESENTATION_CONTEXT() REPRESENTATION_CONTEXT('2D SPACE',''
  ) );
#4430 = PCURVE('',#4431,#4436);
#4431 = CYLINDRICAL_SURFACE('',#4432,2.45);
#4432 = AXIS2_PLACEMENT_3D('',#4433,#4434,#4435);
#4433 = CARTESIAN_POINT('',(-50.8,101.6,6.));
#4434 = DIRECTION('',(0.,0.,-1.));
#4435 = DIRECTION('',(-1.,0.,0.));
#4436 = DEFINITIONAL_REPRESENTATION('',(#4437),#4441);
#4437 = LINE('',#4438,#4439);
#4438 = CARTESIAN_POINT('',(0.,6.));
#4439 = VECTOR('',#4440,1.);
#4440 = DIRECTION('',(1.,0.));
#4441 = ( GEOMETRIC_REPRESENTATION_CONTEXT(2) 
PARAMETRIC_REPRESENTATION_CONTEXT() REPRESENTATION_CONTEXT('2D SPACE',''
  ) );
#4442 = FACE_BOUND('',#4443,.F.);
#4443 = EDGE_LOOP('',(#4444));
#4444 = ORIENTED_EDGE('',*,*,#4445,.T.);
#4445 = EDGE_CURVE('',#4446,#4446,#4448,.T.);
#4446 = VERTEX_POINT('',#4447);
#4447 = CARTESIAN_POINT('',(-65.95,127.,0.));
#4448 = SURFACE_CURVE('',#4449,(#4454,#4465),.PCURVE_S1.);
#4449 = CIRCLE('',#4450,2.45);
#4450 = AXIS2_PLACEMENT_3D('',#4451,#4452,#4453);
#4451 = CARTESIAN_POINT('',(-63.5,127.,0.));
#4452 = DIRECTION('',(0.,0.,-1.));
#4453 = DIRECTION('',(-1.,0.,0.));
#4454 = PCURVE('',#44,#4455);
#4455 = DEFINITIONAL_REPRESENTATION('',(#4456),#4464);
#4456 = ( BOUNDED_CURVE() B_SPLINE_CURVE(2,(#4457,#4458,#4459,#4460,
#4461,#4462,#4463),.UNSPECIFIED.,.T.,.F.) B_SPLINE_CURVE_WITH_KNOTS((1,2
    ,2,2,2,1),(-2.094395102393,0.,2.094395102393,4.188790204786,
6.28318530718,8.377580409573),.UNSPECIFIED.) CURVE() 
GEOMETRIC_REPRESENTATION_ITEM() RATIONAL_B_SPLINE_CURVE((1.,0.5,1.,0.5,
1.,0.5,1.)) REPRESENTATION_ITEM('') );
#4457 = CARTESIAN_POINT('',(-65.95,127.));
#4458 = CARTESIAN_POINT('',(-65.95,131.24352447854));
#4459 = CARTESIAN_POINT('',(-62.275,129.12176223927));
#4460 = CARTESIAN_POINT('',(-58.6,127.));
#4461 = CARTESIAN_POINT('',(-62.275,124.87823776072));
#4462 = CARTESIAN_POINT('',(-65.95,122.75647552145));
#4463 = CARTESIAN_POINT('',(-65.95,127.));
#4464 = ( GEOMETRIC_REPRESENTATION_CONTEXT(2) 
PARAMETRIC_REPRESENTATION_CONTEXT() REPRESENTATION_CONTEXT('2D SPACE',''
  ) );
#4465 = PCURVE('',#4466,#4471);
#4466 = CYLINDRICAL_SURFACE('',#4467,2.45);
#4467 = AXIS2_PLACEMENT_3D('',#4468,#4469,#4470);
#4468 = CARTESIAN_POINT('',(-63.5,127.,6.));
#4469 = DIRECTION('',(0.,0.,-1.));
#4470 = DIRECTION('',(-1.,0.,0.));
#4471 = DEFINITIONAL_REPRESENTATION('',(#4472),#4476);
#4472 = LINE('',#4473,#4474);
#4473 = CARTESIAN_POINT('',(0.,6.));
#4474 = VECTOR('',#4475,1.);
#4475 = DIRECTION('',(1.,0.));
#4476 = ( GEOMETRIC_REPRESENTATION_CONTEXT(2) 
PARAMETRIC_REPRESENTATION_CONTEXT() REPRESENTATION_CONTEXT('2D SPACE',''
  ) );
#4477 = FACE_BOUND('',#4478,.F.);
#4478 = EDGE_LOOP('',(#4479));
#4479 = ORIENTED_EDGE('',*,*,#4480,.T.);
#4480 = EDGE_CURVE('',#4481,#4481,#4483,.T.);
#4481 = VERTEX_POINT('',#4482);
#4482 = CARTESIAN_POINT('',(-53.25,114.3,0.));
#4483 = SURFACE_CURVE('',#4484,(#4489,#4500),.PCURVE_S1.);
#4484 = CIRCLE('',#4485,2.45);
#4485 = AXIS2_PLACEMENT_3D('',#4486,#4487,#4488);
#4486 = CARTESIAN_POINT('',(-50.8,114.3,0.));
#4487 = DIRECTION('',(0.,0.,-1.));
#4488 = DIRECTION('',(-1.,0.,0.));
#4489 = PCURVE('',#44,#4490);
#4490 = DEFINITIONAL_REPRESENTATION('',(#4491),#4499);
#4491 = ( BOUNDED_CURVE() B_SPLINE_CURVE(2,(#4492,#4493,#4494,#4495,
#4496,#4497,#4498),.UNSPECIFIED.,.T.,.F.) B_SPLINE_CURVE_WITH_KNOTS((1,2
    ,2,2,2,1),(-2.094395102393,0.,2.094395102393,4.188790204786,
6.28318530718,8.377580409573),.UNSPECIFIED.) CURVE() 
GEOMETRIC_REPRESENTATION_ITEM() RATIONAL_B_SPLINE_CURVE((1.,0.5,1.,0.5,
1.,0.5,1.)) REPRESENTATION_ITEM('') );
#4492 = CARTESIAN_POINT('',(-53.25,114.3));
#4493 = CARTESIAN_POINT('',(-53.25,118.54352447854));
#4494 = CARTESIAN_POINT('',(-49.575,116.42176223927));
#4495 = CARTESIAN_POINT('',(-45.9,114.3));
#4496 = CARTESIAN_POINT('',(-49.575,112.17823776072));
#4497 = CARTESIAN_POINT('',(-53.25,110.05647552145));
#4498 = CARTESIAN_POINT('',(-53.25,114.3));
#4499 = ( GEOMETRIC_REPRESENTATION_CONTEXT(2) 
PARAMETRIC_REPRESENTATION_CONTEXT() REPRESENTATION_CONTEXT('2D SPACE',''
  ) );
#4500 = PCURVE('',#4501,#4506);
#4501 = CYLINDRICAL_SURFACE('',#4502,2.45);
#4502 = AXIS2_PLACEMENT_3D('',#4503,#4504,#4505);
#4503 = CARTESIAN_POINT('',(-50.8,114.3,6.));
#4504 = DIRECTION('',(0.,0.,-1.));
#4505 = DIRECTION('',(-1.,0.,0.));
#4506 = DEFINITIONAL_REPRESENTATION('',(#4507),#4511);
#4507 = LINE('',#4508,#4509);
#4508 = CARTESIAN_POINT('',(0.,6.));
#4509 = VECTOR('',#4510,1.);
#4510 = DIRECTION('',(1.,0.));
#4511 = ( GEOMETRIC_REPRESENTATION_CONTEXT(2) 
PARAMETRIC_REPRESENTATION_CONTEXT() REPRESENTATION_CONTEXT('2D SPACE',''
  ) );
#4512 = FACE_BOUND('',#4513,.F.);
#4513 = EDGE_LOOP('',(#4514));
#4514 = ORIENTED_EDGE('',*,*,#4515,.T.);
#4515 = EDGE_CURVE('',#4516,#4516,#4518,.T.);
#4516 = VERTEX_POINT('',#4517);
#4517 = CARTESIAN_POINT('',(-53.25,127.,0.));
#4518 = SURFACE_CURVE('',#4519,(#4524,#4535),.PCURVE_S1.);
#4519 = CIRCLE('',#4520,2.45);
#4520 = AXIS2_PLACEMENT_3D('',#4521,#4522,#4523);
#4521 = CARTESIAN_POINT('',(-50.8,127.,0.));
#4522 = DIRECTION('',(0.,0.,-1.));
#4523 = DIRECTION('',(-1.,0.,0.));
#4524 = PCURVE('',#44,#4525);
#4525 = DEFINITIONAL_REPRESENTATION('',(#4526),#4534);
#4526 = ( BOUNDED_CURVE() B_SPLINE_CURVE(2,(#4527,#4528,#4529,#4530,
#4531,#4532,#4533),.UNSPECIFIED.,.T.,.F.) B_SPLINE_CURVE_WITH_KNOTS((1,2
    ,2,2,2,1),(-2.094395102393,0.,2.094395102393,4.188790204786,
6.28318530718,8.377580409573),.UNSPECIFIED.) CURVE() 
GEOMETRIC_REPRESENTATION_ITEM() RATIONAL_B_SPLINE_CURVE((1.,0.5,1.,0.5,
1.,0.5,1.)) REPRESENTATION_ITEM('') );
#4527 = CARTESIAN_POINT('',(-53.25,127.));
#4528 = CARTESIAN_POINT('',(-53.25,131.24352447854));
#4529 = CARTESIAN_POINT('',(-49.575,129.12176223927));
#4530 = CARTESIAN_POINT('',(-45.9,127.));
#4531 = CARTESIAN_POINT('',(-49.575,124.87823776072));
#4532 = CARTESIAN_POINT('',(-53.25,122.75647552145));
#4533 = CARTESIAN_POINT('',(-53.25,127.));
#4534 = ( GEOMETRIC_REPRESENTATION_CONTEXT(2) 
PARAMETRIC_REPRESENTATION_CONTEXT() REPRESENTATION_CONTEXT('2D SPACE',''
  ) );
#4535 = PCURVE('',#4536,#4541);
#4536 = CYLINDRICAL_SURFACE('',#4537,2.45);
#4537 = AXIS2_PLACEMENT_3D('',#4538,#4539,#4540);
#4538 = CARTESIAN_POINT('',(-50.8,127.,6.));
#4539 = DIRECTION('',(0.,0.,-1.));
#4540 = DIRECTION('',(-1.,0.,0.));
#4541 = DEFINITIONAL_REPRESENTATION('',(#4542),#4546);
#4542 = LINE('',#4543,#4544);
#4543 = CARTESIAN_POINT('',(0.,6.));
#4544 = VECTOR('',#4545,1.);
#4545 = DIRECTION('',(1.,0.));
#4546 = ( GEOMETRIC_REPRESENTATION_CONTEXT(2) 
PARAMETRIC_REPRESENTATION_CONTEXT() REPRESENTATION_CONTEXT('2D SPACE',''
  ) );
#4547 = FACE_BOUND('',#4548,.F.);
#4548 = EDGE_LOOP('',(#4549));
#4549 = ORIENTED_EDGE('',*,*,#4550,.T.);
#4550 = EDGE_CURVE('',#4551,#4551,#4553,.T.);
#4551 = VERTEX_POINT('',#4552);
#4552 = CARTESIAN_POINT('',(-40.55,88.9,0.));
#4553 = SURFACE_CURVE('',#4554,(#4559,#4570),.PCURVE_S1.);
#4554 = CIRCLE('',#4555,2.45);
#4555 = AXIS2_PLACEMENT_3D('',#4556,#4557,#4558);
#4556 = CARTESIAN_POINT('',(-38.1,88.9,0.));
#4557 = DIRECTION('',(0.,0.,-1.));
#4558 = DIRECTION('',(-1.,0.,0.));
#4559 = PCURVE('',#44,#4560);
#4560 = DEFINITIONAL_REPRESENTATION('',(#4561),#4569);
#4561 = ( BOUNDED_CURVE() B_SPLINE_CURVE(2,(#4562,#4563,#4564,#4565,
#4566,#4567,#4568),.UNSPECIFIED.,.T.,.F.) B_SPLINE_CURVE_WITH_KNOTS((1,2
    ,2,2,2,1),(-2.094395102393,0.,2.094395102393,4.188790204786,
6.28318530718,8.377580409573),.UNSPECIFIED.) CURVE() 
GEOMETRIC_REPRESENTATION_ITEM() RATIONAL_B_SPLINE_CURVE((1.,0.5,1.,0.5,
1.,0.5,1.)) REPRESENTATION_ITEM('') );
#4562 = CARTESIAN_POINT('',(-40.55,88.9));
#4563 = CARTESIAN_POINT('',(-40.55,93.143524478544));
#4564 = CARTESIAN_POINT('',(-36.875,91.021762239272));
#4565 = CARTESIAN_POINT('',(-33.2,88.9));
#4566 = CARTESIAN_POINT('',(-36.875,86.778237760728));
#4567 = CARTESIAN_POINT('',(-40.55,84.656475521456));
#4568 = CARTESIAN_POINT('',(-40.55,88.9));
#4569 = ( GEOMETRIC_REPRESENTATION_CONTEXT(2) 
PARAMETRIC_REPRESENTATION_CONTEXT() REPRESENTATION_CONTEXT('2D SPACE',''
  ) );
#4570 = PCURVE('',#4571,#4576);
#4571 = CYLINDRICAL_SURFACE('',#4572,2.45);
#4572 = AXIS2_PLACEMENT_3D('',#4573,#4574,#4575);
#4573 = CARTESIAN_POINT('',(-38.1,88.9,6.));
#4574 = DIRECTION('',(0.,0.,-1.));
#4575 = DIRECTION('',(-1.,0.,0.));
#4576 = DEFINITIONAL_REPRESENTATION('',(#4577),#4581);
#4577 = LINE('',#4578,#4579);
#4578 = CARTESIAN_POINT('',(0.,6.));
#4579 = VECTOR('',#4580,1.);
#4580 = DIRECTION('',(1.,0.));
#4581 = ( GEOMETRIC_REPRESENTATION_CONTEXT(2) 
PARAMETRIC_REPRESENTATION_CONTEXT() REPRESENTATION_CONTEXT('2D SPACE',''
  ) );
#4582 = FACE_BOUND('',#4583,.F.);
#4583 = EDGE_LOOP('',(#4584));
#4584 = ORIENTED_EDGE('',*,*,#4585,.T.);
#4585 = EDGE_CURVE('',#4586,#4586,#4588,.T.);
#4586 = VERTEX_POINT('',#4587);
#4587 = CARTESIAN_POINT('',(-27.85,88.9,0.));
#4588 = SURFACE_CURVE('',#4589,(#4594,#4605),.PCURVE_S1.);
#4589 = CIRCLE('',#4590,2.45);
#4590 = AXIS2_PLACEMENT_3D('',#4591,#4592,#4593);
#4591 = CARTESIAN_POINT('',(-25.4,88.9,0.));
#4592 = DIRECTION('',(0.,0.,-1.));
#4593 = DIRECTION('',(-1.,0.,0.));
#4594 = PCURVE('',#44,#4595);
#4595 = DEFINITIONAL_REPRESENTATION('',(#4596),#4604);
#4596 = ( BOUNDED_CURVE() B_SPLINE_CURVE(2,(#4597,#4598,#4599,#4600,
#4601,#4602,#4603),.UNSPECIFIED.,.T.,.F.) B_SPLINE_CURVE_WITH_KNOTS((1,2
    ,2,2,2,1),(-2.094395102393,0.,2.094395102393,4.188790204786,
6.28318530718,8.377580409573),.UNSPECIFIED.) CURVE() 
GEOMETRIC_REPRESENTATION_ITEM() RATIONAL_B_SPLINE_CURVE((1.,0.5,1.,0.5,
1.,0.5,1.)) REPRESENTATION_ITEM('') );
#4597 = CARTESIAN_POINT('',(-27.85,88.9));
#4598 = CARTESIAN_POINT('',(-27.85,93.143524478544));
#4599 = CARTESIAN_POINT('',(-24.175,91.021762239272));
#4600 = CARTESIAN_POINT('',(-20.5,88.9));
#4601 = CARTESIAN_POINT('',(-24.175,86.778237760728));
#4602 = CARTESIAN_POINT('',(-27.85,84.656475521456));
#4603 = CARTESIAN_POINT('',(-27.85,88.9));
#4604 = ( GEOMETRIC_REPRESENTATION_CONTEXT(2) 
PARAMETRIC_REPRESENTATION_CONTEXT() REPRESENTATION_CONTEXT('2D SPACE',''
  ) );
#4605 = PCURVE('',#4606,#4611);
#4606 = CYLINDRICAL_SURFACE('',#4607,2.45);
#4607 = AXIS2_PLACEMENT_3D('',#4608,#4609,#4610);
#4608 = CARTESIAN_POINT('',(-25.4,88.9,6.));
#4609 = DIRECTION('',(0.,0.,-1.));
#4610 = DIRECTION('',(-1.,0.,0.));
#4611 = DEFINITIONAL_REPRESENTATION('',(#4612),#4616);
#4612 = LINE('',#4613,#4614);
#4613 = CARTESIAN_POINT('',(0.,6.));
#4614 = VECTOR('',#4615,1.);
#4615 = DIRECTION('',(1.,0.));
#4616 = ( GEOMETRIC_REPRESENTATION_CONTEXT(2) 
PARAMETRIC_REPRESENTATION_CONTEXT() REPRESENTATION_CONTEXT('2D SPACE',''
  ) );
#4617 = FACE_BOUND('',#4618,.F.);
#4618 = EDGE_LOOP('',(#4619));
#4619 = ORIENTED_EDGE('',*,*,#4620,.T.);
#4620 = EDGE_CURVE('',#4621,#4621,#4623,.T.);
#4621 = VERTEX_POINT('',#4622);
#4622 = CARTESIAN_POINT('',(-15.15,88.9,0.));
#4623 = SURFACE_CURVE('',#4624,(#4629,#4640),.PCURVE_S1.);
#4624 = CIRCLE('',#4625,2.45);
#4625 = AXIS2_PLACEMENT_3D('',#4626,#4627,#4628);
#4626 = CARTESIAN_POINT('',(-12.7,88.9,0.));
#4627 = DIRECTION('',(0.,0.,-1.));
#4628 = DIRECTION('',(-1.,0.,0.));
#4629 = PCURVE('',#44,#4630);
#4630 = DEFINITIONAL_REPRESENTATION('',(#4631),#4639);
#4631 = ( BOUNDED_CURVE() B_SPLINE_CURVE(2,(#4632,#4633,#4634,#4635,
#4636,#4637,#4638),.UNSPECIFIED.,.T.,.F.) B_SPLINE_CURVE_WITH_KNOTS((1,2
    ,2,2,2,1),(-2.094395102393,0.,2.094395102393,4.188790204786,
6.28318530718,8.377580409573),.UNSPECIFIED.) CURVE() 
GEOMETRIC_REPRESENTATION_ITEM() RATIONAL_B_SPLINE_CURVE((1.,0.5,1.,0.5,
1.,0.5,1.)) REPRESENTATION_ITEM('') );
#4632 = CARTESIAN_POINT('',(-15.15,88.9));
#4633 = CARTESIAN_POINT('',(-15.15,93.143524478544));
#4634 = CARTESIAN_POINT('',(-11.475,91.021762239272));
#4635 = CARTESIAN_POINT('',(-7.8,88.9));
#4636 = CARTESIAN_POINT('',(-11.475,86.778237760728));
#4637 = CARTESIAN_POINT('',(-15.15,84.656475521456));
#4638 = CARTESIAN_POINT('',(-15.15,88.9));
#4639 = ( GEOMETRIC_REPRESENTATION_CONTEXT(2) 
PARAMETRIC_REPRESENTATION_CONTEXT() REPRESENTATION_CONTEXT('2D SPACE',''
  ) );
#4640 = PCURVE('',#4641,#4646);
#4641 = CYLINDRICAL_SURFACE('',#4642,2.45);
#4642 = AXIS2_PLACEMENT_3D('',#4643,#4644,#4645);
#4643 = CARTESIAN_POINT('',(-12.7,88.9,6.));
#4644 = DIRECTION('',(0.,0.,-1.));
#4645 = DIRECTION('',(-1.,0.,0.));
#4646 = DEFINITIONAL_REPRESENTATION('',(#4647),#4651);
#4647 = LINE('',#4648,#4649);
#4648 = CARTESIAN_POINT('',(0.,6.));
#4649 = VECTOR('',#4650,1.);
#4650 = DIRECTION('',(1.,0.));
#4651 = ( GEOMETRIC_REPRESENTATION_CONTEXT(2) 
PARAMETRIC_REPRESENTATION_CONTEXT() REPRESENTATION_CONTEXT('2D SPACE',''
  ) );
#4652 = FACE_BOUND('',#4653,.F.);
#4653 = EDGE_LOOP('',(#4654));
#4654 = ORIENTED_EDGE('',*,*,#4655,.T.);
#4655 = EDGE_CURVE('',#4656,#4656,#4658,.T.);
#4656 = VERTEX_POINT('',#4657);
#4657 = CARTESIAN_POINT('',(-40.55,101.6,0.));
#4658 = SURFACE_CURVE('',#4659,(#4664,#4675),.PCURVE_S1.);
#4659 = CIRCLE('',#4660,2.45);
#4660 = AXIS2_PLACEMENT_3D('',#4661,#4662,#4663);
#4661 = CARTESIAN_POINT('',(-38.1,101.6,0.));
#4662 = DIRECTION('',(0.,0.,-1.));
#4663 = DIRECTION('',(-1.,0.,0.));
#4664 = PCURVE('',#44,#4665);
#4665 = DEFINITIONAL_REPRESENTATION('',(#4666),#4674);
#4666 = ( BOUNDED_CURVE() B_SPLINE_CURVE(2,(#4667,#4668,#4669,#4670,
#4671,#4672,#4673),.UNSPECIFIED.,.T.,.F.) B_SPLINE_CURVE_WITH_KNOTS((1,2
    ,2,2,2,1),(-2.094395102393,0.,2.094395102393,4.188790204786,
6.28318530718,8.377580409573),.UNSPECIFIED.) CURVE() 
GEOMETRIC_REPRESENTATION_ITEM() RATIONAL_B_SPLINE_CURVE((1.,0.5,1.,0.5,
1.,0.5,1.)) REPRESENTATION_ITEM('') );
#4667 = CARTESIAN_POINT('',(-40.55,101.6));
#4668 = CARTESIAN_POINT('',(-40.55,105.84352447854));
#4669 = CARTESIAN_POINT('',(-36.875,103.72176223927));
#4670 = CARTESIAN_POINT('',(-33.2,101.6));
#4671 = CARTESIAN_POINT('',(-36.875,99.478237760728));
#4672 = CARTESIAN_POINT('',(-40.55,97.356475521456));
#4673 = CARTESIAN_POINT('',(-40.55,101.6));
#4674 = ( GEOMETRIC_REPRESENTATION_CONTEXT(2) 
PARAMETRIC_REPRESENTATION_CONTEXT() REPRESENTATION_CONTEXT('2D SPACE',''
  ) );
#4675 = PCURVE('',#4676,#4681);
#4676 = CYLINDRICAL_SURFACE('',#4677,2.45);
#4677 = AXIS2_PLACEMENT_3D('',#4678,#4679,#4680);
#4678 = CARTESIAN_POINT('',(-38.1,101.6,6.));
#4679 = DIRECTION('',(0.,0.,-1.));
#4680 = DIRECTION('',(-1.,0.,0.));
#4681 = DEFINITIONAL_REPRESENTATION('',(#4682),#4686);
#4682 = LINE('',#4683,#4684);
#4683 = CARTESIAN_POINT('',(0.,6.));
#4684 = VECTOR('',#4685,1.);
#4685 = DIRECTION('',(1.,0.));
#4686 = ( GEOMETRIC_REPRESENTATION_CONTEXT(2) 
PARAMETRIC_REPRESENTATION_CONTEXT() REPRESENTATION_CONTEXT('2D SPACE',''
  ) );
#4687 = FACE_BOUND('',#4688,.F.);
#4688 = EDGE_LOOP('',(#4689));
#4689 = ORIENTED_EDGE('',*,*,#4690,.T.);
#4690 = EDGE_CURVE('',#4691,#4691,#4693,.T.);
#4691 = VERTEX_POINT('',#4692);
#4692 = CARTESIAN_POINT('',(-27.85,101.6,0.));
#4693 = SURFACE_CURVE('',#4694,(#4699,#4710),.PCURVE_S1.);
#4694 = CIRCLE('',#4695,2.45);
#4695 = AXIS2_PLACEMENT_3D('',#4696,#4697,#4698);
#4696 = CARTESIAN_POINT('',(-25.4,101.6,0.));
#4697 = DIRECTION('',(0.,0.,-1.));
#4698 = DIRECTION('',(-1.,0.,0.));
#4699 = PCURVE('',#44,#4700);
#4700 = DEFINITIONAL_REPRESENTATION('',(#4701),#4709);
#4701 = ( BOUNDED_CURVE() B_SPLINE_CURVE(2,(#4702,#4703,#4704,#4705,
#4706,#4707,#4708),.UNSPECIFIED.,.T.,.F.) B_SPLINE_CURVE_WITH_KNOTS((1,2
    ,2,2,2,1),(-2.094395102393,0.,2.094395102393,4.188790204786,
6.28318530718,8.377580409573),.UNSPECIFIED.) CURVE() 
GEOMETRIC_REPRESENTATION_ITEM() RATIONAL_B_SPLINE_CURVE((1.,0.5,1.,0.5,
1.,0.5,1.)) REPRESENTATION_ITEM('') );
#4702 = CARTESIAN_POINT('',(-27.85,101.6));
#4703 = CARTESIAN_POINT('',(-27.85,105.84352447854));
#4704 = CARTESIAN_POINT('',(-24.175,103.72176223927));
#4705 = CARTESIAN_POINT('',(-20.5,101.6));
#4706 = CARTESIAN_POINT('',(-24.175,99.478237760728));
#4707 = CARTESIAN_POINT('',(-27.85,97.356475521456));
#4708 = CARTESIAN_POINT('',(-27.85,101.6));
#4709 = ( GEOMETRIC_REPRESENTATION_CONTEXT(2) 
PARAMETRIC_REPRESENTATION_CONTEXT() REPRESENTATION_CONTEXT('2D SPACE',''
  ) );
#4710 = PCURVE('',#4711,#4716);
#4711 = CYLINDRICAL_SURFACE('',#4712,2.45);
#4712 = AXIS2_PLACEMENT_3D('',#4713,#4714,#4715);
#4713 = CARTESIAN_POINT('',(-25.4,101.6,6.));
#4714 = DIRECTION('',(0.,0.,-1.));
#4715 = DIRECTION('',(-1.,0.,0.));
#4716 = DEFINITIONAL_REPRESENTATION('',(#4717),#4721);
#4717 = LINE('',#4718,#4719);
#4718 = CARTESIAN_POINT('',(0.,6.));
#4719 = VECTOR('',#4720,1.);
#4720 = DIRECTION('',(1.,0.));
#4721 = ( GEOMETRIC_REPRESENTATION_CONTEXT(2) 
PARAMETRIC_REPRESENTATION_CONTEXT() REPRESENTATION_CONTEXT('2D SPACE',''
  ) );
#4722 = FACE_BOUND('',#4723,.F.);
#4723 = EDGE_LOOP('',(#4724));
#4724 = ORIENTED_EDGE('',*,*,#4725,.T.);
#4725 = EDGE_CURVE('',#4726,#4726,#4728,.T.);
#4726 = VERTEX_POINT('',#4727);
#4727 = CARTESIAN_POINT('',(-40.55,114.3,0.));
#4728 = SURFACE_CURVE('',#4729,(#4734,#4745),.PCURVE_S1.);
#4729 = CIRCLE('',#4730,2.45);
#4730 = AXIS2_PLACEMENT_3D('',#4731,#4732,#4733);
#4731 = CARTESIAN_POINT('',(-38.1,114.3,0.));
#4732 = DIRECTION('',(0.,0.,-1.));
#4733 = DIRECTION('',(-1.,0.,0.));
#4734 = PCURVE('',#44,#4735);
#4735 = DEFINITIONAL_REPRESENTATION('',(#4736),#4744);
#4736 = ( BOUNDED_CURVE() B_SPLINE_CURVE(2,(#4737,#4738,#4739,#4740,
#4741,#4742,#4743),.UNSPECIFIED.,.T.,.F.) B_SPLINE_CURVE_WITH_KNOTS((1,2
    ,2,2,2,1),(-2.094395102393,0.,2.094395102393,4.188790204786,
6.28318530718,8.377580409573),.UNSPECIFIED.) CURVE() 
GEOMETRIC_REPRESENTATION_ITEM() RATIONAL_B_SPLINE_CURVE((1.,0.5,1.,0.5,
1.,0.5,1.)) REPRESENTATION_ITEM('') );
#4737 = CARTESIAN_POINT('',(-40.55,114.3));
#4738 = CARTESIAN_POINT('',(-40.55,118.54352447854));
#4739 = CARTESIAN_POINT('',(-36.875,116.42176223927));
#4740 = CARTESIAN_POINT('',(-33.2,114.3));
#4741 = CARTESIAN_POINT('',(-36.875,112.17823776072));
#4742 = CARTESIAN_POINT('',(-40.55,110.05647552145));
#4743 = CARTESIAN_POINT('',(-40.55,114.3));
#4744 = ( GEOMETRIC_REPRESENTATION_CONTEXT(2) 
PARAMETRIC_REPRESENTATION_CONTEXT() REPRESENTATION_CONTEXT('2D SPACE',''
  ) );
#4745 = PCURVE('',#4746,#4751);
#4746 = CYLINDRICAL_SURFACE('',#4747,2.45);
#4747 = AXIS2_PLACEMENT_3D('',#4748,#4749,#4750);
#4748 = CARTESIAN_POINT('',(-38.1,114.3,6.));
#4749 = DIRECTION('',(0.,0.,-1.));
#4750 = DIRECTION('',(-1.,0.,0.));
#4751 = DEFINITIONAL_REPRESENTATION('',(#4752),#4756);
#4752 = LINE('',#4753,#4754);
#4753 = CARTESIAN_POINT('',(0.,6.));
#4754 = VECTOR('',#4755,1.);
#4755 = DIRECTION('',(1.,0.));
#4756 = ( GEOMETRIC_REPRESENTATION_CONTEXT(2) 
PARAMETRIC_REPRESENTATION_CONTEXT() REPRESENTATION_CONTEXT('2D SPACE',''
  ) );
#4757 = FACE_BOUND('',#4758,.F.);
#4758 = EDGE_LOOP('',(#4759));
#4759 = ORIENTED_EDGE('',*,*,#4760,.T.);
#4760 = EDGE_CURVE('',#4761,#4761,#4763,.T.);
#4761 = VERTEX_POINT('',#4762);
#4762 = CARTESIAN_POINT('',(-40.55,127.,0.));
#4763 = SURFACE_CURVE('',#4764,(#4769,#4780),.PCURVE_S1.);
#4764 = CIRCLE('',#4765,2.45);
#4765 = AXIS2_PLACEMENT_3D('',#4766,#4767,#4768);
#4766 = CARTESIAN_POINT('',(-38.1,127.,0.));
#4767 = DIRECTION('',(0.,0.,-1.));
#4768 = DIRECTION('',(-1.,0.,0.));
#4769 = PCURVE('',#44,#4770);
#4770 = DEFINITIONAL_REPRESENTATION('',(#4771),#4779);
#4771 = ( BOUNDED_CURVE() B_SPLINE_CURVE(2,(#4772,#4773,#4774,#4775,
#4776,#4777,#4778),.UNSPECIFIED.,.T.,.F.) B_SPLINE_CURVE_WITH_KNOTS((1,2
    ,2,2,2,1),(-2.094395102393,0.,2.094395102393,4.188790204786,
6.28318530718,8.377580409573),.UNSPECIFIED.) CURVE() 
GEOMETRIC_REPRESENTATION_ITEM() RATIONAL_B_SPLINE_CURVE((1.,0.5,1.,0.5,
1.,0.5,1.)) REPRESENTATION_ITEM('') );
#4772 = CARTESIAN_POINT('',(-40.55,127.));
#4773 = CARTESIAN_POINT('',(-40.55,131.24352447854));
#4774 = CARTESIAN_POINT('',(-36.875,129.12176223927));
#4775 = CARTESIAN_POINT('',(-33.2,127.));
#4776 = CARTESIAN_POINT('',(-36.875,124.87823776072));
#4777 = CARTESIAN_POINT('',(-40.55,122.75647552145));
#4778 = CARTESIAN_POINT('',(-40.55,127.));
#4779 = ( GEOMETRIC_REPRESENTATION_CONTEXT(2) 
PARAMETRIC_REPRESENTATION_CONTEXT() REPRESENTATION_CONTEXT('2D SPACE',''
  ) );
#4780 = PCURVE('',#4781,#4786);
#4781 = CYLINDRICAL_SURFACE('',#4782,2.45);
#4782 = AXIS2_PLACEMENT_3D('',#4783,#4784,#4785);
#4783 = CARTESIAN_POINT('',(-38.1,127.,6.));
#4784 = DIRECTION('',(0.,0.,-1.));
#4785 = DIRECTION('',(-1.,0.,0.));
#4786 = DEFINITIONAL_REPRESENTATION('',(#4787),#4791);
#4787 = LINE('',#4788,#4789);
#4788 = CARTESIAN_POINT('',(0.,6.));
#4789 = VECTOR('',#4790,1.);
#4790 = DIRECTION('',(1.,0.));
#4791 = ( GEOMETRIC_REPRESENTATION_CONTEXT(2) 
PARAMETRIC_REPRESENTATION_CONTEXT() REPRESENTATION_CONTEXT('2D SPACE',''
  ) );
#4792 = FACE_BOUND('',#4793,.F.);
#4793 = EDGE_LOOP('',(#4794));
#4794 = ORIENTED_EDGE('',*,*,#4795,.T.);
#4795 = EDGE_CURVE('',#4796,#4796,#4798,.T.);
#4796 = VERTEX_POINT('',#4797);
#4797 = CARTESIAN_POINT('',(-27.85,114.3,0.));
#4798 = SURFACE_CURVE('',#4799,(#4804,#4815),.PCURVE_S1.);
#4799 = CIRCLE('',#4800,2.45);
#4800 = AXIS2_PLACEMENT_3D('',#4801,#4802,#4803);
#4801 = CARTESIAN_POINT('',(-25.4,114.3,0.));
#4802 = DIRECTION('',(0.,0.,-1.));
#4803 = DIRECTION('',(-1.,0.,0.));
#4804 = PCURVE('',#44,#4805);
#4805 = DEFINITIONAL_REPRESENTATION('',(#4806),#4814);
#4806 = ( BOUNDED_CURVE() B_SPLINE_CURVE(2,(#4807,#4808,#4809,#4810,
#4811,#4812,#4813),.UNSPECIFIED.,.T.,.F.) B_SPLINE_CURVE_WITH_KNOTS((1,2
    ,2,2,2,1),(-2.094395102393,0.,2.094395102393,4.188790204786,
6.28318530718,8.377580409573),.UNSPECIFIED.) CURVE() 
GEOMETRIC_REPRESENTATION_ITEM() RATIONAL_B_SPLINE_CURVE((1.,0.5,1.,0.5,
1.,0.5,1.)) REPRESENTATION_ITEM('') );
#4807 = CARTESIAN_POINT('',(-27.85,114.3));
#4808 = CARTESIAN_POINT('',(-27.85,118.54352447854));
#4809 = CARTESIAN_POINT('',(-24.175,116.42176223927));
#4810 = CARTESIAN_POINT('',(-20.5,114.3));
#4811 = CARTESIAN_POINT('',(-24.175,112.17823776072));
#4812 = CARTESIAN_POINT('',(-27.85,110.05647552145));
#4813 = CARTESIAN_POINT('',(-27.85,114.3));
#4814 = ( GEOMETRIC_REPRESENTATION_CONTEXT(2) 
PARAMETRIC_REPRESENTATION_CONTEXT() REPRESENTATION_CONTEXT('2D SPACE',''
  ) );
#4815 = PCURVE('',#4816,#4821);
#4816 = CYLINDRICAL_SURFACE('',#4817,2.45);
#4817 = AXIS2_PLACEMENT_3D('',#4818,#4819,#4820);
#4818 = CARTESIAN_POINT('',(-25.4,114.3,6.));
#4819 = DIRECTION('',(0.,0.,-1.));
#4820 = DIRECTION('',(-1.,0.,0.));
#4821 = DEFINITIONAL_REPRESENTATION('',(#4822),#4826);
#4822 = LINE('',#4823,#4824);
#4823 = CARTESIAN_POINT('',(0.,6.));
#4824 = VECTOR('',#4825,1.);
#4825 = DIRECTION('',(1.,0.));
#4826 = ( GEOMETRIC_REPRESENTATION_CONTEXT(2) 
PARAMETRIC_REPRESENTATION_CONTEXT() REPRESENTATION_CONTEXT('2D SPACE',''
  ) );
#4827 = FACE_BOUND('',#4828,.F.);
#4828 = EDGE_LOOP('',(#4829));
#4829 = ORIENTED_EDGE('',*,*,#4830,.T.);
#4830 = EDGE_CURVE('',#4831,#4831,#4833,.T.);
#4831 = VERTEX_POINT('',#4832);
#4832 = CARTESIAN_POINT('',(-27.85,127.,0.));
#4833 = SURFACE_CURVE('',#4834,(#4839,#4850),.PCURVE_S1.);
#4834 = CIRCLE('',#4835,2.45);
#4835 = AXIS2_PLACEMENT_3D('',#4836,#4837,#4838);
#4836 = CARTESIAN_POINT('',(-25.4,127.,0.));
#4837 = DIRECTION('',(0.,0.,-1.));
#4838 = DIRECTION('',(-1.,0.,0.));
#4839 = PCURVE('',#44,#4840);
#4840 = DEFINITIONAL_REPRESENTATION('',(#4841),#4849);
#4841 = ( BOUNDED_CURVE() B_SPLINE_CURVE(2,(#4842,#4843,#4844,#4845,
#4846,#4847,#4848),.UNSPECIFIED.,.T.,.F.) B_SPLINE_CURVE_WITH_KNOTS((1,2
    ,2,2,2,1),(-2.094395102393,0.,2.094395102393,4.188790204786,
6.28318530718,8.377580409573),.UNSPECIFIED.) CURVE() 
GEOMETRIC_REPRESENTATION_ITEM() RATIONAL_B_SPLINE_CURVE((1.,0.5,1.,0.5,
1.,0.5,1.)) REPRESENTATION_ITEM('') );
#4842 = CARTESIAN_POINT('',(-27.85,127.));
#4843 = CARTESIAN_POINT('',(-27.85,131.24352447854));
#4844 = CARTESIAN_POINT('',(-24.175,129.12176223927));
#4845 = CARTESIAN_POINT('',(-20.5,127.));
#4846 = CARTESIAN_POINT('',(-24.175,124.87823776072));
#4847 = CARTESIAN_POINT('',(-27.85,122.75647552145));
#4848 = CARTESIAN_POINT('',(-27.85,127.));
#4849 = ( GEOMETRIC_REPRESENTATION_CONTEXT(2) 
PARAMETRIC_REPRESENTATION_CONTEXT() REPRESENTATION_CONTEXT('2D SPACE',''
  ) );
#4850 = PCURVE('',#4851,#4856);
#4851 = CYLINDRICAL_SURFACE('',#4852,2.45);
#4852 = AXIS2_PLACEMENT_3D('',#4853,#4854,#4855);
#4853 = CARTESIAN_POINT('',(-25.4,127.,6.));
#4854 = DIRECTION('',(0.,0.,-1.));
#4855 = DIRECTION('',(-1.,0.,0.));
#4856 = DEFINITIONAL_REPRESENTATION('',(#4857),#4861);
#4857 = LINE('',#4858,#4859);
#4858 = CARTESIAN_POINT('',(0.,6.));
#4859 = VECTOR('',#4860,1.);
#4860 = DIRECTION('',(1.,0.));
#4861 = ( GEOMETRIC_REPRESENTATION_CONTEXT(2) 
PARAMETRIC_REPRESENTATION_CONTEXT() REPRESENTATION_CONTEXT('2D SPACE',''
  ) );
#4862 = FACE_BOUND('',#4863,.F.);
#4863 = EDGE_LOOP('',(#4864));
#4864 = ORIENTED_EDGE('',*,*,#4865,.T.);
#4865 = EDGE_CURVE('',#4866,#4866,#4868,.T.);
#4866 = VERTEX_POINT('',#4867);
#4867 = CARTESIAN_POINT('',(-15.15,101.6,0.));
#4868 = SURFACE_CURVE('',#4869,(#4874,#4885),.PCURVE_S1.);
#4869 = CIRCLE('',#4870,2.45);
#4870 = AXIS2_PLACEMENT_3D('',#4871,#4872,#4873);
#4871 = CARTESIAN_POINT('',(-12.7,101.6,0.));
#4872 = DIRECTION('',(0.,0.,-1.));
#4873 = DIRECTION('',(-1.,0.,0.));
#4874 = PCURVE('',#44,#4875);
#4875 = DEFINITIONAL_REPRESENTATION('',(#4876),#4884);
#4876 = ( BOUNDED_CURVE() B_SPLINE_CURVE(2,(#4877,#4878,#4879,#4880,
#4881,#4882,#4883),.UNSPECIFIED.,.T.,.F.) B_SPLINE_CURVE_WITH_KNOTS((1,2
    ,2,2,2,1),(-2.094395102393,0.,2.094395102393,4.188790204786,
6.28318530718,8.377580409573),.UNSPECIFIED.) CURVE() 
GEOMETRIC_REPRESENTATION_ITEM() RATIONAL_B_SPLINE_CURVE((1.,0.5,1.,0.5,
1.,0.5,1.)) REPRESENTATION_ITEM('') );
#4877 = CARTESIAN_POINT('',(-15.15,101.6));
#4878 = CARTESIAN_POINT('',(-15.15,105.84352447854));
#4879 = CARTESIAN_POINT('',(-11.475,103.72176223927));
#4880 = CARTESIAN_POINT('',(-7.8,101.6));
#4881 = CARTESIAN_POINT('',(-11.475,99.478237760728));
#4882 = CARTESIAN_POINT('',(-15.15,97.356475521456));
#4883 = CARTESIAN_POINT('',(-15.15,101.6));
#4884 = ( GEOMETRIC_REPRESENTATION_CONTEXT(2) 
PARAMETRIC_REPRESENTATION_CONTEXT() REPRESENTATION_CONTEXT('2D SPACE',''
  ) );
#4885 = PCURVE('',#4886,#4891);
#4886 = CYLINDRICAL_SURFACE('',#4887,2.45);
#4887 = AXIS2_PLACEMENT_3D('',#4888,#4889,#4890);
#4888 = CARTESIAN_POINT('',(-12.7,101.6,6.));
#4889 = DIRECTION('',(0.,0.,-1.));
#4890 = DIRECTION('',(-1.,0.,0.));
#4891 = DEFINITIONAL_REPRESENTATION('',(#4892),#4896);
#4892 = LINE('',#4893,#4894);
#4893 = CARTESIAN_POINT('',(0.,6.));
#4894 = VECTOR('',#4895,1.);
#4895 = DIRECTION('',(1.,0.));
#4896 = ( GEOMETRIC_REPRESENTATION_CONTEXT(2) 
PARAMETRIC_REPRESENTATION_CONTEXT() REPRESENTATION_CONTEXT('2D SPACE',''
  ) );
#4897 = FACE_BOUND('',#4898,.F.);
#4898 = EDGE_LOOP('',(#4899));
#4899 = ORIENTED_EDGE('',*,*,#4900,.T.);
#4900 = EDGE_CURVE('',#4901,#4901,#4903,.T.);
#4901 = VERTEX_POINT('',#4902);
#4902 = CARTESIAN_POINT('',(-15.15,114.3,0.));
#4903 = SURFACE_CURVE('',#4904,(#4909,#4920),.PCURVE_S1.);
#4904 = CIRCLE('',#4905,2.45);
#4905 = AXIS2_PLACEMENT_3D('',#4906,#4907,#4908);
#4906 = CARTESIAN_POINT('',(-12.7,114.3,0.));
#4907 = DIRECTION('',(0.,0.,-1.));
#4908 = DIRECTION('',(-1.,0.,0.));
#4909 = PCURVE('',#44,#4910);
#4910 = DEFINITIONAL_REPRESENTATION('',(#4911),#4919);
#4911 = ( BOUNDED_CURVE() B_SPLINE_CURVE(2,(#4912,#4913,#4914,#4915,
#4916,#4917,#4918),.UNSPECIFIED.,.T.,.F.) B_SPLINE_CURVE_WITH_KNOTS((1,2
    ,2,2,2,1),(-2.094395102393,0.,2.094395102393,4.188790204786,
6.28318530718,8.377580409573),.UNSPECIFIED.) CURVE() 
GEOMETRIC_REPRESENTATION_ITEM() RATIONAL_B_SPLINE_CURVE((1.,0.5,1.,0.5,
1.,0.5,1.)) REPRESENTATION_ITEM('') );
#4912 = CARTESIAN_POINT('',(-15.15,114.3));
#4913 = CARTESIAN_POINT('',(-15.15,118.54352447854));
#4914 = CARTESIAN_POINT('',(-11.475,116.42176223927));
#4915 = CARTESIAN_POINT('',(-7.8,114.3));
#4916 = CARTESIAN_POINT('',(-11.475,112.17823776072));
#4917 = CARTESIAN_POINT('',(-15.15,110.05647552145));
#4918 = CARTESIAN_POINT('',(-15.15,114.3));
#4919 = ( GEOMETRIC_REPRESENTATION_CONTEXT(2) 
PARAMETRIC_REPRESENTATION_CONTEXT() REPRESENTATION_CONTEXT('2D SPACE',''
  ) );
#4920 = PCURVE('',#4921,#4926);
#4921 = CYLINDRICAL_SURFACE('',#4922,2.45);
#4922 = AXIS2_PLACEMENT_3D('',#4923,#4924,#4925);
#4923 = CARTESIAN_POINT('',(-12.7,114.3,6.));
#4924 = DIRECTION('',(0.,0.,-1.));
#4925 = DIRECTION('',(-1.,0.,0.));
#4926 = DEFINITIONAL_REPRESENTATION('',(#4927),#4931);
#4927 = LINE('',#4928,#4929);
#4928 = CARTESIAN_POINT('',(0.,6.));
#4929 = VECTOR('',#4930,1.);
#4930 = DIRECTION('',(1.,0.));
#4931 = ( GEOMETRIC_REPRESENTATION_CONTEXT(2) 
PARAMETRIC_REPRESENTATION_CONTEXT() REPRESENTATION_CONTEXT('2D SPACE',''
  ) );
#4932 = FACE_BOUND('',#4933,.F.);
#4933 = EDGE_LOOP('',(#4934));
#4934 = ORIENTED_EDGE('',*,*,#4935,.T.);
#4935 = EDGE_CURVE('',#4936,#4936,#4938,.T.);
#4936 = VERTEX_POINT('',#4937);
#4937 = CARTESIAN_POINT('',(-15.15,127.,0.));
#4938 = SURFACE_CURVE('',#4939,(#4944,#4955),.PCURVE_S1.);
#4939 = CIRCLE('',#4940,2.45);
#4940 = AXIS2_PLACEMENT_3D('',#4941,#4942,#4943);
#4941 = CARTESIAN_POINT('',(-12.7,127.,0.));
#4942 = DIRECTION('',(0.,0.,-1.));
#4943 = DIRECTION('',(-1.,0.,0.));
#4944 = PCURVE('',#44,#4945);
#4945 = DEFINITIONAL_REPRESENTATION('',(#4946),#4954);
#4946 = ( BOUNDED_CURVE() B_SPLINE_CURVE(2,(#4947,#4948,#4949,#4950,
#4951,#4952,#4953),.UNSPECIFIED.,.T.,.F.) B_SPLINE_CURVE_WITH_KNOTS((1,2
    ,2,2,2,1),(-2.094395102393,0.,2.094395102393,4.188790204786,
6.28318530718,8.377580409573),.UNSPECIFIED.) CURVE() 
GEOMETRIC_REPRESENTATION_ITEM() RATIONAL_B_SPLINE_CURVE((1.,0.5,1.,0.5,
1.,0.5,1.)) REPRESENTATION_ITEM('') );
#4947 = CARTESIAN_POINT('',(-15.15,127.));
#4948 = CARTESIAN_POINT('',(-15.15,131.24352447854));
#4949 = CARTESIAN_POINT('',(-11.475,129.12176223927));
#4950 = CARTESIAN_POINT('',(-7.8,127.));
#4951 = CARTESIAN_POINT('',(-11.475,124.87823776072));
#4952 = CARTESIAN_POINT('',(-15.15,122.75647552145));
#4953 = CARTESIAN_POINT('',(-15.15,127.));
#4954 = ( GEOMETRIC_REPRESENTATION_CONTEXT(2) 
PARAMETRIC_REPRESENTATION_CONTEXT() REPRESENTATION_CONTEXT('2D SPACE',''
  ) );
#4955 = PCURVE('',#4956,#4961);
#4956 = CYLINDRICAL_SURFACE('',#4957,2.45);
#4957 = AXIS2_PLACEMENT_3D('',#4958,#4959,#4960);
#4958 = CARTESIAN_POINT('',(-12.7,127.,6.));
#4959 = DIRECTION('',(0.,0.,-1.));
#4960 = DIRECTION('',(-1.,0.,0.));
#4961 = DEFINITIONAL_REPRESENTATION('',(#4962),#4966);
#4962 = LINE('',#4963,#4964);
#4963 = CARTESIAN_POINT('',(0.,6.));
#4964 = VECTOR('',#4965,1.);
#4965 = DIRECTION('',(1.,0.));
#4966 = ( GEOMETRIC_REPRESENTATION_CONTEXT(2) 
PARAMETRIC_REPRESENTATION_CONTEXT() REPRESENTATION_CONTEXT('2D SPACE',''
  ) );
#4967 = FACE_BOUND('',#4968,.F.);
#4968 = EDGE_LOOP('',(#4969,#5000,#5026,#5055));
#4969 = ORIENTED_EDGE('',*,*,#4970,.F.);
#4970 = EDGE_CURVE('',#4971,#4973,#4975,.T.);
#4971 = VERTEX_POINT('',#4972);
#4972 = CARTESIAN_POINT('',(-45.,-30.,0.));
#4973 = VERTEX_POINT('',#4974);
#4974 = CARTESIAN_POINT('',(45.,-30.,0.));
#4975 = SURFACE_CURVE('',#4976,(#4981,#4988),.PCURVE_S1.);
#4976 = CIRCLE('',#4977,45.);
#4977 = AXIS2_PLACEMENT_3D('',#4978,#4979,#4980);
#4978 = CARTESIAN_POINT('',(-6.883382752676E-15,-30.,0.));
#4979 = DIRECTION('',(0.,-0.,1.));
#4980 = DIRECTION('',(1.,-1.110223024625E-16,-0.));
#4981 = PCURVE('',#44,#4982);
#4982 = DEFINITIONAL_REPRESENTATION('',(#4983),#4987);
#4983 = CIRCLE('',#4984,45.);
#4984 = AXIS2_PLACEMENT_2D('',#4985,#4986);
#4985 = CARTESIAN_POINT('',(-6.883382752676E-15,-30.));
#4986 = DIRECTION('',(1.,-1.110223024625E-16));
#4987 = ( GEOMETRIC_REPRESENTATION_CONTEXT(2) 
PARAMETRIC_REPRESENTATION_CONTEXT() REPRESENTATION_CONTEXT('2D SPACE',''
  ) );
#4988 = PCURVE('',#4989,#4994);
#4989 = CYLINDRICAL_SURFACE('',#4990,45.);
#4990 = AXIS2_PLACEMENT_3D('',#4991,#4992,#4993);
#4991 = CARTESIAN_POINT('',(-6.883382752676E-15,-30.,290.0000002));
#4992 = DIRECTION('',(0.,-0.,1.));
#4993 = DIRECTION('',(1.,-1.110223024625E-16,-0.));
#4994 = DEFINITIONAL_REPRESENTATION('',(#4995),#4999);
#4995 = LINE('',#4996,#4997);
#4996 = CARTESIAN_POINT('',(-6.28318530718,-290.0000002));
#4997 = VECTOR('',#4998,1.);
#4998 = DIRECTION('',(1.,-0.));
#4999 = ( GEOMETRIC_REPRESENTATION_CONTEXT(2) 
PARAMETRIC_REPRESENTATION_CONTEXT() REPRESENTATION_CONTEXT('2D SPACE',''
  ) );
#5000 = ORIENTED_EDGE('',*,*,#5001,.T.);
#5001 = EDGE_CURVE('',#4971,#5002,#5004,.T.);
#5002 = VERTEX_POINT('',#5003);
#5003 = CARTESIAN_POINT('',(-45.,30.,0.));
#5004 = SURFACE_CURVE('',#5005,(#5009,#5015),.PCURVE_S1.);
#5005 = LINE('',#5006,#5007);
#5006 = CARTESIAN_POINT('',(-45.,-15.,0.));
#5007 = VECTOR('',#5008,1.);
#5008 = DIRECTION('',(1.110223024625E-16,1.,-0.));
#5009 = PCURVE('',#44,#5010);
#5010 = DEFINITIONAL_REPRESENTATION('',(#5011),#5014);
#5011 = B_SPLINE_CURVE_WITH_KNOTS('',1,(#5012,#5013),.UNSPECIFIED.,.F.,
  .F.,(2,2),(-15.,45.),.PIECEWISE_BEZIER_KNOTS.);
#5012 = CARTESIAN_POINT('',(-45.,-30.));
#5013 = CARTESIAN_POINT('',(-45.,30.));
#5014 = ( GEOMETRIC_REPRESENTATION_CONTEXT(2) 
PARAMETRIC_REPRESENTATION_CONTEXT() REPRESENTATION_CONTEXT('2D SPACE',''
  ) );
#5015 = PCURVE('',#5016,#5021);
#5016 = PLANE('',#5017);
#5017 = AXIS2_PLACEMENT_3D('',#5018,#5019,#5020);
#5018 = CARTESIAN_POINT('',(-45.,-30.,290.0000002));
#5019 = DIRECTION('',(1.,-1.110223024625E-16,-0.));
#5020 = DIRECTION('',(1.110223024625E-16,1.,0.));
#5021 = DEFINITIONAL_REPRESENTATION('',(#5022),#5025);
#5022 = B_SPLINE_CURVE_WITH_KNOTS('',1,(#5023,#5024),.UNSPECIFIED.,.F.,
  .F.,(2,2),(-15.,45.),.PIECEWISE_BEZIER_KNOTS.);
#5023 = CARTESIAN_POINT('',(-3.552713678801E-15,-290.0000002));
#5024 = CARTESIAN_POINT('',(60.,-290.0000002));
#5025 = ( GEOMETRIC_REPRESENTATION_CONTEXT(2) 
PARAMETRIC_REPRESENTATION_CONTEXT() REPRESENTATION_CONTEXT('2D SPACE',''
  ) );
#5026 = ORIENTED_EDGE('',*,*,#5027,.F.);
#5027 = EDGE_CURVE('',#5028,#5002,#5030,.T.);
#5028 = VERTEX_POINT('',#5029);
#5029 = CARTESIAN_POINT('',(45.,30.,0.));
#5030 = SURFACE_CURVE('',#5031,(#5036,#5043),.PCURVE_S1.);
#5031 = CIRCLE('',#5032,45.);
#5032 = AXIS2_PLACEMENT_3D('',#5033,#5034,#5035);
#5033 = CARTESIAN_POINT('',(6.883382752676E-15,30.,0.));
#5034 = DIRECTION('',(0.,0.,1.));
#5035 = DIRECTION('',(-1.,1.110223024625E-16,0.));
#5036 = PCURVE('',#44,#5037);
#5037 = DEFINITIONAL_REPRESENTATION('',(#5038),#5042);
#5038 = CIRCLE('',#5039,45.);
#5039 = AXIS2_PLACEMENT_2D('',#5040,#5041);
#5040 = CARTESIAN_POINT('',(6.883382752676E-15,30.));
#5041 = DIRECTION('',(-1.,1.110223024625E-16));
#5042 = ( GEOMETRIC_REPRESENTATION_CONTEXT(2) 
PARAMETRIC_REPRESENTATION_CONTEXT() REPRESENTATION_CONTEXT('2D SPACE',''
  ) );
#5043 = PCURVE('',#5044,#5049);
#5044 = CYLINDRICAL_SURFACE('',#5045,45.);
#5045 = AXIS2_PLACEMENT_3D('',#5046,#5047,#5048);
#5046 = CARTESIAN_POINT('',(6.883382752676E-15,30.,290.0000002));
#5047 = DIRECTION('',(0.,0.,1.));
#5048 = DIRECTION('',(-1.,1.110223024625E-16,0.));
#5049 = DEFINITIONAL_REPRESENTATION('',(#5050),#5054);
#5050 = LINE('',#5051,#5052);
#5051 = CARTESIAN_POINT('',(-6.28318530718,-290.0000002));
#5052 = VECTOR('',#5053,1.);
#5053 = DIRECTION('',(1.,-0.));
#5054 = ( GEOMETRIC_REPRESENTATION_CONTEXT(2) 
PARAMETRIC_REPRESENTATION_CONTEXT() REPRESENTATION_CONTEXT('2D SPACE',''
  ) );
#5055 = ORIENTED_EDGE('',*,*,#5056,.T.);
#5056 = EDGE_CURVE('',#5028,#4973,#5057,.T.);
#5057 = SURFACE_CURVE('',#5058,(#5062,#5068),.PCURVE_S1.);
#5058 = LINE('',#5059,#5060);
#5059 = CARTESIAN_POINT('',(45.,15.,0.));
#5060 = VECTOR('',#5061,1.);
#5061 = DIRECTION('',(-1.110223024625E-16,-1.,0.));
#5062 = PCURVE('',#44,#5063);
#5063 = DEFINITIONAL_REPRESENTATION('',(#5064),#5067);
#5064 = B_SPLINE_CURVE_WITH_KNOTS('',1,(#5065,#5066),.UNSPECIFIED.,.F.,
  .F.,(2,2),(-15.,45.),.PIECEWISE_BEZIER_KNOTS.);
#5065 = CARTESIAN_POINT('',(45.,30.));
#5066 = CARTESIAN_POINT('',(45.,-30.));
#5067 = ( GEOMETRIC_REPRESENTATION_CONTEXT(2) 
PARAMETRIC_REPRESENTATION_CONTEXT() REPRESENTATION_CONTEXT('2D SPACE',''
  ) );
#5068 = PCURVE('',#5069,#5074);
#5069 = PLANE('',#5070);
#5070 = AXIS2_PLACEMENT_3D('',#5071,#5072,#5073);
#5071 = CARTESIAN_POINT('',(45.,30.,290.0000002));
#5072 = DIRECTION('',(-1.,1.110223024625E-16,0.));
#5073 = DIRECTION('',(-1.110223024625E-16,-1.,0.));
#5074 = DEFINITIONAL_REPRESENTATION('',(#5075),#5078);
#5075 = B_SPLINE_CURVE_WITH_KNOTS('',1,(#5076,#5077),.UNSPECIFIED.,.F.,
  .F.,(2,2),(-15.,45.),.PIECEWISE_BEZIER_KNOTS.);
#5076 = CARTESIAN_POINT('',(-3.552713678801E-15,-290.0000002));
#5077 = CARTESIAN_POINT('',(60.,-290.0000002));
#5078 = ( GEOMETRIC_REPRESENTATION_CONTEXT(2) 
PARAMETRIC_REPRESENTATION_CONTEXT() REPRESENTATION_CONTEXT('2D SPACE',''
  ) );
#5079 = FACE_BOUND('',#5080,.F.);
#5080 = EDGE_LOOP('',(#5081));
#5081 = ORIENTED_EDGE('',*,*,#5082,.T.);
#5082 = EDGE_CURVE('',#5083,#5083,#5085,.T.);
#5083 = VERTEX_POINT('',#5084);
#5084 = CARTESIAN_POINT('',(61.05,-6.000769315822E-16,0.));
#5085 = SURFACE_CURVE('',#5086,(#5091,#5102),.PCURVE_S1.);
#5086 = CIRCLE('',#5087,2.45);
#5087 = AXIS2_PLACEMENT_3D('',#5088,#5089,#5090);
#5088 = CARTESIAN_POINT('',(63.5,0.,0.));
#5089 = DIRECTION('',(0.,0.,-1.));
#5090 = DIRECTION('',(-1.,0.,0.));
#5091 = PCURVE('',#44,#5092);
#5092 = DEFINITIONAL_REPRESENTATION('',(#5093),#5101);
#5093 = ( BOUNDED_CURVE() B_SPLINE_CURVE(2,(#5094,#5095,#5096,#5097,
#5098,#5099,#5100),.UNSPECIFIED.,.T.,.F.) B_SPLINE_CURVE_WITH_KNOTS((1,2
    ,2,2,2,1),(-2.094395102393,0.,2.094395102393,4.188790204786,
6.28318530718,8.377580409573),.UNSPECIFIED.) CURVE() 
GEOMETRIC_REPRESENTATION_ITEM() RATIONAL_B_SPLINE_CURVE((1.,0.5,1.,0.5,
1.,0.5,1.)) REPRESENTATION_ITEM('') );
#5094 = CARTESIAN_POINT('',(61.05,0.));
#5095 = CARTESIAN_POINT('',(61.05,4.243524478544));
#5096 = CARTESIAN_POINT('',(64.725,2.121762239272));
#5097 = CARTESIAN_POINT('',(68.4,6.000769315822E-16));
#5098 = CARTESIAN_POINT('',(64.725,-2.121762239272));
#5099 = CARTESIAN_POINT('',(61.05,-4.243524478544));
#5100 = CARTESIAN_POINT('',(61.05,0.));
#5101 = ( GEOMETRIC_REPRESENTATION_CONTEXT(2) 
PARAMETRIC_REPRESENTATION_CONTEXT() REPRESENTATION_CONTEXT('2D SPACE',''
  ) );
#5102 = PCURVE('',#5103,#5108);
#5103 = CYLINDRICAL_SURFACE('',#5104,2.45);
#5104 = AXIS2_PLACEMENT_3D('',#5105,#5106,#5107);
#5105 = CARTESIAN_POINT('',(63.5,0.,6.));
#5106 = DIRECTION('',(0.,0.,-1.));
#5107 = DIRECTION('',(-1.,0.,0.));
#5108 = DEFINITIONAL_REPRESENTATION('',(#5109),#5113);
#5109 = LINE('',#5110,#5111);
#5110 = CARTESIAN_POINT('',(0.,6.));
#5111 = VECTOR('',#5112,1.);
#5112 = DIRECTION('',(1.,0.));
#5113 = ( GEOMETRIC_REPRESENTATION_CONTEXT(2) 
PARAMETRIC_REPRESENTATION_CONTEXT() REPRESENTATION_CONTEXT('2D SPACE',''
  ) );
#5114 = FACE_BOUND('',#5115,.F.);
#5115 = EDGE_LOOP('',(#5116));
#5116 = ORIENTED_EDGE('',*,*,#5117,.T.);
#5117 = EDGE_CURVE('',#5118,#5118,#5120,.T.);
#5118 = VERTEX_POINT('',#5119);
#5119 = CARTESIAN_POINT('',(61.05,12.7,0.));
#5120 = SURFACE_CURVE('',#5121,(#5126,#5137),.PCURVE_S1.);
#5121 = CIRCLE('',#5122,2.45);
#5122 = AXIS2_PLACEMENT_3D('',#5123,#5124,#5125);
#5123 = CARTESIAN_POINT('',(63.5,12.7,0.));
#5124 = DIRECTION('',(0.,0.,-1.));
#5125 = DIRECTION('',(-1.,0.,0.));
#5126 = PCURVE('',#44,#5127);
#5127 = DEFINITIONAL_REPRESENTATION('',(#5128),#5136);
#5128 = ( BOUNDED_CURVE() B_SPLINE_CURVE(2,(#5129,#5130,#5131,#5132,
#5133,#5134,#5135),.UNSPECIFIED.,.T.,.F.) B_SPLINE_CURVE_WITH_KNOTS((1,2
    ,2,2,2,1),(-2.094395102393,0.,2.094395102393,4.188790204786,
6.28318530718,8.377580409573),.UNSPECIFIED.) CURVE() 
GEOMETRIC_REPRESENTATION_ITEM() RATIONAL_B_SPLINE_CURVE((1.,0.5,1.,0.5,
1.,0.5,1.)) REPRESENTATION_ITEM('') );
#5129 = CARTESIAN_POINT('',(61.05,12.7));
#5130 = CARTESIAN_POINT('',(61.05,16.943524478544));
#5131 = CARTESIAN_POINT('',(64.725,14.821762239272));
#5132 = CARTESIAN_POINT('',(68.4,12.7));
#5133 = CARTESIAN_POINT('',(64.725,10.578237760728));
#5134 = CARTESIAN_POINT('',(61.05,8.456475521456));
#5135 = CARTESIAN_POINT('',(61.05,12.7));
#5136 = ( GEOMETRIC_REPRESENTATION_CONTEXT(2) 
PARAMETRIC_REPRESENTATION_CONTEXT() REPRESENTATION_CONTEXT('2D SPACE',''
  ) );
#5137 = PCURVE('',#5138,#5143);
#5138 = CYLINDRICAL_SURFACE('',#5139,2.45);
#5139 = AXIS2_PLACEMENT_3D('',#5140,#5141,#5142);
#5140 = CARTESIAN_POINT('',(63.5,12.7,6.));
#5141 = DIRECTION('',(0.,0.,-1.));
#5142 = DIRECTION('',(-1.,0.,0.));
#5143 = DEFINITIONAL_REPRESENTATION('',(#5144),#5148);
#5144 = LINE('',#5145,#5146);
#5145 = CARTESIAN_POINT('',(0.,6.));
#5146 = VECTOR('',#5147,1.);
#5147 = DIRECTION('',(1.,0.));
#5148 = ( GEOMETRIC_REPRESENTATION_CONTEXT(2) 
PARAMETRIC_REPRESENTATION_CONTEXT() REPRESENTATION_CONTEXT('2D SPACE',''
  ) );
#5149 = FACE_BOUND('',#5150,.F.);
#5150 = EDGE_LOOP('',(#5151));
#5151 = ORIENTED_EDGE('',*,*,#5152,.T.);
#5152 = EDGE_CURVE('',#5153,#5153,#5155,.T.);
#5153 = VERTEX_POINT('',#5154);
#5154 = CARTESIAN_POINT('',(61.05,25.4,0.));
#5155 = SURFACE_CURVE('',#5156,(#5161,#5172),.PCURVE_S1.);
#5156 = CIRCLE('',#5157,2.45);
#5157 = AXIS2_PLACEMENT_3D('',#5158,#5159,#5160);
#5158 = CARTESIAN_POINT('',(63.5,25.4,0.));
#5159 = DIRECTION('',(0.,0.,-1.));
#5160 = DIRECTION('',(-1.,0.,0.));
#5161 = PCURVE('',#44,#5162);
#5162 = DEFINITIONAL_REPRESENTATION('',(#5163),#5171);
#5163 = ( BOUNDED_CURVE() B_SPLINE_CURVE(2,(#5164,#5165,#5166,#5167,
#5168,#5169,#5170),.UNSPECIFIED.,.T.,.F.) B_SPLINE_CURVE_WITH_KNOTS((1,2
    ,2,2,2,1),(-2.094395102393,0.,2.094395102393,4.188790204786,
6.28318530718,8.377580409573),.UNSPECIFIED.) CURVE() 
GEOMETRIC_REPRESENTATION_ITEM() RATIONAL_B_SPLINE_CURVE((1.,0.5,1.,0.5,
1.,0.5,1.)) REPRESENTATION_ITEM('') );
#5164 = CARTESIAN_POINT('',(61.05,25.4));
#5165 = CARTESIAN_POINT('',(61.05,29.643524478544));
#5166 = CARTESIAN_POINT('',(64.725,27.521762239272));
#5167 = CARTESIAN_POINT('',(68.4,25.4));
#5168 = CARTESIAN_POINT('',(64.725,23.278237760728));
#5169 = CARTESIAN_POINT('',(61.05,21.156475521456));
#5170 = CARTESIAN_POINT('',(61.05,25.4));
#5171 = ( GEOMETRIC_REPRESENTATION_CONTEXT(2) 
PARAMETRIC_REPRESENTATION_CONTEXT() REPRESENTATION_CONTEXT('2D SPACE',''
  ) );
#5172 = PCURVE('',#5173,#5178);
#5173 = CYLINDRICAL_SURFACE('',#5174,2.45);
#5174 = AXIS2_PLACEMENT_3D('',#5175,#5176,#5177);
#5175 = CARTESIAN_POINT('',(63.5,25.4,6.));
#5176 = DIRECTION('',(0.,0.,-1.));
#5177 = DIRECTION('',(-1.,0.,0.));
#5178 = DEFINITIONAL_REPRESENTATION('',(#5179),#5183);
#5179 = LINE('',#5180,#5181);
#5180 = CARTESIAN_POINT('',(0.,6.));
#5181 = VECTOR('',#5182,1.);
#5182 = DIRECTION('',(1.,0.));
#5183 = ( GEOMETRIC_REPRESENTATION_CONTEXT(2) 
PARAMETRIC_REPRESENTATION_CONTEXT() REPRESENTATION_CONTEXT('2D SPACE',''
  ) );
#5184 = FACE_BOUND('',#5185,.F.);
#5185 = EDGE_LOOP('',(#5186));
#5186 = ORIENTED_EDGE('',*,*,#5187,.T.);
#5187 = EDGE_CURVE('',#5188,#5188,#5190,.T.);
#5188 = VERTEX_POINT('',#5189);
#5189 = CARTESIAN_POINT('',(73.75,-6.000769315822E-16,0.));
#5190 = SURFACE_CURVE('',#5191,(#5196,#5207),.PCURVE_S1.);
#5191 = CIRCLE('',#5192,2.45);
#5192 = AXIS2_PLACEMENT_3D('',#5193,#5194,#5195);
#5193 = CARTESIAN_POINT('',(76.2,0.,0.));
#5194 = DIRECTION('',(0.,0.,-1.));
#5195 = DIRECTION('',(-1.,0.,0.));
#5196 = PCURVE('',#44,#5197);
#5197 = DEFINITIONAL_REPRESENTATION('',(#5198),#5206);
#5198 = ( BOUNDED_CURVE() B_SPLINE_CURVE(2,(#5199,#5200,#5201,#5202,
#5203,#5204,#5205),.UNSPECIFIED.,.T.,.F.) B_SPLINE_CURVE_WITH_KNOTS((1,2
    ,2,2,2,1),(-2.094395102393,0.,2.094395102393,4.188790204786,
6.28318530718,8.377580409573),.UNSPECIFIED.) CURVE() 
GEOMETRIC_REPRESENTATION_ITEM() RATIONAL_B_SPLINE_CURVE((1.,0.5,1.,0.5,
1.,0.5,1.)) REPRESENTATION_ITEM('') );
#5199 = CARTESIAN_POINT('',(73.75,0.));
#5200 = CARTESIAN_POINT('',(73.75,4.243524478544));
#5201 = CARTESIAN_POINT('',(77.425,2.121762239272));
#5202 = CARTESIAN_POINT('',(81.1,6.000769315822E-16));
#5203 = CARTESIAN_POINT('',(77.425,-2.121762239272));
#5204 = CARTESIAN_POINT('',(73.75,-4.243524478544));
#5205 = CARTESIAN_POINT('',(73.75,0.));
#5206 = ( GEOMETRIC_REPRESENTATION_CONTEXT(2) 
PARAMETRIC_REPRESENTATION_CONTEXT() REPRESENTATION_CONTEXT('2D SPACE',''
  ) );
#5207 = PCURVE('',#5208,#5213);
#5208 = CYLINDRICAL_SURFACE('',#5209,2.45);
#5209 = AXIS2_PLACEMENT_3D('',#5210,#5211,#5212);
#5210 = CARTESIAN_POINT('',(76.2,0.,6.));
#5211 = DIRECTION('',(0.,0.,-1.));
#5212 = DIRECTION('',(-1.,0.,0.));
#5213 = DEFINITIONAL_REPRESENTATION('',(#5214),#5218);
#5214 = LINE('',#5215,#5216);
#5215 = CARTESIAN_POINT('',(0.,6.));
#5216 = VECTOR('',#5217,1.);
#5217 = DIRECTION('',(1.,0.));
#5218 = ( GEOMETRIC_REPRESENTATION_CONTEXT(2) 
PARAMETRIC_REPRESENTATION_CONTEXT() REPRESENTATION_CONTEXT('2D SPACE',''
  ) );
#5219 = FACE_BOUND('',#5220,.F.);
#5220 = EDGE_LOOP('',(#5221));
#5221 = ORIENTED_EDGE('',*,*,#5222,.T.);
#5222 = EDGE_CURVE('',#5223,#5223,#5225,.T.);
#5223 = VERTEX_POINT('',#5224);
#5224 = CARTESIAN_POINT('',(73.75,12.7,0.));
#5225 = SURFACE_CURVE('',#5226,(#5231,#5242),.PCURVE_S1.);
#5226 = CIRCLE('',#5227,2.45);
#5227 = AXIS2_PLACEMENT_3D('',#5228,#5229,#5230);
#5228 = CARTESIAN_POINT('',(76.2,12.7,0.));
#5229 = DIRECTION('',(0.,0.,-1.));
#5230 = DIRECTION('',(-1.,0.,0.));
#5231 = PCURVE('',#44,#5232);
#5232 = DEFINITIONAL_REPRESENTATION('',(#5233),#5241);
#5233 = ( BOUNDED_CURVE() B_SPLINE_CURVE(2,(#5234,#5235,#5236,#5237,
#5238,#5239,#5240),.UNSPECIFIED.,.T.,.F.) B_SPLINE_CURVE_WITH_KNOTS((1,2
    ,2,2,2,1),(-2.094395102393,0.,2.094395102393,4.188790204786,
6.28318530718,8.377580409573),.UNSPECIFIED.) CURVE() 
GEOMETRIC_REPRESENTATION_ITEM() RATIONAL_B_SPLINE_CURVE((1.,0.5,1.,0.5,
1.,0.5,1.)) REPRESENTATION_ITEM('') );
#5234 = CARTESIAN_POINT('',(73.75,12.7));
#5235 = CARTESIAN_POINT('',(73.75,16.943524478544));
#5236 = CARTESIAN_POINT('',(77.425,14.821762239272));
#5237 = CARTESIAN_POINT('',(81.1,12.7));
#5238 = CARTESIAN_POINT('',(77.425,10.578237760728));
#5239 = CARTESIAN_POINT('',(73.75,8.456475521456));
#5240 = CARTESIAN_POINT('',(73.75,12.7));
#5241 = ( GEOMETRIC_REPRESENTATION_CONTEXT(2) 
PARAMETRIC_REPRESENTATION_CONTEXT() REPRESENTATION_CONTEXT('2D SPACE',''
  ) );
#5242 = PCURVE('',#5243,#5248);
#5243 = CYLINDRICAL_SURFACE('',#5244,2.45);
#5244 = AXIS2_PLACEMENT_3D('',#5245,#5246,#5247);
#5245 = CARTESIAN_POINT('',(76.2,12.7,6.));
#5246 = DIRECTION('',(0.,0.,-1.));
#5247 = DIRECTION('',(-1.,0.,0.));
#5248 = DEFINITIONAL_REPRESENTATION('',(#5249),#5253);
#5249 = LINE('',#5250,#5251);
#5250 = CARTESIAN_POINT('',(0.,6.));
#5251 = VECTOR('',#5252,1.);
#5252 = DIRECTION('',(1.,0.));
#5253 = ( GEOMETRIC_REPRESENTATION_CONTEXT(2) 
PARAMETRIC_REPRESENTATION_CONTEXT() REPRESENTATION_CONTEXT('2D SPACE',''
  ) );
#5254 = FACE_BOUND('',#5255,.F.);
#5255 = EDGE_LOOP('',(#5256));
#5256 = ORIENTED_EDGE('',*,*,#5257,.T.);
#5257 = EDGE_CURVE('',#5258,#5258,#5260,.T.);
#5258 = VERTEX_POINT('',#5259);
#5259 = CARTESIAN_POINT('',(86.45,-6.000769315822E-16,0.));
#5260 = SURFACE_CURVE('',#5261,(#5266,#5277),.PCURVE_S1.);
#5261 = CIRCLE('',#5262,2.45);
#5262 = AXIS2_PLACEMENT_3D('',#5263,#5264,#5265);
#5263 = CARTESIAN_POINT('',(88.9,0.,0.));
#5264 = DIRECTION('',(0.,0.,-1.));
#5265 = DIRECTION('',(-1.,0.,0.));
#5266 = PCURVE('',#44,#5267);
#5267 = DEFINITIONAL_REPRESENTATION('',(#5268),#5276);
#5268 = ( BOUNDED_CURVE() B_SPLINE_CURVE(2,(#5269,#5270,#5271,#5272,
#5273,#5274,#5275),.UNSPECIFIED.,.T.,.F.) B_SPLINE_CURVE_WITH_KNOTS((1,2
    ,2,2,2,1),(-2.094395102393,0.,2.094395102393,4.188790204786,
6.28318530718,8.377580409573),.UNSPECIFIED.) CURVE() 
GEOMETRIC_REPRESENTATION_ITEM() RATIONAL_B_SPLINE_CURVE((1.,0.5,1.,0.5,
1.,0.5,1.)) REPRESENTATION_ITEM('') );
#5269 = CARTESIAN_POINT('',(86.45,0.));
#5270 = CARTESIAN_POINT('',(86.45,4.243524478544));
#5271 = CARTESIAN_POINT('',(90.125,2.121762239272));
#5272 = CARTESIAN_POINT('',(93.8,6.000769315822E-16));
#5273 = CARTESIAN_POINT('',(90.125,-2.121762239272));
#5274 = CARTESIAN_POINT('',(86.45,-4.243524478544));
#5275 = CARTESIAN_POINT('',(86.45,0.));
#5276 = ( GEOMETRIC_REPRESENTATION_CONTEXT(2) 
PARAMETRIC_REPRESENTATION_CONTEXT() REPRESENTATION_CONTEXT('2D SPACE',''
  ) );
#5277 = PCURVE('',#5278,#5283);
#5278 = CYLINDRICAL_SURFACE('',#5279,2.45);
#5279 = AXIS2_PLACEMENT_3D('',#5280,#5281,#5282);
#5280 = CARTESIAN_POINT('',(88.9,0.,6.));
#5281 = DIRECTION('',(0.,0.,-1.));
#5282 = DIRECTION('',(-1.,0.,0.));
#5283 = DEFINITIONAL_REPRESENTATION('',(#5284),#5288);
#5284 = LINE('',#5285,#5286);
#5285 = CARTESIAN_POINT('',(0.,6.));
#5286 = VECTOR('',#5287,1.);
#5287 = DIRECTION('',(1.,0.));
#5288 = ( GEOMETRIC_REPRESENTATION_CONTEXT(2) 
PARAMETRIC_REPRESENTATION_CONTEXT() REPRESENTATION_CONTEXT('2D SPACE',''
  ) );
#5289 = FACE_BOUND('',#5290,.F.);
#5290 = EDGE_LOOP('',(#5291));
#5291 = ORIENTED_EDGE('',*,*,#5292,.T.);
#5292 = EDGE_CURVE('',#5293,#5293,#5295,.T.);
#5293 = VERTEX_POINT('',#5294);
#5294 = CARTESIAN_POINT('',(86.45,12.7,0.));
#5295 = SURFACE_CURVE('',#5296,(#5301,#5312),.PCURVE_S1.);
#5296 = CIRCLE('',#5297,2.45);
#5297 = AXIS2_PLACEMENT_3D('',#5298,#5299,#5300);
#5298 = CARTESIAN_POINT('',(88.9,12.7,0.));
#5299 = DIRECTION('',(0.,0.,-1.));
#5300 = DIRECTION('',(-1.,0.,0.));
#5301 = PCURVE('',#44,#5302);
#5302 = DEFINITIONAL_REPRESENTATION('',(#5303),#5311);
#5303 = ( BOUNDED_CURVE() B_SPLINE_CURVE(2,(#5304,#5305,#5306,#5307,
#5308,#5309,#5310),.UNSPECIFIED.,.T.,.F.) B_SPLINE_CURVE_WITH_KNOTS((1,2
    ,2,2,2,1),(-2.094395102393,0.,2.094395102393,4.188790204786,
6.28318530718,8.377580409573),.UNSPECIFIED.) CURVE() 
GEOMETRIC_REPRESENTATION_ITEM() RATIONAL_B_SPLINE_CURVE((1.,0.5,1.,0.5,
1.,0.5,1.)) REPRESENTATION_ITEM('') );
#5304 = CARTESIAN_POINT('',(86.45,12.7));
#5305 = CARTESIAN_POINT('',(86.45,16.943524478544));
#5306 = CARTESIAN_POINT('',(90.125,14.821762239272));
#5307 = CARTESIAN_POINT('',(93.8,12.7));
#5308 = CARTESIAN_POINT('',(90.125,10.578237760728));
#5309 = CARTESIAN_POINT('',(86.45,8.456475521456));
#5310 = CARTESIAN_POINT('',(86.45,12.7));
#5311 = ( GEOMETRIC_REPRESENTATION_CONTEXT(2) 
PARAMETRIC_REPRESENTATION_CONTEXT() REPRESENTATION_CONTEXT('2D SPACE',''
  ) );
#5312 = PCURVE('',#5313,#5318);
#5313 = CYLINDRICAL_SURFACE('',#5314,2.45);
#5314 = AXIS2_PLACEMENT_3D('',#5315,#5316,#5317);
#5315 = CARTESIAN_POINT('',(88.9,12.7,6.));
#5316 = DIRECTION('',(0.,0.,-1.));
#5317 = DIRECTION('',(-1.,0.,0.));
#5318 = DEFINITIONAL_REPRESENTATION('',(#5319),#5323);
#5319 = LINE('',#5320,#5321);
#5320 = CARTESIAN_POINT('',(0.,6.));
#5321 = VECTOR('',#5322,1.);
#5322 = DIRECTION('',(1.,0.));
#5323 = ( GEOMETRIC_REPRESENTATION_CONTEXT(2) 
PARAMETRIC_REPRESENTATION_CONTEXT() REPRESENTATION_CONTEXT('2D SPACE',''
  ) );
#5324 = FACE_BOUND('',#5325,.F.);
#5325 = EDGE_LOOP('',(#5326));
#5326 = ORIENTED_EDGE('',*,*,#5327,.T.);
#5327 = EDGE_CURVE('',#5328,#5328,#5330,.T.);
#5328 = VERTEX_POINT('',#5329);
#5329 = CARTESIAN_POINT('',(73.75,25.4,0.));
#5330 = SURFACE_CURVE('',#5331,(#5336,#5347),.PCURVE_S1.);
#5331 = CIRCLE('',#5332,2.45);
#5332 = AXIS2_PLACEMENT_3D('',#5333,#5334,#5335);
#5333 = CARTESIAN_POINT('',(76.2,25.4,0.));
#5334 = DIRECTION('',(0.,0.,-1.));
#5335 = DIRECTION('',(-1.,0.,0.));
#5336 = PCURVE('',#44,#5337);
#5337 = DEFINITIONAL_REPRESENTATION('',(#5338),#5346);
#5338 = ( BOUNDED_CURVE() B_SPLINE_CURVE(2,(#5339,#5340,#5341,#5342,
#5343,#5344,#5345),.UNSPECIFIED.,.T.,.F.) B_SPLINE_CURVE_WITH_KNOTS((1,2
    ,2,2,2,1),(-2.094395102393,0.,2.094395102393,4.188790204786,
6.28318530718,8.377580409573),.UNSPECIFIED.) CURVE() 
GEOMETRIC_REPRESENTATION_ITEM() RATIONAL_B_SPLINE_CURVE((1.,0.5,1.,0.5,
1.,0.5,1.)) REPRESENTATION_ITEM('') );
#5339 = CARTESIAN_POINT('',(73.75,25.4));
#5340 = CARTESIAN_POINT('',(73.75,29.643524478544));
#5341 = CARTESIAN_POINT('',(77.425,27.521762239272));
#5342 = CARTESIAN_POINT('',(81.1,25.4));
#5343 = CARTESIAN_POINT('',(77.425,23.278237760728));
#5344 = CARTESIAN_POINT('',(73.75,21.156475521456));
#5345 = CARTESIAN_POINT('',(73.75,25.4));
#5346 = ( GEOMETRIC_REPRESENTATION_CONTEXT(2) 
PARAMETRIC_REPRESENTATION_CONTEXT() REPRESENTATION_CONTEXT('2D SPACE',''
  ) );
#5347 = PCURVE('',#5348,#5353);
#5348 = CYLINDRICAL_SURFACE('',#5349,2.45);
#5349 = AXIS2_PLACEMENT_3D('',#5350,#5351,#5352);
#5350 = CARTESIAN_POINT('',(76.2,25.4,6.));
#5351 = DIRECTION('',(0.,0.,-1.));
#5352 = DIRECTION('',(-1.,0.,0.));
#5353 = DEFINITIONAL_REPRESENTATION('',(#5354),#5358);
#5354 = LINE('',#5355,#5356);
#5355 = CARTESIAN_POINT('',(0.,6.));
#5356 = VECTOR('',#5357,1.);
#5357 = DIRECTION('',(1.,0.));
#5358 = ( GEOMETRIC_REPRESENTATION_CONTEXT(2) 
PARAMETRIC_REPRESENTATION_CONTEXT() REPRESENTATION_CONTEXT('2D SPACE',''
  ) );
#5359 = FACE_BOUND('',#5360,.F.);
#5360 = EDGE_LOOP('',(#5361));
#5361 = ORIENTED_EDGE('',*,*,#5362,.T.);
#5362 = EDGE_CURVE('',#5363,#5363,#5365,.T.);
#5363 = VERTEX_POINT('',#5364);
#5364 = CARTESIAN_POINT('',(86.45,25.4,0.));
#5365 = SURFACE_CURVE('',#5366,(#5371,#5382),.PCURVE_S1.);
#5366 = CIRCLE('',#5367,2.45);
#5367 = AXIS2_PLACEMENT_3D('',#5368,#5369,#5370);
#5368 = CARTESIAN_POINT('',(88.9,25.4,0.));
#5369 = DIRECTION('',(0.,0.,-1.));
#5370 = DIRECTION('',(-1.,0.,0.));
#5371 = PCURVE('',#44,#5372);
#5372 = DEFINITIONAL_REPRESENTATION('',(#5373),#5381);
#5373 = ( BOUNDED_CURVE() B_SPLINE_CURVE(2,(#5374,#5375,#5376,#5377,
#5378,#5379,#5380),.UNSPECIFIED.,.T.,.F.) B_SPLINE_CURVE_WITH_KNOTS((1,2
    ,2,2,2,1),(-2.094395102393,0.,2.094395102393,4.188790204786,
6.28318530718,8.377580409573),.UNSPECIFIED.) CURVE() 
GEOMETRIC_REPRESENTATION_ITEM() RATIONAL_B_SPLINE_CURVE((1.,0.5,1.,0.5,
1.,0.5,1.)) REPRESENTATION_ITEM('') );
#5374 = CARTESIAN_POINT('',(86.45,25.4));
#5375 = CARTESIAN_POINT('',(86.45,29.643524478544));
#5376 = CARTESIAN_POINT('',(90.125,27.521762239272));
#5377 = CARTESIAN_POINT('',(93.8,25.4));
#5378 = CARTESIAN_POINT('',(90.125,23.278237760728));
#5379 = CARTESIAN_POINT('',(86.45,21.156475521456));
#5380 = CARTESIAN_POINT('',(86.45,25.4));
#5381 = ( GEOMETRIC_REPRESENTATION_CONTEXT(2) 
PARAMETRIC_REPRESENTATION_CONTEXT() REPRESENTATION_CONTEXT('2D SPACE',''
  ) );
#5382 = PCURVE('',#5383,#5388);
#5383 = CYLINDRICAL_SURFACE('',#5384,2.45);
#5384 = AXIS2_PLACEMENT_3D('',#5385,#5386,#5387);
#5385 = CARTESIAN_POINT('',(88.9,25.4,6.));
#5386 = DIRECTION('',(0.,0.,-1.));
#5387 = DIRECTION('',(-1.,0.,0.));
#5388 = DEFINITIONAL_REPRESENTATION('',(#5389),#5393);
#5389 = LINE('',#5390,#5391);
#5390 = CARTESIAN_POINT('',(0.,6.));
#5391 = VECTOR('',#5392,1.);
#5392 = DIRECTION('',(1.,0.));
#5393 = ( GEOMETRIC_REPRESENTATION_CONTEXT(2) 
PARAMETRIC_REPRESENTATION_CONTEXT() REPRESENTATION_CONTEXT('2D SPACE',''
  ) );
#5394 = FACE_BOUND('',#5395,.F.);
#5395 = EDGE_LOOP('',(#5396));
#5396 = ORIENTED_EDGE('',*,*,#5397,.T.);
#5397 = EDGE_CURVE('',#5398,#5398,#5400,.T.);
#5398 = VERTEX_POINT('',#5399);
#5399 = CARTESIAN_POINT('',(61.05,38.1,0.));
#5400 = SURFACE_CURVE('',#5401,(#5406,#5417),.PCURVE_S1.);
#5401 = CIRCLE('',#5402,2.45);
#5402 = AXIS2_PLACEMENT_3D('',#5403,#5404,#5405);
#5403 = CARTESIAN_POINT('',(63.5,38.1,0.));
#5404 = DIRECTION('',(0.,0.,-1.));
#5405 = DIRECTION('',(-1.,0.,0.));
#5406 = PCURVE('',#44,#5407);
#5407 = DEFINITIONAL_REPRESENTATION('',(#5408),#5416);
#5408 = ( BOUNDED_CURVE() B_SPLINE_CURVE(2,(#5409,#5410,#5411,#5412,
#5413,#5414,#5415),.UNSPECIFIED.,.T.,.F.) B_SPLINE_CURVE_WITH_KNOTS((1,2
    ,2,2,2,1),(-2.094395102393,0.,2.094395102393,4.188790204786,
6.28318530718,8.377580409573),.UNSPECIFIED.) CURVE() 
GEOMETRIC_REPRESENTATION_ITEM() RATIONAL_B_SPLINE_CURVE((1.,0.5,1.,0.5,
1.,0.5,1.)) REPRESENTATION_ITEM('') );
#5409 = CARTESIAN_POINT('',(61.05,38.1));
#5410 = CARTESIAN_POINT('',(61.05,42.343524478544));
#5411 = CARTESIAN_POINT('',(64.725,40.221762239272));
#5412 = CARTESIAN_POINT('',(68.4,38.1));
#5413 = CARTESIAN_POINT('',(64.725,35.978237760728));
#5414 = CARTESIAN_POINT('',(61.05,33.856475521456));
#5415 = CARTESIAN_POINT('',(61.05,38.1));
#5416 = ( GEOMETRIC_REPRESENTATION_CONTEXT(2) 
PARAMETRIC_REPRESENTATION_CONTEXT() REPRESENTATION_CONTEXT('2D SPACE',''
  ) );
#5417 = PCURVE('',#5418,#5423);
#5418 = CYLINDRICAL_SURFACE('',#5419,2.45);
#5419 = AXIS2_PLACEMENT_3D('',#5420,#5421,#5422);
#5420 = CARTESIAN_POINT('',(63.5,38.1,6.));
#5421 = DIRECTION('',(0.,0.,-1.));
#5422 = DIRECTION('',(-1.,0.,0.));
#5423 = DEFINITIONAL_REPRESENTATION('',(#5424),#5428);
#5424 = LINE('',#5425,#5426);
#5425 = CARTESIAN_POINT('',(0.,6.));
#5426 = VECTOR('',#5427,1.);
#5427 = DIRECTION('',(1.,0.));
#5428 = ( GEOMETRIC_REPRESENTATION_CONTEXT(2) 
PARAMETRIC_REPRESENTATION_CONTEXT() REPRESENTATION_CONTEXT('2D SPACE',''
  ) );
#5429 = FACE_BOUND('',#5430,.F.);
#5430 = EDGE_LOOP('',(#5431));
#5431 = ORIENTED_EDGE('',*,*,#5432,.T.);
#5432 = EDGE_CURVE('',#5433,#5433,#5435,.T.);
#5433 = VERTEX_POINT('',#5434);
#5434 = CARTESIAN_POINT('',(61.05,50.8,0.));
#5435 = SURFACE_CURVE('',#5436,(#5441,#5452),.PCURVE_S1.);
#5436 = CIRCLE('',#5437,2.45);
#5437 = AXIS2_PLACEMENT_3D('',#5438,#5439,#5440);
#5438 = CARTESIAN_POINT('',(63.5,50.8,0.));
#5439 = DIRECTION('',(0.,0.,-1.));
#5440 = DIRECTION('',(-1.,0.,0.));
#5441 = PCURVE('',#44,#5442);
#5442 = DEFINITIONAL_REPRESENTATION('',(#5443),#5451);
#5443 = ( BOUNDED_CURVE() B_SPLINE_CURVE(2,(#5444,#5445,#5446,#5447,
#5448,#5449,#5450),.UNSPECIFIED.,.T.,.F.) B_SPLINE_CURVE_WITH_KNOTS((1,2
    ,2,2,2,1),(-2.094395102393,0.,2.094395102393,4.188790204786,
6.28318530718,8.377580409573),.UNSPECIFIED.) CURVE() 
GEOMETRIC_REPRESENTATION_ITEM() RATIONAL_B_SPLINE_CURVE((1.,0.5,1.,0.5,
1.,0.5,1.)) REPRESENTATION_ITEM('') );
#5444 = CARTESIAN_POINT('',(61.05,50.8));
#5445 = CARTESIAN_POINT('',(61.05,55.043524478544));
#5446 = CARTESIAN_POINT('',(64.725,52.921762239272));
#5447 = CARTESIAN_POINT('',(68.4,50.8));
#5448 = CARTESIAN_POINT('',(64.725,48.678237760728));
#5449 = CARTESIAN_POINT('',(61.05,46.556475521456));
#5450 = CARTESIAN_POINT('',(61.05,50.8));
#5451 = ( GEOMETRIC_REPRESENTATION_CONTEXT(2) 
PARAMETRIC_REPRESENTATION_CONTEXT() REPRESENTATION_CONTEXT('2D SPACE',''
  ) );
#5452 = PCURVE('',#5453,#5458);
#5453 = CYLINDRICAL_SURFACE('',#5454,2.45);
#5454 = AXIS2_PLACEMENT_3D('',#5455,#5456,#5457);
#5455 = CARTESIAN_POINT('',(63.5,50.8,6.));
#5456 = DIRECTION('',(0.,0.,-1.));
#5457 = DIRECTION('',(-1.,0.,0.));
#5458 = DEFINITIONAL_REPRESENTATION('',(#5459),#5463);
#5459 = LINE('',#5460,#5461);
#5460 = CARTESIAN_POINT('',(0.,6.));
#5461 = VECTOR('',#5462,1.);
#5462 = DIRECTION('',(1.,0.));
#5463 = ( GEOMETRIC_REPRESENTATION_CONTEXT(2) 
PARAMETRIC_REPRESENTATION_CONTEXT() REPRESENTATION_CONTEXT('2D SPACE',''
  ) );
#5464 = FACE_BOUND('',#5465,.F.);
#5465 = EDGE_LOOP('',(#5466));
#5466 = ORIENTED_EDGE('',*,*,#5467,.T.);
#5467 = EDGE_CURVE('',#5468,#5468,#5470,.T.);
#5468 = VERTEX_POINT('',#5469);
#5469 = CARTESIAN_POINT('',(61.05,63.5,0.));
#5470 = SURFACE_CURVE('',#5471,(#5476,#5487),.PCURVE_S1.);
#5471 = CIRCLE('',#5472,2.45);
#5472 = AXIS2_PLACEMENT_3D('',#5473,#5474,#5475);
#5473 = CARTESIAN_POINT('',(63.5,63.5,0.));
#5474 = DIRECTION('',(0.,0.,-1.));
#5475 = DIRECTION('',(-1.,0.,0.));
#5476 = PCURVE('',#44,#5477);
#5477 = DEFINITIONAL_REPRESENTATION('',(#5478),#5486);
#5478 = ( BOUNDED_CURVE() B_SPLINE_CURVE(2,(#5479,#5480,#5481,#5482,
#5483,#5484,#5485),.UNSPECIFIED.,.T.,.F.) B_SPLINE_CURVE_WITH_KNOTS((1,2
    ,2,2,2,1),(-2.094395102393,0.,2.094395102393,4.188790204786,
6.28318530718,8.377580409573),.UNSPECIFIED.) CURVE() 
GEOMETRIC_REPRESENTATION_ITEM() RATIONAL_B_SPLINE_CURVE((1.,0.5,1.,0.5,
1.,0.5,1.)) REPRESENTATION_ITEM('') );
#5479 = CARTESIAN_POINT('',(61.05,63.5));
#5480 = CARTESIAN_POINT('',(61.05,67.743524478544));
#5481 = CARTESIAN_POINT('',(64.725,65.621762239272));
#5482 = CARTESIAN_POINT('',(68.4,63.5));
#5483 = CARTESIAN_POINT('',(64.725,61.378237760728));
#5484 = CARTESIAN_POINT('',(61.05,59.256475521456));
#5485 = CARTESIAN_POINT('',(61.05,63.5));
#5486 = ( GEOMETRIC_REPRESENTATION_CONTEXT(2) 
PARAMETRIC_REPRESENTATION_CONTEXT() REPRESENTATION_CONTEXT('2D SPACE',''
  ) );
#5487 = PCURVE('',#5488,#5493);
#5488 = CYLINDRICAL_SURFACE('',#5489,2.45);
#5489 = AXIS2_PLACEMENT_3D('',#5490,#5491,#5492);
#5490 = CARTESIAN_POINT('',(63.5,63.5,6.));
#5491 = DIRECTION('',(0.,0.,-1.));
#5492 = DIRECTION('',(-1.,0.,0.));
#5493 = DEFINITIONAL_REPRESENTATION('',(#5494),#5498);
#5494 = LINE('',#5495,#5496);
#5495 = CARTESIAN_POINT('',(0.,6.));
#5496 = VECTOR('',#5497,1.);
#5497 = DIRECTION('',(1.,0.));
#5498 = ( GEOMETRIC_REPRESENTATION_CONTEXT(2) 
PARAMETRIC_REPRESENTATION_CONTEXT() REPRESENTATION_CONTEXT('2D SPACE',''
  ) );
#5499 = FACE_BOUND('',#5500,.F.);
#5500 = EDGE_LOOP('',(#5501));
#5501 = ORIENTED_EDGE('',*,*,#5502,.T.);
#5502 = EDGE_CURVE('',#5503,#5503,#5505,.T.);
#5503 = VERTEX_POINT('',#5504);
#5504 = CARTESIAN_POINT('',(73.75,38.1,0.));
#5505 = SURFACE_CURVE('',#5506,(#5511,#5522),.PCURVE_S1.);
#5506 = CIRCLE('',#5507,2.45);
#5507 = AXIS2_PLACEMENT_3D('',#5508,#5509,#5510);
#5508 = CARTESIAN_POINT('',(76.2,38.1,0.));
#5509 = DIRECTION('',(0.,0.,-1.));
#5510 = DIRECTION('',(-1.,0.,0.));
#5511 = PCURVE('',#44,#5512);
#5512 = DEFINITIONAL_REPRESENTATION('',(#5513),#5521);
#5513 = ( BOUNDED_CURVE() B_SPLINE_CURVE(2,(#5514,#5515,#5516,#5517,
#5518,#5519,#5520),.UNSPECIFIED.,.T.,.F.) B_SPLINE_CURVE_WITH_KNOTS((1,2
    ,2,2,2,1),(-2.094395102393,0.,2.094395102393,4.188790204786,
6.28318530718,8.377580409573),.UNSPECIFIED.) CURVE() 
GEOMETRIC_REPRESENTATION_ITEM() RATIONAL_B_SPLINE_CURVE((1.,0.5,1.,0.5,
1.,0.5,1.)) REPRESENTATION_ITEM('') );
#5514 = CARTESIAN_POINT('',(73.75,38.1));
#5515 = CARTESIAN_POINT('',(73.75,42.343524478544));
#5516 = CARTESIAN_POINT('',(77.425,40.221762239272));
#5517 = CARTESIAN_POINT('',(81.1,38.1));
#5518 = CARTESIAN_POINT('',(77.425,35.978237760728));
#5519 = CARTESIAN_POINT('',(73.75,33.856475521456));
#5520 = CARTESIAN_POINT('',(73.75,38.1));
#5521 = ( GEOMETRIC_REPRESENTATION_CONTEXT(2) 
PARAMETRIC_REPRESENTATION_CONTEXT() REPRESENTATION_CONTEXT('2D SPACE',''
  ) );
#5522 = PCURVE('',#5523,#5528);
#5523 = CYLINDRICAL_SURFACE('',#5524,2.45);
#5524 = AXIS2_PLACEMENT_3D('',#5525,#5526,#5527);
#5525 = CARTESIAN_POINT('',(76.2,38.1,6.));
#5526 = DIRECTION('',(0.,0.,-1.));
#5527 = DIRECTION('',(-1.,0.,0.));
#5528 = DEFINITIONAL_REPRESENTATION('',(#5529),#5533);
#5529 = LINE('',#5530,#5531);
#5530 = CARTESIAN_POINT('',(0.,6.));
#5531 = VECTOR('',#5532,1.);
#5532 = DIRECTION('',(1.,0.));
#5533 = ( GEOMETRIC_REPRESENTATION_CONTEXT(2) 
PARAMETRIC_REPRESENTATION_CONTEXT() REPRESENTATION_CONTEXT('2D SPACE',''
  ) );
#5534 = FACE_BOUND('',#5535,.F.);
#5535 = EDGE_LOOP('',(#5536));
#5536 = ORIENTED_EDGE('',*,*,#5537,.T.);
#5537 = EDGE_CURVE('',#5538,#5538,#5540,.T.);
#5538 = VERTEX_POINT('',#5539);
#5539 = CARTESIAN_POINT('',(86.45,38.1,0.));
#5540 = SURFACE_CURVE('',#5541,(#5546,#5557),.PCURVE_S1.);
#5541 = CIRCLE('',#5542,2.45);
#5542 = AXIS2_PLACEMENT_3D('',#5543,#5544,#5545);
#5543 = CARTESIAN_POINT('',(88.9,38.1,0.));
#5544 = DIRECTION('',(0.,0.,-1.));
#5545 = DIRECTION('',(-1.,0.,0.));
#5546 = PCURVE('',#44,#5547);
#5547 = DEFINITIONAL_REPRESENTATION('',(#5548),#5556);
#5548 = ( BOUNDED_CURVE() B_SPLINE_CURVE(2,(#5549,#5550,#5551,#5552,
#5553,#5554,#5555),.UNSPECIFIED.,.T.,.F.) B_SPLINE_CURVE_WITH_KNOTS((1,2
    ,2,2,2,1),(-2.094395102393,0.,2.094395102393,4.188790204786,
6.28318530718,8.377580409573),.UNSPECIFIED.) CURVE() 
GEOMETRIC_REPRESENTATION_ITEM() RATIONAL_B_SPLINE_CURVE((1.,0.5,1.,0.5,
1.,0.5,1.)) REPRESENTATION_ITEM('') );
#5549 = CARTESIAN_POINT('',(86.45,38.1));
#5550 = CARTESIAN_POINT('',(86.45,42.343524478544));
#5551 = CARTESIAN_POINT('',(90.125,40.221762239272));
#5552 = CARTESIAN_POINT('',(93.8,38.1));
#5553 = CARTESIAN_POINT('',(90.125,35.978237760728));
#5554 = CARTESIAN_POINT('',(86.45,33.856475521456));
#5555 = CARTESIAN_POINT('',(86.45,38.1));
#5556 = ( GEOMETRIC_REPRESENTATION_CONTEXT(2) 
PARAMETRIC_REPRESENTATION_CONTEXT() REPRESENTATION_CONTEXT('2D SPACE',''
  ) );
#5557 = PCURVE('',#5558,#5563);
#5558 = CYLINDRICAL_SURFACE('',#5559,2.45);
#5559 = AXIS2_PLACEMENT_3D('',#5560,#5561,#5562);
#5560 = CARTESIAN_POINT('',(88.9,38.1,6.));
#5561 = DIRECTION('',(0.,0.,-1.));
#5562 = DIRECTION('',(-1.,0.,0.));
#5563 = DEFINITIONAL_REPRESENTATION('',(#5564),#5568);
#5564 = LINE('',#5565,#5566);
#5565 = CARTESIAN_POINT('',(0.,6.));
#5566 = VECTOR('',#5567,1.);
#5567 = DIRECTION('',(1.,0.));
#5568 = ( GEOMETRIC_REPRESENTATION_CONTEXT(2) 
PARAMETRIC_REPRESENTATION_CONTEXT() REPRESENTATION_CONTEXT('2D SPACE',''
  ) );
#5569 = FACE_BOUND('',#5570,.F.);
#5570 = EDGE_LOOP('',(#5571));
#5571 = ORIENTED_EDGE('',*,*,#5572,.T.);
#5572 = EDGE_CURVE('',#5573,#5573,#5575,.T.);
#5573 = VERTEX_POINT('',#5574);
#5574 = CARTESIAN_POINT('',(73.75,50.8,0.));
#5575 = SURFACE_CURVE('',#5576,(#5581,#5592),.PCURVE_S1.);
#5576 = CIRCLE('',#5577,2.45);
#5577 = AXIS2_PLACEMENT_3D('',#5578,#5579,#5580);
#5578 = CARTESIAN_POINT('',(76.2,50.8,0.));
#5579 = DIRECTION('',(0.,0.,-1.));
#5580 = DIRECTION('',(-1.,0.,0.));
#5581 = PCURVE('',#44,#5582);
#5582 = DEFINITIONAL_REPRESENTATION('',(#5583),#5591);
#5583 = ( BOUNDED_CURVE() B_SPLINE_CURVE(2,(#5584,#5585,#5586,#5587,
#5588,#5589,#5590),.UNSPECIFIED.,.T.,.F.) B_SPLINE_CURVE_WITH_KNOTS((1,2
    ,2,2,2,1),(-2.094395102393,0.,2.094395102393,4.188790204786,
6.28318530718,8.377580409573),.UNSPECIFIED.) CURVE() 
GEOMETRIC_REPRESENTATION_ITEM() RATIONAL_B_SPLINE_CURVE((1.,0.5,1.,0.5,
1.,0.5,1.)) REPRESENTATION_ITEM('') );
#5584 = CARTESIAN_POINT('',(73.75,50.8));
#5585 = CARTESIAN_POINT('',(73.75,55.043524478544));
#5586 = CARTESIAN_POINT('',(77.425,52.921762239272));
#5587 = CARTESIAN_POINT('',(81.1,50.8));
#5588 = CARTESIAN_POINT('',(77.425,48.678237760728));
#5589 = CARTESIAN_POINT('',(73.75,46.556475521456));
#5590 = CARTESIAN_POINT('',(73.75,50.8));
#5591 = ( GEOMETRIC_REPRESENTATION_CONTEXT(2) 
PARAMETRIC_REPRESENTATION_CONTEXT() REPRESENTATION_CONTEXT('2D SPACE',''
  ) );
#5592 = PCURVE('',#5593,#5598);
#5593 = CYLINDRICAL_SURFACE('',#5594,2.45);
#5594 = AXIS2_PLACEMENT_3D('',#5595,#5596,#5597);
#5595 = CARTESIAN_POINT('',(76.2,50.8,6.));
#5596 = DIRECTION('',(0.,0.,-1.));
#5597 = DIRECTION('',(-1.,0.,0.));
#5598 = DEFINITIONAL_REPRESENTATION('',(#5599),#5603);
#5599 = LINE('',#5600,#5601);
#5600 = CARTESIAN_POINT('',(0.,6.));
#5601 = VECTOR('',#5602,1.);
#5602 = DIRECTION('',(1.,0.));
#5603 = ( GEOMETRIC_REPRESENTATION_CONTEXT(2) 
PARAMETRIC_REPRESENTATION_CONTEXT() REPRESENTATION_CONTEXT('2D SPACE',''
  ) );
#5604 = FACE_BOUND('',#5605,.F.);
#5605 = EDGE_LOOP('',(#5606));
#5606 = ORIENTED_EDGE('',*,*,#5607,.T.);
#5607 = EDGE_CURVE('',#5608,#5608,#5610,.T.);
#5608 = VERTEX_POINT('',#5609);
#5609 = CARTESIAN_POINT('',(73.75,63.5,0.));
#5610 = SURFACE_CURVE('',#5611,(#5616,#5627),.PCURVE_S1.);
#5611 = CIRCLE('',#5612,2.45);
#5612 = AXIS2_PLACEMENT_3D('',#5613,#5614,#5615);
#5613 = CARTESIAN_POINT('',(76.2,63.5,0.));
#5614 = DIRECTION('',(0.,0.,-1.));
#5615 = DIRECTION('',(-1.,0.,0.));
#5616 = PCURVE('',#44,#5617);
#5617 = DEFINITIONAL_REPRESENTATION('',(#5618),#5626);
#5618 = ( BOUNDED_CURVE() B_SPLINE_CURVE(2,(#5619,#5620,#5621,#5622,
#5623,#5624,#5625),.UNSPECIFIED.,.T.,.F.) B_SPLINE_CURVE_WITH_KNOTS((1,2
    ,2,2,2,1),(-2.094395102393,0.,2.094395102393,4.188790204786,
6.28318530718,8.377580409573),.UNSPECIFIED.) CURVE() 
GEOMETRIC_REPRESENTATION_ITEM() RATIONAL_B_SPLINE_CURVE((1.,0.5,1.,0.5,
1.,0.5,1.)) REPRESENTATION_ITEM('') );
#5619 = CARTESIAN_POINT('',(73.75,63.5));
#5620 = CARTESIAN_POINT('',(73.75,67.743524478544));
#5621 = CARTESIAN_POINT('',(77.425,65.621762239272));
#5622 = CARTESIAN_POINT('',(81.1,63.5));
#5623 = CARTESIAN_POINT('',(77.425,61.378237760728));
#5624 = CARTESIAN_POINT('',(73.75,59.256475521456));
#5625 = CARTESIAN_POINT('',(73.75,63.5));
#5626 = ( GEOMETRIC_REPRESENTATION_CONTEXT(2) 
PARAMETRIC_REPRESENTATION_CONTEXT() REPRESENTATION_CONTEXT('2D SPACE',''
  ) );
#5627 = PCURVE('',#5628,#5633);
#5628 = CYLINDRICAL_SURFACE('',#5629,2.45);
#5629 = AXIS2_PLACEMENT_3D('',#5630,#5631,#5632);
#5630 = CARTESIAN_POINT('',(76.2,63.5,6.));
#5631 = DIRECTION('',(0.,0.,-1.));
#5632 = DIRECTION('',(-1.,0.,0.));
#5633 = DEFINITIONAL_REPRESENTATION('',(#5634),#5638);
#5634 = LINE('',#5635,#5636);
#5635 = CARTESIAN_POINT('',(0.,6.));
#5636 = VECTOR('',#5637,1.);
#5637 = DIRECTION('',(1.,0.));
#5638 = ( GEOMETRIC_REPRESENTATION_CONTEXT(2) 
PARAMETRIC_REPRESENTATION_CONTEXT() REPRESENTATION_CONTEXT('2D SPACE',''
  ) );
#5639 = FACE_BOUND('',#5640,.F.);
#5640 = EDGE_LOOP('',(#5641));
#5641 = ORIENTED_EDGE('',*,*,#5642,.T.);
#5642 = EDGE_CURVE('',#5643,#5643,#5645,.T.);
#5643 = VERTEX_POINT('',#5644);
#5644 = CARTESIAN_POINT('',(86.45,50.8,0.));
#5645 = SURFACE_CURVE('',#5646,(#5651,#5662),.PCURVE_S1.);
#5646 = CIRCLE('',#5647,2.45);
#5647 = AXIS2_PLACEMENT_3D('',#5648,#5649,#5650);
#5648 = CARTESIAN_POINT('',(88.9,50.8,0.));
#5649 = DIRECTION('',(0.,0.,-1.));
#5650 = DIRECTION('',(-1.,0.,0.));
#5651 = PCURVE('',#44,#5652);
#5652 = DEFINITIONAL_REPRESENTATION('',(#5653),#5661);
#5653 = ( BOUNDED_CURVE() B_SPLINE_CURVE(2,(#5654,#5655,#5656,#5657,
#5658,#5659,#5660),.UNSPECIFIED.,.T.,.F.) B_SPLINE_CURVE_WITH_KNOTS((1,2
    ,2,2,2,1),(-2.094395102393,0.,2.094395102393,4.188790204786,
6.28318530718,8.377580409573),.UNSPECIFIED.) CURVE() 
GEOMETRIC_REPRESENTATION_ITEM() RATIONAL_B_SPLINE_CURVE((1.,0.5,1.,0.5,
1.,0.5,1.)) REPRESENTATION_ITEM('') );
#5654 = CARTESIAN_POINT('',(86.45,50.8));
#5655 = CARTESIAN_POINT('',(86.45,55.043524478544));
#5656 = CARTESIAN_POINT('',(90.125,52.921762239272));
#5657 = CARTESIAN_POINT('',(93.8,50.8));
#5658 = CARTESIAN_POINT('',(90.125,48.678237760728));
#5659 = CARTESIAN_POINT('',(86.45,46.556475521456));
#5660 = CARTESIAN_POINT('',(86.45,50.8));
#5661 = ( GEOMETRIC_REPRESENTATION_CONTEXT(2) 
PARAMETRIC_REPRESENTATION_CONTEXT() REPRESENTATION_CONTEXT('2D SPACE',''
  ) );
#5662 = PCURVE('',#5663,#5668);
#5663 = CYLINDRICAL_SURFACE('',#5664,2.45);
#5664 = AXIS2_PLACEMENT_3D('',#5665,#5666,#5667);
#5665 = CARTESIAN_POINT('',(88.9,50.8,6.));
#5666 = DIRECTION('',(0.,0.,-1.));
#5667 = DIRECTION('',(-1.,0.,0.));
#5668 = DEFINITIONAL_REPRESENTATION('',(#5669),#5673);
#5669 = LINE('',#5670,#5671);
#5670 = CARTESIAN_POINT('',(0.,6.));
#5671 = VECTOR('',#5672,1.);
#5672 = DIRECTION('',(1.,0.));
#5673 = ( GEOMETRIC_REPRESENTATION_CONTEXT(2) 
PARAMETRIC_REPRESENTATION_CONTEXT() REPRESENTATION_CONTEXT('2D SPACE',''
  ) );
#5674 = FACE_BOUND('',#5675,.F.);
#5675 = EDGE_LOOP('',(#5676));
#5676 = ORIENTED_EDGE('',*,*,#5677,.T.);
#5677 = EDGE_CURVE('',#5678,#5678,#5680,.T.);
#5678 = VERTEX_POINT('',#5679);
#5679 = CARTESIAN_POINT('',(86.45,63.5,0.));
#5680 = SURFACE_CURVE('',#5681,(#5686,#5697),.PCURVE_S1.);
#5681 = CIRCLE('',#5682,2.45);
#5682 = AXIS2_PLACEMENT_3D('',#5683,#5684,#5685);
#5683 = CARTESIAN_POINT('',(88.9,63.5,0.));
#5684 = DIRECTION('',(0.,0.,-1.));
#5685 = DIRECTION('',(-1.,0.,0.));
#5686 = PCURVE('',#44,#5687);
#5687 = DEFINITIONAL_REPRESENTATION('',(#5688),#5696);
#5688 = ( BOUNDED_CURVE() B_SPLINE_CURVE(2,(#5689,#5690,#5691,#5692,
#5693,#5694,#5695),.UNSPECIFIED.,.T.,.F.) B_SPLINE_CURVE_WITH_KNOTS((1,2
    ,2,2,2,1),(-2.094395102393,0.,2.094395102393,4.188790204786,
6.28318530718,8.377580409573),.UNSPECIFIED.) CURVE() 
GEOMETRIC_REPRESENTATION_ITEM() RATIONAL_B_SPLINE_CURVE((1.,0.5,1.,0.5,
1.,0.5,1.)) REPRESENTATION_ITEM('') );
#5689 = CARTESIAN_POINT('',(86.45,63.5));
#5690 = CARTESIAN_POINT('',(86.45,67.743524478544));
#5691 = CARTESIAN_POINT('',(90.125,65.621762239272));
#5692 = CARTESIAN_POINT('',(93.8,63.5));
#5693 = CARTESIAN_POINT('',(90.125,61.378237760728));
#5694 = CARTESIAN_POINT('',(86.45,59.256475521456));
#5695 = CARTESIAN_POINT('',(86.45,63.5));
#5696 = ( GEOMETRIC_REPRESENTATION_CONTEXT(2) 
PARAMETRIC_REPRESENTATION_CONTEXT() REPRESENTATION_CONTEXT('2D SPACE',''
  ) );
#5697 = PCURVE('',#5698,#5703);
#5698 = CYLINDRICAL_SURFACE('',#5699,2.45);
#5699 = AXIS2_PLACEMENT_3D('',#5700,#5701,#5702);
#5700 = CARTESIAN_POINT('',(88.9,63.5,6.));
#5701 = DIRECTION('',(0.,0.,-1.));
#5702 = DIRECTION('',(-1.,0.,0.));
#5703 = DEFINITIONAL_REPRESENTATION('',(#5704),#5708);
#5704 = LINE('',#5705,#5706);
#5705 = CARTESIAN_POINT('',(0.,6.));
#5706 = VECTOR('',#5707,1.);
#5707 = DIRECTION('',(1.,0.));
#5708 = ( GEOMETRIC_REPRESENTATION_CONTEXT(2) 
PARAMETRIC_REPRESENTATION_CONTEXT() REPRESENTATION_CONTEXT('2D SPACE',''
  ) );
#5709 = FACE_BOUND('',#5710,.F.);
#5710 = EDGE_LOOP('',(#5711));
#5711 = ORIENTED_EDGE('',*,*,#5712,.T.);
#5712 = EDGE_CURVE('',#5713,#5713,#5715,.T.);
#5713 = VERTEX_POINT('',#5714);
#5714 = CARTESIAN_POINT('',(-2.45,88.9,0.));
#5715 = SURFACE_CURVE('',#5716,(#5721,#5732),.PCURVE_S1.);
#5716 = CIRCLE('',#5717,2.45);
#5717 = AXIS2_PLACEMENT_3D('',#5718,#5719,#5720);
#5718 = CARTESIAN_POINT('',(0.,88.9,0.));
#5719 = DIRECTION('',(0.,0.,-1.));
#5720 = DIRECTION('',(-1.,0.,0.));
#5721 = PCURVE('',#44,#5722);
#5722 = DEFINITIONAL_REPRESENTATION('',(#5723),#5731);
#5723 = ( BOUNDED_CURVE() B_SPLINE_CURVE(2,(#5724,#5725,#5726,#5727,
#5728,#5729,#5730),.UNSPECIFIED.,.T.,.F.) B_SPLINE_CURVE_WITH_KNOTS((1,2
    ,2,2,2,1),(-2.094395102393,0.,2.094395102393,4.188790204786,
6.28318530718,8.377580409573),.UNSPECIFIED.) CURVE() 
GEOMETRIC_REPRESENTATION_ITEM() RATIONAL_B_SPLINE_CURVE((1.,0.5,1.,0.5,
1.,0.5,1.)) REPRESENTATION_ITEM('') );
#5724 = CARTESIAN_POINT('',(-2.45,88.9));
#5725 = CARTESIAN_POINT('',(-2.45,93.143524478544));
#5726 = CARTESIAN_POINT('',(1.225,91.021762239272));
#5727 = CARTESIAN_POINT('',(4.9,88.9));
#5728 = CARTESIAN_POINT('',(1.225,86.778237760728));
#5729 = CARTESIAN_POINT('',(-2.45,84.656475521456));
#5730 = CARTESIAN_POINT('',(-2.45,88.9));
#5731 = ( GEOMETRIC_REPRESENTATION_CONTEXT(2) 
PARAMETRIC_REPRESENTATION_CONTEXT() REPRESENTATION_CONTEXT('2D SPACE',''
  ) );
#5732 = PCURVE('',#5733,#5738);
#5733 = CYLINDRICAL_SURFACE('',#5734,2.45);
#5734 = AXIS2_PLACEMENT_3D('',#5735,#5736,#5737);
#5735 = CARTESIAN_POINT('',(0.,88.9,6.));
#5736 = DIRECTION('',(0.,0.,-1.));
#5737 = DIRECTION('',(-1.,0.,0.));
#5738 = DEFINITIONAL_REPRESENTATION('',(#5739),#5743);
#5739 = LINE('',#5740,#5741);
#5740 = CARTESIAN_POINT('',(0.,6.));
#5741 = VECTOR('',#5742,1.);
#5742 = DIRECTION('',(1.,0.));
#5743 = ( GEOMETRIC_REPRESENTATION_CONTEXT(2) 
PARAMETRIC_REPRESENTATION_CONTEXT() REPRESENTATION_CONTEXT('2D SPACE',''
  ) );
#5744 = FACE_BOUND('',#5745,.F.);
#5745 = EDGE_LOOP('',(#5746));
#5746 = ORIENTED_EDGE('',*,*,#5747,.T.);
#5747 = EDGE_CURVE('',#5748,#5748,#5750,.T.);
#5748 = VERTEX_POINT('',#5749);
#5749 = CARTESIAN_POINT('',(10.25,88.9,0.));
#5750 = SURFACE_CURVE('',#5751,(#5756,#5767),.PCURVE_S1.);
#5751 = CIRCLE('',#5752,2.45);
#5752 = AXIS2_PLACEMENT_3D('',#5753,#5754,#5755);
#5753 = CARTESIAN_POINT('',(12.7,88.9,0.));
#5754 = DIRECTION('',(0.,0.,-1.));
#5755 = DIRECTION('',(-1.,0.,0.));
#5756 = PCURVE('',#44,#5757);
#5757 = DEFINITIONAL_REPRESENTATION('',(#5758),#5766);
#5758 = ( BOUNDED_CURVE() B_SPLINE_CURVE(2,(#5759,#5760,#5761,#5762,
#5763,#5764,#5765),.UNSPECIFIED.,.T.,.F.) B_SPLINE_CURVE_WITH_KNOTS((1,2
    ,2,2,2,1),(-2.094395102393,0.,2.094395102393,4.188790204786,
6.28318530718,8.377580409573),.UNSPECIFIED.) CURVE() 
GEOMETRIC_REPRESENTATION_ITEM() RATIONAL_B_SPLINE_CURVE((1.,0.5,1.,0.5,
1.,0.5,1.)) REPRESENTATION_ITEM('') );
#5759 = CARTESIAN_POINT('',(10.25,88.9));
#5760 = CARTESIAN_POINT('',(10.25,93.143524478544));
#5761 = CARTESIAN_POINT('',(13.925,91.021762239272));
#5762 = CARTESIAN_POINT('',(17.6,88.9));
#5763 = CARTESIAN_POINT('',(13.925,86.778237760728));
#5764 = CARTESIAN_POINT('',(10.25,84.656475521456));
#5765 = CARTESIAN_POINT('',(10.25,88.9));
#5766 = ( GEOMETRIC_REPRESENTATION_CONTEXT(2) 
PARAMETRIC_REPRESENTATION_CONTEXT() REPRESENTATION_CONTEXT('2D SPACE',''
  ) );
#5767 = PCURVE('',#5768,#5773);
#5768 = CYLINDRICAL_SURFACE('',#5769,2.45);
#5769 = AXIS2_PLACEMENT_3D('',#5770,#5771,#5772);
#5770 = CARTESIAN_POINT('',(12.7,88.9,6.));
#5771 = DIRECTION('',(0.,0.,-1.));
#5772 = DIRECTION('',(-1.,0.,0.));
#5773 = DEFINITIONAL_REPRESENTATION('',(#5774),#5778);
#5774 = LINE('',#5775,#5776);
#5775 = CARTESIAN_POINT('',(0.,6.));
#5776 = VECTOR('',#5777,1.);
#5777 = DIRECTION('',(1.,0.));
#5778 = ( GEOMETRIC_REPRESENTATION_CONTEXT(2) 
PARAMETRIC_REPRESENTATION_CONTEXT() REPRESENTATION_CONTEXT('2D SPACE',''
  ) );
#5779 = FACE_BOUND('',#5780,.F.);
#5780 = EDGE_LOOP('',(#5781));
#5781 = ORIENTED_EDGE('',*,*,#5782,.T.);
#5782 = EDGE_CURVE('',#5783,#5783,#5785,.T.);
#5783 = VERTEX_POINT('',#5784);
#5784 = CARTESIAN_POINT('',(22.95,88.9,0.));
#5785 = SURFACE_CURVE('',#5786,(#5791,#5802),.PCURVE_S1.);
#5786 = CIRCLE('',#5787,2.45);
#5787 = AXIS2_PLACEMENT_3D('',#5788,#5789,#5790);
#5788 = CARTESIAN_POINT('',(25.4,88.9,0.));
#5789 = DIRECTION('',(0.,0.,-1.));
#5790 = DIRECTION('',(-1.,0.,0.));
#5791 = PCURVE('',#44,#5792);
#5792 = DEFINITIONAL_REPRESENTATION('',(#5793),#5801);
#5793 = ( BOUNDED_CURVE() B_SPLINE_CURVE(2,(#5794,#5795,#5796,#5797,
#5798,#5799,#5800),.UNSPECIFIED.,.T.,.F.) B_SPLINE_CURVE_WITH_KNOTS((1,2
    ,2,2,2,1),(-2.094395102393,0.,2.094395102393,4.188790204786,
6.28318530718,8.377580409573),.UNSPECIFIED.) CURVE() 
GEOMETRIC_REPRESENTATION_ITEM() RATIONAL_B_SPLINE_CURVE((1.,0.5,1.,0.5,
1.,0.5,1.)) REPRESENTATION_ITEM('') );
#5794 = CARTESIAN_POINT('',(22.95,88.9));
#5795 = CARTESIAN_POINT('',(22.95,93.143524478544));
#5796 = CARTESIAN_POINT('',(26.625,91.021762239272));
#5797 = CARTESIAN_POINT('',(30.3,88.9));
#5798 = CARTESIAN_POINT('',(26.625,86.778237760728));
#5799 = CARTESIAN_POINT('',(22.95,84.656475521456));
#5800 = CARTESIAN_POINT('',(22.95,88.9));
#5801 = ( GEOMETRIC_REPRESENTATION_CONTEXT(2) 
PARAMETRIC_REPRESENTATION_CONTEXT() REPRESENTATION_CONTEXT('2D SPACE',''
  ) );
#5802 = PCURVE('',#5803,#5808);
#5803 = CYLINDRICAL_SURFACE('',#5804,2.45);
#5804 = AXIS2_PLACEMENT_3D('',#5805,#5806,#5807);
#5805 = CARTESIAN_POINT('',(25.4,88.9,6.));
#5806 = DIRECTION('',(0.,0.,-1.));
#5807 = DIRECTION('',(-1.,0.,0.));
#5808 = DEFINITIONAL_REPRESENTATION('',(#5809),#5813);
#5809 = LINE('',#5810,#5811);
#5810 = CARTESIAN_POINT('',(0.,6.));
#5811 = VECTOR('',#5812,1.);
#5812 = DIRECTION('',(1.,0.));
#5813 = ( GEOMETRIC_REPRESENTATION_CONTEXT(2) 
PARAMETRIC_REPRESENTATION_CONTEXT() REPRESENTATION_CONTEXT('2D SPACE',''
  ) );
#5814 = FACE_BOUND('',#5815,.F.);
#5815 = EDGE_LOOP('',(#5816));
#5816 = ORIENTED_EDGE('',*,*,#5817,.T.);
#5817 = EDGE_CURVE('',#5818,#5818,#5820,.T.);
#5818 = VERTEX_POINT('',#5819);
#5819 = CARTESIAN_POINT('',(35.65,88.9,0.));
#5820 = SURFACE_CURVE('',#5821,(#5826,#5837),.PCURVE_S1.);
#5821 = CIRCLE('',#5822,2.45);
#5822 = AXIS2_PLACEMENT_3D('',#5823,#5824,#5825);
#5823 = CARTESIAN_POINT('',(38.1,88.9,0.));
#5824 = DIRECTION('',(0.,0.,-1.));
#5825 = DIRECTION('',(-1.,0.,0.));
#5826 = PCURVE('',#44,#5827);
#5827 = DEFINITIONAL_REPRESENTATION('',(#5828),#5836);
#5828 = ( BOUNDED_CURVE() B_SPLINE_CURVE(2,(#5829,#5830,#5831,#5832,
#5833,#5834,#5835),.UNSPECIFIED.,.T.,.F.) B_SPLINE_CURVE_WITH_KNOTS((1,2
    ,2,2,2,1),(-2.094395102393,0.,2.094395102393,4.188790204786,
6.28318530718,8.377580409573),.UNSPECIFIED.) CURVE() 
GEOMETRIC_REPRESENTATION_ITEM() RATIONAL_B_SPLINE_CURVE((1.,0.5,1.,0.5,
1.,0.5,1.)) REPRESENTATION_ITEM('') );
#5829 = CARTESIAN_POINT('',(35.65,88.9));
#5830 = CARTESIAN_POINT('',(35.65,93.143524478544));
#5831 = CARTESIAN_POINT('',(39.325,91.021762239272));
#5832 = CARTESIAN_POINT('',(43.,88.9));
#5833 = CARTESIAN_POINT('',(39.325,86.778237760728));
#5834 = CARTESIAN_POINT('',(35.65,84.656475521456));
#5835 = CARTESIAN_POINT('',(35.65,88.9));
#5836 = ( GEOMETRIC_REPRESENTATION_CONTEXT(2) 
PARAMETRIC_REPRESENTATION_CONTEXT() REPRESENTATION_CONTEXT('2D SPACE',''
  ) );
#5837 = PCURVE('',#5838,#5843);
#5838 = CYLINDRICAL_SURFACE('',#5839,2.45);
#5839 = AXIS2_PLACEMENT_3D('',#5840,#5841,#5842);
#5840 = CARTESIAN_POINT('',(38.1,88.9,6.));
#5841 = DIRECTION('',(0.,0.,-1.));
#5842 = DIRECTION('',(-1.,0.,0.));
#5843 = DEFINITIONAL_REPRESENTATION('',(#5844),#5848);
#5844 = LINE('',#5845,#5846);
#5845 = CARTESIAN_POINT('',(0.,6.));
#5846 = VECTOR('',#5847,1.);
#5847 = DIRECTION('',(1.,0.));
#5848 = ( GEOMETRIC_REPRESENTATION_CONTEXT(2) 
PARAMETRIC_REPRESENTATION_CONTEXT() REPRESENTATION_CONTEXT('2D SPACE',''
  ) );
#5849 = FACE_BOUND('',#5850,.F.);
#5850 = EDGE_LOOP('',(#5851));
#5851 = ORIENTED_EDGE('',*,*,#5852,.T.);
#5852 = EDGE_CURVE('',#5853,#5853,#5855,.T.);
#5853 = VERTEX_POINT('',#5854);
#5854 = CARTESIAN_POINT('',(-2.45,101.6,0.));
#5855 = SURFACE_CURVE('',#5856,(#5861,#5872),.PCURVE_S1.);
#5856 = CIRCLE('',#5857,2.45);
#5857 = AXIS2_PLACEMENT_3D('',#5858,#5859,#5860);
#5858 = CARTESIAN_POINT('',(0.,101.6,0.));
#5859 = DIRECTION('',(0.,0.,-1.));
#5860 = DIRECTION('',(-1.,0.,0.));
#5861 = PCURVE('',#44,#5862);
#5862 = DEFINITIONAL_REPRESENTATION('',(#5863),#5871);
#5863 = ( BOUNDED_CURVE() B_SPLINE_CURVE(2,(#5864,#5865,#5866,#5867,
#5868,#5869,#5870),.UNSPECIFIED.,.T.,.F.) B_SPLINE_CURVE_WITH_KNOTS((1,2
    ,2,2,2,1),(-2.094395102393,0.,2.094395102393,4.188790204786,
6.28318530718,8.377580409573),.UNSPECIFIED.) CURVE() 
GEOMETRIC_REPRESENTATION_ITEM() RATIONAL_B_SPLINE_CURVE((1.,0.5,1.,0.5,
1.,0.5,1.)) REPRESENTATION_ITEM('') );
#5864 = CARTESIAN_POINT('',(-2.45,101.6));
#5865 = CARTESIAN_POINT('',(-2.45,105.84352447854));
#5866 = CARTESIAN_POINT('',(1.225,103.72176223927));
#5867 = CARTESIAN_POINT('',(4.9,101.6));
#5868 = CARTESIAN_POINT('',(1.225,99.478237760728));
#5869 = CARTESIAN_POINT('',(-2.45,97.356475521456));
#5870 = CARTESIAN_POINT('',(-2.45,101.6));
#5871 = ( GEOMETRIC_REPRESENTATION_CONTEXT(2) 
PARAMETRIC_REPRESENTATION_CONTEXT() REPRESENTATION_CONTEXT('2D SPACE',''
  ) );
#5872 = PCURVE('',#5873,#5878);
#5873 = CYLINDRICAL_SURFACE('',#5874,2.45);
#5874 = AXIS2_PLACEMENT_3D('',#5875,#5876,#5877);
#5875 = CARTESIAN_POINT('',(0.,101.6,6.));
#5876 = DIRECTION('',(0.,0.,-1.));
#5877 = DIRECTION('',(-1.,0.,0.));
#5878 = DEFINITIONAL_REPRESENTATION('',(#5879),#5883);
#5879 = LINE('',#5880,#5881);
#5880 = CARTESIAN_POINT('',(0.,6.));
#5881 = VECTOR('',#5882,1.);
#5882 = DIRECTION('',(1.,0.));
#5883 = ( GEOMETRIC_REPRESENTATION_CONTEXT(2) 
PARAMETRIC_REPRESENTATION_CONTEXT() REPRESENTATION_CONTEXT('2D SPACE',''
  ) );
#5884 = FACE_BOUND('',#5885,.F.);
#5885 = EDGE_LOOP('',(#5886));
#5886 = ORIENTED_EDGE('',*,*,#5887,.T.);
#5887 = EDGE_CURVE('',#5888,#5888,#5890,.T.);
#5888 = VERTEX_POINT('',#5889);
#5889 = CARTESIAN_POINT('',(10.25,101.6,0.));
#5890 = SURFACE_CURVE('',#5891,(#5896,#5907),.PCURVE_S1.);
#5891 = CIRCLE('',#5892,2.45);
#5892 = AXIS2_PLACEMENT_3D('',#5893,#5894,#5895);
#5893 = CARTESIAN_POINT('',(12.7,101.6,0.));
#5894 = DIRECTION('',(0.,0.,-1.));
#5895 = DIRECTION('',(-1.,0.,0.));
#5896 = PCURVE('',#44,#5897);
#5897 = DEFINITIONAL_REPRESENTATION('',(#5898),#5906);
#5898 = ( BOUNDED_CURVE() B_SPLINE_CURVE(2,(#5899,#5900,#5901,#5902,
#5903,#5904,#5905),.UNSPECIFIED.,.T.,.F.) B_SPLINE_CURVE_WITH_KNOTS((1,2
    ,2,2,2,1),(-2.094395102393,0.,2.094395102393,4.188790204786,
6.28318530718,8.377580409573),.UNSPECIFIED.) CURVE() 
GEOMETRIC_REPRESENTATION_ITEM() RATIONAL_B_SPLINE_CURVE((1.,0.5,1.,0.5,
1.,0.5,1.)) REPRESENTATION_ITEM('') );
#5899 = CARTESIAN_POINT('',(10.25,101.6));
#5900 = CARTESIAN_POINT('',(10.25,105.84352447854));
#5901 = CARTESIAN_POINT('',(13.925,103.72176223927));
#5902 = CARTESIAN_POINT('',(17.6,101.6));
#5903 = CARTESIAN_POINT('',(13.925,99.478237760728));
#5904 = CARTESIAN_POINT('',(10.25,97.356475521456));
#5905 = CARTESIAN_POINT('',(10.25,101.6));
#5906 = ( GEOMETRIC_REPRESENTATION_CONTEXT(2) 
PARAMETRIC_REPRESENTATION_CONTEXT() REPRESENTATION_CONTEXT('2D SPACE',''
  ) );
#5907 = PCURVE('',#5908,#5913);
#5908 = CYLINDRICAL_SURFACE('',#5909,2.45);
#5909 = AXIS2_PLACEMENT_3D('',#5910,#5911,#5912);
#5910 = CARTESIAN_POINT('',(12.7,101.6,6.));
#5911 = DIRECTION('',(0.,0.,-1.));
#5912 = DIRECTION('',(-1.,0.,0.));
#5913 = DEFINITIONAL_REPRESENTATION('',(#5914),#5918);
#5914 = LINE('',#5915,#5916);
#5915 = CARTESIAN_POINT('',(0.,6.));
#5916 = VECTOR('',#5917,1.);
#5917 = DIRECTION('',(1.,0.));
#5918 = ( GEOMETRIC_REPRESENTATION_CONTEXT(2) 
PARAMETRIC_REPRESENTATION_CONTEXT() REPRESENTATION_CONTEXT('2D SPACE',''
  ) );
#5919 = FACE_BOUND('',#5920,.F.);
#5920 = EDGE_LOOP('',(#5921));
#5921 = ORIENTED_EDGE('',*,*,#5922,.T.);
#5922 = EDGE_CURVE('',#5923,#5923,#5925,.T.);
#5923 = VERTEX_POINT('',#5924);
#5924 = CARTESIAN_POINT('',(-2.45,114.3,0.));
#5925 = SURFACE_CURVE('',#5926,(#5931,#5942),.PCURVE_S1.);
#5926 = CIRCLE('',#5927,2.45);
#5927 = AXIS2_PLACEMENT_3D('',#5928,#5929,#5930);
#5928 = CARTESIAN_POINT('',(0.,114.3,0.));
#5929 = DIRECTION('',(0.,0.,-1.));
#5930 = DIRECTION('',(-1.,0.,0.));
#5931 = PCURVE('',#44,#5932);
#5932 = DEFINITIONAL_REPRESENTATION('',(#5933),#5941);
#5933 = ( BOUNDED_CURVE() B_SPLINE_CURVE(2,(#5934,#5935,#5936,#5937,
#5938,#5939,#5940),.UNSPECIFIED.,.T.,.F.) B_SPLINE_CURVE_WITH_KNOTS((1,2
    ,2,2,2,1),(-2.094395102393,0.,2.094395102393,4.188790204786,
6.28318530718,8.377580409573),.UNSPECIFIED.) CURVE() 
GEOMETRIC_REPRESENTATION_ITEM() RATIONAL_B_SPLINE_CURVE((1.,0.5,1.,0.5,
1.,0.5,1.)) REPRESENTATION_ITEM('') );
#5934 = CARTESIAN_POINT('',(-2.45,114.3));
#5935 = CARTESIAN_POINT('',(-2.45,118.54352447854));
#5936 = CARTESIAN_POINT('',(1.225,116.42176223927));
#5937 = CARTESIAN_POINT('',(4.9,114.3));
#5938 = CARTESIAN_POINT('',(1.225,112.17823776072));
#5939 = CARTESIAN_POINT('',(-2.45,110.05647552145));
#5940 = CARTESIAN_POINT('',(-2.45,114.3));
#5941 = ( GEOMETRIC_REPRESENTATION_CONTEXT(2) 
PARAMETRIC_REPRESENTATION_CONTEXT() REPRESENTATION_CONTEXT('2D SPACE',''
  ) );
#5942 = PCURVE('',#5943,#5948);
#5943 = CYLINDRICAL_SURFACE('',#5944,2.45);
#5944 = AXIS2_PLACEMENT_3D('',#5945,#5946,#5947);
#5945 = CARTESIAN_POINT('',(0.,114.3,6.));
#5946 = DIRECTION('',(0.,0.,-1.));
#5947 = DIRECTION('',(-1.,0.,0.));
#5948 = DEFINITIONAL_REPRESENTATION('',(#5949),#5953);
#5949 = LINE('',#5950,#5951);
#5950 = CARTESIAN_POINT('',(0.,6.));
#5951 = VECTOR('',#5952,1.);
#5952 = DIRECTION('',(1.,0.));
#5953 = ( GEOMETRIC_REPRESENTATION_CONTEXT(2) 
PARAMETRIC_REPRESENTATION_CONTEXT() REPRESENTATION_CONTEXT('2D SPACE',''
  ) );
#5954 = FACE_BOUND('',#5955,.F.);
#5955 = EDGE_LOOP('',(#5956));
#5956 = ORIENTED_EDGE('',*,*,#5957,.T.);
#5957 = EDGE_CURVE('',#5958,#5958,#5960,.T.);
#5958 = VERTEX_POINT('',#5959);
#5959 = CARTESIAN_POINT('',(-2.45,127.,0.));
#5960 = SURFACE_CURVE('',#5961,(#5966,#5977),.PCURVE_S1.);
#5961 = CIRCLE('',#5962,2.45);
#5962 = AXIS2_PLACEMENT_3D('',#5963,#5964,#5965);
#5963 = CARTESIAN_POINT('',(0.,127.,0.));
#5964 = DIRECTION('',(0.,0.,-1.));
#5965 = DIRECTION('',(-1.,0.,0.));
#5966 = PCURVE('',#44,#5967);
#5967 = DEFINITIONAL_REPRESENTATION('',(#5968),#5976);
#5968 = ( BOUNDED_CURVE() B_SPLINE_CURVE(2,(#5969,#5970,#5971,#5972,
#5973,#5974,#5975),.UNSPECIFIED.,.T.,.F.) B_SPLINE_CURVE_WITH_KNOTS((1,2
    ,2,2,2,1),(-2.094395102393,0.,2.094395102393,4.188790204786,
6.28318530718,8.377580409573),.UNSPECIFIED.) CURVE() 
GEOMETRIC_REPRESENTATION_ITEM() RATIONAL_B_SPLINE_CURVE((1.,0.5,1.,0.5,
1.,0.5,1.)) REPRESENTATION_ITEM('') );
#5969 = CARTESIAN_POINT('',(-2.45,127.));
#5970 = CARTESIAN_POINT('',(-2.45,131.24352447854));
#5971 = CARTESIAN_POINT('',(1.225,129.12176223927));
#5972 = CARTESIAN_POINT('',(4.9,127.));
#5973 = CARTESIAN_POINT('',(1.225,124.87823776072));
#5974 = CARTESIAN_POINT('',(-2.45,122.75647552145));
#5975 = CARTESIAN_POINT('',(-2.45,127.));
#5976 = ( GEOMETRIC_REPRESENTATION_CONTEXT(2) 
PARAMETRIC_REPRESENTATION_CONTEXT() REPRESENTATION_CONTEXT('2D SPACE',''
  ) );
#5977 = PCURVE('',#5978,#5983);
#5978 = CYLINDRICAL_SURFACE('',#5979,2.45);
#5979 = AXIS2_PLACEMENT_3D('',#5980,#5981,#5982);
#5980 = CARTESIAN_POINT('',(0.,127.,6.));
#5981 = DIRECTION('',(0.,0.,-1.));
#5982 = DIRECTION('',(-1.,0.,0.));
#5983 = DEFINITIONAL_REPRESENTATION('',(#5984),#5988);
#5984 = LINE('',#5985,#5986);
#5985 = CARTESIAN_POINT('',(0.,6.));
#5986 = VECTOR('',#5987,1.);
#5987 = DIRECTION('',(1.,0.));
#5988 = ( GEOMETRIC_REPRESENTATION_CONTEXT(2) 
PARAMETRIC_REPRESENTATION_CONTEXT() REPRESENTATION_CONTEXT('2D SPACE',''
  ) );
#5989 = FACE_BOUND('',#5990,.F.);
#5990 = EDGE_LOOP('',(#5991));
#5991 = ORIENTED_EDGE('',*,*,#5992,.T.);
#5992 = EDGE_CURVE('',#5993,#5993,#5995,.T.);
#5993 = VERTEX_POINT('',#5994);
#5994 = CARTESIAN_POINT('',(10.25,114.3,0.));
#5995 = SURFACE_CURVE('',#5996,(#6001,#6012),.PCURVE_S1.);
#5996 = CIRCLE('',#5997,2.45);
#5997 = AXIS2_PLACEMENT_3D('',#5998,#5999,#6000);
#5998 = CARTESIAN_POINT('',(12.7,114.3,0.));
#5999 = DIRECTION('',(0.,0.,-1.));
#6000 = DIRECTION('',(-1.,0.,0.));
#6001 = PCURVE('',#44,#6002);
#6002 = DEFINITIONAL_REPRESENTATION('',(#6003),#6011);
#6003 = ( BOUNDED_CURVE() B_SPLINE_CURVE(2,(#6004,#6005,#6006,#6007,
#6008,#6009,#6010),.UNSPECIFIED.,.T.,.F.) B_SPLINE_CURVE_WITH_KNOTS((1,2
    ,2,2,2,1),(-2.094395102393,0.,2.094395102393,4.188790204786,
6.28318530718,8.377580409573),.UNSPECIFIED.) CURVE() 
GEOMETRIC_REPRESENTATION_ITEM() RATIONAL_B_SPLINE_CURVE((1.,0.5,1.,0.5,
1.,0.5,1.)) REPRESENTATION_ITEM('') );
#6004 = CARTESIAN_POINT('',(10.25,114.3));
#6005 = CARTESIAN_POINT('',(10.25,118.54352447854));
#6006 = CARTESIAN_POINT('',(13.925,116.42176223927));
#6007 = CARTESIAN_POINT('',(17.6,114.3));
#6008 = CARTESIAN_POINT('',(13.925,112.17823776072));
#6009 = CARTESIAN_POINT('',(10.25,110.05647552145));
#6010 = CARTESIAN_POINT('',(10.25,114.3));
#6011 = ( GEOMETRIC_REPRESENTATION_CONTEXT(2) 
PARAMETRIC_REPRESENTATION_CONTEXT() REPRESENTATION_CONTEXT('2D SPACE',''
  ) );
#6012 = PCURVE('',#6013,#6018);
#6013 = CYLINDRICAL_SURFACE('',#6014,2.45);
#6014 = AXIS2_PLACEMENT_3D('',#6015,#6016,#6017);
#6015 = CARTESIAN_POINT('',(12.7,114.3,6.));
#6016 = DIRECTION('',(0.,0.,-1.));
#6017 = DIRECTION('',(-1.,0.,0.));
#6018 = DEFINITIONAL_REPRESENTATION('',(#6019),#6023);
#6019 = LINE('',#6020,#6021);
#6020 = CARTESIAN_POINT('',(0.,6.));
#6021 = VECTOR('',#6022,1.);
#6022 = DIRECTION('',(1.,0.));
#6023 = ( GEOMETRIC_REPRESENTATION_CONTEXT(2) 
PARAMETRIC_REPRESENTATION_CONTEXT() REPRESENTATION_CONTEXT('2D SPACE',''
  ) );
#6024 = FACE_BOUND('',#6025,.F.);
#6025 = EDGE_LOOP('',(#6026));
#6026 = ORIENTED_EDGE('',*,*,#6027,.T.);
#6027 = EDGE_CURVE('',#6028,#6028,#6030,.T.);
#6028 = VERTEX_POINT('',#6029);
#6029 = CARTESIAN_POINT('',(10.25,127.,0.));
#6030 = SURFACE_CURVE('',#6031,(#6036,#6047),.PCURVE_S1.);
#6031 = CIRCLE('',#6032,2.45);
#6032 = AXIS2_PLACEMENT_3D('',#6033,#6034,#6035);
#6033 = CARTESIAN_POINT('',(12.7,127.,0.));
#6034 = DIRECTION('',(0.,0.,-1.));
#6035 = DIRECTION('',(-1.,0.,0.));
#6036 = PCURVE('',#44,#6037);
#6037 = DEFINITIONAL_REPRESENTATION('',(#6038),#6046);
#6038 = ( BOUNDED_CURVE() B_SPLINE_CURVE(2,(#6039,#6040,#6041,#6042,
#6043,#6044,#6045),.UNSPECIFIED.,.T.,.F.) B_SPLINE_CURVE_WITH_KNOTS((1,2
    ,2,2,2,1),(-2.094395102393,0.,2.094395102393,4.188790204786,
6.28318530718,8.377580409573),.UNSPECIFIED.) CURVE() 
GEOMETRIC_REPRESENTATION_ITEM() RATIONAL_B_SPLINE_CURVE((1.,0.5,1.,0.5,
1.,0.5,1.)) REPRESENTATION_ITEM('') );
#6039 = CARTESIAN_POINT('',(10.25,127.));
#6040 = CARTESIAN_POINT('',(10.25,131.24352447854));
#6041 = CARTESIAN_POINT('',(13.925,129.12176223927));
#6042 = CARTESIAN_POINT('',(17.6,127.));
#6043 = CARTESIAN_POINT('',(13.925,124.87823776072));
#6044 = CARTESIAN_POINT('',(10.25,122.75647552145));
#6045 = CARTESIAN_POINT('',(10.25,127.));
#6046 = ( GEOMETRIC_REPRESENTATION_CONTEXT(2) 
PARAMETRIC_REPRESENTATION_CONTEXT() REPRESENTATION_CONTEXT('2D SPACE',''
  ) );
#6047 = PCURVE('',#6048,#6053);
#6048 = CYLINDRICAL_SURFACE('',#6049,2.45);
#6049 = AXIS2_PLACEMENT_3D('',#6050,#6051,#6052);
#6050 = CARTESIAN_POINT('',(12.7,127.,6.));
#6051 = DIRECTION('',(0.,0.,-1.));
#6052 = DIRECTION('',(-1.,0.,0.));
#6053 = DEFINITIONAL_REPRESENTATION('',(#6054),#6058);
#6054 = LINE('',#6055,#6056);
#6055 = CARTESIAN_POINT('',(0.,6.));
#6056 = VECTOR('',#6057,1.);
#6057 = DIRECTION('',(1.,0.));
#6058 = ( GEOMETRIC_REPRESENTATION_CONTEXT(2) 
PARAMETRIC_REPRESENTATION_CONTEXT() REPRESENTATION_CONTEXT('2D SPACE',''
  ) );
#6059 = FACE_BOUND('',#6060,.F.);
#6060 = EDGE_LOOP('',(#6061));
#6061 = ORIENTED_EDGE('',*,*,#6062,.T.);
#6062 = EDGE_CURVE('',#6063,#6063,#6065,.T.);
#6063 = VERTEX_POINT('',#6064);
#6064 = CARTESIAN_POINT('',(22.95,101.6,0.));
#6065 = SURFACE_CURVE('',#6066,(#6071,#6082),.PCURVE_S1.);
#6066 = CIRCLE('',#6067,2.45);
#6067 = AXIS2_PLACEMENT_3D('',#6068,#6069,#6070);
#6068 = CARTESIAN_POINT('',(25.4,101.6,0.));
#6069 = DIRECTION('',(0.,0.,-1.));
#6070 = DIRECTION('',(-1.,0.,0.));
#6071 = PCURVE('',#44,#6072);
#6072 = DEFINITIONAL_REPRESENTATION('',(#6073),#6081);
#6073 = ( BOUNDED_CURVE() B_SPLINE_CURVE(2,(#6074,#6075,#6076,#6077,
#6078,#6079,#6080),.UNSPECIFIED.,.T.,.F.) B_SPLINE_CURVE_WITH_KNOTS((1,2
    ,2,2,2,1),(-2.094395102393,0.,2.094395102393,4.188790204786,
6.28318530718,8.377580409573),.UNSPECIFIED.) CURVE() 
GEOMETRIC_REPRESENTATION_ITEM() RATIONAL_B_SPLINE_CURVE((1.,0.5,1.,0.5,
1.,0.5,1.)) REPRESENTATION_ITEM('') );
#6074 = CARTESIAN_POINT('',(22.95,101.6));
#6075 = CARTESIAN_POINT('',(22.95,105.84352447854));
#6076 = CARTESIAN_POINT('',(26.625,103.72176223927));
#6077 = CARTESIAN_POINT('',(30.3,101.6));
#6078 = CARTESIAN_POINT('',(26.625,99.478237760728));
#6079 = CARTESIAN_POINT('',(22.95,97.356475521456));
#6080 = CARTESIAN_POINT('',(22.95,101.6));
#6081 = ( GEOMETRIC_REPRESENTATION_CONTEXT(2) 
PARAMETRIC_REPRESENTATION_CONTEXT() REPRESENTATION_CONTEXT('2D SPACE',''
  ) );
#6082 = PCURVE('',#6083,#6088);
#6083 = CYLINDRICAL_SURFACE('',#6084,2.45);
#6084 = AXIS2_PLACEMENT_3D('',#6085,#6086,#6087);
#6085 = CARTESIAN_POINT('',(25.4,101.6,6.));
#6086 = DIRECTION('',(0.,0.,-1.));
#6087 = DIRECTION('',(-1.,0.,0.));
#6088 = DEFINITIONAL_REPRESENTATION('',(#6089),#6093);
#6089 = LINE('',#6090,#6091);
#6090 = CARTESIAN_POINT('',(0.,6.));
#6091 = VECTOR('',#6092,1.);
#6092 = DIRECTION('',(1.,0.));
#6093 = ( GEOMETRIC_REPRESENTATION_CONTEXT(2) 
PARAMETRIC_REPRESENTATION_CONTEXT() REPRESENTATION_CONTEXT('2D SPACE',''
  ) );
#6094 = FACE_BOUND('',#6095,.F.);
#6095 = EDGE_LOOP('',(#6096));
#6096 = ORIENTED_EDGE('',*,*,#6097,.T.);
#6097 = EDGE_CURVE('',#6098,#6098,#6100,.T.);
#6098 = VERTEX_POINT('',#6099);
#6099 = CARTESIAN_POINT('',(35.65,101.6,0.));
#6100 = SURFACE_CURVE('',#6101,(#6106,#6117),.PCURVE_S1.);
#6101 = CIRCLE('',#6102,2.45);
#6102 = AXIS2_PLACEMENT_3D('',#6103,#6104,#6105);
#6103 = CARTESIAN_POINT('',(38.1,101.6,0.));
#6104 = DIRECTION('',(0.,0.,-1.));
#6105 = DIRECTION('',(-1.,0.,0.));
#6106 = PCURVE('',#44,#6107);
#6107 = DEFINITIONAL_REPRESENTATION('',(#6108),#6116);
#6108 = ( BOUNDED_CURVE() B_SPLINE_CURVE(2,(#6109,#6110,#6111,#6112,
#6113,#6114,#6115),.UNSPECIFIED.,.T.,.F.) B_SPLINE_CURVE_WITH_KNOTS((1,2
    ,2,2,2,1),(-2.094395102393,0.,2.094395102393,4.188790204786,
6.28318530718,8.377580409573),.UNSPECIFIED.) CURVE() 
GEOMETRIC_REPRESENTATION_ITEM() RATIONAL_B_SPLINE_CURVE((1.,0.5,1.,0.5,
1.,0.5,1.)) REPRESENTATION_ITEM('') );
#6109 = CARTESIAN_POINT('',(35.65,101.6));
#6110 = CARTESIAN_POINT('',(35.65,105.84352447854));
#6111 = CARTESIAN_POINT('',(39.325,103.72176223927));
#6112 = CARTESIAN_POINT('',(43.,101.6));
#6113 = CARTESIAN_POINT('',(39.325,99.478237760728));
#6114 = CARTESIAN_POINT('',(35.65,97.356475521456));
#6115 = CARTESIAN_POINT('',(35.65,101.6));
#6116 = ( GEOMETRIC_REPRESENTATION_CONTEXT(2) 
PARAMETRIC_REPRESENTATION_CONTEXT() REPRESENTATION_CONTEXT('2D SPACE',''
  ) );
#6117 = PCURVE('',#6118,#6123);
#6118 = CYLINDRICAL_SURFACE('',#6119,2.45);
#6119 = AXIS2_PLACEMENT_3D('',#6120,#6121,#6122);
#6120 = CARTESIAN_POINT('',(38.1,101.6,6.));
#6121 = DIRECTION('',(0.,0.,-1.));
#6122 = DIRECTION('',(-1.,0.,0.));
#6123 = DEFINITIONAL_REPRESENTATION('',(#6124),#6128);
#6124 = LINE('',#6125,#6126);
#6125 = CARTESIAN_POINT('',(0.,6.));
#6126 = VECTOR('',#6127,1.);
#6127 = DIRECTION('',(1.,0.));
#6128 = ( GEOMETRIC_REPRESENTATION_CONTEXT(2) 
PARAMETRIC_REPRESENTATION_CONTEXT() REPRESENTATION_CONTEXT('2D SPACE',''
  ) );
#6129 = FACE_BOUND('',#6130,.F.);
#6130 = EDGE_LOOP('',(#6131));
#6131 = ORIENTED_EDGE('',*,*,#6132,.T.);
#6132 = EDGE_CURVE('',#6133,#6133,#6135,.T.);
#6133 = VERTEX_POINT('',#6134);
#6134 = CARTESIAN_POINT('',(22.95,114.3,0.));
#6135 = SURFACE_CURVE('',#6136,(#6141,#6152),.PCURVE_S1.);
#6136 = CIRCLE('',#6137,2.45);
#6137 = AXIS2_PLACEMENT_3D('',#6138,#6139,#6140);
#6138 = CARTESIAN_POINT('',(25.4,114.3,0.));
#6139 = DIRECTION('',(0.,0.,-1.));
#6140 = DIRECTION('',(-1.,0.,0.));
#6141 = PCURVE('',#44,#6142);
#6142 = DEFINITIONAL_REPRESENTATION('',(#6143),#6151);
#6143 = ( BOUNDED_CURVE() B_SPLINE_CURVE(2,(#6144,#6145,#6146,#6147,
#6148,#6149,#6150),.UNSPECIFIED.,.T.,.F.) B_SPLINE_CURVE_WITH_KNOTS((1,2
    ,2,2,2,1),(-2.094395102393,0.,2.094395102393,4.188790204786,
6.28318530718,8.377580409573),.UNSPECIFIED.) CURVE() 
GEOMETRIC_REPRESENTATION_ITEM() RATIONAL_B_SPLINE_CURVE((1.,0.5,1.,0.5,
1.,0.5,1.)) REPRESENTATION_ITEM('') );
#6144 = CARTESIAN_POINT('',(22.95,114.3));
#6145 = CARTESIAN_POINT('',(22.95,118.54352447854));
#6146 = CARTESIAN_POINT('',(26.625,116.42176223927));
#6147 = CARTESIAN_POINT('',(30.3,114.3));
#6148 = CARTESIAN_POINT('',(26.625,112.17823776072));
#6149 = CARTESIAN_POINT('',(22.95,110.05647552145));
#6150 = CARTESIAN_POINT('',(22.95,114.3));
#6151 = ( GEOMETRIC_REPRESENTATION_CONTEXT(2) 
PARAMETRIC_REPRESENTATION_CONTEXT() REPRESENTATION_CONTEXT('2D SPACE',''
  ) );
#6152 = PCURVE('',#6153,#6158);
#6153 = CYLINDRICAL_SURFACE('',#6154,2.45);
#6154 = AXIS2_PLACEMENT_3D('',#6155,#6156,#6157);
#6155 = CARTESIAN_POINT('',(25.4,114.3,6.));
#6156 = DIRECTION('',(0.,0.,-1.));
#6157 = DIRECTION('',(-1.,0.,0.));
#6158 = DEFINITIONAL_REPRESENTATION('',(#6159),#6163);
#6159 = LINE('',#6160,#6161);
#6160 = CARTESIAN_POINT('',(0.,6.));
#6161 = VECTOR('',#6162,1.);
#6162 = DIRECTION('',(1.,0.));
#6163 = ( GEOMETRIC_REPRESENTATION_CONTEXT(2) 
PARAMETRIC_REPRESENTATION_CONTEXT() REPRESENTATION_CONTEXT('2D SPACE',''
  ) );
#6164 = FACE_BOUND('',#6165,.F.);
#6165 = EDGE_LOOP('',(#6166));
#6166 = ORIENTED_EDGE('',*,*,#6167,.T.);
#6167 = EDGE_CURVE('',#6168,#6168,#6170,.T.);
#6168 = VERTEX_POINT('',#6169);
#6169 = CARTESIAN_POINT('',(22.95,127.,0.));
#6170 = SURFACE_CURVE('',#6171,(#6176,#6187),.PCURVE_S1.);
#6171 = CIRCLE('',#6172,2.45);
#6172 = AXIS2_PLACEMENT_3D('',#6173,#6174,#6175);
#6173 = CARTESIAN_POINT('',(25.4,127.,0.));
#6174 = DIRECTION('',(0.,0.,-1.));
#6175 = DIRECTION('',(-1.,0.,0.));
#6176 = PCURVE('',#44,#6177);
#6177 = DEFINITIONAL_REPRESENTATION('',(#6178),#6186);
#6178 = ( BOUNDED_CURVE() B_SPLINE_CURVE(2,(#6179,#6180,#6181,#6182,
#6183,#6184,#6185),.UNSPECIFIED.,.T.,.F.) B_SPLINE_CURVE_WITH_KNOTS((1,2
    ,2,2,2,1),(-2.094395102393,0.,2.094395102393,4.188790204786,
6.28318530718,8.377580409573),.UNSPECIFIED.) CURVE() 
GEOMETRIC_REPRESENTATION_ITEM() RATIONAL_B_SPLINE_CURVE((1.,0.5,1.,0.5,
1.,0.5,1.)) REPRESENTATION_ITEM('') );
#6179 = CARTESIAN_POINT('',(22.95,127.));
#6180 = CARTESIAN_POINT('',(22.95,131.24352447854));
#6181 = CARTESIAN_POINT('',(26.625,129.12176223927));
#6182 = CARTESIAN_POINT('',(30.3,127.));
#6183 = CARTESIAN_POINT('',(26.625,124.87823776072));
#6184 = CARTESIAN_POINT('',(22.95,122.75647552145));
#6185 = CARTESIAN_POINT('',(22.95,127.));
#6186 = ( GEOMETRIC_REPRESENTATION_CONTEXT(2) 
PARAMETRIC_REPRESENTATION_CONTEXT() REPRESENTATION_CONTEXT('2D SPACE',''
  ) );
#6187 = PCURVE('',#6188,#6193);
#6188 = CYLINDRICAL_SURFACE('',#6189,2.45);
#6189 = AXIS2_PLACEMENT_3D('',#6190,#6191,#6192);
#6190 = CARTESIAN_POINT('',(25.4,127.,6.));
#6191 = DIRECTION('',(0.,0.,-1.));
#6192 = DIRECTION('',(-1.,0.,0.));
#6193 = DEFINITIONAL_REPRESENTATION('',(#6194),#6198);
#6194 = LINE('',#6195,#6196);
#6195 = CARTESIAN_POINT('',(0.,6.));
#6196 = VECTOR('',#6197,1.);
#6197 = DIRECTION('',(1.,0.));
#6198 = ( GEOMETRIC_REPRESENTATION_CONTEXT(2) 
PARAMETRIC_REPRESENTATION_CONTEXT() REPRESENTATION_CONTEXT('2D SPACE',''
  ) );
#6199 = FACE_BOUND('',#6200,.F.);
#6200 = EDGE_LOOP('',(#6201));
#6201 = ORIENTED_EDGE('',*,*,#6202,.T.);
#6202 = EDGE_CURVE('',#6203,#6203,#6205,.T.);
#6203 = VERTEX_POINT('',#6204);
#6204 = CARTESIAN_POINT('',(35.65,114.3,0.));
#6205 = SURFACE_CURVE('',#6206,(#6211,#6222),.PCURVE_S1.);
#6206 = CIRCLE('',#6207,2.45);
#6207 = AXIS2_PLACEMENT_3D('',#6208,#6209,#6210);
#6208 = CARTESIAN_POINT('',(38.1,114.3,0.));
#6209 = DIRECTION('',(0.,0.,-1.));
#6210 = DIRECTION('',(-1.,0.,0.));
#6211 = PCURVE('',#44,#6212);
#6212 = DEFINITIONAL_REPRESENTATION('',(#6213),#6221);
#6213 = ( BOUNDED_CURVE() B_SPLINE_CURVE(2,(#6214,#6215,#6216,#6217,
#6218,#6219,#6220),.UNSPECIFIED.,.T.,.F.) B_SPLINE_CURVE_WITH_KNOTS((1,2
    ,2,2,2,1),(-2.094395102393,0.,2.094395102393,4.188790204786,
6.28318530718,8.377580409573),.UNSPECIFIED.) CURVE() 
GEOMETRIC_REPRESENTATION_ITEM() RATIONAL_B_SPLINE_CURVE((1.,0.5,1.,0.5,
1.,0.5,1.)) REPRESENTATION_ITEM('') );
#6214 = CARTESIAN_POINT('',(35.65,114.3));
#6215 = CARTESIAN_POINT('',(35.65,118.54352447854));
#6216 = CARTESIAN_POINT('',(39.325,116.42176223927));
#6217 = CARTESIAN_POINT('',(43.,114.3));
#6218 = CARTESIAN_POINT('',(39.325,112.17823776072));
#6219 = CARTESIAN_POINT('',(35.65,110.05647552145));
#6220 = CARTESIAN_POINT('',(35.65,114.3));
#6221 = ( GEOMETRIC_REPRESENTATION_CONTEXT(2) 
PARAMETRIC_REPRESENTATION_CONTEXT() REPRESENTATION_CONTEXT('2D SPACE',''
  ) );
#6222 = PCURVE('',#6223,#6228);
#6223 = CYLINDRICAL_SURFACE('',#6224,2.45);
#6224 = AXIS2_PLACEMENT_3D('',#6225,#6226,#6227);
#6225 = CARTESIAN_POINT('',(38.1,114.3,6.));
#6226 = DIRECTION('',(0.,0.,-1.));
#6227 = DIRECTION('',(-1.,0.,0.));
#6228 = DEFINITIONAL_REPRESENTATION('',(#6229),#6233);
#6229 = LINE('',#6230,#6231);
#6230 = CARTESIAN_POINT('',(0.,6.));
#6231 = VECTOR('',#6232,1.);
#6232 = DIRECTION('',(1.,0.));
#6233 = ( GEOMETRIC_REPRESENTATION_CONTEXT(2) 
PARAMETRIC_REPRESENTATION_CONTEXT() REPRESENTATION_CONTEXT('2D SPACE',''
  ) );
#6234 = FACE_BOUND('',#6235,.F.);
#6235 = EDGE_LOOP('',(#6236));
#6236 = ORIENTED_EDGE('',*,*,#6237,.T.);
#6237 = EDGE_CURVE('',#6238,#6238,#6240,.T.);
#6238 = VERTEX_POINT('',#6239);
#6239 = CARTESIAN_POINT('',(35.65,127.,0.));
#6240 = SURFACE_CURVE('',#6241,(#6246,#6257),.PCURVE_S1.);
#6241 = CIRCLE('',#6242,2.45);
#6242 = AXIS2_PLACEMENT_3D('',#6243,#6244,#6245);
#6243 = CARTESIAN_POINT('',(38.1,127.,0.));
#6244 = DIRECTION('',(0.,0.,-1.));
#6245 = DIRECTION('',(-1.,0.,0.));
#6246 = PCURVE('',#44,#6247);
#6247 = DEFINITIONAL_REPRESENTATION('',(#6248),#6256);
#6248 = ( BOUNDED_CURVE() B_SPLINE_CURVE(2,(#6249,#6250,#6251,#6252,
#6253,#6254,#6255),.UNSPECIFIED.,.T.,.F.) B_SPLINE_CURVE_WITH_KNOTS((1,2
    ,2,2,2,1),(-2.094395102393,0.,2.094395102393,4.188790204786,
6.28318530718,8.377580409573),.UNSPECIFIED.) CURVE() 
GEOMETRIC_REPRESENTATION_ITEM() RATIONAL_B_SPLINE_CURVE((1.,0.5,1.,0.5,
1.,0.5,1.)) REPRESENTATION_ITEM('') );
#6249 = CARTESIAN_POINT('',(35.65,127.));
#6250 = CARTESIAN_POINT('',(35.65,131.24352447854));
#6251 = CARTESIAN_POINT('',(39.325,129.12176223927));
#6252 = CARTESIAN_POINT('',(43.,127.));
#6253 = CARTESIAN_POINT('',(39.325,124.87823776072));
#6254 = CARTESIAN_POINT('',(35.65,122.75647552145));
#6255 = CARTESIAN_POINT('',(35.65,127.));
#6256 = ( GEOMETRIC_REPRESENTATION_CONTEXT(2) 
PARAMETRIC_REPRESENTATION_CONTEXT() REPRESENTATION_CONTEXT('2D SPACE',''
  ) );
#6257 = PCURVE('',#6258,#6263);
#6258 = CYLINDRICAL_SURFACE('',#6259,2.45);
#6259 = AXIS2_PLACEMENT_3D('',#6260,#6261,#6262);
#6260 = CARTESIAN_POINT('',(38.1,127.,6.));
#6261 = DIRECTION('',(0.,0.,-1.));
#6262 = DIRECTION('',(-1.,0.,0.));
#6263 = DEFINITIONAL_REPRESENTATION('',(#6264),#6268);
#6264 = LINE('',#6265,#6266);
#6265 = CARTESIAN_POINT('',(0.,6.));
#6266 = VECTOR('',#6267,1.);
#6267 = DIRECTION('',(1.,0.));
#6268 = ( GEOMETRIC_REPRESENTATION_CONTEXT(2) 
PARAMETRIC_REPRESENTATION_CONTEXT() REPRESENTATION_CONTEXT('2D SPACE',''
  ) );
#6269 = FACE_BOUND('',#6270,.F.);
#6270 = EDGE_LOOP('',(#6271));
#6271 = ORIENTED_EDGE('',*,*,#6272,.T.);
#6272 = EDGE_CURVE('',#6273,#6273,#6275,.T.);
#6273 = VERTEX_POINT('',#6274);
#6274 = CARTESIAN_POINT('',(61.05,76.2,0.));
#6275 = SURFACE_CURVE('',#6276,(#6281,#6292),.PCURVE_S1.);
#6276 = CIRCLE('',#6277,2.45);
#6277 = AXIS2_PLACEMENT_3D('',#6278,#6279,#6280);
#6278 = CARTESIAN_POINT('',(63.5,76.2,0.));
#6279 = DIRECTION('',(0.,0.,-1.));
#6280 = DIRECTION('',(-1.,0.,0.));
#6281 = PCURVE('',#44,#6282);
#6282 = DEFINITIONAL_REPRESENTATION('',(#6283),#6291);
#6283 = ( BOUNDED_CURVE() B_SPLINE_CURVE(2,(#6284,#6285,#6286,#6287,
#6288,#6289,#6290),.UNSPECIFIED.,.T.,.F.) B_SPLINE_CURVE_WITH_KNOTS((1,2
    ,2,2,2,1),(-2.094395102393,0.,2.094395102393,4.188790204786,
6.28318530718,8.377580409573),.UNSPECIFIED.) CURVE() 
GEOMETRIC_REPRESENTATION_ITEM() RATIONAL_B_SPLINE_CURVE((1.,0.5,1.,0.5,
1.,0.5,1.)) REPRESENTATION_ITEM('') );
#6284 = CARTESIAN_POINT('',(61.05,76.2));
#6285 = CARTESIAN_POINT('',(61.05,80.443524478544));
#6286 = CARTESIAN_POINT('',(64.725,78.321762239272));
#6287 = CARTESIAN_POINT('',(68.4,76.2));
#6288 = CARTESIAN_POINT('',(64.725,74.078237760728));
#6289 = CARTESIAN_POINT('',(61.05,71.956475521456));
#6290 = CARTESIAN_POINT('',(61.05,76.2));
#6291 = ( GEOMETRIC_REPRESENTATION_CONTEXT(2) 
PARAMETRIC_REPRESENTATION_CONTEXT() REPRESENTATION_CONTEXT('2D SPACE',''
  ) );
#6292 = PCURVE('',#6293,#6298);
#6293 = CYLINDRICAL_SURFACE('',#6294,2.45);
#6294 = AXIS2_PLACEMENT_3D('',#6295,#6296,#6297);
#6295 = CARTESIAN_POINT('',(63.5,76.2,6.));
#6296 = DIRECTION('',(0.,0.,-1.));
#6297 = DIRECTION('',(-1.,0.,0.));
#6298 = DEFINITIONAL_REPRESENTATION('',(#6299),#6303);
#6299 = LINE('',#6300,#6301);
#6300 = CARTESIAN_POINT('',(0.,6.));
#6301 = VECTOR('',#6302,1.);
#6302 = DIRECTION('',(1.,0.));
#6303 = ( GEOMETRIC_REPRESENTATION_CONTEXT(2) 
PARAMETRIC_REPRESENTATION_CONTEXT() REPRESENTATION_CONTEXT('2D SPACE',''
  ) );
#6304 = FACE_BOUND('',#6305,.F.);
#6305 = EDGE_LOOP('',(#6306));
#6306 = ORIENTED_EDGE('',*,*,#6307,.T.);
#6307 = EDGE_CURVE('',#6308,#6308,#6310,.T.);
#6308 = VERTEX_POINT('',#6309);
#6309 = CARTESIAN_POINT('',(48.35,88.9,0.));
#6310 = SURFACE_CURVE('',#6311,(#6316,#6327),.PCURVE_S1.);
#6311 = CIRCLE('',#6312,2.45);
#6312 = AXIS2_PLACEMENT_3D('',#6313,#6314,#6315);
#6313 = CARTESIAN_POINT('',(50.8,88.9,0.));
#6314 = DIRECTION('',(0.,0.,-1.));
#6315 = DIRECTION('',(-1.,0.,0.));
#6316 = PCURVE('',#44,#6317);
#6317 = DEFINITIONAL_REPRESENTATION('',(#6318),#6326);
#6318 = ( BOUNDED_CURVE() B_SPLINE_CURVE(2,(#6319,#6320,#6321,#6322,
#6323,#6324,#6325),.UNSPECIFIED.,.T.,.F.) B_SPLINE_CURVE_WITH_KNOTS((1,2
    ,2,2,2,1),(-2.094395102393,0.,2.094395102393,4.188790204786,
6.28318530718,8.377580409573),.UNSPECIFIED.) CURVE() 
GEOMETRIC_REPRESENTATION_ITEM() RATIONAL_B_SPLINE_CURVE((1.,0.5,1.,0.5,
1.,0.5,1.)) REPRESENTATION_ITEM('') );
#6319 = CARTESIAN_POINT('',(48.35,88.9));
#6320 = CARTESIAN_POINT('',(48.35,93.143524478544));
#6321 = CARTESIAN_POINT('',(52.025,91.021762239272));
#6322 = CARTESIAN_POINT('',(55.7,88.9));
#6323 = CARTESIAN_POINT('',(52.025,86.778237760728));
#6324 = CARTESIAN_POINT('',(48.35,84.656475521456));
#6325 = CARTESIAN_POINT('',(48.35,88.9));
#6326 = ( GEOMETRIC_REPRESENTATION_CONTEXT(2) 
PARAMETRIC_REPRESENTATION_CONTEXT() REPRESENTATION_CONTEXT('2D SPACE',''
  ) );
#6327 = PCURVE('',#6328,#6333);
#6328 = CYLINDRICAL_SURFACE('',#6329,2.45);
#6329 = AXIS2_PLACEMENT_3D('',#6330,#6331,#6332);
#6330 = CARTESIAN_POINT('',(50.8,88.9,6.));
#6331 = DIRECTION('',(0.,0.,-1.));
#6332 = DIRECTION('',(-1.,0.,0.));
#6333 = DEFINITIONAL_REPRESENTATION('',(#6334),#6338);
#6334 = LINE('',#6335,#6336);
#6335 = CARTESIAN_POINT('',(0.,6.));
#6336 = VECTOR('',#6337,1.);
#6337 = DIRECTION('',(1.,0.));
#6338 = ( GEOMETRIC_REPRESENTATION_CONTEXT(2) 
PARAMETRIC_REPRESENTATION_CONTEXT() REPRESENTATION_CONTEXT('2D SPACE',''
  ) );
#6339 = FACE_BOUND('',#6340,.F.);
#6340 = EDGE_LOOP('',(#6341));
#6341 = ORIENTED_EDGE('',*,*,#6342,.T.);
#6342 = EDGE_CURVE('',#6343,#6343,#6345,.T.);
#6343 = VERTEX_POINT('',#6344);
#6344 = CARTESIAN_POINT('',(61.05,88.9,0.));
#6345 = SURFACE_CURVE('',#6346,(#6351,#6362),.PCURVE_S1.);
#6346 = CIRCLE('',#6347,2.45);
#6347 = AXIS2_PLACEMENT_3D('',#6348,#6349,#6350);
#6348 = CARTESIAN_POINT('',(63.5,88.9,0.));
#6349 = DIRECTION('',(0.,0.,-1.));
#6350 = DIRECTION('',(-1.,0.,0.));
#6351 = PCURVE('',#44,#6352);
#6352 = DEFINITIONAL_REPRESENTATION('',(#6353),#6361);
#6353 = ( BOUNDED_CURVE() B_SPLINE_CURVE(2,(#6354,#6355,#6356,#6357,
#6358,#6359,#6360),.UNSPECIFIED.,.T.,.F.) B_SPLINE_CURVE_WITH_KNOTS((1,2
    ,2,2,2,1),(-2.094395102393,0.,2.094395102393,4.188790204786,
6.28318530718,8.377580409573),.UNSPECIFIED.) CURVE() 
GEOMETRIC_REPRESENTATION_ITEM() RATIONAL_B_SPLINE_CURVE((1.,0.5,1.,0.5,
1.,0.5,1.)) REPRESENTATION_ITEM('') );
#6354 = CARTESIAN_POINT('',(61.05,88.9));
#6355 = CARTESIAN_POINT('',(61.05,93.143524478544));
#6356 = CARTESIAN_POINT('',(64.725,91.021762239272));
#6357 = CARTESIAN_POINT('',(68.4,88.9));
#6358 = CARTESIAN_POINT('',(64.725,86.778237760728));
#6359 = CARTESIAN_POINT('',(61.05,84.656475521456));
#6360 = CARTESIAN_POINT('',(61.05,88.9));
#6361 = ( GEOMETRIC_REPRESENTATION_CONTEXT(2) 
PARAMETRIC_REPRESENTATION_CONTEXT() REPRESENTATION_CONTEXT('2D SPACE',''
  ) );
#6362 = PCURVE('',#6363,#6368);
#6363 = CYLINDRICAL_SURFACE('',#6364,2.45);
#6364 = AXIS2_PLACEMENT_3D('',#6365,#6366,#6367);
#6365 = CARTESIAN_POINT('',(63.5,88.9,6.));
#6366 = DIRECTION('',(0.,0.,-1.));
#6367 = DIRECTION('',(-1.,0.,0.));
#6368 = DEFINITIONAL_REPRESENTATION('',(#6369),#6373);
#6369 = LINE('',#6370,#6371);
#6370 = CARTESIAN_POINT('',(0.,6.));
#6371 = VECTOR('',#6372,1.);
#6372 = DIRECTION('',(1.,0.));
#6373 = ( GEOMETRIC_REPRESENTATION_CONTEXT(2) 
PARAMETRIC_REPRESENTATION_CONTEXT() REPRESENTATION_CONTEXT('2D SPACE',''
  ) );
#6374 = FACE_BOUND('',#6375,.F.);
#6375 = EDGE_LOOP('',(#6376));
#6376 = ORIENTED_EDGE('',*,*,#6377,.T.);
#6377 = EDGE_CURVE('',#6378,#6378,#6380,.T.);
#6378 = VERTEX_POINT('',#6379);
#6379 = CARTESIAN_POINT('',(73.75,76.2,0.));
#6380 = SURFACE_CURVE('',#6381,(#6386,#6397),.PCURVE_S1.);
#6381 = CIRCLE('',#6382,2.45);
#6382 = AXIS2_PLACEMENT_3D('',#6383,#6384,#6385);
#6383 = CARTESIAN_POINT('',(76.2,76.2,0.));
#6384 = DIRECTION('',(0.,0.,-1.));
#6385 = DIRECTION('',(-1.,0.,0.));
#6386 = PCURVE('',#44,#6387);
#6387 = DEFINITIONAL_REPRESENTATION('',(#6388),#6396);
#6388 = ( BOUNDED_CURVE() B_SPLINE_CURVE(2,(#6389,#6390,#6391,#6392,
#6393,#6394,#6395),.UNSPECIFIED.,.T.,.F.) B_SPLINE_CURVE_WITH_KNOTS((1,2
    ,2,2,2,1),(-2.094395102393,0.,2.094395102393,4.188790204786,
6.28318530718,8.377580409573),.UNSPECIFIED.) CURVE() 
GEOMETRIC_REPRESENTATION_ITEM() RATIONAL_B_SPLINE_CURVE((1.,0.5,1.,0.5,
1.,0.5,1.)) REPRESENTATION_ITEM('') );
#6389 = CARTESIAN_POINT('',(73.75,76.2));
#6390 = CARTESIAN_POINT('',(73.75,80.443524478544));
#6391 = CARTESIAN_POINT('',(77.425,78.321762239272));
#6392 = CARTESIAN_POINT('',(81.1,76.2));
#6393 = CARTESIAN_POINT('',(77.425,74.078237760728));
#6394 = CARTESIAN_POINT('',(73.75,71.956475521456));
#6395 = CARTESIAN_POINT('',(73.75,76.2));
#6396 = ( GEOMETRIC_REPRESENTATION_CONTEXT(2) 
PARAMETRIC_REPRESENTATION_CONTEXT() REPRESENTATION_CONTEXT('2D SPACE',''
  ) );
#6397 = PCURVE('',#6398,#6403);
#6398 = CYLINDRICAL_SURFACE('',#6399,2.45);
#6399 = AXIS2_PLACEMENT_3D('',#6400,#6401,#6402);
#6400 = CARTESIAN_POINT('',(76.2,76.2,6.));
#6401 = DIRECTION('',(0.,0.,-1.));
#6402 = DIRECTION('',(-1.,0.,0.));
#6403 = DEFINITIONAL_REPRESENTATION('',(#6404),#6408);
#6404 = LINE('',#6405,#6406);
#6405 = CARTESIAN_POINT('',(0.,6.));
#6406 = VECTOR('',#6407,1.);
#6407 = DIRECTION('',(1.,0.));
#6408 = ( GEOMETRIC_REPRESENTATION_CONTEXT(2) 
PARAMETRIC_REPRESENTATION_CONTEXT() REPRESENTATION_CONTEXT('2D SPACE',''
  ) );
#6409 = FACE_BOUND('',#6410,.F.);
#6410 = EDGE_LOOP('',(#6411));
#6411 = ORIENTED_EDGE('',*,*,#6412,.T.);
#6412 = EDGE_CURVE('',#6413,#6413,#6415,.T.);
#6413 = VERTEX_POINT('',#6414);
#6414 = CARTESIAN_POINT('',(86.45,76.2,0.));
#6415 = SURFACE_CURVE('',#6416,(#6421,#6432),.PCURVE_S1.);
#6416 = CIRCLE('',#6417,2.45);
#6417 = AXIS2_PLACEMENT_3D('',#6418,#6419,#6420);
#6418 = CARTESIAN_POINT('',(88.9,76.2,0.));
#6419 = DIRECTION('',(0.,0.,-1.));
#6420 = DIRECTION('',(-1.,0.,0.));
#6421 = PCURVE('',#44,#6422);
#6422 = DEFINITIONAL_REPRESENTATION('',(#6423),#6431);
#6423 = ( BOUNDED_CURVE() B_SPLINE_CURVE(2,(#6424,#6425,#6426,#6427,
#6428,#6429,#6430),.UNSPECIFIED.,.T.,.F.) B_SPLINE_CURVE_WITH_KNOTS((1,2
    ,2,2,2,1),(-2.094395102393,0.,2.094395102393,4.188790204786,
6.28318530718,8.377580409573),.UNSPECIFIED.) CURVE() 
GEOMETRIC_REPRESENTATION_ITEM() RATIONAL_B_SPLINE_CURVE((1.,0.5,1.,0.5,
1.,0.5,1.)) REPRESENTATION_ITEM('') );
#6424 = CARTESIAN_POINT('',(86.45,76.2));
#6425 = CARTESIAN_POINT('',(86.45,80.443524478544));
#6426 = CARTESIAN_POINT('',(90.125,78.321762239272));
#6427 = CARTESIAN_POINT('',(93.8,76.2));
#6428 = CARTESIAN_POINT('',(90.125,74.078237760728));
#6429 = CARTESIAN_POINT('',(86.45,71.956475521456));
#6430 = CARTESIAN_POINT('',(86.45,76.2));
#6431 = ( GEOMETRIC_REPRESENTATION_CONTEXT(2) 
PARAMETRIC_REPRESENTATION_CONTEXT() REPRESENTATION_CONTEXT('2D SPACE',''
  ) );
#6432 = PCURVE('',#6433,#6438);
#6433 = CYLINDRICAL_SURFACE('',#6434,2.45);
#6434 = AXIS2_PLACEMENT_3D('',#6435,#6436,#6437);
#6435 = CARTESIAN_POINT('',(88.9,76.2,6.));
#6436 = DIRECTION('',(0.,0.,-1.));
#6437 = DIRECTION('',(-1.,0.,0.));
#6438 = DEFINITIONAL_REPRESENTATION('',(#6439),#6443);
#6439 = LINE('',#6440,#6441);
#6440 = CARTESIAN_POINT('',(0.,6.));
#6441 = VECTOR('',#6442,1.);
#6442 = DIRECTION('',(1.,0.));
#6443 = ( GEOMETRIC_REPRESENTATION_CONTEXT(2) 
PARAMETRIC_REPRESENTATION_CONTEXT() REPRESENTATION_CONTEXT('2D SPACE',''
  ) );
#6444 = FACE_BOUND('',#6445,.F.);
#6445 = EDGE_LOOP('',(#6446));
#6446 = ORIENTED_EDGE('',*,*,#6447,.T.);
#6447 = EDGE_CURVE('',#6448,#6448,#6450,.T.);
#6448 = VERTEX_POINT('',#6449);
#6449 = CARTESIAN_POINT('',(73.75,88.9,0.));
#6450 = SURFACE_CURVE('',#6451,(#6456,#6467),.PCURVE_S1.);
#6451 = CIRCLE('',#6452,2.45);
#6452 = AXIS2_PLACEMENT_3D('',#6453,#6454,#6455);
#6453 = CARTESIAN_POINT('',(76.2,88.9,0.));
#6454 = DIRECTION('',(0.,0.,-1.));
#6455 = DIRECTION('',(-1.,0.,0.));
#6456 = PCURVE('',#44,#6457);
#6457 = DEFINITIONAL_REPRESENTATION('',(#6458),#6466);
#6458 = ( BOUNDED_CURVE() B_SPLINE_CURVE(2,(#6459,#6460,#6461,#6462,
#6463,#6464,#6465),.UNSPECIFIED.,.T.,.F.) B_SPLINE_CURVE_WITH_KNOTS((1,2
    ,2,2,2,1),(-2.094395102393,0.,2.094395102393,4.188790204786,
6.28318530718,8.377580409573),.UNSPECIFIED.) CURVE() 
GEOMETRIC_REPRESENTATION_ITEM() RATIONAL_B_SPLINE_CURVE((1.,0.5,1.,0.5,
1.,0.5,1.)) REPRESENTATION_ITEM('') );
#6459 = CARTESIAN_POINT('',(73.75,88.9));
#6460 = CARTESIAN_POINT('',(73.75,93.143524478544));
#6461 = CARTESIAN_POINT('',(77.425,91.021762239272));
#6462 = CARTESIAN_POINT('',(81.1,88.9));
#6463 = CARTESIAN_POINT('',(77.425,86.778237760728));
#6464 = CARTESIAN_POINT('',(73.75,84.656475521456));
#6465 = CARTESIAN_POINT('',(73.75,88.9));
#6466 = ( GEOMETRIC_REPRESENTATION_CONTEXT(2) 
PARAMETRIC_REPRESENTATION_CONTEXT() REPRESENTATION_CONTEXT('2D SPACE',''
  ) );
#6467 = PCURVE('',#6468,#6473);
#6468 = CYLINDRICAL_SURFACE('',#6469,2.45);
#6469 = AXIS2_PLACEMENT_3D('',#6470,#6471,#6472);
#6470 = CARTESIAN_POINT('',(76.2,88.9,6.));
#6471 = DIRECTION('',(0.,0.,-1.));
#6472 = DIRECTION('',(-1.,0.,0.));
#6473 = DEFINITIONAL_REPRESENTATION('',(#6474),#6478);
#6474 = LINE('',#6475,#6476);
#6475 = CARTESIAN_POINT('',(0.,6.));
#6476 = VECTOR('',#6477,1.);
#6477 = DIRECTION('',(1.,0.));
#6478 = ( GEOMETRIC_REPRESENTATION_CONTEXT(2) 
PARAMETRIC_REPRESENTATION_CONTEXT() REPRESENTATION_CONTEXT('2D SPACE',''
  ) );
#6479 = FACE_BOUND('',#6480,.F.);
#6480 = EDGE_LOOP('',(#6481));
#6481 = ORIENTED_EDGE('',*,*,#6482,.T.);
#6482 = EDGE_CURVE('',#6483,#6483,#6485,.T.);
#6483 = VERTEX_POINT('',#6484);
#6484 = CARTESIAN_POINT('',(86.45,88.9,0.));
#6485 = SURFACE_CURVE('',#6486,(#6491,#6502),.PCURVE_S1.);
#6486 = CIRCLE('',#6487,2.45);
#6487 = AXIS2_PLACEMENT_3D('',#6488,#6489,#6490);
#6488 = CARTESIAN_POINT('',(88.9,88.9,0.));
#6489 = DIRECTION('',(0.,0.,-1.));
#6490 = DIRECTION('',(-1.,0.,0.));
#6491 = PCURVE('',#44,#6492);
#6492 = DEFINITIONAL_REPRESENTATION('',(#6493),#6501);
#6493 = ( BOUNDED_CURVE() B_SPLINE_CURVE(2,(#6494,#6495,#6496,#6497,
#6498,#6499,#6500),.UNSPECIFIED.,.T.,.F.) B_SPLINE_CURVE_WITH_KNOTS((1,2
    ,2,2,2,1),(-2.094395102393,0.,2.094395102393,4.188790204786,
6.28318530718,8.377580409573),.UNSPECIFIED.) CURVE() 
GEOMETRIC_REPRESENTATION_ITEM() RATIONAL_B_SPLINE_CURVE((1.,0.5,1.,0.5,
1.,0.5,1.)) REPRESENTATION_ITEM('') );
#6494 = CARTESIAN_POINT('',(86.45,88.9));
#6495 = CARTESIAN_POINT('',(86.45,93.143524478544));
#6496 = CARTESIAN_POINT('',(90.125,91.021762239272));
#6497 = CARTESIAN_POINT('',(93.8,88.9));
#6498 = CARTESIAN_POINT('',(90.125,86.778237760728));
#6499 = CARTESIAN_POINT('',(86.45,84.656475521456));
#6500 = CARTESIAN_POINT('',(86.45,88.9));
#6501 = ( GEOMETRIC_REPRESENTATION_CONTEXT(2) 
PARAMETRIC_REPRESENTATION_CONTEXT() REPRESENTATION_CONTEXT('2D SPACE',''
  ) );
#6502 = PCURVE('',#6503,#6508);
#6503 = CYLINDRICAL_SURFACE('',#6504,2.45);
#6504 = AXIS2_PLACEMENT_3D('',#6505,#6506,#6507);
#6505 = CARTESIAN_POINT('',(88.9,88.9,6.));
#6506 = DIRECTION('',(0.,0.,-1.));
#6507 = DIRECTION('',(-1.,0.,0.));
#6508 = DEFINITIONAL_REPRESENTATION('',(#6509),#6513);
#6509 = LINE('',#6510,#6511);
#6510 = CARTESIAN_POINT('',(0.,6.));
#6511 = VECTOR('',#6512,1.);
#6512 = DIRECTION('',(1.,0.));
#6513 = ( GEOMETRIC_REPRESENTATION_CONTEXT(2) 
PARAMETRIC_REPRESENTATION_CONTEXT() REPRESENTATION_CONTEXT('2D SPACE',''
  ) );
#6514 = FACE_BOUND('',#6515,.F.);
#6515 = EDGE_LOOP('',(#6516));
#6516 = ORIENTED_EDGE('',*,*,#6517,.T.);
#6517 = EDGE_CURVE('',#6518,#6518,#6520,.T.);
#6518 = VERTEX_POINT('',#6519);
#6519 = CARTESIAN_POINT('',(48.35,101.6,0.));
#6520 = SURFACE_CURVE('',#6521,(#6526,#6537),.PCURVE_S1.);
#6521 = CIRCLE('',#6522,2.45);
#6522 = AXIS2_PLACEMENT_3D('',#6523,#6524,#6525);
#6523 = CARTESIAN_POINT('',(50.8,101.6,0.));
#6524 = DIRECTION('',(0.,0.,-1.));
#6525 = DIRECTION('',(-1.,0.,0.));
#6526 = PCURVE('',#44,#6527);
#6527 = DEFINITIONAL_REPRESENTATION('',(#6528),#6536);
#6528 = ( BOUNDED_CURVE() B_SPLINE_CURVE(2,(#6529,#6530,#6531,#6532,
#6533,#6534,#6535),.UNSPECIFIED.,.T.,.F.) B_SPLINE_CURVE_WITH_KNOTS((1,2
    ,2,2,2,1),(-2.094395102393,0.,2.094395102393,4.188790204786,
6.28318530718,8.377580409573),.UNSPECIFIED.) CURVE() 
GEOMETRIC_REPRESENTATION_ITEM() RATIONAL_B_SPLINE_CURVE((1.,0.5,1.,0.5,
1.,0.5,1.)) REPRESENTATION_ITEM('') );
#6529 = CARTESIAN_POINT('',(48.35,101.6));
#6530 = CARTESIAN_POINT('',(48.35,105.84352447854));
#6531 = CARTESIAN_POINT('',(52.025,103.72176223927));
#6532 = CARTESIAN_POINT('',(55.7,101.6));
#6533 = CARTESIAN_POINT('',(52.025,99.478237760728));
#6534 = CARTESIAN_POINT('',(48.35,97.356475521456));
#6535 = CARTESIAN_POINT('',(48.35,101.6));
#6536 = ( GEOMETRIC_REPRESENTATION_CONTEXT(2) 
PARAMETRIC_REPRESENTATION_CONTEXT() REPRESENTATION_CONTEXT('2D SPACE',''
  ) );
#6537 = PCURVE('',#6538,#6543);
#6538 = CYLINDRICAL_SURFACE('',#6539,2.45);
#6539 = AXIS2_PLACEMENT_3D('',#6540,#6541,#6542);
#6540 = CARTESIAN_POINT('',(50.8,101.6,6.));
#6541 = DIRECTION('',(0.,0.,-1.));
#6542 = DIRECTION('',(-1.,0.,0.));
#6543 = DEFINITIONAL_REPRESENTATION('',(#6544),#6548);
#6544 = LINE('',#6545,#6546);
#6545 = CARTESIAN_POINT('',(0.,6.));
#6546 = VECTOR('',#6547,1.);
#6547 = DIRECTION('',(1.,0.));
#6548 = ( GEOMETRIC_REPRESENTATION_CONTEXT(2) 
PARAMETRIC_REPRESENTATION_CONTEXT() REPRESENTATION_CONTEXT('2D SPACE',''
  ) );
#6549 = FACE_BOUND('',#6550,.F.);
#6550 = EDGE_LOOP('',(#6551));
#6551 = ORIENTED_EDGE('',*,*,#6552,.T.);
#6552 = EDGE_CURVE('',#6553,#6553,#6555,.T.);
#6553 = VERTEX_POINT('',#6554);
#6554 = CARTESIAN_POINT('',(48.35,114.3,0.));
#6555 = SURFACE_CURVE('',#6556,(#6561,#6572),.PCURVE_S1.);
#6556 = CIRCLE('',#6557,2.45);
#6557 = AXIS2_PLACEMENT_3D('',#6558,#6559,#6560);
#6558 = CARTESIAN_POINT('',(50.8,114.3,0.));
#6559 = DIRECTION('',(0.,0.,-1.));
#6560 = DIRECTION('',(-1.,0.,0.));
#6561 = PCURVE('',#44,#6562);
#6562 = DEFINITIONAL_REPRESENTATION('',(#6563),#6571);
#6563 = ( BOUNDED_CURVE() B_SPLINE_CURVE(2,(#6564,#6565,#6566,#6567,
#6568,#6569,#6570),.UNSPECIFIED.,.T.,.F.) B_SPLINE_CURVE_WITH_KNOTS((1,2
    ,2,2,2,1),(-2.094395102393,0.,2.094395102393,4.188790204786,
6.28318530718,8.377580409573),.UNSPECIFIED.) CURVE() 
GEOMETRIC_REPRESENTATION_ITEM() RATIONAL_B_SPLINE_CURVE((1.,0.5,1.,0.5,
1.,0.5,1.)) REPRESENTATION_ITEM('') );
#6564 = CARTESIAN_POINT('',(48.35,114.3));
#6565 = CARTESIAN_POINT('',(48.35,118.54352447854));
#6566 = CARTESIAN_POINT('',(52.025,116.42176223927));
#6567 = CARTESIAN_POINT('',(55.7,114.3));
#6568 = CARTESIAN_POINT('',(52.025,112.17823776072));
#6569 = CARTESIAN_POINT('',(48.35,110.05647552145));
#6570 = CARTESIAN_POINT('',(48.35,114.3));
#6571 = ( GEOMETRIC_REPRESENTATION_CONTEXT(2) 
PARAMETRIC_REPRESENTATION_CONTEXT() REPRESENTATION_CONTEXT('2D SPACE',''
  ) );
#6572 = PCURVE('',#6573,#6578);
#6573 = CYLINDRICAL_SURFACE('',#6574,2.45);
#6574 = AXIS2_PLACEMENT_3D('',#6575,#6576,#6577);
#6575 = CARTESIAN_POINT('',(50.8,114.3,6.));
#6576 = DIRECTION('',(0.,0.,-1.));
#6577 = DIRECTION('',(-1.,0.,0.));
#6578 = DEFINITIONAL_REPRESENTATION('',(#6579),#6583);
#6579 = LINE('',#6580,#6581);
#6580 = CARTESIAN_POINT('',(0.,6.));
#6581 = VECTOR('',#6582,1.);
#6582 = DIRECTION('',(1.,0.));
#6583 = ( GEOMETRIC_REPRESENTATION_CONTEXT(2) 
PARAMETRIC_REPRESENTATION_CONTEXT() REPRESENTATION_CONTEXT('2D SPACE',''
  ) );
#6584 = FACE_BOUND('',#6585,.F.);
#6585 = EDGE_LOOP('',(#6586));
#6586 = ORIENTED_EDGE('',*,*,#6587,.T.);
#6587 = EDGE_CURVE('',#6588,#6588,#6590,.T.);
#6588 = VERTEX_POINT('',#6589);
#6589 = CARTESIAN_POINT('',(48.35,127.,0.));
#6590 = SURFACE_CURVE('',#6591,(#6596,#6607),.PCURVE_S1.);
#6591 = CIRCLE('',#6592,2.45);
#6592 = AXIS2_PLACEMENT_3D('',#6593,#6594,#6595);
#6593 = CARTESIAN_POINT('',(50.8,127.,0.));
#6594 = DIRECTION('',(0.,0.,-1.));
#6595 = DIRECTION('',(-1.,0.,0.));
#6596 = PCURVE('',#44,#6597);
#6597 = DEFINITIONAL_REPRESENTATION('',(#6598),#6606);
#6598 = ( BOUNDED_CURVE() B_SPLINE_CURVE(2,(#6599,#6600,#6601,#6602,
#6603,#6604,#6605),.UNSPECIFIED.,.T.,.F.) B_SPLINE_CURVE_WITH_KNOTS((1,2
    ,2,2,2,1),(-2.094395102393,0.,2.094395102393,4.188790204786,
6.28318530718,8.377580409573),.UNSPECIFIED.) CURVE() 
GEOMETRIC_REPRESENTATION_ITEM() RATIONAL_B_SPLINE_CURVE((1.,0.5,1.,0.5,
1.,0.5,1.)) REPRESENTATION_ITEM('') );
#6599 = CARTESIAN_POINT('',(48.35,127.));
#6600 = CARTESIAN_POINT('',(48.35,131.24352447854));
#6601 = CARTESIAN_POINT('',(52.025,129.12176223927));
#6602 = CARTESIAN_POINT('',(55.7,127.));
#6603 = CARTESIAN_POINT('',(52.025,124.87823776072));
#6604 = CARTESIAN_POINT('',(48.35,122.75647552145));
#6605 = CARTESIAN_POINT('',(48.35,127.));
#6606 = ( GEOMETRIC_REPRESENTATION_CONTEXT(2) 
PARAMETRIC_REPRESENTATION_CONTEXT() REPRESENTATION_CONTEXT('2D SPACE',''
  ) );
#6607 = PCURVE('',#6608,#6613);
#6608 = CYLINDRICAL_SURFACE('',#6609,2.45);
#6609 = AXIS2_PLACEMENT_3D('',#6610,#6611,#6612);
#6610 = CARTESIAN_POINT('',(50.8,127.,6.));
#6611 = DIRECTION('',(0.,0.,-1.));
#6612 = DIRECTION('',(-1.,0.,0.));
#6613 = DEFINITIONAL_REPRESENTATION('',(#6614),#6618);
#6614 = LINE('',#6615,#6616);
#6615 = CARTESIAN_POINT('',(0.,6.));
#6616 = VECTOR('',#6617,1.);
#6617 = DIRECTION('',(1.,0.));
#6618 = ( GEOMETRIC_REPRESENTATION_CONTEXT(2) 
PARAMETRIC_REPRESENTATION_CONTEXT() REPRESENTATION_CONTEXT('2D SPACE',''
  ) );
#6619 = FACE_BOUND('',#6620,.F.);
#6620 = EDGE_LOOP('',(#6621));
#6621 = ORIENTED_EDGE('',*,*,#6622,.T.);
#6622 = EDGE_CURVE('',#6623,#6623,#6625,.T.);
#6623 = VERTEX_POINT('',#6624);
#6624 = CARTESIAN_POINT('',(61.05,127.,0.));
#6625 = SURFACE_CURVE('',#6626,(#6631,#6642),.PCURVE_S1.);
#6626 = CIRCLE('',#6627,2.45);
#6627 = AXIS2_PLACEMENT_3D('',#6628,#6629,#6630);
#6628 = CARTESIAN_POINT('',(63.5,127.,0.));
#6629 = DIRECTION('',(0.,0.,-1.));
#6630 = DIRECTION('',(-1.,0.,0.));
#6631 = PCURVE('',#44,#6632);
#6632 = DEFINITIONAL_REPRESENTATION('',(#6633),#6641);
#6633 = ( BOUNDED_CURVE() B_SPLINE_CURVE(2,(#6634,#6635,#6636,#6637,
#6638,#6639,#6640),.UNSPECIFIED.,.T.,.F.) B_SPLINE_CURVE_WITH_KNOTS((1,2
    ,2,2,2,1),(-2.094395102393,0.,2.094395102393,4.188790204786,
6.28318530718,8.377580409573),.UNSPECIFIED.) CURVE() 
GEOMETRIC_REPRESENTATION_ITEM() RATIONAL_B_SPLINE_CURVE((1.,0.5,1.,0.5,
1.,0.5,1.)) REPRESENTATION_ITEM('') );
#6634 = CARTESIAN_POINT('',(61.05,127.));
#6635 = CARTESIAN_POINT('',(61.05,131.24352447854));
#6636 = CARTESIAN_POINT('',(64.725,129.12176223927));
#6637 = CARTESIAN_POINT('',(68.4,127.));
#6638 = CARTESIAN_POINT('',(64.725,124.87823776072));
#6639 = CARTESIAN_POINT('',(61.05,122.75647552145));
#6640 = CARTESIAN_POINT('',(61.05,127.));
#6641 = ( GEOMETRIC_REPRESENTATION_CONTEXT(2) 
PARAMETRIC_REPRESENTATION_CONTEXT() REPRESENTATION_CONTEXT('2D SPACE',''
  ) );
#6642 = PCURVE('',#6643,#6648);
#6643 = CYLINDRICAL_SURFACE('',#6644,2.45);
#6644 = AXIS2_PLACEMENT_3D('',#6645,#6646,#6647);
#6645 = CARTESIAN_POINT('',(63.5,127.,6.));
#6646 = DIRECTION('',(0.,0.,-1.));
#6647 = DIRECTION('',(-1.,0.,0.));
#6648 = DEFINITIONAL_REPRESENTATION('',(#6649),#6653);
#6649 = LINE('',#6650,#6651);
#6650 = CARTESIAN_POINT('',(0.,6.));
#6651 = VECTOR('',#6652,1.);
#6652 = DIRECTION('',(1.,0.));
#6653 = ( GEOMETRIC_REPRESENTATION_CONTEXT(2) 
PARAMETRIC_REPRESENTATION_CONTEXT() REPRESENTATION_CONTEXT('2D SPACE',''
  ) );
#6654 = FACE_BOUND('',#6655,.F.);
#6655 = EDGE_LOOP('',(#6656));
#6656 = ORIENTED_EDGE('',*,*,#6657,.T.);
#6657 = EDGE_CURVE('',#6658,#6658,#6660,.T.);
#6658 = VERTEX_POINT('',#6659);
#6659 = CARTESIAN_POINT('',(67.,108.,0.));
#6660 = SURFACE_CURVE('',#6661,(#6666,#6677),.PCURVE_S1.);
#6661 = CIRCLE('',#6662,8.);
#6662 = AXIS2_PLACEMENT_3D('',#6663,#6664,#6665);
#6663 = CARTESIAN_POINT('',(75.,108.,0.));
#6664 = DIRECTION('',(0.,0.,-1.));
#6665 = DIRECTION('',(-1.,0.,0.));
#6666 = PCURVE('',#44,#6667);
#6667 = DEFINITIONAL_REPRESENTATION('',(#6668),#6676);
#6668 = ( BOUNDED_CURVE() B_SPLINE_CURVE(2,(#6669,#6670,#6671,#6672,
#6673,#6674,#6675),.UNSPECIFIED.,.T.,.F.) B_SPLINE_CURVE_WITH_KNOTS((1,2
    ,2,2,2,1),(-2.094395102393,0.,2.094395102393,4.188790204786,
6.28318530718,8.377580409573),.UNSPECIFIED.) CURVE() 
GEOMETRIC_REPRESENTATION_ITEM() RATIONAL_B_SPLINE_CURVE((1.,0.5,1.,0.5,
1.,0.5,1.)) REPRESENTATION_ITEM('') );
#6669 = CARTESIAN_POINT('',(67.,108.));
#6670 = CARTESIAN_POINT('',(67.,121.85640646055));
#6671 = CARTESIAN_POINT('',(79.,114.92820323027));
#6672 = CARTESIAN_POINT('',(91.,108.));
#6673 = CARTESIAN_POINT('',(79.,101.07179676972));
#6674 = CARTESIAN_POINT('',(67.,94.143593539449));
#6675 = CARTESIAN_POINT('',(67.,108.));
#6676 = ( GEOMETRIC_REPRESENTATION_CONTEXT(2) 
PARAMETRIC_REPRESENTATION_CONTEXT() REPRESENTATION_CONTEXT('2D SPACE',''
  ) );
#6677 = PCURVE('',#6678,#6683);
#6678 = CYLINDRICAL_SURFACE('',#6679,8.);
#6679 = AXIS2_PLACEMENT_3D('',#6680,#6681,#6682);
#6680 = CARTESIAN_POINT('',(75.,108.,6.));
#6681 = DIRECTION('',(0.,0.,-1.));
#6682 = DIRECTION('',(-1.,0.,0.));
#6683 = DEFINITIONAL_REPRESENTATION('',(#6684),#6688);
#6684 = LINE('',#6685,#6686);
#6685 = CARTESIAN_POINT('',(0.,6.));
#6686 = VECTOR('',#6687,1.);
#6687 = DIRECTION('',(1.,0.));
#6688 = ( GEOMETRIC_REPRESENTATION_CONTEXT(2) 
PARAMETRIC_REPRESENTATION_CONTEXT() REPRESENTATION_CONTEXT('2D SPACE',''
  ) );
#6689 = FACE_BOUND('',#6690,.F.);
#6690 = EDGE_LOOP('',(#6691));
#6691 = ORIENTED_EDGE('',*,*,#6692,.T.);
#6692 = EDGE_CURVE('',#6693,#6693,#6695,.T.);
#6693 = VERTEX_POINT('',#6694);
#6694 = CARTESIAN_POINT('',(86.45,101.6,0.));
#6695 = SURFACE_CURVE('',#6696,(#6701,#6712),.PCURVE_S1.);
#6696 = CIRCLE('',#6697,2.45);
#6697 = AXIS2_PLACEMENT_3D('',#6698,#6699,#6700);
#6698 = CARTESIAN_POINT('',(88.9,101.6,0.));
#6699 = DIRECTION('',(0.,0.,-1.));
#6700 = DIRECTION('',(-1.,0.,0.));
#6701 = PCURVE('',#44,#6702);
#6702 = DEFINITIONAL_REPRESENTATION('',(#6703),#6711);
#6703 = ( BOUNDED_CURVE() B_SPLINE_CURVE(2,(#6704,#6705,#6706,#6707,
#6708,#6709,#6710),.UNSPECIFIED.,.T.,.F.) B_SPLINE_CURVE_WITH_KNOTS((1,2
    ,2,2,2,1),(-2.094395102393,0.,2.094395102393,4.188790204786,
6.28318530718,8.377580409573),.UNSPECIFIED.) CURVE() 
GEOMETRIC_REPRESENTATION_ITEM() RATIONAL_B_SPLINE_CURVE((1.,0.5,1.,0.5,
1.,0.5,1.)) REPRESENTATION_ITEM('') );
#6704 = CARTESIAN_POINT('',(86.45,101.6));
#6705 = CARTESIAN_POINT('',(86.45,105.84352447854));
#6706 = CARTESIAN_POINT('',(90.125,103.72176223927));
#6707 = CARTESIAN_POINT('',(93.8,101.6));
#6708 = CARTESIAN_POINT('',(90.125,99.478237760728));
#6709 = CARTESIAN_POINT('',(86.45,97.356475521456));
#6710 = CARTESIAN_POINT('',(86.45,101.6));
#6711 = ( GEOMETRIC_REPRESENTATION_CONTEXT(2) 
PARAMETRIC_REPRESENTATION_CONTEXT() REPRESENTATION_CONTEXT('2D SPACE',''
  ) );
#6712 = PCURVE('',#6713,#6718);
#6713 = CYLINDRICAL_SURFACE('',#6714,2.45);
#6714 = AXIS2_PLACEMENT_3D('',#6715,#6716,#6717);
#6715 = CARTESIAN_POINT('',(88.9,101.6,6.));
#6716 = DIRECTION('',(0.,0.,-1.));
#6717 = DIRECTION('',(-1.,0.,0.));
#6718 = DEFINITIONAL_REPRESENTATION('',(#6719),#6723);
#6719 = LINE('',#6720,#6721);
#6720 = CARTESIAN_POINT('',(0.,6.));
#6721 = VECTOR('',#6722,1.);
#6722 = DIRECTION('',(1.,0.));
#6723 = ( GEOMETRIC_REPRESENTATION_CONTEXT(2) 
PARAMETRIC_REPRESENTATION_CONTEXT() REPRESENTATION_CONTEXT('2D SPACE',''
  ) );
#6724 = FACE_BOUND('',#6725,.F.);
#6725 = EDGE_LOOP('',(#6726));
#6726 = ORIENTED_EDGE('',*,*,#6727,.T.);
#6727 = EDGE_CURVE('',#6728,#6728,#6730,.T.);
#6728 = VERTEX_POINT('',#6729);
#6729 = CARTESIAN_POINT('',(73.75,127.,0.));
#6730 = SURFACE_CURVE('',#6731,(#6736,#6747),.PCURVE_S1.);
#6731 = CIRCLE('',#6732,2.45);
#6732 = AXIS2_PLACEMENT_3D('',#6733,#6734,#6735);
#6733 = CARTESIAN_POINT('',(76.2,127.,0.));
#6734 = DIRECTION('',(0.,0.,-1.));
#6735 = DIRECTION('',(-1.,0.,0.));
#6736 = PCURVE('',#44,#6737);
#6737 = DEFINITIONAL_REPRESENTATION('',(#6738),#6746);
#6738 = ( BOUNDED_CURVE() B_SPLINE_CURVE(2,(#6739,#6740,#6741,#6742,
#6743,#6744,#6745),.UNSPECIFIED.,.T.,.F.) B_SPLINE_CURVE_WITH_KNOTS((1,2
    ,2,2,2,1),(-2.094395102393,0.,2.094395102393,4.188790204786,
6.28318530718,8.377580409573),.UNSPECIFIED.) CURVE() 
GEOMETRIC_REPRESENTATION_ITEM() RATIONAL_B_SPLINE_CURVE((1.,0.5,1.,0.5,
1.,0.5,1.)) REPRESENTATION_ITEM('') );
#6739 = CARTESIAN_POINT('',(73.75,127.));
#6740 = CARTESIAN_POINT('',(73.75,131.24352447854));
#6741 = CARTESIAN_POINT('',(77.425,129.12176223927));
#6742 = CARTESIAN_POINT('',(81.1,127.));
#6743 = CARTESIAN_POINT('',(77.425,124.87823776072));
#6744 = CARTESIAN_POINT('',(73.75,122.75647552145));
#6745 = CARTESIAN_POINT('',(73.75,127.));
#6746 = ( GEOMETRIC_REPRESENTATION_CONTEXT(2) 
PARAMETRIC_REPRESENTATION_CONTEXT() REPRESENTATION_CONTEXT('2D SPACE',''
  ) );
#6747 = PCURVE('',#6748,#6753);
#6748 = CYLINDRICAL_SURFACE('',#6749,2.45);
#6749 = AXIS2_PLACEMENT_3D('',#6750,#6751,#6752);
#6750 = CARTESIAN_POINT('',(76.2,127.,6.));
#6751 = DIRECTION('',(0.,0.,-1.));
#6752 = DIRECTION('',(-1.,0.,0.));
#6753 = DEFINITIONAL_REPRESENTATION('',(#6754),#6758);
#6754 = LINE('',#6755,#6756);
#6755 = CARTESIAN_POINT('',(0.,6.));
#6756 = VECTOR('',#6757,1.);
#6757 = DIRECTION('',(1.,0.));
#6758 = ( GEOMETRIC_REPRESENTATION_CONTEXT(2) 
PARAMETRIC_REPRESENTATION_CONTEXT() REPRESENTATION_CONTEXT('2D SPACE',''
  ) );
#6759 = FACE_BOUND('',#6760,.F.);
#6760 = EDGE_LOOP('',(#6761));
#6761 = ORIENTED_EDGE('',*,*,#6762,.T.);
#6762 = EDGE_CURVE('',#6763,#6763,#6765,.T.);
#6763 = VERTEX_POINT('',#6764);
#6764 = CARTESIAN_POINT('',(86.45,114.3,0.));
#6765 = SURFACE_CURVE('',#6766,(#6771,#6782),.PCURVE_S1.);
#6766 = CIRCLE('',#6767,2.45);
#6767 = AXIS2_PLACEMENT_3D('',#6768,#6769,#6770);
#6768 = CARTESIAN_POINT('',(88.9,114.3,0.));
#6769 = DIRECTION('',(0.,0.,-1.));
#6770 = DIRECTION('',(-1.,0.,0.));
#6771 = PCURVE('',#44,#6772);
#6772 = DEFINITIONAL_REPRESENTATION('',(#6773),#6781);
#6773 = ( BOUNDED_CURVE() B_SPLINE_CURVE(2,(#6774,#6775,#6776,#6777,
#6778,#6779,#6780),.UNSPECIFIED.,.T.,.F.) B_SPLINE_CURVE_WITH_KNOTS((1,2
    ,2,2,2,1),(-2.094395102393,0.,2.094395102393,4.188790204786,
6.28318530718,8.377580409573),.UNSPECIFIED.) CURVE() 
GEOMETRIC_REPRESENTATION_ITEM() RATIONAL_B_SPLINE_CURVE((1.,0.5,1.,0.5,
1.,0.5,1.)) REPRESENTATION_ITEM('') );
#6774 = CARTESIAN_POINT('',(86.45,114.3));
#6775 = CARTESIAN_POINT('',(86.45,118.54352447854));
#6776 = CARTESIAN_POINT('',(90.125,116.42176223927));
#6777 = CARTESIAN_POINT('',(93.8,114.3));
#6778 = CARTESIAN_POINT('',(90.125,112.17823776072));
#6779 = CARTESIAN_POINT('',(86.45,110.05647552145));
#6780 = CARTESIAN_POINT('',(86.45,114.3));
#6781 = ( GEOMETRIC_REPRESENTATION_CONTEXT(2) 
PARAMETRIC_REPRESENTATION_CONTEXT() REPRESENTATION_CONTEXT('2D SPACE',''
  ) );
#6782 = PCURVE('',#6783,#6788);
#6783 = CYLINDRICAL_SURFACE('',#6784,2.45);
#6784 = AXIS2_PLACEMENT_3D('',#6785,#6786,#6787);
#6785 = CARTESIAN_POINT('',(88.9,114.3,6.));
#6786 = DIRECTION('',(0.,0.,-1.));
#6787 = DIRECTION('',(-1.,0.,0.));
#6788 = DEFINITIONAL_REPRESENTATION('',(#6789),#6793);
#6789 = LINE('',#6790,#6791);
#6790 = CARTESIAN_POINT('',(0.,6.));
#6791 = VECTOR('',#6792,1.);
#6792 = DIRECTION('',(1.,0.));
#6793 = ( GEOMETRIC_REPRESENTATION_CONTEXT(2) 
PARAMETRIC_REPRESENTATION_CONTEXT() REPRESENTATION_CONTEXT('2D SPACE',''
  ) );
#6794 = FACE_BOUND('',#6795,.F.);
#6795 = EDGE_LOOP('',(#6796));
#6796 = ORIENTED_EDGE('',*,*,#6797,.T.);
#6797 = EDGE_CURVE('',#6798,#6798,#6800,.T.);
#6798 = VERTEX_POINT('',#6799);
#6799 = CARTESIAN_POINT('',(86.45,127.,0.));
#6800 = SURFACE_CURVE('',#6801,(#6806,#6817),.PCURVE_S1.);
#6801 = CIRCLE('',#6802,2.45);
#6802 = AXIS2_PLACEMENT_3D('',#6803,#6804,#6805);
#6803 = CARTESIAN_POINT('',(88.9,127.,0.));
#6804 = DIRECTION('',(0.,0.,-1.));
#6805 = DIRECTION('',(-1.,0.,0.));
#6806 = PCURVE('',#44,#6807);
#6807 = DEFINITIONAL_REPRESENTATION('',(#6808),#6816);
#6808 = ( BOUNDED_CURVE() B_SPLINE_CURVE(2,(#6809,#6810,#6811,#6812,
#6813,#6814,#6815),.UNSPECIFIED.,.T.,.F.) B_SPLINE_CURVE_WITH_KNOTS((1,2
    ,2,2,2,1),(-2.094395102393,0.,2.094395102393,4.188790204786,
6.28318530718,8.377580409573),.UNSPECIFIED.) CURVE() 
GEOMETRIC_REPRESENTATION_ITEM() RATIONAL_B_SPLINE_CURVE((1.,0.5,1.,0.5,
1.,0.5,1.)) REPRESENTATION_ITEM('') );
#6809 = CARTESIAN_POINT('',(86.45,127.));
#6810 = CARTESIAN_POINT('',(86.45,131.24352447854));
#6811 = CARTESIAN_POINT('',(90.125,129.12176223927));
#6812 = CARTESIAN_POINT('',(93.8,127.));
#6813 = CARTESIAN_POINT('',(90.125,124.87823776072));
#6814 = CARTESIAN_POINT('',(86.45,122.75647552145));
#6815 = CARTESIAN_POINT('',(86.45,127.));
#6816 = ( GEOMETRIC_REPRESENTATION_CONTEXT(2) 
PARAMETRIC_REPRESENTATION_CONTEXT() REPRESENTATION_CONTEXT('2D SPACE',''
  ) );
#6817 = PCURVE('',#6818,#6823);
#6818 = CYLINDRICAL_SURFACE('',#6819,2.45);
#6819 = AXIS2_PLACEMENT_3D('',#6820,#6821,#6822);
#6820 = CARTESIAN_POINT('',(88.9,127.,6.));
#6821 = DIRECTION('',(0.,0.,-1.));
#6822 = DIRECTION('',(-1.,0.,0.));
#6823 = DEFINITIONAL_REPRESENTATION('',(#6824),#6828);
#6824 = LINE('',#6825,#6826);
#6825 = CARTESIAN_POINT('',(0.,6.));
#6826 = VECTOR('',#6827,1.);
#6827 = DIRECTION('',(1.,0.));
#6828 = ( GEOMETRIC_REPRESENTATION_CONTEXT(2) 
PARAMETRIC_REPRESENTATION_CONTEXT() REPRESENTATION_CONTEXT('2D SPACE',''
  ) );
#6829 = ADVANCED_FACE('',(#6830),#72,.T.);
#6830 = FACE_BOUND('',#6831,.F.);
#6831 = EDGE_LOOP('',(#6832,#6833,#6856,#6882));
#6832 = ORIENTED_EDGE('',*,*,#308,.T.);
#6833 = ORIENTED_EDGE('',*,*,#6834,.T.);
#6834 = EDGE_CURVE('',#281,#6835,#6837,.T.);
#6835 = VERTEX_POINT('',#6836);
#6836 = CARTESIAN_POINT('',(-105.,-108.,6.));
#6837 = SURFACE_CURVE('',#6838,(#6842,#6849),.PCURVE_S1.);
#6838 = LINE('',#6839,#6840);
#6839 = CARTESIAN_POINT('',(-105.,-108.,0.));
#6840 = VECTOR('',#6841,1.);
#6841 = DIRECTION('',(0.,0.,1.));
#6842 = PCURVE('',#72,#6843);
#6843 = DEFINITIONAL_REPRESENTATION('',(#6844),#6848);
#6844 = LINE('',#6845,#6846);
#6845 = CARTESIAN_POINT('',(-1.570796326795,0.));
#6846 = VECTOR('',#6847,1.);
#6847 = DIRECTION('',(-0.,1.));
#6848 = ( GEOMETRIC_REPRESENTATION_CONTEXT(2) 
PARAMETRIC_REPRESENTATION_CONTEXT() REPRESENTATION_CONTEXT('2D SPACE',''
  ) );
#6849 = PCURVE('',#296,#6850);
#6850 = DEFINITIONAL_REPRESENTATION('',(#6851),#6855);
#6851 = LINE('',#6852,#6853);
#6852 = CARTESIAN_POINT('',(250.,0.));
#6853 = VECTOR('',#6854,1.);
#6854 = DIRECTION('',(0.,-1.));
#6855 = ( GEOMETRIC_REPRESENTATION_CONTEXT(2) 
PARAMETRIC_REPRESENTATION_CONTEXT() REPRESENTATION_CONTEXT('2D SPACE',''
  ) );
#6856 = ORIENTED_EDGE('',*,*,#6857,.F.);
#6857 = EDGE_CURVE('',#57,#6835,#6858,.T.);
#6858 = SURFACE_CURVE('',#6859,(#6864,#6871),.PCURVE_S1.);
#6859 = CIRCLE('',#6860,34.);
#6860 = AXIS2_PLACEMENT_3D('',#6861,#6862,#6863);
#6861 = CARTESIAN_POINT('',(-71.,-108.,6.));
#6862 = DIRECTION('',(-0.,-0.,-1.));
#6863 = DIRECTION('',(0.,-1.,0.));
#6864 = PCURVE('',#72,#6865);
#6865 = DEFINITIONAL_REPRESENTATION('',(#6866),#6870);
#6866 = LINE('',#6867,#6868);
#6867 = CARTESIAN_POINT('',(-0.,6.));
#6868 = VECTOR('',#6869,1.);
#6869 = DIRECTION('',(-1.,0.));
#6870 = ( GEOMETRIC_REPRESENTATION_CONTEXT(2) 
PARAMETRIC_REPRESENTATION_CONTEXT() REPRESENTATION_CONTEXT('2D SPACE',''
  ) );
#6871 = PCURVE('',#100,#6872);
#6872 = DEFINITIONAL_REPRESENTATION('',(#6873),#6881);
#6873 = ( BOUNDED_CURVE() B_SPLINE_CURVE(2,(#6874,#6875,#6876,#6877,
#6878,#6879,#6880),.UNSPECIFIED.,.T.,.F.) B_SPLINE_CURVE_WITH_KNOTS((1,2
    ,2,2,2,1),(-2.094395102393,0.,2.094395102393,4.188790204786,
6.28318530718,8.377580409573),.UNSPECIFIED.) CURVE() 
GEOMETRIC_REPRESENTATION_ITEM() RATIONAL_B_SPLINE_CURVE((1.,0.5,1.,0.5,
1.,0.5,1.)) REPRESENTATION_ITEM('') );
#6874 = CARTESIAN_POINT('',(-71.,-142.));
#6875 = CARTESIAN_POINT('',(-129.8897274573,-142.));
#6876 = CARTESIAN_POINT('',(-100.4448637286,-91.));
#6877 = CARTESIAN_POINT('',(-71.,-40.));
#6878 = CARTESIAN_POINT('',(-41.55513627132,-91.));
#6879 = CARTESIAN_POINT('',(-12.11027254265,-142.));
#6880 = CARTESIAN_POINT('',(-71.,-142.));
#6881 = ( GEOMETRIC_REPRESENTATION_CONTEXT(2) 
PARAMETRIC_REPRESENTATION_CONTEXT() REPRESENTATION_CONTEXT('2D SPACE',''
  ) );
#6882 = ORIENTED_EDGE('',*,*,#56,.F.);
#6883 = ADVANCED_FACE('',(#6884),#126,.T.);
#6884 = FACE_BOUND('',#6885,.T.);
#6885 = EDGE_LOOP('',(#6886,#6887,#6910,#6932));
#6886 = ORIENTED_EDGE('',*,*,#142,.T.);
#6887 = ORIENTED_EDGE('',*,*,#6888,.T.);
#6888 = EDGE_CURVE('',#143,#6889,#6891,.T.);
#6889 = VERTEX_POINT('',#6890);
#6890 = CARTESIAN_POINT('',(105.,-108.,6.));
#6891 = SURFACE_CURVE('',#6892,(#6896,#6903),.PCURVE_S1.);
#6892 = LINE('',#6893,#6894);
#6893 = CARTESIAN_POINT('',(105.,-108.,0.));
#6894 = VECTOR('',#6895,1.);
#6895 = DIRECTION('',(0.,0.,1.));
#6896 = PCURVE('',#126,#6897);
#6897 = DEFINITIONAL_REPRESENTATION('',(#6898),#6902);
#6898 = LINE('',#6899,#6900);
#6899 = CARTESIAN_POINT('',(1.570796326795,0.));
#6900 = VECTOR('',#6901,1.);
#6901 = DIRECTION('',(0.,1.));
#6902 = ( GEOMETRIC_REPRESENTATION_CONTEXT(2) 
PARAMETRIC_REPRESENTATION_CONTEXT() REPRESENTATION_CONTEXT('2D SPACE',''
  ) );
#6903 = PCURVE('',#182,#6904);
#6904 = DEFINITIONAL_REPRESENTATION('',(#6905),#6909);
#6905 = LINE('',#6906,#6907);
#6906 = CARTESIAN_POINT('',(34.,0.));
#6907 = VECTOR('',#6908,1.);
#6908 = DIRECTION('',(0.,-1.));
#6909 = ( GEOMETRIC_REPRESENTATION_CONTEXT(2) 
PARAMETRIC_REPRESENTATION_CONTEXT() REPRESENTATION_CONTEXT('2D SPACE',''
  ) );
#6910 = ORIENTED_EDGE('',*,*,#6911,.F.);
#6911 = EDGE_CURVE('',#85,#6889,#6912,.T.);
#6912 = SURFACE_CURVE('',#6913,(#6918,#6925),.PCURVE_S1.);
#6913 = CIRCLE('',#6914,34.);
#6914 = AXIS2_PLACEMENT_3D('',#6915,#6916,#6917);
#6915 = CARTESIAN_POINT('',(71.,-108.,6.));
#6916 = DIRECTION('',(0.,0.,1.));
#6917 = DIRECTION('',(0.,-1.,0.));
#6918 = PCURVE('',#126,#6919);
#6919 = DEFINITIONAL_REPRESENTATION('',(#6920),#6924);
#6920 = LINE('',#6921,#6922);
#6921 = CARTESIAN_POINT('',(0.,6.));
#6922 = VECTOR('',#6923,1.);
#6923 = DIRECTION('',(1.,0.));
#6924 = ( GEOMETRIC_REPRESENTATION_CONTEXT(2) 
PARAMETRIC_REPRESENTATION_CONTEXT() REPRESENTATION_CONTEXT('2D SPACE',''
  ) );
#6925 = PCURVE('',#100,#6926);
#6926 = DEFINITIONAL_REPRESENTATION('',(#6927),#6931);
#6927 = CIRCLE('',#6928,34.);
#6928 = AXIS2_PLACEMENT_2D('',#6929,#6930);
#6929 = CARTESIAN_POINT('',(71.,-108.));
#6930 = DIRECTION('',(0.,-1.));
#6931 = ( GEOMETRIC_REPRESENTATION_CONTEXT(2) 
PARAMETRIC_REPRESENTATION_CONTEXT() REPRESENTATION_CONTEXT('2D SPACE',''
  ) );
#6932 = ORIENTED_EDGE('',*,*,#112,.F.);
#6933 = ADVANCED_FACE('',(#6934,#7054,#7084,#7176,#7206,#7236,#7266,
    #7296,#7326,#7356,#7386,#7416,#7446,#7476,#7506,#7536,#7566,#7596,
    #7626,#7656,#7686,#7716,#7746,#7776,#7806,#7836,#7866,#7896,#7926,
    #7956,#7986,#8016,#8046,#8076,#8106,#8136,#8166,#8196,#8226,#8256,
    #8286,#8316,#8346,#8376,#8406,#8436,#8466,#8496,#8526,#8556,#8586,
    #8616,#8646,#8676,#8706,#8736,#8766,#8796,#8826,#8856,#8886,#8916,
    #8946,#8976,#9006,#9036,#9066,#9096,#9126,#9156,#9186,#9216,#9246,
    #9276,#9306,#9336,#9366,#9396,#9426,#9456,#9486,#9516,#9546,#9576,
    #9606,#9636,#9666,#9696,#9726,#9756,#9786,#9816,#9846,#9876,#9906,
    #9936,#9966,#9996,#10026,#10056,#10086,#10116,#10146,#10176,#10206,
    #10236,#10266,#10296,#10326,#10356,#10386,#10416,#10508,#10538,
    #10568,#10598,#10628,#10658,#10688,#10718,#10748,#10778,#10808,
    #10838,#10868,#10898,#10928,#10958,#10988,#11018,#11110,#11140,
    #11170,#11200,#11230,#11260,#11290,#11320,#11350,#11380,#11410,
    #11440,#11470,#11500,#11530,#11560,#11590,#11620,#11650,#11680,
    #11710,#11740,#11770,#11800,#11830,#11860,#11890,#11920,#11950,
    #11980,#12010,#12040,#12070,#12100,#12130,#12160,#12190,#12220,
    #12250,#12280,#12310,#12340,#12370,#12400,#12430,#12460,#12490,
    #12520,#12550,#12580),#100,.T.);
#6934 = FACE_BOUND('',#6935,.T.);
#6935 = EDGE_LOOP('',(#6936,#6937,#6938,#6961,#6985,#7008,#7032,#7053));
#6936 = ORIENTED_EDGE('',*,*,#84,.T.);
#6937 = ORIENTED_EDGE('',*,*,#6911,.T.);
#6938 = ORIENTED_EDGE('',*,*,#6939,.T.);
#6939 = EDGE_CURVE('',#6889,#6940,#6942,.T.);
#6940 = VERTEX_POINT('',#6941);
#6941 = CARTESIAN_POINT('',(105.,108.,6.));
#6942 = SURFACE_CURVE('',#6943,(#6947,#6954),.PCURVE_S1.);
#6943 = LINE('',#6944,#6945);
#6944 = CARTESIAN_POINT('',(105.,-142.,6.));
#6945 = VECTOR('',#6946,1.);
#6946 = DIRECTION('',(0.,1.,0.));
#6947 = PCURVE('',#100,#6948);
#6948 = DEFINITIONAL_REPRESENTATION('',(#6949),#6953);
#6949 = LINE('',#6950,#6951);
#6950 = CARTESIAN_POINT('',(105.,-142.));
#6951 = VECTOR('',#6952,1.);
#6952 = DIRECTION('',(0.,1.));
#6953 = ( GEOMETRIC_REPRESENTATION_CONTEXT(2) 
PARAMETRIC_REPRESENTATION_CONTEXT() REPRESENTATION_CONTEXT('2D SPACE',''
  ) );
#6954 = PCURVE('',#182,#6955);
#6955 = DEFINITIONAL_REPRESENTATION('',(#6956),#6960);
#6956 = LINE('',#6957,#6958);
#6957 = CARTESIAN_POINT('',(0.,-6.));
#6958 = VECTOR('',#6959,1.);
#6959 = DIRECTION('',(1.,0.));
#6960 = ( GEOMETRIC_REPRESENTATION_CONTEXT(2) 
PARAMETRIC_REPRESENTATION_CONTEXT() REPRESENTATION_CONTEXT('2D SPACE',''
  ) );
#6961 = ORIENTED_EDGE('',*,*,#6962,.T.);
#6962 = EDGE_CURVE('',#6940,#6963,#6965,.T.);
#6963 = VERTEX_POINT('',#6964);
#6964 = CARTESIAN_POINT('',(71.,142.,6.));
#6965 = SURFACE_CURVE('',#6966,(#6971,#6978),.PCURVE_S1.);
#6966 = CIRCLE('',#6967,34.);
#6967 = AXIS2_PLACEMENT_3D('',#6968,#6969,#6970);
#6968 = CARTESIAN_POINT('',(71.,108.,6.));
#6969 = DIRECTION('',(0.,0.,1.));
#6970 = DIRECTION('',(0.,-1.,0.));
#6971 = PCURVE('',#100,#6972);
#6972 = DEFINITIONAL_REPRESENTATION('',(#6973),#6977);
#6973 = CIRCLE('',#6974,34.);
#6974 = AXIS2_PLACEMENT_2D('',#6975,#6976);
#6975 = CARTESIAN_POINT('',(71.,108.));
#6976 = DIRECTION('',(0.,-1.));
#6977 = ( GEOMETRIC_REPRESENTATION_CONTEXT(2) 
PARAMETRIC_REPRESENTATION_CONTEXT() REPRESENTATION_CONTEXT('2D SPACE',''
  ) );
#6978 = PCURVE('',#211,#6979);
#6979 = DEFINITIONAL_REPRESENTATION('',(#6980),#6984);
#6980 = LINE('',#6981,#6982);
#6981 = CARTESIAN_POINT('',(-1.570796326795,6.));
#6982 = VECTOR('',#6983,1.);
#6983 = DIRECTION('',(1.,0.));
#6984 = ( GEOMETRIC_REPRESENTATION_CONTEXT(2) 
PARAMETRIC_REPRESENTATION_CONTEXT() REPRESENTATION_CONTEXT('2D SPACE',''
  ) );
#6985 = ORIENTED_EDGE('',*,*,#6986,.T.);
#6986 = EDGE_CURVE('',#6963,#6987,#6989,.T.);
#6987 = VERTEX_POINT('',#6988);
#6988 = CARTESIAN_POINT('',(-71.,142.,6.));
#6989 = SURFACE_CURVE('',#6990,(#6994,#7001),.PCURVE_S1.);
#6990 = LINE('',#6991,#6992);
#6991 = CARTESIAN_POINT('',(105.,142.,6.));
#6992 = VECTOR('',#6993,1.);
#6993 = DIRECTION('',(-1.,0.,0.));
#6994 = PCURVE('',#100,#6995);
#6995 = DEFINITIONAL_REPRESENTATION('',(#6996),#7000);
#6996 = LINE('',#6997,#6998);
#6997 = CARTESIAN_POINT('',(105.,142.));
#6998 = VECTOR('',#6999,1.);
#6999 = DIRECTION('',(-1.,0.));
#7000 = ( GEOMETRIC_REPRESENTATION_CONTEXT(2) 
PARAMETRIC_REPRESENTATION_CONTEXT() REPRESENTATION_CONTEXT('2D SPACE',''
  ) );
#7001 = PCURVE('',#239,#7002);
#7002 = DEFINITIONAL_REPRESENTATION('',(#7003),#7007);
#7003 = LINE('',#7004,#7005);
#7004 = CARTESIAN_POINT('',(0.,-6.));
#7005 = VECTOR('',#7006,1.);
#7006 = DIRECTION('',(1.,0.));
#7007 = ( GEOMETRIC_REPRESENTATION_CONTEXT(2) 
PARAMETRIC_REPRESENTATION_CONTEXT() REPRESENTATION_CONTEXT('2D SPACE',''
  ) );
#7008 = ORIENTED_EDGE('',*,*,#7009,.T.);
#7009 = EDGE_CURVE('',#6987,#7010,#7012,.T.);
#7010 = VERTEX_POINT('',#7011);
#7011 = CARTESIAN_POINT('',(-105.,108.,6.));
#7012 = SURFACE_CURVE('',#7013,(#7018,#7025),.PCURVE_S1.);
#7013 = CIRCLE('',#7014,34.);
#7014 = AXIS2_PLACEMENT_3D('',#7015,#7016,#7017);
#7015 = CARTESIAN_POINT('',(-71.,108.,6.));
#7016 = DIRECTION('',(0.,0.,1.));
#7017 = DIRECTION('',(0.,-1.,0.));
#7018 = PCURVE('',#100,#7019);
#7019 = DEFINITIONAL_REPRESENTATION('',(#7020),#7024);
#7020 = CIRCLE('',#7021,34.);
#7021 = AXIS2_PLACEMENT_2D('',#7022,#7023);
#7022 = CARTESIAN_POINT('',(-71.,108.));
#7023 = DIRECTION('',(0.,-1.));
#7024 = ( GEOMETRIC_REPRESENTATION_CONTEXT(2) 
PARAMETRIC_REPRESENTATION_CONTEXT() REPRESENTATION_CONTEXT('2D SPACE',''
  ) );
#7025 = PCURVE('',#268,#7026);
#7026 = DEFINITIONAL_REPRESENTATION('',(#7027),#7031);
#7027 = LINE('',#7028,#7029);
#7028 = CARTESIAN_POINT('',(-3.14159265359,6.));
#7029 = VECTOR('',#7030,1.);
#7030 = DIRECTION('',(1.,0.));
#7031 = ( GEOMETRIC_REPRESENTATION_CONTEXT(2) 
PARAMETRIC_REPRESENTATION_CONTEXT() REPRESENTATION_CONTEXT('2D SPACE',''
  ) );
#7032 = ORIENTED_EDGE('',*,*,#7033,.T.);
#7033 = EDGE_CURVE('',#7010,#6835,#7034,.T.);
#7034 = SURFACE_CURVE('',#7035,(#7039,#7046),.PCURVE_S1.);
#7035 = LINE('',#7036,#7037);
#7036 = CARTESIAN_POINT('',(-105.,142.,6.));
#7037 = VECTOR('',#7038,1.);
#7038 = DIRECTION('',(0.,-1.,0.));
#7039 = PCURVE('',#100,#7040);
#7040 = DEFINITIONAL_REPRESENTATION('',(#7041),#7045);
#7041 = LINE('',#7042,#7043);
#7042 = CARTESIAN_POINT('',(-105.,142.));
#7043 = VECTOR('',#7044,1.);
#7044 = DIRECTION('',(0.,-1.));
#7045 = ( GEOMETRIC_REPRESENTATION_CONTEXT(2) 
PARAMETRIC_REPRESENTATION_CONTEXT() REPRESENTATION_CONTEXT('2D SPACE',''
  ) );
#7046 = PCURVE('',#296,#7047);
#7047 = DEFINITIONAL_REPRESENTATION('',(#7048),#7052);
#7048 = LINE('',#7049,#7050);
#7049 = CARTESIAN_POINT('',(0.,-6.));
#7050 = VECTOR('',#7051,1.);
#7051 = DIRECTION('',(1.,0.));
#7052 = ( GEOMETRIC_REPRESENTATION_CONTEXT(2) 
PARAMETRIC_REPRESENTATION_CONTEXT() REPRESENTATION_CONTEXT('2D SPACE',''
  ) );
#7053 = ORIENTED_EDGE('',*,*,#6857,.F.);
#7054 = FACE_BOUND('',#7055,.T.);
#7055 = EDGE_LOOP('',(#7056));
#7056 = ORIENTED_EDGE('',*,*,#7057,.T.);
#7057 = EDGE_CURVE('',#7058,#7058,#7060,.T.);
#7058 = VERTEX_POINT('',#7059);
#7059 = CARTESIAN_POINT('',(-91.35,-127.,6.));
#7060 = SURFACE_CURVE('',#7061,(#7066,#7077),.PCURVE_S1.);
#7061 = CIRCLE('',#7062,2.45);
#7062 = AXIS2_PLACEMENT_3D('',#7063,#7064,#7065);
#7063 = CARTESIAN_POINT('',(-88.9,-127.,6.));
#7064 = DIRECTION('',(0.,0.,-1.));
#7065 = DIRECTION('',(-1.,0.,0.));
#7066 = PCURVE('',#100,#7067);
#7067 = DEFINITIONAL_REPRESENTATION('',(#7068),#7076);
#7068 = ( BOUNDED_CURVE() B_SPLINE_CURVE(2,(#7069,#7070,#7071,#7072,
#7073,#7074,#7075),.UNSPECIFIED.,.T.,.F.) B_SPLINE_CURVE_WITH_KNOTS((1,2
    ,2,2,2,1),(-2.094395102393,0.,2.094395102393,4.188790204786,
6.28318530718,8.377580409573),.UNSPECIFIED.) CURVE() 
GEOMETRIC_REPRESENTATION_ITEM() RATIONAL_B_SPLINE_CURVE((1.,0.5,1.,0.5,
1.,0.5,1.)) REPRESENTATION_ITEM('') );
#7069 = CARTESIAN_POINT('',(-91.35,-127.));
#7070 = CARTESIAN_POINT('',(-91.35,-122.7564755214));
#7071 = CARTESIAN_POINT('',(-87.675,-124.8782377607));
#7072 = CARTESIAN_POINT('',(-84.,-127.));
#7073 = CARTESIAN_POINT('',(-87.675,-129.1217622392));
#7074 = CARTESIAN_POINT('',(-91.35,-131.2435244785));
#7075 = CARTESIAN_POINT('',(-91.35,-127.));
#7076 = ( GEOMETRIC_REPRESENTATION_CONTEXT(2) 
PARAMETRIC_REPRESENTATION_CONTEXT() REPRESENTATION_CONTEXT('2D SPACE',''
  ) );
#7077 = PCURVE('',#357,#7078);
#7078 = DEFINITIONAL_REPRESENTATION('',(#7079),#7083);
#7079 = LINE('',#7080,#7081);
#7080 = CARTESIAN_POINT('',(0.,0.));
#7081 = VECTOR('',#7082,1.);
#7082 = DIRECTION('',(1.,0.));
#7083 = ( GEOMETRIC_REPRESENTATION_CONTEXT(2) 
PARAMETRIC_REPRESENTATION_CONTEXT() REPRESENTATION_CONTEXT('2D SPACE',''
  ) );
#7084 = FACE_BOUND('',#7085,.T.);
#7085 = EDGE_LOOP('',(#7086,#7112,#7133,#7157));
#7086 = ORIENTED_EDGE('',*,*,#7087,.F.);
#7087 = EDGE_CURVE('',#7088,#7090,#7092,.T.);
#7088 = VERTEX_POINT('',#7089);
#7089 = CARTESIAN_POINT('',(-86.,-100.,6.));
#7090 = VERTEX_POINT('',#7091);
#7091 = CARTESIAN_POINT('',(-86.,-116.,6.));
#7092 = SURFACE_CURVE('',#7093,(#7098,#7105),.PCURVE_S1.);
#7093 = CIRCLE('',#7094,8.);
#7094 = AXIS2_PLACEMENT_3D('',#7095,#7096,#7097);
#7095 = CARTESIAN_POINT('',(-86.,-108.,6.));
#7096 = DIRECTION('',(0.,0.,1.));
#7097 = DIRECTION('',(-0.,-1.,0.));
#7098 = PCURVE('',#100,#7099);
#7099 = DEFINITIONAL_REPRESENTATION('',(#7100),#7104);
#7100 = CIRCLE('',#7101,8.);
#7101 = AXIS2_PLACEMENT_2D('',#7102,#7103);
#7102 = CARTESIAN_POINT('',(-86.,-108.));
#7103 = DIRECTION('',(-0.,-1.));
#7104 = ( GEOMETRIC_REPRESENTATION_CONTEXT(2) 
PARAMETRIC_REPRESENTATION_CONTEXT() REPRESENTATION_CONTEXT('2D SPACE',''
  ) );
#7105 = PCURVE('',#390,#7106);
#7106 = DEFINITIONAL_REPRESENTATION('',(#7107),#7111);
#7107 = LINE('',#7108,#7109);
#7108 = CARTESIAN_POINT('',(-6.28318530718,-284.0000003));
#7109 = VECTOR('',#7110,1.);
#7110 = DIRECTION('',(1.,-0.));
#7111 = ( GEOMETRIC_REPRESENTATION_CONTEXT(2) 
PARAMETRIC_REPRESENTATION_CONTEXT() REPRESENTATION_CONTEXT('2D SPACE',''
  ) );
#7112 = ORIENTED_EDGE('',*,*,#7113,.T.);
#7113 = EDGE_CURVE('',#7088,#7114,#7116,.T.);
#7114 = VERTEX_POINT('',#7115);
#7115 = CARTESIAN_POINT('',(-64.,-100.,6.));
#7116 = SURFACE_CURVE('',#7117,(#7121,#7127),.PCURVE_S1.);
#7117 = LINE('',#7118,#7119);
#7118 = CARTESIAN_POINT('',(-43.,-100.,6.));
#7119 = VECTOR('',#7120,1.);
#7120 = DIRECTION('',(1.,0.,-0.));
#7121 = PCURVE('',#100,#7122);
#7122 = DEFINITIONAL_REPRESENTATION('',(#7123),#7126);
#7123 = B_SPLINE_CURVE_WITH_KNOTS('',1,(#7124,#7125),.UNSPECIFIED.,.F.,
  .F.,(2,2),(-43.,-21.),.PIECEWISE_BEZIER_KNOTS.);
#7124 = CARTESIAN_POINT('',(-86.,-100.));
#7125 = CARTESIAN_POINT('',(-64.,-100.));
#7126 = ( GEOMETRIC_REPRESENTATION_CONTEXT(2) 
PARAMETRIC_REPRESENTATION_CONTEXT() REPRESENTATION_CONTEXT('2D SPACE',''
  ) );
#7127 = PCURVE('',#417,#7128);
#7128 = DEFINITIONAL_REPRESENTATION('',(#7129),#7132);
#7129 = B_SPLINE_CURVE_WITH_KNOTS('',1,(#7130,#7131),.UNSPECIFIED.,.F.,
  .F.,(2,2),(-43.,-21.),.PIECEWISE_BEZIER_KNOTS.);
#7130 = CARTESIAN_POINT('',(0.,-284.0000003));
#7131 = CARTESIAN_POINT('',(22.,-284.0000003));
#7132 = ( GEOMETRIC_REPRESENTATION_CONTEXT(2) 
PARAMETRIC_REPRESENTATION_CONTEXT() REPRESENTATION_CONTEXT('2D SPACE',''
  ) );
#7133 = ORIENTED_EDGE('',*,*,#7134,.F.);
#7134 = EDGE_CURVE('',#7135,#7114,#7137,.T.);
#7135 = VERTEX_POINT('',#7136);
#7136 = CARTESIAN_POINT('',(-64.,-116.,6.));
#7137 = SURFACE_CURVE('',#7138,(#7143,#7150),.PCURVE_S1.);
#7138 = CIRCLE('',#7139,8.);
#7139 = AXIS2_PLACEMENT_3D('',#7140,#7141,#7142);
#7140 = CARTESIAN_POINT('',(-64.,-108.,6.));
#7141 = DIRECTION('',(0.,-0.,1.));
#7142 = DIRECTION('',(0.,1.,0.));
#7143 = PCURVE('',#100,#7144);
#7144 = DEFINITIONAL_REPRESENTATION('',(#7145),#7149);
#7145 = CIRCLE('',#7146,8.);
#7146 = AXIS2_PLACEMENT_2D('',#7147,#7148);
#7147 = CARTESIAN_POINT('',(-64.,-108.));
#7148 = DIRECTION('',(0.,1.));
#7149 = ( GEOMETRIC_REPRESENTATION_CONTEXT(2) 
PARAMETRIC_REPRESENTATION_CONTEXT() REPRESENTATION_CONTEXT('2D SPACE',''
  ) );
#7150 = PCURVE('',#445,#7151);
#7151 = DEFINITIONAL_REPRESENTATION('',(#7152),#7156);
#7152 = LINE('',#7153,#7154);
#7153 = CARTESIAN_POINT('',(-6.28318530718,-284.0000003));
#7154 = VECTOR('',#7155,1.);
#7155 = DIRECTION('',(1.,-0.));
#7156 = ( GEOMETRIC_REPRESENTATION_CONTEXT(2) 
PARAMETRIC_REPRESENTATION_CONTEXT() REPRESENTATION_CONTEXT('2D SPACE',''
  ) );
#7157 = ORIENTED_EDGE('',*,*,#7158,.T.);
#7158 = EDGE_CURVE('',#7135,#7090,#7159,.T.);
#7159 = SURFACE_CURVE('',#7160,(#7164,#7170),.PCURVE_S1.);
#7160 = LINE('',#7161,#7162);
#7161 = CARTESIAN_POINT('',(-32.,-116.,6.));
#7162 = VECTOR('',#7163,1.);
#7163 = DIRECTION('',(-1.,0.,0.));
#7164 = PCURVE('',#100,#7165);
#7165 = DEFINITIONAL_REPRESENTATION('',(#7166),#7169);
#7166 = B_SPLINE_CURVE_WITH_KNOTS('',1,(#7167,#7168),.UNSPECIFIED.,.F.,
  .F.,(2,2),(32.,54.),.PIECEWISE_BEZIER_KNOTS.);
#7167 = CARTESIAN_POINT('',(-64.,-116.));
#7168 = CARTESIAN_POINT('',(-86.,-116.));
#7169 = ( GEOMETRIC_REPRESENTATION_CONTEXT(2) 
PARAMETRIC_REPRESENTATION_CONTEXT() REPRESENTATION_CONTEXT('2D SPACE',''
  ) );
#7170 = PCURVE('',#470,#7171);
#7171 = DEFINITIONAL_REPRESENTATION('',(#7172),#7175);
#7172 = B_SPLINE_CURVE_WITH_KNOTS('',1,(#7173,#7174),.UNSPECIFIED.,.F.,
  .F.,(2,2),(32.,54.),.PIECEWISE_BEZIER_KNOTS.);
#7173 = CARTESIAN_POINT('',(0.,-284.0000003));
#7174 = CARTESIAN_POINT('',(22.,-284.0000003));
#7175 = ( GEOMETRIC_REPRESENTATION_CONTEXT(2) 
PARAMETRIC_REPRESENTATION_CONTEXT() REPRESENTATION_CONTEXT('2D SPACE',''
  ) );
#7176 = FACE_BOUND('',#7177,.T.);
#7177 = EDGE_LOOP('',(#7178));
#7178 = ORIENTED_EDGE('',*,*,#7179,.T.);
#7179 = EDGE_CURVE('',#7180,#7180,#7182,.T.);
#7180 = VERTEX_POINT('',#7181);
#7181 = CARTESIAN_POINT('',(-65.95,-127.,6.));
#7182 = SURFACE_CURVE('',#7183,(#7188,#7199),.PCURVE_S1.);
#7183 = CIRCLE('',#7184,2.45);
#7184 = AXIS2_PLACEMENT_3D('',#7185,#7186,#7187);
#7185 = CARTESIAN_POINT('',(-63.5,-127.,6.));
#7186 = DIRECTION('',(0.,0.,-1.));
#7187 = DIRECTION('',(-1.,0.,0.));
#7188 = PCURVE('',#100,#7189);
#7189 = DEFINITIONAL_REPRESENTATION('',(#7190),#7198);
#7190 = ( BOUNDED_CURVE() B_SPLINE_CURVE(2,(#7191,#7192,#7193,#7194,
#7195,#7196,#7197),.UNSPECIFIED.,.T.,.F.) B_SPLINE_CURVE_WITH_KNOTS((1,2
    ,2,2,2,1),(-2.094395102393,0.,2.094395102393,4.188790204786,
6.28318530718,8.377580409573),.UNSPECIFIED.) CURVE() 
GEOMETRIC_REPRESENTATION_ITEM() RATIONAL_B_SPLINE_CURVE((1.,0.5,1.,0.5,
1.,0.5,1.)) REPRESENTATION_ITEM('') );
#7191 = CARTESIAN_POINT('',(-65.95,-127.));
#7192 = CARTESIAN_POINT('',(-65.95,-122.7564755214));
#7193 = CARTESIAN_POINT('',(-62.275,-124.8782377607));
#7194 = CARTESIAN_POINT('',(-58.6,-127.));
#7195 = CARTESIAN_POINT('',(-62.275,-129.1217622392));
#7196 = CARTESIAN_POINT('',(-65.95,-131.2435244785));
#7197 = CARTESIAN_POINT('',(-65.95,-127.));
#7198 = ( GEOMETRIC_REPRESENTATION_CONTEXT(2) 
PARAMETRIC_REPRESENTATION_CONTEXT() REPRESENTATION_CONTEXT('2D SPACE',''
  ) );
#7199 = PCURVE('',#504,#7200);
#7200 = DEFINITIONAL_REPRESENTATION('',(#7201),#7205);
#7201 = LINE('',#7202,#7203);
#7202 = CARTESIAN_POINT('',(0.,0.));
#7203 = VECTOR('',#7204,1.);
#7204 = DIRECTION('',(1.,0.));
#7205 = ( GEOMETRIC_REPRESENTATION_CONTEXT(2) 
PARAMETRIC_REPRESENTATION_CONTEXT() REPRESENTATION_CONTEXT('2D SPACE',''
  ) );
#7206 = FACE_BOUND('',#7207,.T.);
#7207 = EDGE_LOOP('',(#7208));
#7208 = ORIENTED_EDGE('',*,*,#7209,.T.);
#7209 = EDGE_CURVE('',#7210,#7210,#7212,.T.);
#7210 = VERTEX_POINT('',#7211);
#7211 = CARTESIAN_POINT('',(-53.25,-127.,6.));
#7212 = SURFACE_CURVE('',#7213,(#7218,#7229),.PCURVE_S1.);
#7213 = CIRCLE('',#7214,2.45);
#7214 = AXIS2_PLACEMENT_3D('',#7215,#7216,#7217);
#7215 = CARTESIAN_POINT('',(-50.8,-127.,6.));
#7216 = DIRECTION('',(0.,0.,-1.));
#7217 = DIRECTION('',(-1.,0.,0.));
#7218 = PCURVE('',#100,#7219);
#7219 = DEFINITIONAL_REPRESENTATION('',(#7220),#7228);
#7220 = ( BOUNDED_CURVE() B_SPLINE_CURVE(2,(#7221,#7222,#7223,#7224,
#7225,#7226,#7227),.UNSPECIFIED.,.T.,.F.) B_SPLINE_CURVE_WITH_KNOTS((1,2
    ,2,2,2,1),(-2.094395102393,0.,2.094395102393,4.188790204786,
6.28318530718,8.377580409573),.UNSPECIFIED.) CURVE() 
GEOMETRIC_REPRESENTATION_ITEM() RATIONAL_B_SPLINE_CURVE((1.,0.5,1.,0.5,
1.,0.5,1.)) REPRESENTATION_ITEM('') );
#7221 = CARTESIAN_POINT('',(-53.25,-127.));
#7222 = CARTESIAN_POINT('',(-53.25,-122.7564755214));
#7223 = CARTESIAN_POINT('',(-49.575,-124.8782377607));
#7224 = CARTESIAN_POINT('',(-45.9,-127.));
#7225 = CARTESIAN_POINT('',(-49.575,-129.1217622392));
#7226 = CARTESIAN_POINT('',(-53.25,-131.2435244785));
#7227 = CARTESIAN_POINT('',(-53.25,-127.));
#7228 = ( GEOMETRIC_REPRESENTATION_CONTEXT(2) 
PARAMETRIC_REPRESENTATION_CONTEXT() REPRESENTATION_CONTEXT('2D SPACE',''
  ) );
#7229 = PCURVE('',#539,#7230);
#7230 = DEFINITIONAL_REPRESENTATION('',(#7231),#7235);
#7231 = LINE('',#7232,#7233);
#7232 = CARTESIAN_POINT('',(0.,0.));
#7233 = VECTOR('',#7234,1.);
#7234 = DIRECTION('',(1.,0.));
#7235 = ( GEOMETRIC_REPRESENTATION_CONTEXT(2) 
PARAMETRIC_REPRESENTATION_CONTEXT() REPRESENTATION_CONTEXT('2D SPACE',''
  ) );
#7236 = FACE_BOUND('',#7237,.T.);
#7237 = EDGE_LOOP('',(#7238));
#7238 = ORIENTED_EDGE('',*,*,#7239,.T.);
#7239 = EDGE_CURVE('',#7240,#7240,#7242,.T.);
#7240 = VERTEX_POINT('',#7241);
#7241 = CARTESIAN_POINT('',(-53.25,-114.3,6.));
#7242 = SURFACE_CURVE('',#7243,(#7248,#7259),.PCURVE_S1.);
#7243 = CIRCLE('',#7244,2.45);
#7244 = AXIS2_PLACEMENT_3D('',#7245,#7246,#7247);
#7245 = CARTESIAN_POINT('',(-50.8,-114.3,6.));
#7246 = DIRECTION('',(0.,0.,-1.));
#7247 = DIRECTION('',(-1.,0.,0.));
#7248 = PCURVE('',#100,#7249);
#7249 = DEFINITIONAL_REPRESENTATION('',(#7250),#7258);
#7250 = ( BOUNDED_CURVE() B_SPLINE_CURVE(2,(#7251,#7252,#7253,#7254,
#7255,#7256,#7257),.UNSPECIFIED.,.T.,.F.) B_SPLINE_CURVE_WITH_KNOTS((1,2
    ,2,2,2,1),(-2.094395102393,0.,2.094395102393,4.188790204786,
6.28318530718,8.377580409573),.UNSPECIFIED.) CURVE() 
GEOMETRIC_REPRESENTATION_ITEM() RATIONAL_B_SPLINE_CURVE((1.,0.5,1.,0.5,
1.,0.5,1.)) REPRESENTATION_ITEM('') );
#7251 = CARTESIAN_POINT('',(-53.25,-114.3));
#7252 = CARTESIAN_POINT('',(-53.25,-110.0564755214));
#7253 = CARTESIAN_POINT('',(-49.575,-112.1782377607));
#7254 = CARTESIAN_POINT('',(-45.9,-114.3));
#7255 = CARTESIAN_POINT('',(-49.575,-116.4217622392));
#7256 = CARTESIAN_POINT('',(-53.25,-118.5435244785));
#7257 = CARTESIAN_POINT('',(-53.25,-114.3));
#7258 = ( GEOMETRIC_REPRESENTATION_CONTEXT(2) 
PARAMETRIC_REPRESENTATION_CONTEXT() REPRESENTATION_CONTEXT('2D SPACE',''
  ) );
#7259 = PCURVE('',#574,#7260);
#7260 = DEFINITIONAL_REPRESENTATION('',(#7261),#7265);
#7261 = LINE('',#7262,#7263);
#7262 = CARTESIAN_POINT('',(0.,0.));
#7263 = VECTOR('',#7264,1.);
#7264 = DIRECTION('',(1.,0.));
#7265 = ( GEOMETRIC_REPRESENTATION_CONTEXT(2) 
PARAMETRIC_REPRESENTATION_CONTEXT() REPRESENTATION_CONTEXT('2D SPACE',''
  ) );
#7266 = FACE_BOUND('',#7267,.T.);
#7267 = EDGE_LOOP('',(#7268));
#7268 = ORIENTED_EDGE('',*,*,#7269,.T.);
#7269 = EDGE_CURVE('',#7270,#7270,#7272,.T.);
#7270 = VERTEX_POINT('',#7271);
#7271 = CARTESIAN_POINT('',(-53.25,-101.6,6.));
#7272 = SURFACE_CURVE('',#7273,(#7278,#7289),.PCURVE_S1.);
#7273 = CIRCLE('',#7274,2.45);
#7274 = AXIS2_PLACEMENT_3D('',#7275,#7276,#7277);
#7275 = CARTESIAN_POINT('',(-50.8,-101.6,6.));
#7276 = DIRECTION('',(0.,0.,-1.));
#7277 = DIRECTION('',(-1.,0.,0.));
#7278 = PCURVE('',#100,#7279);
#7279 = DEFINITIONAL_REPRESENTATION('',(#7280),#7288);
#7280 = ( BOUNDED_CURVE() B_SPLINE_CURVE(2,(#7281,#7282,#7283,#7284,
#7285,#7286,#7287),.UNSPECIFIED.,.T.,.F.) B_SPLINE_CURVE_WITH_KNOTS((1,2
    ,2,2,2,1),(-2.094395102393,0.,2.094395102393,4.188790204786,
6.28318530718,8.377580409573),.UNSPECIFIED.) CURVE() 
GEOMETRIC_REPRESENTATION_ITEM() RATIONAL_B_SPLINE_CURVE((1.,0.5,1.,0.5,
1.,0.5,1.)) REPRESENTATION_ITEM('') );
#7281 = CARTESIAN_POINT('',(-53.25,-101.6));
#7282 = CARTESIAN_POINT('',(-53.25,-97.35647552145));
#7283 = CARTESIAN_POINT('',(-49.575,-99.47823776072));
#7284 = CARTESIAN_POINT('',(-45.9,-101.6));
#7285 = CARTESIAN_POINT('',(-49.575,-103.7217622392));
#7286 = CARTESIAN_POINT('',(-53.25,-105.8435244785));
#7287 = CARTESIAN_POINT('',(-53.25,-101.6));
#7288 = ( GEOMETRIC_REPRESENTATION_CONTEXT(2) 
PARAMETRIC_REPRESENTATION_CONTEXT() REPRESENTATION_CONTEXT('2D SPACE',''
  ) );
#7289 = PCURVE('',#609,#7290);
#7290 = DEFINITIONAL_REPRESENTATION('',(#7291),#7295);
#7291 = LINE('',#7292,#7293);
#7292 = CARTESIAN_POINT('',(0.,0.));
#7293 = VECTOR('',#7294,1.);
#7294 = DIRECTION('',(1.,0.));
#7295 = ( GEOMETRIC_REPRESENTATION_CONTEXT(2) 
PARAMETRIC_REPRESENTATION_CONTEXT() REPRESENTATION_CONTEXT('2D SPACE',''
  ) );
#7296 = FACE_BOUND('',#7297,.T.);
#7297 = EDGE_LOOP('',(#7298));
#7298 = ORIENTED_EDGE('',*,*,#7299,.T.);
#7299 = EDGE_CURVE('',#7300,#7300,#7302,.T.);
#7300 = VERTEX_POINT('',#7301);
#7301 = CARTESIAN_POINT('',(-91.35,-88.9,6.));
#7302 = SURFACE_CURVE('',#7303,(#7308,#7319),.PCURVE_S1.);
#7303 = CIRCLE('',#7304,2.45);
#7304 = AXIS2_PLACEMENT_3D('',#7305,#7306,#7307);
#7305 = CARTESIAN_POINT('',(-88.9,-88.9,6.));
#7306 = DIRECTION('',(0.,0.,-1.));
#7307 = DIRECTION('',(-1.,0.,0.));
#7308 = PCURVE('',#100,#7309);
#7309 = DEFINITIONAL_REPRESENTATION('',(#7310),#7318);
#7310 = ( BOUNDED_CURVE() B_SPLINE_CURVE(2,(#7311,#7312,#7313,#7314,
#7315,#7316,#7317),.UNSPECIFIED.,.T.,.F.) B_SPLINE_CURVE_WITH_KNOTS((1,2
    ,2,2,2,1),(-2.094395102393,0.,2.094395102393,4.188790204786,
6.28318530718,8.377580409573),.UNSPECIFIED.) CURVE() 
GEOMETRIC_REPRESENTATION_ITEM() RATIONAL_B_SPLINE_CURVE((1.,0.5,1.,0.5,
1.,0.5,1.)) REPRESENTATION_ITEM('') );
#7311 = CARTESIAN_POINT('',(-91.35,-88.9));
#7312 = CARTESIAN_POINT('',(-91.35,-84.65647552145));
#7313 = CARTESIAN_POINT('',(-87.675,-86.77823776072));
#7314 = CARTESIAN_POINT('',(-84.,-88.9));
#7315 = CARTESIAN_POINT('',(-87.675,-91.02176223927));
#7316 = CARTESIAN_POINT('',(-91.35,-93.14352447854));
#7317 = CARTESIAN_POINT('',(-91.35,-88.9));
#7318 = ( GEOMETRIC_REPRESENTATION_CONTEXT(2) 
PARAMETRIC_REPRESENTATION_CONTEXT() REPRESENTATION_CONTEXT('2D SPACE',''
  ) );
#7319 = PCURVE('',#644,#7320);
#7320 = DEFINITIONAL_REPRESENTATION('',(#7321),#7325);
#7321 = LINE('',#7322,#7323);
#7322 = CARTESIAN_POINT('',(0.,0.));
#7323 = VECTOR('',#7324,1.);
#7324 = DIRECTION('',(1.,0.));
#7325 = ( GEOMETRIC_REPRESENTATION_CONTEXT(2) 
PARAMETRIC_REPRESENTATION_CONTEXT() REPRESENTATION_CONTEXT('2D SPACE',''
  ) );
#7326 = FACE_BOUND('',#7327,.T.);
#7327 = EDGE_LOOP('',(#7328));
#7328 = ORIENTED_EDGE('',*,*,#7329,.T.);
#7329 = EDGE_CURVE('',#7330,#7330,#7332,.T.);
#7330 = VERTEX_POINT('',#7331);
#7331 = CARTESIAN_POINT('',(-91.35,-76.2,6.));
#7332 = SURFACE_CURVE('',#7333,(#7338,#7349),.PCURVE_S1.);
#7333 = CIRCLE('',#7334,2.45);
#7334 = AXIS2_PLACEMENT_3D('',#7335,#7336,#7337);
#7335 = CARTESIAN_POINT('',(-88.9,-76.2,6.));
#7336 = DIRECTION('',(0.,0.,-1.));
#7337 = DIRECTION('',(-1.,0.,0.));
#7338 = PCURVE('',#100,#7339);
#7339 = DEFINITIONAL_REPRESENTATION('',(#7340),#7348);
#7340 = ( BOUNDED_CURVE() B_SPLINE_CURVE(2,(#7341,#7342,#7343,#7344,
#7345,#7346,#7347),.UNSPECIFIED.,.T.,.F.) B_SPLINE_CURVE_WITH_KNOTS((1,2
    ,2,2,2,1),(-2.094395102393,0.,2.094395102393,4.188790204786,
6.28318530718,8.377580409573),.UNSPECIFIED.) CURVE() 
GEOMETRIC_REPRESENTATION_ITEM() RATIONAL_B_SPLINE_CURVE((1.,0.5,1.,0.5,
1.,0.5,1.)) REPRESENTATION_ITEM('') );
#7341 = CARTESIAN_POINT('',(-91.35,-76.2));
#7342 = CARTESIAN_POINT('',(-91.35,-71.95647552145));
#7343 = CARTESIAN_POINT('',(-87.675,-74.07823776072));
#7344 = CARTESIAN_POINT('',(-84.,-76.2));
#7345 = CARTESIAN_POINT('',(-87.675,-78.32176223927));
#7346 = CARTESIAN_POINT('',(-91.35,-80.44352447854));
#7347 = CARTESIAN_POINT('',(-91.35,-76.2));
#7348 = ( GEOMETRIC_REPRESENTATION_CONTEXT(2) 
PARAMETRIC_REPRESENTATION_CONTEXT() REPRESENTATION_CONTEXT('2D SPACE',''
  ) );
#7349 = PCURVE('',#679,#7350);
#7350 = DEFINITIONAL_REPRESENTATION('',(#7351),#7355);
#7351 = LINE('',#7352,#7353);
#7352 = CARTESIAN_POINT('',(0.,0.));
#7353 = VECTOR('',#7354,1.);
#7354 = DIRECTION('',(1.,0.));
#7355 = ( GEOMETRIC_REPRESENTATION_CONTEXT(2) 
PARAMETRIC_REPRESENTATION_CONTEXT() REPRESENTATION_CONTEXT('2D SPACE',''
  ) );
#7356 = FACE_BOUND('',#7357,.T.);
#7357 = EDGE_LOOP('',(#7358));
#7358 = ORIENTED_EDGE('',*,*,#7359,.T.);
#7359 = EDGE_CURVE('',#7360,#7360,#7362,.T.);
#7360 = VERTEX_POINT('',#7361);
#7361 = CARTESIAN_POINT('',(-78.65,-76.2,6.));
#7362 = SURFACE_CURVE('',#7363,(#7368,#7379),.PCURVE_S1.);
#7363 = CIRCLE('',#7364,2.45);
#7364 = AXIS2_PLACEMENT_3D('',#7365,#7366,#7367);
#7365 = CARTESIAN_POINT('',(-76.2,-76.2,6.));
#7366 = DIRECTION('',(0.,0.,-1.));
#7367 = DIRECTION('',(-1.,0.,0.));
#7368 = PCURVE('',#100,#7369);
#7369 = DEFINITIONAL_REPRESENTATION('',(#7370),#7378);
#7370 = ( BOUNDED_CURVE() B_SPLINE_CURVE(2,(#7371,#7372,#7373,#7374,
#7375,#7376,#7377),.UNSPECIFIED.,.T.,.F.) B_SPLINE_CURVE_WITH_KNOTS((1,2
    ,2,2,2,1),(-2.094395102393,0.,2.094395102393,4.188790204786,
6.28318530718,8.377580409573),.UNSPECIFIED.) CURVE() 
GEOMETRIC_REPRESENTATION_ITEM() RATIONAL_B_SPLINE_CURVE((1.,0.5,1.,0.5,
1.,0.5,1.)) REPRESENTATION_ITEM('') );
#7371 = CARTESIAN_POINT('',(-78.65,-76.2));
#7372 = CARTESIAN_POINT('',(-78.65,-71.95647552145));
#7373 = CARTESIAN_POINT('',(-74.975,-74.07823776072));
#7374 = CARTESIAN_POINT('',(-71.3,-76.2));
#7375 = CARTESIAN_POINT('',(-74.975,-78.32176223927));
#7376 = CARTESIAN_POINT('',(-78.65,-80.44352447854));
#7377 = CARTESIAN_POINT('',(-78.65,-76.2));
#7378 = ( GEOMETRIC_REPRESENTATION_CONTEXT(2) 
PARAMETRIC_REPRESENTATION_CONTEXT() REPRESENTATION_CONTEXT('2D SPACE',''
  ) );
#7379 = PCURVE('',#714,#7380);
#7380 = DEFINITIONAL_REPRESENTATION('',(#7381),#7385);
#7381 = LINE('',#7382,#7383);
#7382 = CARTESIAN_POINT('',(0.,0.));
#7383 = VECTOR('',#7384,1.);
#7384 = DIRECTION('',(1.,0.));
#7385 = ( GEOMETRIC_REPRESENTATION_CONTEXT(2) 
PARAMETRIC_REPRESENTATION_CONTEXT() REPRESENTATION_CONTEXT('2D SPACE',''
  ) );
#7386 = FACE_BOUND('',#7387,.T.);
#7387 = EDGE_LOOP('',(#7388));
#7388 = ORIENTED_EDGE('',*,*,#7389,.T.);
#7389 = EDGE_CURVE('',#7390,#7390,#7392,.T.);
#7390 = VERTEX_POINT('',#7391);
#7391 = CARTESIAN_POINT('',(-65.95,-88.9,6.));
#7392 = SURFACE_CURVE('',#7393,(#7398,#7409),.PCURVE_S1.);
#7393 = CIRCLE('',#7394,2.45);
#7394 = AXIS2_PLACEMENT_3D('',#7395,#7396,#7397);
#7395 = CARTESIAN_POINT('',(-63.5,-88.9,6.));
#7396 = DIRECTION('',(0.,0.,-1.));
#7397 = DIRECTION('',(-1.,0.,0.));
#7398 = PCURVE('',#100,#7399);
#7399 = DEFINITIONAL_REPRESENTATION('',(#7400),#7408);
#7400 = ( BOUNDED_CURVE() B_SPLINE_CURVE(2,(#7401,#7402,#7403,#7404,
#7405,#7406,#7407),.UNSPECIFIED.,.T.,.F.) B_SPLINE_CURVE_WITH_KNOTS((1,2
    ,2,2,2,1),(-2.094395102393,0.,2.094395102393,4.188790204786,
6.28318530718,8.377580409573),.UNSPECIFIED.) CURVE() 
GEOMETRIC_REPRESENTATION_ITEM() RATIONAL_B_SPLINE_CURVE((1.,0.5,1.,0.5,
1.,0.5,1.)) REPRESENTATION_ITEM('') );
#7401 = CARTESIAN_POINT('',(-65.95,-88.9));
#7402 = CARTESIAN_POINT('',(-65.95,-84.65647552145));
#7403 = CARTESIAN_POINT('',(-62.275,-86.77823776072));
#7404 = CARTESIAN_POINT('',(-58.6,-88.9));
#7405 = CARTESIAN_POINT('',(-62.275,-91.02176223927));
#7406 = CARTESIAN_POINT('',(-65.95,-93.14352447854));
#7407 = CARTESIAN_POINT('',(-65.95,-88.9));
#7408 = ( GEOMETRIC_REPRESENTATION_CONTEXT(2) 
PARAMETRIC_REPRESENTATION_CONTEXT() REPRESENTATION_CONTEXT('2D SPACE',''
  ) );
#7409 = PCURVE('',#749,#7410);
#7410 = DEFINITIONAL_REPRESENTATION('',(#7411),#7415);
#7411 = LINE('',#7412,#7413);
#7412 = CARTESIAN_POINT('',(0.,0.));
#7413 = VECTOR('',#7414,1.);
#7414 = DIRECTION('',(1.,0.));
#7415 = ( GEOMETRIC_REPRESENTATION_CONTEXT(2) 
PARAMETRIC_REPRESENTATION_CONTEXT() REPRESENTATION_CONTEXT('2D SPACE',''
  ) );
#7416 = FACE_BOUND('',#7417,.T.);
#7417 = EDGE_LOOP('',(#7418));
#7418 = ORIENTED_EDGE('',*,*,#7419,.T.);
#7419 = EDGE_CURVE('',#7420,#7420,#7422,.T.);
#7420 = VERTEX_POINT('',#7421);
#7421 = CARTESIAN_POINT('',(-53.25,-88.9,6.));
#7422 = SURFACE_CURVE('',#7423,(#7428,#7439),.PCURVE_S1.);
#7423 = CIRCLE('',#7424,2.45);
#7424 = AXIS2_PLACEMENT_3D('',#7425,#7426,#7427);
#7425 = CARTESIAN_POINT('',(-50.8,-88.9,6.));
#7426 = DIRECTION('',(0.,0.,-1.));
#7427 = DIRECTION('',(-1.,0.,0.));
#7428 = PCURVE('',#100,#7429);
#7429 = DEFINITIONAL_REPRESENTATION('',(#7430),#7438);
#7430 = ( BOUNDED_CURVE() B_SPLINE_CURVE(2,(#7431,#7432,#7433,#7434,
#7435,#7436,#7437),.UNSPECIFIED.,.T.,.F.) B_SPLINE_CURVE_WITH_KNOTS((1,2
    ,2,2,2,1),(-2.094395102393,0.,2.094395102393,4.188790204786,
6.28318530718,8.377580409573),.UNSPECIFIED.) CURVE() 
GEOMETRIC_REPRESENTATION_ITEM() RATIONAL_B_SPLINE_CURVE((1.,0.5,1.,0.5,
1.,0.5,1.)) REPRESENTATION_ITEM('') );
#7431 = CARTESIAN_POINT('',(-53.25,-88.9));
#7432 = CARTESIAN_POINT('',(-53.25,-84.65647552145));
#7433 = CARTESIAN_POINT('',(-49.575,-86.77823776072));
#7434 = CARTESIAN_POINT('',(-45.9,-88.9));
#7435 = CARTESIAN_POINT('',(-49.575,-91.02176223927));
#7436 = CARTESIAN_POINT('',(-53.25,-93.14352447854));
#7437 = CARTESIAN_POINT('',(-53.25,-88.9));
#7438 = ( GEOMETRIC_REPRESENTATION_CONTEXT(2) 
PARAMETRIC_REPRESENTATION_CONTEXT() REPRESENTATION_CONTEXT('2D SPACE',''
  ) );
#7439 = PCURVE('',#784,#7440);
#7440 = DEFINITIONAL_REPRESENTATION('',(#7441),#7445);
#7441 = LINE('',#7442,#7443);
#7442 = CARTESIAN_POINT('',(0.,0.));
#7443 = VECTOR('',#7444,1.);
#7444 = DIRECTION('',(1.,0.));
#7445 = ( GEOMETRIC_REPRESENTATION_CONTEXT(2) 
PARAMETRIC_REPRESENTATION_CONTEXT() REPRESENTATION_CONTEXT('2D SPACE',''
  ) );
#7446 = FACE_BOUND('',#7447,.T.);
#7447 = EDGE_LOOP('',(#7448));
#7448 = ORIENTED_EDGE('',*,*,#7449,.T.);
#7449 = EDGE_CURVE('',#7450,#7450,#7452,.T.);
#7450 = VERTEX_POINT('',#7451);
#7451 = CARTESIAN_POINT('',(-65.95,-76.2,6.));
#7452 = SURFACE_CURVE('',#7453,(#7458,#7469),.PCURVE_S1.);
#7453 = CIRCLE('',#7454,2.45);
#7454 = AXIS2_PLACEMENT_3D('',#7455,#7456,#7457);
#7455 = CARTESIAN_POINT('',(-63.5,-76.2,6.));
#7456 = DIRECTION('',(0.,0.,-1.));
#7457 = DIRECTION('',(-1.,0.,0.));
#7458 = PCURVE('',#100,#7459);
#7459 = DEFINITIONAL_REPRESENTATION('',(#7460),#7468);
#7460 = ( BOUNDED_CURVE() B_SPLINE_CURVE(2,(#7461,#7462,#7463,#7464,
#7465,#7466,#7467),.UNSPECIFIED.,.T.,.F.) B_SPLINE_CURVE_WITH_KNOTS((1,2
    ,2,2,2,1),(-2.094395102393,0.,2.094395102393,4.188790204786,
6.28318530718,8.377580409573),.UNSPECIFIED.) CURVE() 
GEOMETRIC_REPRESENTATION_ITEM() RATIONAL_B_SPLINE_CURVE((1.,0.5,1.,0.5,
1.,0.5,1.)) REPRESENTATION_ITEM('') );
#7461 = CARTESIAN_POINT('',(-65.95,-76.2));
#7462 = CARTESIAN_POINT('',(-65.95,-71.95647552145));
#7463 = CARTESIAN_POINT('',(-62.275,-74.07823776072));
#7464 = CARTESIAN_POINT('',(-58.6,-76.2));
#7465 = CARTESIAN_POINT('',(-62.275,-78.32176223927));
#7466 = CARTESIAN_POINT('',(-65.95,-80.44352447854));
#7467 = CARTESIAN_POINT('',(-65.95,-76.2));
#7468 = ( GEOMETRIC_REPRESENTATION_CONTEXT(2) 
PARAMETRIC_REPRESENTATION_CONTEXT() REPRESENTATION_CONTEXT('2D SPACE',''
  ) );
#7469 = PCURVE('',#819,#7470);
#7470 = DEFINITIONAL_REPRESENTATION('',(#7471),#7475);
#7471 = LINE('',#7472,#7473);
#7472 = CARTESIAN_POINT('',(0.,0.));
#7473 = VECTOR('',#7474,1.);
#7474 = DIRECTION('',(1.,0.));
#7475 = ( GEOMETRIC_REPRESENTATION_CONTEXT(2) 
PARAMETRIC_REPRESENTATION_CONTEXT() REPRESENTATION_CONTEXT('2D SPACE',''
  ) );
#7476 = FACE_BOUND('',#7477,.T.);
#7477 = EDGE_LOOP('',(#7478));
#7478 = ORIENTED_EDGE('',*,*,#7479,.T.);
#7479 = EDGE_CURVE('',#7480,#7480,#7482,.T.);
#7480 = VERTEX_POINT('',#7481);
#7481 = CARTESIAN_POINT('',(-40.55,-127.,6.));
#7482 = SURFACE_CURVE('',#7483,(#7488,#7499),.PCURVE_S1.);
#7483 = CIRCLE('',#7484,2.45);
#7484 = AXIS2_PLACEMENT_3D('',#7485,#7486,#7487);
#7485 = CARTESIAN_POINT('',(-38.1,-127.,6.));
#7486 = DIRECTION('',(0.,0.,-1.));
#7487 = DIRECTION('',(-1.,0.,0.));
#7488 = PCURVE('',#100,#7489);
#7489 = DEFINITIONAL_REPRESENTATION('',(#7490),#7498);
#7490 = ( BOUNDED_CURVE() B_SPLINE_CURVE(2,(#7491,#7492,#7493,#7494,
#7495,#7496,#7497),.UNSPECIFIED.,.T.,.F.) B_SPLINE_CURVE_WITH_KNOTS((1,2
    ,2,2,2,1),(-2.094395102393,0.,2.094395102393,4.188790204786,
6.28318530718,8.377580409573),.UNSPECIFIED.) CURVE() 
GEOMETRIC_REPRESENTATION_ITEM() RATIONAL_B_SPLINE_CURVE((1.,0.5,1.,0.5,
1.,0.5,1.)) REPRESENTATION_ITEM('') );
#7491 = CARTESIAN_POINT('',(-40.55,-127.));
#7492 = CARTESIAN_POINT('',(-40.55,-122.7564755214));
#7493 = CARTESIAN_POINT('',(-36.875,-124.8782377607));
#7494 = CARTESIAN_POINT('',(-33.2,-127.));
#7495 = CARTESIAN_POINT('',(-36.875,-129.1217622392));
#7496 = CARTESIAN_POINT('',(-40.55,-131.2435244785));
#7497 = CARTESIAN_POINT('',(-40.55,-127.));
#7498 = ( GEOMETRIC_REPRESENTATION_CONTEXT(2) 
PARAMETRIC_REPRESENTATION_CONTEXT() REPRESENTATION_CONTEXT('2D SPACE',''
  ) );
#7499 = PCURVE('',#854,#7500);
#7500 = DEFINITIONAL_REPRESENTATION('',(#7501),#7505);
#7501 = LINE('',#7502,#7503);
#7502 = CARTESIAN_POINT('',(0.,0.));
#7503 = VECTOR('',#7504,1.);
#7504 = DIRECTION('',(1.,0.));
#7505 = ( GEOMETRIC_REPRESENTATION_CONTEXT(2) 
PARAMETRIC_REPRESENTATION_CONTEXT() REPRESENTATION_CONTEXT('2D SPACE',''
  ) );
#7506 = FACE_BOUND('',#7507,.T.);
#7507 = EDGE_LOOP('',(#7508));
#7508 = ORIENTED_EDGE('',*,*,#7509,.T.);
#7509 = EDGE_CURVE('',#7510,#7510,#7512,.T.);
#7510 = VERTEX_POINT('',#7511);
#7511 = CARTESIAN_POINT('',(-40.55,-114.3,6.));
#7512 = SURFACE_CURVE('',#7513,(#7518,#7529),.PCURVE_S1.);
#7513 = CIRCLE('',#7514,2.45);
#7514 = AXIS2_PLACEMENT_3D('',#7515,#7516,#7517);
#7515 = CARTESIAN_POINT('',(-38.1,-114.3,6.));
#7516 = DIRECTION('',(0.,0.,-1.));
#7517 = DIRECTION('',(-1.,0.,0.));
#7518 = PCURVE('',#100,#7519);
#7519 = DEFINITIONAL_REPRESENTATION('',(#7520),#7528);
#7520 = ( BOUNDED_CURVE() B_SPLINE_CURVE(2,(#7521,#7522,#7523,#7524,
#7525,#7526,#7527),.UNSPECIFIED.,.T.,.F.) B_SPLINE_CURVE_WITH_KNOTS((1,2
    ,2,2,2,1),(-2.094395102393,0.,2.094395102393,4.188790204786,
6.28318530718,8.377580409573),.UNSPECIFIED.) CURVE() 
GEOMETRIC_REPRESENTATION_ITEM() RATIONAL_B_SPLINE_CURVE((1.,0.5,1.,0.5,
1.,0.5,1.)) REPRESENTATION_ITEM('') );
#7521 = CARTESIAN_POINT('',(-40.55,-114.3));
#7522 = CARTESIAN_POINT('',(-40.55,-110.0564755214));
#7523 = CARTESIAN_POINT('',(-36.875,-112.1782377607));
#7524 = CARTESIAN_POINT('',(-33.2,-114.3));
#7525 = CARTESIAN_POINT('',(-36.875,-116.4217622392));
#7526 = CARTESIAN_POINT('',(-40.55,-118.5435244785));
#7527 = CARTESIAN_POINT('',(-40.55,-114.3));
#7528 = ( GEOMETRIC_REPRESENTATION_CONTEXT(2) 
PARAMETRIC_REPRESENTATION_CONTEXT() REPRESENTATION_CONTEXT('2D SPACE',''
  ) );
#7529 = PCURVE('',#889,#7530);
#7530 = DEFINITIONAL_REPRESENTATION('',(#7531),#7535);
#7531 = LINE('',#7532,#7533);
#7532 = CARTESIAN_POINT('',(0.,0.));
#7533 = VECTOR('',#7534,1.);
#7534 = DIRECTION('',(1.,0.));
#7535 = ( GEOMETRIC_REPRESENTATION_CONTEXT(2) 
PARAMETRIC_REPRESENTATION_CONTEXT() REPRESENTATION_CONTEXT('2D SPACE',''
  ) );
#7536 = FACE_BOUND('',#7537,.T.);
#7537 = EDGE_LOOP('',(#7538));
#7538 = ORIENTED_EDGE('',*,*,#7539,.T.);
#7539 = EDGE_CURVE('',#7540,#7540,#7542,.T.);
#7540 = VERTEX_POINT('',#7541);
#7541 = CARTESIAN_POINT('',(-27.85,-127.,6.));
#7542 = SURFACE_CURVE('',#7543,(#7548,#7559),.PCURVE_S1.);
#7543 = CIRCLE('',#7544,2.45);
#7544 = AXIS2_PLACEMENT_3D('',#7545,#7546,#7547);
#7545 = CARTESIAN_POINT('',(-25.4,-127.,6.));
#7546 = DIRECTION('',(0.,0.,-1.));
#7547 = DIRECTION('',(-1.,0.,0.));
#7548 = PCURVE('',#100,#7549);
#7549 = DEFINITIONAL_REPRESENTATION('',(#7550),#7558);
#7550 = ( BOUNDED_CURVE() B_SPLINE_CURVE(2,(#7551,#7552,#7553,#7554,
#7555,#7556,#7557),.UNSPECIFIED.,.T.,.F.) B_SPLINE_CURVE_WITH_KNOTS((1,2
    ,2,2,2,1),(-2.094395102393,0.,2.094395102393,4.188790204786,
6.28318530718,8.377580409573),.UNSPECIFIED.) CURVE() 
GEOMETRIC_REPRESENTATION_ITEM() RATIONAL_B_SPLINE_CURVE((1.,0.5,1.,0.5,
1.,0.5,1.)) REPRESENTATION_ITEM('') );
#7551 = CARTESIAN_POINT('',(-27.85,-127.));
#7552 = CARTESIAN_POINT('',(-27.85,-122.7564755214));
#7553 = CARTESIAN_POINT('',(-24.175,-124.8782377607));
#7554 = CARTESIAN_POINT('',(-20.5,-127.));
#7555 = CARTESIAN_POINT('',(-24.175,-129.1217622392));
#7556 = CARTESIAN_POINT('',(-27.85,-131.2435244785));
#7557 = CARTESIAN_POINT('',(-27.85,-127.));
#7558 = ( GEOMETRIC_REPRESENTATION_CONTEXT(2) 
PARAMETRIC_REPRESENTATION_CONTEXT() REPRESENTATION_CONTEXT('2D SPACE',''
  ) );
#7559 = PCURVE('',#924,#7560);
#7560 = DEFINITIONAL_REPRESENTATION('',(#7561),#7565);
#7561 = LINE('',#7562,#7563);
#7562 = CARTESIAN_POINT('',(0.,0.));
#7563 = VECTOR('',#7564,1.);
#7564 = DIRECTION('',(1.,0.));
#7565 = ( GEOMETRIC_REPRESENTATION_CONTEXT(2) 
PARAMETRIC_REPRESENTATION_CONTEXT() REPRESENTATION_CONTEXT('2D SPACE',''
  ) );
#7566 = FACE_BOUND('',#7567,.T.);
#7567 = EDGE_LOOP('',(#7568));
#7568 = ORIENTED_EDGE('',*,*,#7569,.T.);
#7569 = EDGE_CURVE('',#7570,#7570,#7572,.T.);
#7570 = VERTEX_POINT('',#7571);
#7571 = CARTESIAN_POINT('',(-27.85,-114.3,6.));
#7572 = SURFACE_CURVE('',#7573,(#7578,#7589),.PCURVE_S1.);
#7573 = CIRCLE('',#7574,2.45);
#7574 = AXIS2_PLACEMENT_3D('',#7575,#7576,#7577);
#7575 = CARTESIAN_POINT('',(-25.4,-114.3,6.));
#7576 = DIRECTION('',(0.,0.,-1.));
#7577 = DIRECTION('',(-1.,0.,0.));
#7578 = PCURVE('',#100,#7579);
#7579 = DEFINITIONAL_REPRESENTATION('',(#7580),#7588);
#7580 = ( BOUNDED_CURVE() B_SPLINE_CURVE(2,(#7581,#7582,#7583,#7584,
#7585,#7586,#7587),.UNSPECIFIED.,.T.,.F.) B_SPLINE_CURVE_WITH_KNOTS((1,2
    ,2,2,2,1),(-2.094395102393,0.,2.094395102393,4.188790204786,
6.28318530718,8.377580409573),.UNSPECIFIED.) CURVE() 
GEOMETRIC_REPRESENTATION_ITEM() RATIONAL_B_SPLINE_CURVE((1.,0.5,1.,0.5,
1.,0.5,1.)) REPRESENTATION_ITEM('') );
#7581 = CARTESIAN_POINT('',(-27.85,-114.3));
#7582 = CARTESIAN_POINT('',(-27.85,-110.0564755214));
#7583 = CARTESIAN_POINT('',(-24.175,-112.1782377607));
#7584 = CARTESIAN_POINT('',(-20.5,-114.3));
#7585 = CARTESIAN_POINT('',(-24.175,-116.4217622392));
#7586 = CARTESIAN_POINT('',(-27.85,-118.5435244785));
#7587 = CARTESIAN_POINT('',(-27.85,-114.3));
#7588 = ( GEOMETRIC_REPRESENTATION_CONTEXT(2) 
PARAMETRIC_REPRESENTATION_CONTEXT() REPRESENTATION_CONTEXT('2D SPACE',''
  ) );
#7589 = PCURVE('',#959,#7590);
#7590 = DEFINITIONAL_REPRESENTATION('',(#7591),#7595);
#7591 = LINE('',#7592,#7593);
#7592 = CARTESIAN_POINT('',(0.,0.));
#7593 = VECTOR('',#7594,1.);
#7594 = DIRECTION('',(1.,0.));
#7595 = ( GEOMETRIC_REPRESENTATION_CONTEXT(2) 
PARAMETRIC_REPRESENTATION_CONTEXT() REPRESENTATION_CONTEXT('2D SPACE',''
  ) );
#7596 = FACE_BOUND('',#7597,.T.);
#7597 = EDGE_LOOP('',(#7598));
#7598 = ORIENTED_EDGE('',*,*,#7599,.T.);
#7599 = EDGE_CURVE('',#7600,#7600,#7602,.T.);
#7600 = VERTEX_POINT('',#7601);
#7601 = CARTESIAN_POINT('',(-40.55,-101.6,6.));
#7602 = SURFACE_CURVE('',#7603,(#7608,#7619),.PCURVE_S1.);
#7603 = CIRCLE('',#7604,2.45);
#7604 = AXIS2_PLACEMENT_3D('',#7605,#7606,#7607);
#7605 = CARTESIAN_POINT('',(-38.1,-101.6,6.));
#7606 = DIRECTION('',(0.,0.,-1.));
#7607 = DIRECTION('',(-1.,0.,0.));
#7608 = PCURVE('',#100,#7609);
#7609 = DEFINITIONAL_REPRESENTATION('',(#7610),#7618);
#7610 = ( BOUNDED_CURVE() B_SPLINE_CURVE(2,(#7611,#7612,#7613,#7614,
#7615,#7616,#7617),.UNSPECIFIED.,.T.,.F.) B_SPLINE_CURVE_WITH_KNOTS((1,2
    ,2,2,2,1),(-2.094395102393,0.,2.094395102393,4.188790204786,
6.28318530718,8.377580409573),.UNSPECIFIED.) CURVE() 
GEOMETRIC_REPRESENTATION_ITEM() RATIONAL_B_SPLINE_CURVE((1.,0.5,1.,0.5,
1.,0.5,1.)) REPRESENTATION_ITEM('') );
#7611 = CARTESIAN_POINT('',(-40.55,-101.6));
#7612 = CARTESIAN_POINT('',(-40.55,-97.35647552145));
#7613 = CARTESIAN_POINT('',(-36.875,-99.47823776072));
#7614 = CARTESIAN_POINT('',(-33.2,-101.6));
#7615 = CARTESIAN_POINT('',(-36.875,-103.7217622392));
#7616 = CARTESIAN_POINT('',(-40.55,-105.8435244785));
#7617 = CARTESIAN_POINT('',(-40.55,-101.6));
#7618 = ( GEOMETRIC_REPRESENTATION_CONTEXT(2) 
PARAMETRIC_REPRESENTATION_CONTEXT() REPRESENTATION_CONTEXT('2D SPACE',''
  ) );
#7619 = PCURVE('',#994,#7620);
#7620 = DEFINITIONAL_REPRESENTATION('',(#7621),#7625);
#7621 = LINE('',#7622,#7623);
#7622 = CARTESIAN_POINT('',(0.,0.));
#7623 = VECTOR('',#7624,1.);
#7624 = DIRECTION('',(1.,0.));
#7625 = ( GEOMETRIC_REPRESENTATION_CONTEXT(2) 
PARAMETRIC_REPRESENTATION_CONTEXT() REPRESENTATION_CONTEXT('2D SPACE',''
  ) );
#7626 = FACE_BOUND('',#7627,.T.);
#7627 = EDGE_LOOP('',(#7628));
#7628 = ORIENTED_EDGE('',*,*,#7629,.T.);
#7629 = EDGE_CURVE('',#7630,#7630,#7632,.T.);
#7630 = VERTEX_POINT('',#7631);
#7631 = CARTESIAN_POINT('',(-27.85,-101.6,6.));
#7632 = SURFACE_CURVE('',#7633,(#7638,#7649),.PCURVE_S1.);
#7633 = CIRCLE('',#7634,2.45);
#7634 = AXIS2_PLACEMENT_3D('',#7635,#7636,#7637);
#7635 = CARTESIAN_POINT('',(-25.4,-101.6,6.));
#7636 = DIRECTION('',(0.,0.,-1.));
#7637 = DIRECTION('',(-1.,0.,0.));
#7638 = PCURVE('',#100,#7639);
#7639 = DEFINITIONAL_REPRESENTATION('',(#7640),#7648);
#7640 = ( BOUNDED_CURVE() B_SPLINE_CURVE(2,(#7641,#7642,#7643,#7644,
#7645,#7646,#7647),.UNSPECIFIED.,.T.,.F.) B_SPLINE_CURVE_WITH_KNOTS((1,2
    ,2,2,2,1),(-2.094395102393,0.,2.094395102393,4.188790204786,
6.28318530718,8.377580409573),.UNSPECIFIED.) CURVE() 
GEOMETRIC_REPRESENTATION_ITEM() RATIONAL_B_SPLINE_CURVE((1.,0.5,1.,0.5,
1.,0.5,1.)) REPRESENTATION_ITEM('') );
#7641 = CARTESIAN_POINT('',(-27.85,-101.6));
#7642 = CARTESIAN_POINT('',(-27.85,-97.35647552145));
#7643 = CARTESIAN_POINT('',(-24.175,-99.47823776072));
#7644 = CARTESIAN_POINT('',(-20.5,-101.6));
#7645 = CARTESIAN_POINT('',(-24.175,-103.7217622392));
#7646 = CARTESIAN_POINT('',(-27.85,-105.8435244785));
#7647 = CARTESIAN_POINT('',(-27.85,-101.6));
#7648 = ( GEOMETRIC_REPRESENTATION_CONTEXT(2) 
PARAMETRIC_REPRESENTATION_CONTEXT() REPRESENTATION_CONTEXT('2D SPACE',''
  ) );
#7649 = PCURVE('',#1029,#7650);
#7650 = DEFINITIONAL_REPRESENTATION('',(#7651),#7655);
#7651 = LINE('',#7652,#7653);
#7652 = CARTESIAN_POINT('',(0.,0.));
#7653 = VECTOR('',#7654,1.);
#7654 = DIRECTION('',(1.,0.));
#7655 = ( GEOMETRIC_REPRESENTATION_CONTEXT(2) 
PARAMETRIC_REPRESENTATION_CONTEXT() REPRESENTATION_CONTEXT('2D SPACE',''
  ) );
#7656 = FACE_BOUND('',#7657,.T.);
#7657 = EDGE_LOOP('',(#7658));
#7658 = ORIENTED_EDGE('',*,*,#7659,.T.);
#7659 = EDGE_CURVE('',#7660,#7660,#7662,.T.);
#7660 = VERTEX_POINT('',#7661);
#7661 = CARTESIAN_POINT('',(-15.15,-127.,6.));
#7662 = SURFACE_CURVE('',#7663,(#7668,#7679),.PCURVE_S1.);
#7663 = CIRCLE('',#7664,2.45);
#7664 = AXIS2_PLACEMENT_3D('',#7665,#7666,#7667);
#7665 = CARTESIAN_POINT('',(-12.7,-127.,6.));
#7666 = DIRECTION('',(0.,0.,-1.));
#7667 = DIRECTION('',(-1.,0.,0.));
#7668 = PCURVE('',#100,#7669);
#7669 = DEFINITIONAL_REPRESENTATION('',(#7670),#7678);
#7670 = ( BOUNDED_CURVE() B_SPLINE_CURVE(2,(#7671,#7672,#7673,#7674,
#7675,#7676,#7677),.UNSPECIFIED.,.T.,.F.) B_SPLINE_CURVE_WITH_KNOTS((1,2
    ,2,2,2,1),(-2.094395102393,0.,2.094395102393,4.188790204786,
6.28318530718,8.377580409573),.UNSPECIFIED.) CURVE() 
GEOMETRIC_REPRESENTATION_ITEM() RATIONAL_B_SPLINE_CURVE((1.,0.5,1.,0.5,
1.,0.5,1.)) REPRESENTATION_ITEM('') );
#7671 = CARTESIAN_POINT('',(-15.15,-127.));
#7672 = CARTESIAN_POINT('',(-15.15,-122.7564755214));
#7673 = CARTESIAN_POINT('',(-11.475,-124.8782377607));
#7674 = CARTESIAN_POINT('',(-7.8,-127.));
#7675 = CARTESIAN_POINT('',(-11.475,-129.1217622392));
#7676 = CARTESIAN_POINT('',(-15.15,-131.2435244785));
#7677 = CARTESIAN_POINT('',(-15.15,-127.));
#7678 = ( GEOMETRIC_REPRESENTATION_CONTEXT(2) 
PARAMETRIC_REPRESENTATION_CONTEXT() REPRESENTATION_CONTEXT('2D SPACE',''
  ) );
#7679 = PCURVE('',#1064,#7680);
#7680 = DEFINITIONAL_REPRESENTATION('',(#7681),#7685);
#7681 = LINE('',#7682,#7683);
#7682 = CARTESIAN_POINT('',(0.,0.));
#7683 = VECTOR('',#7684,1.);
#7684 = DIRECTION('',(1.,0.));
#7685 = ( GEOMETRIC_REPRESENTATION_CONTEXT(2) 
PARAMETRIC_REPRESENTATION_CONTEXT() REPRESENTATION_CONTEXT('2D SPACE',''
  ) );
#7686 = FACE_BOUND('',#7687,.T.);
#7687 = EDGE_LOOP('',(#7688));
#7688 = ORIENTED_EDGE('',*,*,#7689,.T.);
#7689 = EDGE_CURVE('',#7690,#7690,#7692,.T.);
#7690 = VERTEX_POINT('',#7691);
#7691 = CARTESIAN_POINT('',(-15.15,-114.3,6.));
#7692 = SURFACE_CURVE('',#7693,(#7698,#7709),.PCURVE_S1.);
#7693 = CIRCLE('',#7694,2.45);
#7694 = AXIS2_PLACEMENT_3D('',#7695,#7696,#7697);
#7695 = CARTESIAN_POINT('',(-12.7,-114.3,6.));
#7696 = DIRECTION('',(0.,0.,-1.));
#7697 = DIRECTION('',(-1.,0.,0.));
#7698 = PCURVE('',#100,#7699);
#7699 = DEFINITIONAL_REPRESENTATION('',(#7700),#7708);
#7700 = ( BOUNDED_CURVE() B_SPLINE_CURVE(2,(#7701,#7702,#7703,#7704,
#7705,#7706,#7707),.UNSPECIFIED.,.T.,.F.) B_SPLINE_CURVE_WITH_KNOTS((1,2
    ,2,2,2,1),(-2.094395102393,0.,2.094395102393,4.188790204786,
6.28318530718,8.377580409573),.UNSPECIFIED.) CURVE() 
GEOMETRIC_REPRESENTATION_ITEM() RATIONAL_B_SPLINE_CURVE((1.,0.5,1.,0.5,
1.,0.5,1.)) REPRESENTATION_ITEM('') );
#7701 = CARTESIAN_POINT('',(-15.15,-114.3));
#7702 = CARTESIAN_POINT('',(-15.15,-110.0564755214));
#7703 = CARTESIAN_POINT('',(-11.475,-112.1782377607));
#7704 = CARTESIAN_POINT('',(-7.8,-114.3));
#7705 = CARTESIAN_POINT('',(-11.475,-116.4217622392));
#7706 = CARTESIAN_POINT('',(-15.15,-118.5435244785));
#7707 = CARTESIAN_POINT('',(-15.15,-114.3));
#7708 = ( GEOMETRIC_REPRESENTATION_CONTEXT(2) 
PARAMETRIC_REPRESENTATION_CONTEXT() REPRESENTATION_CONTEXT('2D SPACE',''
  ) );
#7709 = PCURVE('',#1099,#7710);
#7710 = DEFINITIONAL_REPRESENTATION('',(#7711),#7715);
#7711 = LINE('',#7712,#7713);
#7712 = CARTESIAN_POINT('',(0.,0.));
#7713 = VECTOR('',#7714,1.);
#7714 = DIRECTION('',(1.,0.));
#7715 = ( GEOMETRIC_REPRESENTATION_CONTEXT(2) 
PARAMETRIC_REPRESENTATION_CONTEXT() REPRESENTATION_CONTEXT('2D SPACE',''
  ) );
#7716 = FACE_BOUND('',#7717,.T.);
#7717 = EDGE_LOOP('',(#7718));
#7718 = ORIENTED_EDGE('',*,*,#7719,.T.);
#7719 = EDGE_CURVE('',#7720,#7720,#7722,.T.);
#7720 = VERTEX_POINT('',#7721);
#7721 = CARTESIAN_POINT('',(-15.15,-101.6,6.));
#7722 = SURFACE_CURVE('',#7723,(#7728,#7739),.PCURVE_S1.);
#7723 = CIRCLE('',#7724,2.45);
#7724 = AXIS2_PLACEMENT_3D('',#7725,#7726,#7727);
#7725 = CARTESIAN_POINT('',(-12.7,-101.6,6.));
#7726 = DIRECTION('',(0.,0.,-1.));
#7727 = DIRECTION('',(-1.,0.,0.));
#7728 = PCURVE('',#100,#7729);
#7729 = DEFINITIONAL_REPRESENTATION('',(#7730),#7738);
#7730 = ( BOUNDED_CURVE() B_SPLINE_CURVE(2,(#7731,#7732,#7733,#7734,
#7735,#7736,#7737),.UNSPECIFIED.,.T.,.F.) B_SPLINE_CURVE_WITH_KNOTS((1,2
    ,2,2,2,1),(-2.094395102393,0.,2.094395102393,4.188790204786,
6.28318530718,8.377580409573),.UNSPECIFIED.) CURVE() 
GEOMETRIC_REPRESENTATION_ITEM() RATIONAL_B_SPLINE_CURVE((1.,0.5,1.,0.5,
1.,0.5,1.)) REPRESENTATION_ITEM('') );
#7731 = CARTESIAN_POINT('',(-15.15,-101.6));
#7732 = CARTESIAN_POINT('',(-15.15,-97.35647552145));
#7733 = CARTESIAN_POINT('',(-11.475,-99.47823776072));
#7734 = CARTESIAN_POINT('',(-7.8,-101.6));
#7735 = CARTESIAN_POINT('',(-11.475,-103.7217622392));
#7736 = CARTESIAN_POINT('',(-15.15,-105.8435244785));
#7737 = CARTESIAN_POINT('',(-15.15,-101.6));
#7738 = ( GEOMETRIC_REPRESENTATION_CONTEXT(2) 
PARAMETRIC_REPRESENTATION_CONTEXT() REPRESENTATION_CONTEXT('2D SPACE',''
  ) );
#7739 = PCURVE('',#1134,#7740);
#7740 = DEFINITIONAL_REPRESENTATION('',(#7741),#7745);
#7741 = LINE('',#7742,#7743);
#7742 = CARTESIAN_POINT('',(0.,0.));
#7743 = VECTOR('',#7744,1.);
#7744 = DIRECTION('',(1.,0.));
#7745 = ( GEOMETRIC_REPRESENTATION_CONTEXT(2) 
PARAMETRIC_REPRESENTATION_CONTEXT() REPRESENTATION_CONTEXT('2D SPACE',''
  ) );
#7746 = FACE_BOUND('',#7747,.T.);
#7747 = EDGE_LOOP('',(#7748));
#7748 = ORIENTED_EDGE('',*,*,#7749,.T.);
#7749 = EDGE_CURVE('',#7750,#7750,#7752,.T.);
#7750 = VERTEX_POINT('',#7751);
#7751 = CARTESIAN_POINT('',(-40.55,-88.9,6.));
#7752 = SURFACE_CURVE('',#7753,(#7758,#7769),.PCURVE_S1.);
#7753 = CIRCLE('',#7754,2.45);
#7754 = AXIS2_PLACEMENT_3D('',#7755,#7756,#7757);
#7755 = CARTESIAN_POINT('',(-38.1,-88.9,6.));
#7756 = DIRECTION('',(0.,0.,-1.));
#7757 = DIRECTION('',(-1.,0.,0.));
#7758 = PCURVE('',#100,#7759);
#7759 = DEFINITIONAL_REPRESENTATION('',(#7760),#7768);
#7760 = ( BOUNDED_CURVE() B_SPLINE_CURVE(2,(#7761,#7762,#7763,#7764,
#7765,#7766,#7767),.UNSPECIFIED.,.T.,.F.) B_SPLINE_CURVE_WITH_KNOTS((1,2
    ,2,2,2,1),(-2.094395102393,0.,2.094395102393,4.188790204786,
6.28318530718,8.377580409573),.UNSPECIFIED.) CURVE() 
GEOMETRIC_REPRESENTATION_ITEM() RATIONAL_B_SPLINE_CURVE((1.,0.5,1.,0.5,
1.,0.5,1.)) REPRESENTATION_ITEM('') );
#7761 = CARTESIAN_POINT('',(-40.55,-88.9));
#7762 = CARTESIAN_POINT('',(-40.55,-84.65647552145));
#7763 = CARTESIAN_POINT('',(-36.875,-86.77823776072));
#7764 = CARTESIAN_POINT('',(-33.2,-88.9));
#7765 = CARTESIAN_POINT('',(-36.875,-91.02176223927));
#7766 = CARTESIAN_POINT('',(-40.55,-93.14352447854));
#7767 = CARTESIAN_POINT('',(-40.55,-88.9));
#7768 = ( GEOMETRIC_REPRESENTATION_CONTEXT(2) 
PARAMETRIC_REPRESENTATION_CONTEXT() REPRESENTATION_CONTEXT('2D SPACE',''
  ) );
#7769 = PCURVE('',#1169,#7770);
#7770 = DEFINITIONAL_REPRESENTATION('',(#7771),#7775);
#7771 = LINE('',#7772,#7773);
#7772 = CARTESIAN_POINT('',(0.,0.));
#7773 = VECTOR('',#7774,1.);
#7774 = DIRECTION('',(1.,0.));
#7775 = ( GEOMETRIC_REPRESENTATION_CONTEXT(2) 
PARAMETRIC_REPRESENTATION_CONTEXT() REPRESENTATION_CONTEXT('2D SPACE',''
  ) );
#7776 = FACE_BOUND('',#7777,.T.);
#7777 = EDGE_LOOP('',(#7778));
#7778 = ORIENTED_EDGE('',*,*,#7779,.T.);
#7779 = EDGE_CURVE('',#7780,#7780,#7782,.T.);
#7780 = VERTEX_POINT('',#7781);
#7781 = CARTESIAN_POINT('',(-27.85,-88.9,6.));
#7782 = SURFACE_CURVE('',#7783,(#7788,#7799),.PCURVE_S1.);
#7783 = CIRCLE('',#7784,2.45);
#7784 = AXIS2_PLACEMENT_3D('',#7785,#7786,#7787);
#7785 = CARTESIAN_POINT('',(-25.4,-88.9,6.));
#7786 = DIRECTION('',(0.,0.,-1.));
#7787 = DIRECTION('',(-1.,0.,0.));
#7788 = PCURVE('',#100,#7789);
#7789 = DEFINITIONAL_REPRESENTATION('',(#7790),#7798);
#7790 = ( BOUNDED_CURVE() B_SPLINE_CURVE(2,(#7791,#7792,#7793,#7794,
#7795,#7796,#7797),.UNSPECIFIED.,.T.,.F.) B_SPLINE_CURVE_WITH_KNOTS((1,2
    ,2,2,2,1),(-2.094395102393,0.,2.094395102393,4.188790204786,
6.28318530718,8.377580409573),.UNSPECIFIED.) CURVE() 
GEOMETRIC_REPRESENTATION_ITEM() RATIONAL_B_SPLINE_CURVE((1.,0.5,1.,0.5,
1.,0.5,1.)) REPRESENTATION_ITEM('') );
#7791 = CARTESIAN_POINT('',(-27.85,-88.9));
#7792 = CARTESIAN_POINT('',(-27.85,-84.65647552145));
#7793 = CARTESIAN_POINT('',(-24.175,-86.77823776072));
#7794 = CARTESIAN_POINT('',(-20.5,-88.9));
#7795 = CARTESIAN_POINT('',(-24.175,-91.02176223927));
#7796 = CARTESIAN_POINT('',(-27.85,-93.14352447854));
#7797 = CARTESIAN_POINT('',(-27.85,-88.9));
#7798 = ( GEOMETRIC_REPRESENTATION_CONTEXT(2) 
PARAMETRIC_REPRESENTATION_CONTEXT() REPRESENTATION_CONTEXT('2D SPACE',''
  ) );
#7799 = PCURVE('',#1204,#7800);
#7800 = DEFINITIONAL_REPRESENTATION('',(#7801),#7805);
#7801 = LINE('',#7802,#7803);
#7802 = CARTESIAN_POINT('',(0.,0.));
#7803 = VECTOR('',#7804,1.);
#7804 = DIRECTION('',(1.,0.));
#7805 = ( GEOMETRIC_REPRESENTATION_CONTEXT(2) 
PARAMETRIC_REPRESENTATION_CONTEXT() REPRESENTATION_CONTEXT('2D SPACE',''
  ) );
#7806 = FACE_BOUND('',#7807,.T.);
#7807 = EDGE_LOOP('',(#7808));
#7808 = ORIENTED_EDGE('',*,*,#7809,.T.);
#7809 = EDGE_CURVE('',#7810,#7810,#7812,.T.);
#7810 = VERTEX_POINT('',#7811);
#7811 = CARTESIAN_POINT('',(-15.15,-88.9,6.));
#7812 = SURFACE_CURVE('',#7813,(#7818,#7829),.PCURVE_S1.);
#7813 = CIRCLE('',#7814,2.45);
#7814 = AXIS2_PLACEMENT_3D('',#7815,#7816,#7817);
#7815 = CARTESIAN_POINT('',(-12.7,-88.9,6.));
#7816 = DIRECTION('',(0.,0.,-1.));
#7817 = DIRECTION('',(-1.,0.,0.));
#7818 = PCURVE('',#100,#7819);
#7819 = DEFINITIONAL_REPRESENTATION('',(#7820),#7828);
#7820 = ( BOUNDED_CURVE() B_SPLINE_CURVE(2,(#7821,#7822,#7823,#7824,
#7825,#7826,#7827),.UNSPECIFIED.,.T.,.F.) B_SPLINE_CURVE_WITH_KNOTS((1,2
    ,2,2,2,1),(-2.094395102393,0.,2.094395102393,4.188790204786,
6.28318530718,8.377580409573),.UNSPECIFIED.) CURVE() 
GEOMETRIC_REPRESENTATION_ITEM() RATIONAL_B_SPLINE_CURVE((1.,0.5,1.,0.5,
1.,0.5,1.)) REPRESENTATION_ITEM('') );
#7821 = CARTESIAN_POINT('',(-15.15,-88.9));
#7822 = CARTESIAN_POINT('',(-15.15,-84.65647552145));
#7823 = CARTESIAN_POINT('',(-11.475,-86.77823776072));
#7824 = CARTESIAN_POINT('',(-7.8,-88.9));
#7825 = CARTESIAN_POINT('',(-11.475,-91.02176223927));
#7826 = CARTESIAN_POINT('',(-15.15,-93.14352447854));
#7827 = CARTESIAN_POINT('',(-15.15,-88.9));
#7828 = ( GEOMETRIC_REPRESENTATION_CONTEXT(2) 
PARAMETRIC_REPRESENTATION_CONTEXT() REPRESENTATION_CONTEXT('2D SPACE',''
  ) );
#7829 = PCURVE('',#1239,#7830);
#7830 = DEFINITIONAL_REPRESENTATION('',(#7831),#7835);
#7831 = LINE('',#7832,#7833);
#7832 = CARTESIAN_POINT('',(0.,0.));
#7833 = VECTOR('',#7834,1.);
#7834 = DIRECTION('',(1.,0.));
#7835 = ( GEOMETRIC_REPRESENTATION_CONTEXT(2) 
PARAMETRIC_REPRESENTATION_CONTEXT() REPRESENTATION_CONTEXT('2D SPACE',''
  ) );
#7836 = FACE_BOUND('',#7837,.T.);
#7837 = EDGE_LOOP('',(#7838));
#7838 = ORIENTED_EDGE('',*,*,#7839,.T.);
#7839 = EDGE_CURVE('',#7840,#7840,#7842,.T.);
#7840 = VERTEX_POINT('',#7841);
#7841 = CARTESIAN_POINT('',(-91.35,-63.5,6.));
#7842 = SURFACE_CURVE('',#7843,(#7848,#7859),.PCURVE_S1.);
#7843 = CIRCLE('',#7844,2.45);
#7844 = AXIS2_PLACEMENT_3D('',#7845,#7846,#7847);
#7845 = CARTESIAN_POINT('',(-88.9,-63.5,6.));
#7846 = DIRECTION('',(0.,0.,-1.));
#7847 = DIRECTION('',(-1.,0.,0.));
#7848 = PCURVE('',#100,#7849);
#7849 = DEFINITIONAL_REPRESENTATION('',(#7850),#7858);
#7850 = ( BOUNDED_CURVE() B_SPLINE_CURVE(2,(#7851,#7852,#7853,#7854,
#7855,#7856,#7857),.UNSPECIFIED.,.T.,.F.) B_SPLINE_CURVE_WITH_KNOTS((1,2
    ,2,2,2,1),(-2.094395102393,0.,2.094395102393,4.188790204786,
6.28318530718,8.377580409573),.UNSPECIFIED.) CURVE() 
GEOMETRIC_REPRESENTATION_ITEM() RATIONAL_B_SPLINE_CURVE((1.,0.5,1.,0.5,
1.,0.5,1.)) REPRESENTATION_ITEM('') );
#7851 = CARTESIAN_POINT('',(-91.35,-63.5));
#7852 = CARTESIAN_POINT('',(-91.35,-59.25647552145));
#7853 = CARTESIAN_POINT('',(-87.675,-61.37823776072));
#7854 = CARTESIAN_POINT('',(-84.,-63.5));
#7855 = CARTESIAN_POINT('',(-87.675,-65.62176223927));
#7856 = CARTESIAN_POINT('',(-91.35,-67.74352447854));
#7857 = CARTESIAN_POINT('',(-91.35,-63.5));
#7858 = ( GEOMETRIC_REPRESENTATION_CONTEXT(2) 
PARAMETRIC_REPRESENTATION_CONTEXT() REPRESENTATION_CONTEXT('2D SPACE',''
  ) );
#7859 = PCURVE('',#1274,#7860);
#7860 = DEFINITIONAL_REPRESENTATION('',(#7861),#7865);
#7861 = LINE('',#7862,#7863);
#7862 = CARTESIAN_POINT('',(0.,0.));
#7863 = VECTOR('',#7864,1.);
#7864 = DIRECTION('',(1.,0.));
#7865 = ( GEOMETRIC_REPRESENTATION_CONTEXT(2) 
PARAMETRIC_REPRESENTATION_CONTEXT() REPRESENTATION_CONTEXT('2D SPACE',''
  ) );
#7866 = FACE_BOUND('',#7867,.T.);
#7867 = EDGE_LOOP('',(#7868));
#7868 = ORIENTED_EDGE('',*,*,#7869,.T.);
#7869 = EDGE_CURVE('',#7870,#7870,#7872,.T.);
#7870 = VERTEX_POINT('',#7871);
#7871 = CARTESIAN_POINT('',(-91.35,-50.8,6.));
#7872 = SURFACE_CURVE('',#7873,(#7878,#7889),.PCURVE_S1.);
#7873 = CIRCLE('',#7874,2.45);
#7874 = AXIS2_PLACEMENT_3D('',#7875,#7876,#7877);
#7875 = CARTESIAN_POINT('',(-88.9,-50.8,6.));
#7876 = DIRECTION('',(0.,0.,-1.));
#7877 = DIRECTION('',(-1.,0.,0.));
#7878 = PCURVE('',#100,#7879);
#7879 = DEFINITIONAL_REPRESENTATION('',(#7880),#7888);
#7880 = ( BOUNDED_CURVE() B_SPLINE_CURVE(2,(#7881,#7882,#7883,#7884,
#7885,#7886,#7887),.UNSPECIFIED.,.T.,.F.) B_SPLINE_CURVE_WITH_KNOTS((1,2
    ,2,2,2,1),(-2.094395102393,0.,2.094395102393,4.188790204786,
6.28318530718,8.377580409573),.UNSPECIFIED.) CURVE() 
GEOMETRIC_REPRESENTATION_ITEM() RATIONAL_B_SPLINE_CURVE((1.,0.5,1.,0.5,
1.,0.5,1.)) REPRESENTATION_ITEM('') );
#7881 = CARTESIAN_POINT('',(-91.35,-50.8));
#7882 = CARTESIAN_POINT('',(-91.35,-46.55647552145));
#7883 = CARTESIAN_POINT('',(-87.675,-48.67823776072));
#7884 = CARTESIAN_POINT('',(-84.,-50.8));
#7885 = CARTESIAN_POINT('',(-87.675,-52.92176223927));
#7886 = CARTESIAN_POINT('',(-91.35,-55.04352447854));
#7887 = CARTESIAN_POINT('',(-91.35,-50.8));
#7888 = ( GEOMETRIC_REPRESENTATION_CONTEXT(2) 
PARAMETRIC_REPRESENTATION_CONTEXT() REPRESENTATION_CONTEXT('2D SPACE',''
  ) );
#7889 = PCURVE('',#1309,#7890);
#7890 = DEFINITIONAL_REPRESENTATION('',(#7891),#7895);
#7891 = LINE('',#7892,#7893);
#7892 = CARTESIAN_POINT('',(0.,0.));
#7893 = VECTOR('',#7894,1.);
#7894 = DIRECTION('',(1.,0.));
#7895 = ( GEOMETRIC_REPRESENTATION_CONTEXT(2) 
PARAMETRIC_REPRESENTATION_CONTEXT() REPRESENTATION_CONTEXT('2D SPACE',''
  ) );
#7896 = FACE_BOUND('',#7897,.T.);
#7897 = EDGE_LOOP('',(#7898));
#7898 = ORIENTED_EDGE('',*,*,#7899,.T.);
#7899 = EDGE_CURVE('',#7900,#7900,#7902,.T.);
#7900 = VERTEX_POINT('',#7901);
#7901 = CARTESIAN_POINT('',(-78.65,-63.5,6.));
#7902 = SURFACE_CURVE('',#7903,(#7908,#7919),.PCURVE_S1.);
#7903 = CIRCLE('',#7904,2.45);
#7904 = AXIS2_PLACEMENT_3D('',#7905,#7906,#7907);
#7905 = CARTESIAN_POINT('',(-76.2,-63.5,6.));
#7906 = DIRECTION('',(0.,0.,-1.));
#7907 = DIRECTION('',(-1.,0.,0.));
#7908 = PCURVE('',#100,#7909);
#7909 = DEFINITIONAL_REPRESENTATION('',(#7910),#7918);
#7910 = ( BOUNDED_CURVE() B_SPLINE_CURVE(2,(#7911,#7912,#7913,#7914,
#7915,#7916,#7917),.UNSPECIFIED.,.T.,.F.) B_SPLINE_CURVE_WITH_KNOTS((1,2
    ,2,2,2,1),(-2.094395102393,0.,2.094395102393,4.188790204786,
6.28318530718,8.377580409573),.UNSPECIFIED.) CURVE() 
GEOMETRIC_REPRESENTATION_ITEM() RATIONAL_B_SPLINE_CURVE((1.,0.5,1.,0.5,
1.,0.5,1.)) REPRESENTATION_ITEM('') );
#7911 = CARTESIAN_POINT('',(-78.65,-63.5));
#7912 = CARTESIAN_POINT('',(-78.65,-59.25647552145));
#7913 = CARTESIAN_POINT('',(-74.975,-61.37823776072));
#7914 = CARTESIAN_POINT('',(-71.3,-63.5));
#7915 = CARTESIAN_POINT('',(-74.975,-65.62176223927));
#7916 = CARTESIAN_POINT('',(-78.65,-67.74352447854));
#7917 = CARTESIAN_POINT('',(-78.65,-63.5));
#7918 = ( GEOMETRIC_REPRESENTATION_CONTEXT(2) 
PARAMETRIC_REPRESENTATION_CONTEXT() REPRESENTATION_CONTEXT('2D SPACE',''
  ) );
#7919 = PCURVE('',#1344,#7920);
#7920 = DEFINITIONAL_REPRESENTATION('',(#7921),#7925);
#7921 = LINE('',#7922,#7923);
#7922 = CARTESIAN_POINT('',(0.,0.));
#7923 = VECTOR('',#7924,1.);
#7924 = DIRECTION('',(1.,0.));
#7925 = ( GEOMETRIC_REPRESENTATION_CONTEXT(2) 
PARAMETRIC_REPRESENTATION_CONTEXT() REPRESENTATION_CONTEXT('2D SPACE',''
  ) );
#7926 = FACE_BOUND('',#7927,.T.);
#7927 = EDGE_LOOP('',(#7928));
#7928 = ORIENTED_EDGE('',*,*,#7929,.T.);
#7929 = EDGE_CURVE('',#7930,#7930,#7932,.T.);
#7930 = VERTEX_POINT('',#7931);
#7931 = CARTESIAN_POINT('',(-78.65,-50.8,6.));
#7932 = SURFACE_CURVE('',#7933,(#7938,#7949),.PCURVE_S1.);
#7933 = CIRCLE('',#7934,2.45);
#7934 = AXIS2_PLACEMENT_3D('',#7935,#7936,#7937);
#7935 = CARTESIAN_POINT('',(-76.2,-50.8,6.));
#7936 = DIRECTION('',(0.,0.,-1.));
#7937 = DIRECTION('',(-1.,0.,0.));
#7938 = PCURVE('',#100,#7939);
#7939 = DEFINITIONAL_REPRESENTATION('',(#7940),#7948);
#7940 = ( BOUNDED_CURVE() B_SPLINE_CURVE(2,(#7941,#7942,#7943,#7944,
#7945,#7946,#7947),.UNSPECIFIED.,.T.,.F.) B_SPLINE_CURVE_WITH_KNOTS((1,2
    ,2,2,2,1),(-2.094395102393,0.,2.094395102393,4.188790204786,
6.28318530718,8.377580409573),.UNSPECIFIED.) CURVE() 
GEOMETRIC_REPRESENTATION_ITEM() RATIONAL_B_SPLINE_CURVE((1.,0.5,1.,0.5,
1.,0.5,1.)) REPRESENTATION_ITEM('') );
#7941 = CARTESIAN_POINT('',(-78.65,-50.8));
#7942 = CARTESIAN_POINT('',(-78.65,-46.55647552145));
#7943 = CARTESIAN_POINT('',(-74.975,-48.67823776072));
#7944 = CARTESIAN_POINT('',(-71.3,-50.8));
#7945 = CARTESIAN_POINT('',(-74.975,-52.92176223927));
#7946 = CARTESIAN_POINT('',(-78.65,-55.04352447854));
#7947 = CARTESIAN_POINT('',(-78.65,-50.8));
#7948 = ( GEOMETRIC_REPRESENTATION_CONTEXT(2) 
PARAMETRIC_REPRESENTATION_CONTEXT() REPRESENTATION_CONTEXT('2D SPACE',''
  ) );
#7949 = PCURVE('',#1379,#7950);
#7950 = DEFINITIONAL_REPRESENTATION('',(#7951),#7955);
#7951 = LINE('',#7952,#7953);
#7952 = CARTESIAN_POINT('',(0.,0.));
#7953 = VECTOR('',#7954,1.);
#7954 = DIRECTION('',(1.,0.));
#7955 = ( GEOMETRIC_REPRESENTATION_CONTEXT(2) 
PARAMETRIC_REPRESENTATION_CONTEXT() REPRESENTATION_CONTEXT('2D SPACE',''
  ) );
#7956 = FACE_BOUND('',#7957,.T.);
#7957 = EDGE_LOOP('',(#7958));
#7958 = ORIENTED_EDGE('',*,*,#7959,.T.);
#7959 = EDGE_CURVE('',#7960,#7960,#7962,.T.);
#7960 = VERTEX_POINT('',#7961);
#7961 = CARTESIAN_POINT('',(-91.35,-38.1,6.));
#7962 = SURFACE_CURVE('',#7963,(#7968,#7979),.PCURVE_S1.);
#7963 = CIRCLE('',#7964,2.45);
#7964 = AXIS2_PLACEMENT_3D('',#7965,#7966,#7967);
#7965 = CARTESIAN_POINT('',(-88.9,-38.1,6.));
#7966 = DIRECTION('',(0.,0.,-1.));
#7967 = DIRECTION('',(-1.,0.,0.));
#7968 = PCURVE('',#100,#7969);
#7969 = DEFINITIONAL_REPRESENTATION('',(#7970),#7978);
#7970 = ( BOUNDED_CURVE() B_SPLINE_CURVE(2,(#7971,#7972,#7973,#7974,
#7975,#7976,#7977),.UNSPECIFIED.,.T.,.F.) B_SPLINE_CURVE_WITH_KNOTS((1,2
    ,2,2,2,1),(-2.094395102393,0.,2.094395102393,4.188790204786,
6.28318530718,8.377580409573),.UNSPECIFIED.) CURVE() 
GEOMETRIC_REPRESENTATION_ITEM() RATIONAL_B_SPLINE_CURVE((1.,0.5,1.,0.5,
1.,0.5,1.)) REPRESENTATION_ITEM('') );
#7971 = CARTESIAN_POINT('',(-91.35,-38.1));
#7972 = CARTESIAN_POINT('',(-91.35,-33.85647552145));
#7973 = CARTESIAN_POINT('',(-87.675,-35.97823776072));
#7974 = CARTESIAN_POINT('',(-84.,-38.1));
#7975 = CARTESIAN_POINT('',(-87.675,-40.22176223927));
#7976 = CARTESIAN_POINT('',(-91.35,-42.34352447854));
#7977 = CARTESIAN_POINT('',(-91.35,-38.1));
#7978 = ( GEOMETRIC_REPRESENTATION_CONTEXT(2) 
PARAMETRIC_REPRESENTATION_CONTEXT() REPRESENTATION_CONTEXT('2D SPACE',''
  ) );
#7979 = PCURVE('',#1414,#7980);
#7980 = DEFINITIONAL_REPRESENTATION('',(#7981),#7985);
#7981 = LINE('',#7982,#7983);
#7982 = CARTESIAN_POINT('',(0.,0.));
#7983 = VECTOR('',#7984,1.);
#7984 = DIRECTION('',(1.,0.));
#7985 = ( GEOMETRIC_REPRESENTATION_CONTEXT(2) 
PARAMETRIC_REPRESENTATION_CONTEXT() REPRESENTATION_CONTEXT('2D SPACE',''
  ) );
#7986 = FACE_BOUND('',#7987,.T.);
#7987 = EDGE_LOOP('',(#7988));
#7988 = ORIENTED_EDGE('',*,*,#7989,.T.);
#7989 = EDGE_CURVE('',#7990,#7990,#7992,.T.);
#7990 = VERTEX_POINT('',#7991);
#7991 = CARTESIAN_POINT('',(-78.65,-38.1,6.));
#7992 = SURFACE_CURVE('',#7993,(#7998,#8009),.PCURVE_S1.);
#7993 = CIRCLE('',#7994,2.45);
#7994 = AXIS2_PLACEMENT_3D('',#7995,#7996,#7997);
#7995 = CARTESIAN_POINT('',(-76.2,-38.1,6.));
#7996 = DIRECTION('',(0.,0.,-1.));
#7997 = DIRECTION('',(-1.,0.,0.));
#7998 = PCURVE('',#100,#7999);
#7999 = DEFINITIONAL_REPRESENTATION('',(#8000),#8008);
#8000 = ( BOUNDED_CURVE() B_SPLINE_CURVE(2,(#8001,#8002,#8003,#8004,
#8005,#8006,#8007),.UNSPECIFIED.,.T.,.F.) B_SPLINE_CURVE_WITH_KNOTS((1,2
    ,2,2,2,1),(-2.094395102393,0.,2.094395102393,4.188790204786,
6.28318530718,8.377580409573),.UNSPECIFIED.) CURVE() 
GEOMETRIC_REPRESENTATION_ITEM() RATIONAL_B_SPLINE_CURVE((1.,0.5,1.,0.5,
1.,0.5,1.)) REPRESENTATION_ITEM('') );
#8001 = CARTESIAN_POINT('',(-78.65,-38.1));
#8002 = CARTESIAN_POINT('',(-78.65,-33.85647552145));
#8003 = CARTESIAN_POINT('',(-74.975,-35.97823776072));
#8004 = CARTESIAN_POINT('',(-71.3,-38.1));
#8005 = CARTESIAN_POINT('',(-74.975,-40.22176223927));
#8006 = CARTESIAN_POINT('',(-78.65,-42.34352447854));
#8007 = CARTESIAN_POINT('',(-78.65,-38.1));
#8008 = ( GEOMETRIC_REPRESENTATION_CONTEXT(2) 
PARAMETRIC_REPRESENTATION_CONTEXT() REPRESENTATION_CONTEXT('2D SPACE',''
  ) );
#8009 = PCURVE('',#1449,#8010);
#8010 = DEFINITIONAL_REPRESENTATION('',(#8011),#8015);
#8011 = LINE('',#8012,#8013);
#8012 = CARTESIAN_POINT('',(0.,0.));
#8013 = VECTOR('',#8014,1.);
#8014 = DIRECTION('',(1.,0.));
#8015 = ( GEOMETRIC_REPRESENTATION_CONTEXT(2) 
PARAMETRIC_REPRESENTATION_CONTEXT() REPRESENTATION_CONTEXT('2D SPACE',''
  ) );
#8016 = FACE_BOUND('',#8017,.T.);
#8017 = EDGE_LOOP('',(#8018));
#8018 = ORIENTED_EDGE('',*,*,#8019,.T.);
#8019 = EDGE_CURVE('',#8020,#8020,#8022,.T.);
#8020 = VERTEX_POINT('',#8021);
#8021 = CARTESIAN_POINT('',(-65.95,-63.5,6.));
#8022 = SURFACE_CURVE('',#8023,(#8028,#8039),.PCURVE_S1.);
#8023 = CIRCLE('',#8024,2.45);
#8024 = AXIS2_PLACEMENT_3D('',#8025,#8026,#8027);
#8025 = CARTESIAN_POINT('',(-63.5,-63.5,6.));
#8026 = DIRECTION('',(0.,0.,-1.));
#8027 = DIRECTION('',(-1.,0.,0.));
#8028 = PCURVE('',#100,#8029);
#8029 = DEFINITIONAL_REPRESENTATION('',(#8030),#8038);
#8030 = ( BOUNDED_CURVE() B_SPLINE_CURVE(2,(#8031,#8032,#8033,#8034,
#8035,#8036,#8037),.UNSPECIFIED.,.T.,.F.) B_SPLINE_CURVE_WITH_KNOTS((1,2
    ,2,2,2,1),(-2.094395102393,0.,2.094395102393,4.188790204786,
6.28318530718,8.377580409573),.UNSPECIFIED.) CURVE() 
GEOMETRIC_REPRESENTATION_ITEM() RATIONAL_B_SPLINE_CURVE((1.,0.5,1.,0.5,
1.,0.5,1.)) REPRESENTATION_ITEM('') );
#8031 = CARTESIAN_POINT('',(-65.95,-63.5));
#8032 = CARTESIAN_POINT('',(-65.95,-59.25647552145));
#8033 = CARTESIAN_POINT('',(-62.275,-61.37823776072));
#8034 = CARTESIAN_POINT('',(-58.6,-63.5));
#8035 = CARTESIAN_POINT('',(-62.275,-65.62176223927));
#8036 = CARTESIAN_POINT('',(-65.95,-67.74352447854));
#8037 = CARTESIAN_POINT('',(-65.95,-63.5));
#8038 = ( GEOMETRIC_REPRESENTATION_CONTEXT(2) 
PARAMETRIC_REPRESENTATION_CONTEXT() REPRESENTATION_CONTEXT('2D SPACE',''
  ) );
#8039 = PCURVE('',#1484,#8040);
#8040 = DEFINITIONAL_REPRESENTATION('',(#8041),#8045);
#8041 = LINE('',#8042,#8043);
#8042 = CARTESIAN_POINT('',(0.,0.));
#8043 = VECTOR('',#8044,1.);
#8044 = DIRECTION('',(1.,0.));
#8045 = ( GEOMETRIC_REPRESENTATION_CONTEXT(2) 
PARAMETRIC_REPRESENTATION_CONTEXT() REPRESENTATION_CONTEXT('2D SPACE',''
  ) );
#8046 = FACE_BOUND('',#8047,.T.);
#8047 = EDGE_LOOP('',(#8048));
#8048 = ORIENTED_EDGE('',*,*,#8049,.T.);
#8049 = EDGE_CURVE('',#8050,#8050,#8052,.T.);
#8050 = VERTEX_POINT('',#8051);
#8051 = CARTESIAN_POINT('',(-65.95,-50.8,6.));
#8052 = SURFACE_CURVE('',#8053,(#8058,#8069),.PCURVE_S1.);
#8053 = CIRCLE('',#8054,2.45);
#8054 = AXIS2_PLACEMENT_3D('',#8055,#8056,#8057);
#8055 = CARTESIAN_POINT('',(-63.5,-50.8,6.));
#8056 = DIRECTION('',(0.,0.,-1.));
#8057 = DIRECTION('',(-1.,0.,0.));
#8058 = PCURVE('',#100,#8059);
#8059 = DEFINITIONAL_REPRESENTATION('',(#8060),#8068);
#8060 = ( BOUNDED_CURVE() B_SPLINE_CURVE(2,(#8061,#8062,#8063,#8064,
#8065,#8066,#8067),.UNSPECIFIED.,.T.,.F.) B_SPLINE_CURVE_WITH_KNOTS((1,2
    ,2,2,2,1),(-2.094395102393,0.,2.094395102393,4.188790204786,
6.28318530718,8.377580409573),.UNSPECIFIED.) CURVE() 
GEOMETRIC_REPRESENTATION_ITEM() RATIONAL_B_SPLINE_CURVE((1.,0.5,1.,0.5,
1.,0.5,1.)) REPRESENTATION_ITEM('') );
#8061 = CARTESIAN_POINT('',(-65.95,-50.8));
#8062 = CARTESIAN_POINT('',(-65.95,-46.55647552145));
#8063 = CARTESIAN_POINT('',(-62.275,-48.67823776072));
#8064 = CARTESIAN_POINT('',(-58.6,-50.8));
#8065 = CARTESIAN_POINT('',(-62.275,-52.92176223927));
#8066 = CARTESIAN_POINT('',(-65.95,-55.04352447854));
#8067 = CARTESIAN_POINT('',(-65.95,-50.8));
#8068 = ( GEOMETRIC_REPRESENTATION_CONTEXT(2) 
PARAMETRIC_REPRESENTATION_CONTEXT() REPRESENTATION_CONTEXT('2D SPACE',''
  ) );
#8069 = PCURVE('',#1519,#8070);
#8070 = DEFINITIONAL_REPRESENTATION('',(#8071),#8075);
#8071 = LINE('',#8072,#8073);
#8072 = CARTESIAN_POINT('',(0.,0.));
#8073 = VECTOR('',#8074,1.);
#8074 = DIRECTION('',(1.,0.));
#8075 = ( GEOMETRIC_REPRESENTATION_CONTEXT(2) 
PARAMETRIC_REPRESENTATION_CONTEXT() REPRESENTATION_CONTEXT('2D SPACE',''
  ) );
#8076 = FACE_BOUND('',#8077,.T.);
#8077 = EDGE_LOOP('',(#8078));
#8078 = ORIENTED_EDGE('',*,*,#8079,.T.);
#8079 = EDGE_CURVE('',#8080,#8080,#8082,.T.);
#8080 = VERTEX_POINT('',#8081);
#8081 = CARTESIAN_POINT('',(-65.95,-38.1,6.));
#8082 = SURFACE_CURVE('',#8083,(#8088,#8099),.PCURVE_S1.);
#8083 = CIRCLE('',#8084,2.45);
#8084 = AXIS2_PLACEMENT_3D('',#8085,#8086,#8087);
#8085 = CARTESIAN_POINT('',(-63.5,-38.1,6.));
#8086 = DIRECTION('',(0.,0.,-1.));
#8087 = DIRECTION('',(-1.,0.,0.));
#8088 = PCURVE('',#100,#8089);
#8089 = DEFINITIONAL_REPRESENTATION('',(#8090),#8098);
#8090 = ( BOUNDED_CURVE() B_SPLINE_CURVE(2,(#8091,#8092,#8093,#8094,
#8095,#8096,#8097),.UNSPECIFIED.,.T.,.F.) B_SPLINE_CURVE_WITH_KNOTS((1,2
    ,2,2,2,1),(-2.094395102393,0.,2.094395102393,4.188790204786,
6.28318530718,8.377580409573),.UNSPECIFIED.) CURVE() 
GEOMETRIC_REPRESENTATION_ITEM() RATIONAL_B_SPLINE_CURVE((1.,0.5,1.,0.5,
1.,0.5,1.)) REPRESENTATION_ITEM('') );
#8091 = CARTESIAN_POINT('',(-65.95,-38.1));
#8092 = CARTESIAN_POINT('',(-65.95,-33.85647552145));
#8093 = CARTESIAN_POINT('',(-62.275,-35.97823776072));
#8094 = CARTESIAN_POINT('',(-58.6,-38.1));
#8095 = CARTESIAN_POINT('',(-62.275,-40.22176223927));
#8096 = CARTESIAN_POINT('',(-65.95,-42.34352447854));
#8097 = CARTESIAN_POINT('',(-65.95,-38.1));
#8098 = ( GEOMETRIC_REPRESENTATION_CONTEXT(2) 
PARAMETRIC_REPRESENTATION_CONTEXT() REPRESENTATION_CONTEXT('2D SPACE',''
  ) );
#8099 = PCURVE('',#1554,#8100);
#8100 = DEFINITIONAL_REPRESENTATION('',(#8101),#8105);
#8101 = LINE('',#8102,#8103);
#8102 = CARTESIAN_POINT('',(0.,0.));
#8103 = VECTOR('',#8104,1.);
#8104 = DIRECTION('',(1.,0.));
#8105 = ( GEOMETRIC_REPRESENTATION_CONTEXT(2) 
PARAMETRIC_REPRESENTATION_CONTEXT() REPRESENTATION_CONTEXT('2D SPACE',''
  ) );
#8106 = FACE_BOUND('',#8107,.T.);
#8107 = EDGE_LOOP('',(#8108));
#8108 = ORIENTED_EDGE('',*,*,#8109,.T.);
#8109 = EDGE_CURVE('',#8110,#8110,#8112,.T.);
#8110 = VERTEX_POINT('',#8111);
#8111 = CARTESIAN_POINT('',(-91.35,-25.4,6.));
#8112 = SURFACE_CURVE('',#8113,(#8118,#8129),.PCURVE_S1.);
#8113 = CIRCLE('',#8114,2.45);
#8114 = AXIS2_PLACEMENT_3D('',#8115,#8116,#8117);
#8115 = CARTESIAN_POINT('',(-88.9,-25.4,6.));
#8116 = DIRECTION('',(0.,0.,-1.));
#8117 = DIRECTION('',(-1.,0.,0.));
#8118 = PCURVE('',#100,#8119);
#8119 = DEFINITIONAL_REPRESENTATION('',(#8120),#8128);
#8120 = ( BOUNDED_CURVE() B_SPLINE_CURVE(2,(#8121,#8122,#8123,#8124,
#8125,#8126,#8127),.UNSPECIFIED.,.T.,.F.) B_SPLINE_CURVE_WITH_KNOTS((1,2
    ,2,2,2,1),(-2.094395102393,0.,2.094395102393,4.188790204786,
6.28318530718,8.377580409573),.UNSPECIFIED.) CURVE() 
GEOMETRIC_REPRESENTATION_ITEM() RATIONAL_B_SPLINE_CURVE((1.,0.5,1.,0.5,
1.,0.5,1.)) REPRESENTATION_ITEM('') );
#8121 = CARTESIAN_POINT('',(-91.35,-25.4));
#8122 = CARTESIAN_POINT('',(-91.35,-21.15647552145));
#8123 = CARTESIAN_POINT('',(-87.675,-23.27823776072));
#8124 = CARTESIAN_POINT('',(-84.,-25.4));
#8125 = CARTESIAN_POINT('',(-87.675,-27.52176223927));
#8126 = CARTESIAN_POINT('',(-91.35,-29.64352447854));
#8127 = CARTESIAN_POINT('',(-91.35,-25.4));
#8128 = ( GEOMETRIC_REPRESENTATION_CONTEXT(2) 
PARAMETRIC_REPRESENTATION_CONTEXT() REPRESENTATION_CONTEXT('2D SPACE',''
  ) );
#8129 = PCURVE('',#1589,#8130);
#8130 = DEFINITIONAL_REPRESENTATION('',(#8131),#8135);
#8131 = LINE('',#8132,#8133);
#8132 = CARTESIAN_POINT('',(0.,0.));
#8133 = VECTOR('',#8134,1.);
#8134 = DIRECTION('',(1.,0.));
#8135 = ( GEOMETRIC_REPRESENTATION_CONTEXT(2) 
PARAMETRIC_REPRESENTATION_CONTEXT() REPRESENTATION_CONTEXT('2D SPACE',''
  ) );
#8136 = FACE_BOUND('',#8137,.T.);
#8137 = EDGE_LOOP('',(#8138));
#8138 = ORIENTED_EDGE('',*,*,#8139,.T.);
#8139 = EDGE_CURVE('',#8140,#8140,#8142,.T.);
#8140 = VERTEX_POINT('',#8141);
#8141 = CARTESIAN_POINT('',(-78.65,-25.4,6.));
#8142 = SURFACE_CURVE('',#8143,(#8148,#8159),.PCURVE_S1.);
#8143 = CIRCLE('',#8144,2.45);
#8144 = AXIS2_PLACEMENT_3D('',#8145,#8146,#8147);
#8145 = CARTESIAN_POINT('',(-76.2,-25.4,6.));
#8146 = DIRECTION('',(0.,0.,-1.));
#8147 = DIRECTION('',(-1.,0.,0.));
#8148 = PCURVE('',#100,#8149);
#8149 = DEFINITIONAL_REPRESENTATION('',(#8150),#8158);
#8150 = ( BOUNDED_CURVE() B_SPLINE_CURVE(2,(#8151,#8152,#8153,#8154,
#8155,#8156,#8157),.UNSPECIFIED.,.T.,.F.) B_SPLINE_CURVE_WITH_KNOTS((1,2
    ,2,2,2,1),(-2.094395102393,0.,2.094395102393,4.188790204786,
6.28318530718,8.377580409573),.UNSPECIFIED.) CURVE() 
GEOMETRIC_REPRESENTATION_ITEM() RATIONAL_B_SPLINE_CURVE((1.,0.5,1.,0.5,
1.,0.5,1.)) REPRESENTATION_ITEM('') );
#8151 = CARTESIAN_POINT('',(-78.65,-25.4));
#8152 = CARTESIAN_POINT('',(-78.65,-21.15647552145));
#8153 = CARTESIAN_POINT('',(-74.975,-23.27823776072));
#8154 = CARTESIAN_POINT('',(-71.3,-25.4));
#8155 = CARTESIAN_POINT('',(-74.975,-27.52176223927));
#8156 = CARTESIAN_POINT('',(-78.65,-29.64352447854));
#8157 = CARTESIAN_POINT('',(-78.65,-25.4));
#8158 = ( GEOMETRIC_REPRESENTATION_CONTEXT(2) 
PARAMETRIC_REPRESENTATION_CONTEXT() REPRESENTATION_CONTEXT('2D SPACE',''
  ) );
#8159 = PCURVE('',#1624,#8160);
#8160 = DEFINITIONAL_REPRESENTATION('',(#8161),#8165);
#8161 = LINE('',#8162,#8163);
#8162 = CARTESIAN_POINT('',(0.,0.));
#8163 = VECTOR('',#8164,1.);
#8164 = DIRECTION('',(1.,0.));
#8165 = ( GEOMETRIC_REPRESENTATION_CONTEXT(2) 
PARAMETRIC_REPRESENTATION_CONTEXT() REPRESENTATION_CONTEXT('2D SPACE',''
  ) );
#8166 = FACE_BOUND('',#8167,.T.);
#8167 = EDGE_LOOP('',(#8168));
#8168 = ORIENTED_EDGE('',*,*,#8169,.T.);
#8169 = EDGE_CURVE('',#8170,#8170,#8172,.T.);
#8170 = VERTEX_POINT('',#8171);
#8171 = CARTESIAN_POINT('',(-91.35,-12.7,6.));
#8172 = SURFACE_CURVE('',#8173,(#8178,#8189),.PCURVE_S1.);
#8173 = CIRCLE('',#8174,2.45);
#8174 = AXIS2_PLACEMENT_3D('',#8175,#8176,#8177);
#8175 = CARTESIAN_POINT('',(-88.9,-12.7,6.));
#8176 = DIRECTION('',(0.,0.,-1.));
#8177 = DIRECTION('',(-1.,0.,0.));
#8178 = PCURVE('',#100,#8179);
#8179 = DEFINITIONAL_REPRESENTATION('',(#8180),#8188);
#8180 = ( BOUNDED_CURVE() B_SPLINE_CURVE(2,(#8181,#8182,#8183,#8184,
#8185,#8186,#8187),.UNSPECIFIED.,.T.,.F.) B_SPLINE_CURVE_WITH_KNOTS((1,2
    ,2,2,2,1),(-2.094395102393,0.,2.094395102393,4.188790204786,
6.28318530718,8.377580409573),.UNSPECIFIED.) CURVE() 
GEOMETRIC_REPRESENTATION_ITEM() RATIONAL_B_SPLINE_CURVE((1.,0.5,1.,0.5,
1.,0.5,1.)) REPRESENTATION_ITEM('') );
#8181 = CARTESIAN_POINT('',(-91.35,-12.7));
#8182 = CARTESIAN_POINT('',(-91.35,-8.456475521456));
#8183 = CARTESIAN_POINT('',(-87.675,-10.57823776072));
#8184 = CARTESIAN_POINT('',(-84.,-12.7));
#8185 = CARTESIAN_POINT('',(-87.675,-14.82176223927));
#8186 = CARTESIAN_POINT('',(-91.35,-16.94352447854));
#8187 = CARTESIAN_POINT('',(-91.35,-12.7));
#8188 = ( GEOMETRIC_REPRESENTATION_CONTEXT(2) 
PARAMETRIC_REPRESENTATION_CONTEXT() REPRESENTATION_CONTEXT('2D SPACE',''
  ) );
#8189 = PCURVE('',#1659,#8190);
#8190 = DEFINITIONAL_REPRESENTATION('',(#8191),#8195);
#8191 = LINE('',#8192,#8193);
#8192 = CARTESIAN_POINT('',(0.,0.));
#8193 = VECTOR('',#8194,1.);
#8194 = DIRECTION('',(1.,0.));
#8195 = ( GEOMETRIC_REPRESENTATION_CONTEXT(2) 
PARAMETRIC_REPRESENTATION_CONTEXT() REPRESENTATION_CONTEXT('2D SPACE',''
  ) );
#8196 = FACE_BOUND('',#8197,.T.);
#8197 = EDGE_LOOP('',(#8198));
#8198 = ORIENTED_EDGE('',*,*,#8199,.T.);
#8199 = EDGE_CURVE('',#8200,#8200,#8202,.T.);
#8200 = VERTEX_POINT('',#8201);
#8201 = CARTESIAN_POINT('',(-78.65,-12.7,6.));
#8202 = SURFACE_CURVE('',#8203,(#8208,#8219),.PCURVE_S1.);
#8203 = CIRCLE('',#8204,2.45);
#8204 = AXIS2_PLACEMENT_3D('',#8205,#8206,#8207);
#8205 = CARTESIAN_POINT('',(-76.2,-12.7,6.));
#8206 = DIRECTION('',(0.,0.,-1.));
#8207 = DIRECTION('',(-1.,0.,0.));
#8208 = PCURVE('',#100,#8209);
#8209 = DEFINITIONAL_REPRESENTATION('',(#8210),#8218);
#8210 = ( BOUNDED_CURVE() B_SPLINE_CURVE(2,(#8211,#8212,#8213,#8214,
#8215,#8216,#8217),.UNSPECIFIED.,.T.,.F.) B_SPLINE_CURVE_WITH_KNOTS((1,2
    ,2,2,2,1),(-2.094395102393,0.,2.094395102393,4.188790204786,
6.28318530718,8.377580409573),.UNSPECIFIED.) CURVE() 
GEOMETRIC_REPRESENTATION_ITEM() RATIONAL_B_SPLINE_CURVE((1.,0.5,1.,0.5,
1.,0.5,1.)) REPRESENTATION_ITEM('') );
#8211 = CARTESIAN_POINT('',(-78.65,-12.7));
#8212 = CARTESIAN_POINT('',(-78.65,-8.456475521456));
#8213 = CARTESIAN_POINT('',(-74.975,-10.57823776072));
#8214 = CARTESIAN_POINT('',(-71.3,-12.7));
#8215 = CARTESIAN_POINT('',(-74.975,-14.82176223927));
#8216 = CARTESIAN_POINT('',(-78.65,-16.94352447854));
#8217 = CARTESIAN_POINT('',(-78.65,-12.7));
#8218 = ( GEOMETRIC_REPRESENTATION_CONTEXT(2) 
PARAMETRIC_REPRESENTATION_CONTEXT() REPRESENTATION_CONTEXT('2D SPACE',''
  ) );
#8219 = PCURVE('',#1694,#8220);
#8220 = DEFINITIONAL_REPRESENTATION('',(#8221),#8225);
#8221 = LINE('',#8222,#8223);
#8222 = CARTESIAN_POINT('',(0.,0.));
#8223 = VECTOR('',#8224,1.);
#8224 = DIRECTION('',(1.,0.));
#8225 = ( GEOMETRIC_REPRESENTATION_CONTEXT(2) 
PARAMETRIC_REPRESENTATION_CONTEXT() REPRESENTATION_CONTEXT('2D SPACE',''
  ) );
#8226 = FACE_BOUND('',#8227,.T.);
#8227 = EDGE_LOOP('',(#8228));
#8228 = ORIENTED_EDGE('',*,*,#8229,.T.);
#8229 = EDGE_CURVE('',#8230,#8230,#8232,.T.);
#8230 = VERTEX_POINT('',#8231);
#8231 = CARTESIAN_POINT('',(-65.95,-25.4,6.));
#8232 = SURFACE_CURVE('',#8233,(#8238,#8249),.PCURVE_S1.);
#8233 = CIRCLE('',#8234,2.45);
#8234 = AXIS2_PLACEMENT_3D('',#8235,#8236,#8237);
#8235 = CARTESIAN_POINT('',(-63.5,-25.4,6.));
#8236 = DIRECTION('',(0.,0.,-1.));
#8237 = DIRECTION('',(-1.,0.,0.));
#8238 = PCURVE('',#100,#8239);
#8239 = DEFINITIONAL_REPRESENTATION('',(#8240),#8248);
#8240 = ( BOUNDED_CURVE() B_SPLINE_CURVE(2,(#8241,#8242,#8243,#8244,
#8245,#8246,#8247),.UNSPECIFIED.,.T.,.F.) B_SPLINE_CURVE_WITH_KNOTS((1,2
    ,2,2,2,1),(-2.094395102393,0.,2.094395102393,4.188790204786,
6.28318530718,8.377580409573),.UNSPECIFIED.) CURVE() 
GEOMETRIC_REPRESENTATION_ITEM() RATIONAL_B_SPLINE_CURVE((1.,0.5,1.,0.5,
1.,0.5,1.)) REPRESENTATION_ITEM('') );
#8241 = CARTESIAN_POINT('',(-65.95,-25.4));
#8242 = CARTESIAN_POINT('',(-65.95,-21.15647552145));
#8243 = CARTESIAN_POINT('',(-62.275,-23.27823776072));
#8244 = CARTESIAN_POINT('',(-58.6,-25.4));
#8245 = CARTESIAN_POINT('',(-62.275,-27.52176223927));
#8246 = CARTESIAN_POINT('',(-65.95,-29.64352447854));
#8247 = CARTESIAN_POINT('',(-65.95,-25.4));
#8248 = ( GEOMETRIC_REPRESENTATION_CONTEXT(2) 
PARAMETRIC_REPRESENTATION_CONTEXT() REPRESENTATION_CONTEXT('2D SPACE',''
  ) );
#8249 = PCURVE('',#1729,#8250);
#8250 = DEFINITIONAL_REPRESENTATION('',(#8251),#8255);
#8251 = LINE('',#8252,#8253);
#8252 = CARTESIAN_POINT('',(0.,0.));
#8253 = VECTOR('',#8254,1.);
#8254 = DIRECTION('',(1.,0.));
#8255 = ( GEOMETRIC_REPRESENTATION_CONTEXT(2) 
PARAMETRIC_REPRESENTATION_CONTEXT() REPRESENTATION_CONTEXT('2D SPACE',''
  ) );
#8256 = FACE_BOUND('',#8257,.T.);
#8257 = EDGE_LOOP('',(#8258));
#8258 = ORIENTED_EDGE('',*,*,#8259,.T.);
#8259 = EDGE_CURVE('',#8260,#8260,#8262,.T.);
#8260 = VERTEX_POINT('',#8261);
#8261 = CARTESIAN_POINT('',(-65.95,-12.7,6.));
#8262 = SURFACE_CURVE('',#8263,(#8268,#8279),.PCURVE_S1.);
#8263 = CIRCLE('',#8264,2.45);
#8264 = AXIS2_PLACEMENT_3D('',#8265,#8266,#8267);
#8265 = CARTESIAN_POINT('',(-63.5,-12.7,6.));
#8266 = DIRECTION('',(0.,0.,-1.));
#8267 = DIRECTION('',(-1.,0.,0.));
#8268 = PCURVE('',#100,#8269);
#8269 = DEFINITIONAL_REPRESENTATION('',(#8270),#8278);
#8270 = ( BOUNDED_CURVE() B_SPLINE_CURVE(2,(#8271,#8272,#8273,#8274,
#8275,#8276,#8277),.UNSPECIFIED.,.T.,.F.) B_SPLINE_CURVE_WITH_KNOTS((1,2
    ,2,2,2,1),(-2.094395102393,0.,2.094395102393,4.188790204786,
6.28318530718,8.377580409573),.UNSPECIFIED.) CURVE() 
GEOMETRIC_REPRESENTATION_ITEM() RATIONAL_B_SPLINE_CURVE((1.,0.5,1.,0.5,
1.,0.5,1.)) REPRESENTATION_ITEM('') );
#8271 = CARTESIAN_POINT('',(-65.95,-12.7));
#8272 = CARTESIAN_POINT('',(-65.95,-8.456475521456));
#8273 = CARTESIAN_POINT('',(-62.275,-10.57823776072));
#8274 = CARTESIAN_POINT('',(-58.6,-12.7));
#8275 = CARTESIAN_POINT('',(-62.275,-14.82176223927));
#8276 = CARTESIAN_POINT('',(-65.95,-16.94352447854));
#8277 = CARTESIAN_POINT('',(-65.95,-12.7));
#8278 = ( GEOMETRIC_REPRESENTATION_CONTEXT(2) 
PARAMETRIC_REPRESENTATION_CONTEXT() REPRESENTATION_CONTEXT('2D SPACE',''
  ) );
#8279 = PCURVE('',#1764,#8280);
#8280 = DEFINITIONAL_REPRESENTATION('',(#8281),#8285);
#8281 = LINE('',#8282,#8283);
#8282 = CARTESIAN_POINT('',(0.,0.));
#8283 = VECTOR('',#8284,1.);
#8284 = DIRECTION('',(1.,0.));
#8285 = ( GEOMETRIC_REPRESENTATION_CONTEXT(2) 
PARAMETRIC_REPRESENTATION_CONTEXT() REPRESENTATION_CONTEXT('2D SPACE',''
  ) );
#8286 = FACE_BOUND('',#8287,.T.);
#8287 = EDGE_LOOP('',(#8288));
#8288 = ORIENTED_EDGE('',*,*,#8289,.T.);
#8289 = EDGE_CURVE('',#8290,#8290,#8292,.T.);
#8290 = VERTEX_POINT('',#8291);
#8291 = CARTESIAN_POINT('',(-2.45,-127.,6.));
#8292 = SURFACE_CURVE('',#8293,(#8298,#8309),.PCURVE_S1.);
#8293 = CIRCLE('',#8294,2.45);
#8294 = AXIS2_PLACEMENT_3D('',#8295,#8296,#8297);
#8295 = CARTESIAN_POINT('',(0.,-127.,6.));
#8296 = DIRECTION('',(0.,0.,-1.));
#8297 = DIRECTION('',(-1.,0.,0.));
#8298 = PCURVE('',#100,#8299);
#8299 = DEFINITIONAL_REPRESENTATION('',(#8300),#8308);
#8300 = ( BOUNDED_CURVE() B_SPLINE_CURVE(2,(#8301,#8302,#8303,#8304,
#8305,#8306,#8307),.UNSPECIFIED.,.T.,.F.) B_SPLINE_CURVE_WITH_KNOTS((1,2
    ,2,2,2,1),(-2.094395102393,0.,2.094395102393,4.188790204786,
6.28318530718,8.377580409573),.UNSPECIFIED.) CURVE() 
GEOMETRIC_REPRESENTATION_ITEM() RATIONAL_B_SPLINE_CURVE((1.,0.5,1.,0.5,
1.,0.5,1.)) REPRESENTATION_ITEM('') );
#8301 = CARTESIAN_POINT('',(-2.45,-127.));
#8302 = CARTESIAN_POINT('',(-2.45,-122.7564755214));
#8303 = CARTESIAN_POINT('',(1.225,-124.8782377607));
#8304 = CARTESIAN_POINT('',(4.9,-127.));
#8305 = CARTESIAN_POINT('',(1.225,-129.1217622392));
#8306 = CARTESIAN_POINT('',(-2.45,-131.2435244785));
#8307 = CARTESIAN_POINT('',(-2.45,-127.));
#8308 = ( GEOMETRIC_REPRESENTATION_CONTEXT(2) 
PARAMETRIC_REPRESENTATION_CONTEXT() REPRESENTATION_CONTEXT('2D SPACE',''
  ) );
#8309 = PCURVE('',#1799,#8310);
#8310 = DEFINITIONAL_REPRESENTATION('',(#8311),#8315);
#8311 = LINE('',#8312,#8313);
#8312 = CARTESIAN_POINT('',(0.,0.));
#8313 = VECTOR('',#8314,1.);
#8314 = DIRECTION('',(1.,0.));
#8315 = ( GEOMETRIC_REPRESENTATION_CONTEXT(2) 
PARAMETRIC_REPRESENTATION_CONTEXT() REPRESENTATION_CONTEXT('2D SPACE',''
  ) );
#8316 = FACE_BOUND('',#8317,.T.);
#8317 = EDGE_LOOP('',(#8318));
#8318 = ORIENTED_EDGE('',*,*,#8319,.T.);
#8319 = EDGE_CURVE('',#8320,#8320,#8322,.T.);
#8320 = VERTEX_POINT('',#8321);
#8321 = CARTESIAN_POINT('',(-2.45,-114.3,6.));
#8322 = SURFACE_CURVE('',#8323,(#8328,#8339),.PCURVE_S1.);
#8323 = CIRCLE('',#8324,2.45);
#8324 = AXIS2_PLACEMENT_3D('',#8325,#8326,#8327);
#8325 = CARTESIAN_POINT('',(0.,-114.3,6.));
#8326 = DIRECTION('',(0.,0.,-1.));
#8327 = DIRECTION('',(-1.,0.,0.));
#8328 = PCURVE('',#100,#8329);
#8329 = DEFINITIONAL_REPRESENTATION('',(#8330),#8338);
#8330 = ( BOUNDED_CURVE() B_SPLINE_CURVE(2,(#8331,#8332,#8333,#8334,
#8335,#8336,#8337),.UNSPECIFIED.,.T.,.F.) B_SPLINE_CURVE_WITH_KNOTS((1,2
    ,2,2,2,1),(-2.094395102393,0.,2.094395102393,4.188790204786,
6.28318530718,8.377580409573),.UNSPECIFIED.) CURVE() 
GEOMETRIC_REPRESENTATION_ITEM() RATIONAL_B_SPLINE_CURVE((1.,0.5,1.,0.5,
1.,0.5,1.)) REPRESENTATION_ITEM('') );
#8331 = CARTESIAN_POINT('',(-2.45,-114.3));
#8332 = CARTESIAN_POINT('',(-2.45,-110.0564755214));
#8333 = CARTESIAN_POINT('',(1.225,-112.1782377607));
#8334 = CARTESIAN_POINT('',(4.9,-114.3));
#8335 = CARTESIAN_POINT('',(1.225,-116.4217622392));
#8336 = CARTESIAN_POINT('',(-2.45,-118.5435244785));
#8337 = CARTESIAN_POINT('',(-2.45,-114.3));
#8338 = ( GEOMETRIC_REPRESENTATION_CONTEXT(2) 
PARAMETRIC_REPRESENTATION_CONTEXT() REPRESENTATION_CONTEXT('2D SPACE',''
  ) );
#8339 = PCURVE('',#1834,#8340);
#8340 = DEFINITIONAL_REPRESENTATION('',(#8341),#8345);
#8341 = LINE('',#8342,#8343);
#8342 = CARTESIAN_POINT('',(0.,0.));
#8343 = VECTOR('',#8344,1.);
#8344 = DIRECTION('',(1.,0.));
#8345 = ( GEOMETRIC_REPRESENTATION_CONTEXT(2) 
PARAMETRIC_REPRESENTATION_CONTEXT() REPRESENTATION_CONTEXT('2D SPACE',''
  ) );
#8346 = FACE_BOUND('',#8347,.T.);
#8347 = EDGE_LOOP('',(#8348));
#8348 = ORIENTED_EDGE('',*,*,#8349,.T.);
#8349 = EDGE_CURVE('',#8350,#8350,#8352,.T.);
#8350 = VERTEX_POINT('',#8351);
#8351 = CARTESIAN_POINT('',(10.25,-127.,6.));
#8352 = SURFACE_CURVE('',#8353,(#8358,#8369),.PCURVE_S1.);
#8353 = CIRCLE('',#8354,2.45);
#8354 = AXIS2_PLACEMENT_3D('',#8355,#8356,#8357);
#8355 = CARTESIAN_POINT('',(12.7,-127.,6.));
#8356 = DIRECTION('',(0.,0.,-1.));
#8357 = DIRECTION('',(-1.,0.,0.));
#8358 = PCURVE('',#100,#8359);
#8359 = DEFINITIONAL_REPRESENTATION('',(#8360),#8368);
#8360 = ( BOUNDED_CURVE() B_SPLINE_CURVE(2,(#8361,#8362,#8363,#8364,
#8365,#8366,#8367),.UNSPECIFIED.,.T.,.F.) B_SPLINE_CURVE_WITH_KNOTS((1,2
    ,2,2,2,1),(-2.094395102393,0.,2.094395102393,4.188790204786,
6.28318530718,8.377580409573),.UNSPECIFIED.) CURVE() 
GEOMETRIC_REPRESENTATION_ITEM() RATIONAL_B_SPLINE_CURVE((1.,0.5,1.,0.5,
1.,0.5,1.)) REPRESENTATION_ITEM('') );
#8361 = CARTESIAN_POINT('',(10.25,-127.));
#8362 = CARTESIAN_POINT('',(10.25,-122.7564755214));
#8363 = CARTESIAN_POINT('',(13.925,-124.8782377607));
#8364 = CARTESIAN_POINT('',(17.6,-127.));
#8365 = CARTESIAN_POINT('',(13.925,-129.1217622392));
#8366 = CARTESIAN_POINT('',(10.25,-131.2435244785));
#8367 = CARTESIAN_POINT('',(10.25,-127.));
#8368 = ( GEOMETRIC_REPRESENTATION_CONTEXT(2) 
PARAMETRIC_REPRESENTATION_CONTEXT() REPRESENTATION_CONTEXT('2D SPACE',''
  ) );
#8369 = PCURVE('',#1869,#8370);
#8370 = DEFINITIONAL_REPRESENTATION('',(#8371),#8375);
#8371 = LINE('',#8372,#8373);
#8372 = CARTESIAN_POINT('',(0.,0.));
#8373 = VECTOR('',#8374,1.);
#8374 = DIRECTION('',(1.,0.));
#8375 = ( GEOMETRIC_REPRESENTATION_CONTEXT(2) 
PARAMETRIC_REPRESENTATION_CONTEXT() REPRESENTATION_CONTEXT('2D SPACE',''
  ) );
#8376 = FACE_BOUND('',#8377,.T.);
#8377 = EDGE_LOOP('',(#8378));
#8378 = ORIENTED_EDGE('',*,*,#8379,.T.);
#8379 = EDGE_CURVE('',#8380,#8380,#8382,.T.);
#8380 = VERTEX_POINT('',#8381);
#8381 = CARTESIAN_POINT('',(10.25,-114.3,6.));
#8382 = SURFACE_CURVE('',#8383,(#8388,#8399),.PCURVE_S1.);
#8383 = CIRCLE('',#8384,2.45);
#8384 = AXIS2_PLACEMENT_3D('',#8385,#8386,#8387);
#8385 = CARTESIAN_POINT('',(12.7,-114.3,6.));
#8386 = DIRECTION('',(0.,0.,-1.));
#8387 = DIRECTION('',(-1.,0.,0.));
#8388 = PCURVE('',#100,#8389);
#8389 = DEFINITIONAL_REPRESENTATION('',(#8390),#8398);
#8390 = ( BOUNDED_CURVE() B_SPLINE_CURVE(2,(#8391,#8392,#8393,#8394,
#8395,#8396,#8397),.UNSPECIFIED.,.T.,.F.) B_SPLINE_CURVE_WITH_KNOTS((1,2
    ,2,2,2,1),(-2.094395102393,0.,2.094395102393,4.188790204786,
6.28318530718,8.377580409573),.UNSPECIFIED.) CURVE() 
GEOMETRIC_REPRESENTATION_ITEM() RATIONAL_B_SPLINE_CURVE((1.,0.5,1.,0.5,
1.,0.5,1.)) REPRESENTATION_ITEM('') );
#8391 = CARTESIAN_POINT('',(10.25,-114.3));
#8392 = CARTESIAN_POINT('',(10.25,-110.0564755214));
#8393 = CARTESIAN_POINT('',(13.925,-112.1782377607));
#8394 = CARTESIAN_POINT('',(17.6,-114.3));
#8395 = CARTESIAN_POINT('',(13.925,-116.4217622392));
#8396 = CARTESIAN_POINT('',(10.25,-118.5435244785));
#8397 = CARTESIAN_POINT('',(10.25,-114.3));
#8398 = ( GEOMETRIC_REPRESENTATION_CONTEXT(2) 
PARAMETRIC_REPRESENTATION_CONTEXT() REPRESENTATION_CONTEXT('2D SPACE',''
  ) );
#8399 = PCURVE('',#1904,#8400);
#8400 = DEFINITIONAL_REPRESENTATION('',(#8401),#8405);
#8401 = LINE('',#8402,#8403);
#8402 = CARTESIAN_POINT('',(0.,0.));
#8403 = VECTOR('',#8404,1.);
#8404 = DIRECTION('',(1.,0.));
#8405 = ( GEOMETRIC_REPRESENTATION_CONTEXT(2) 
PARAMETRIC_REPRESENTATION_CONTEXT() REPRESENTATION_CONTEXT('2D SPACE',''
  ) );
#8406 = FACE_BOUND('',#8407,.T.);
#8407 = EDGE_LOOP('',(#8408));
#8408 = ORIENTED_EDGE('',*,*,#8409,.T.);
#8409 = EDGE_CURVE('',#8410,#8410,#8412,.T.);
#8410 = VERTEX_POINT('',#8411);
#8411 = CARTESIAN_POINT('',(-2.45,-101.6,6.));
#8412 = SURFACE_CURVE('',#8413,(#8418,#8429),.PCURVE_S1.);
#8413 = CIRCLE('',#8414,2.45);
#8414 = AXIS2_PLACEMENT_3D('',#8415,#8416,#8417);
#8415 = CARTESIAN_POINT('',(0.,-101.6,6.));
#8416 = DIRECTION('',(0.,0.,-1.));
#8417 = DIRECTION('',(-1.,0.,0.));
#8418 = PCURVE('',#100,#8419);
#8419 = DEFINITIONAL_REPRESENTATION('',(#8420),#8428);
#8420 = ( BOUNDED_CURVE() B_SPLINE_CURVE(2,(#8421,#8422,#8423,#8424,
#8425,#8426,#8427),.UNSPECIFIED.,.T.,.F.) B_SPLINE_CURVE_WITH_KNOTS((1,2
    ,2,2,2,1),(-2.094395102393,0.,2.094395102393,4.188790204786,
6.28318530718,8.377580409573),.UNSPECIFIED.) CURVE() 
GEOMETRIC_REPRESENTATION_ITEM() RATIONAL_B_SPLINE_CURVE((1.,0.5,1.,0.5,
1.,0.5,1.)) REPRESENTATION_ITEM('') );
#8421 = CARTESIAN_POINT('',(-2.45,-101.6));
#8422 = CARTESIAN_POINT('',(-2.45,-97.35647552145));
#8423 = CARTESIAN_POINT('',(1.225,-99.47823776072));
#8424 = CARTESIAN_POINT('',(4.9,-101.6));
#8425 = CARTESIAN_POINT('',(1.225,-103.7217622392));
#8426 = CARTESIAN_POINT('',(-2.45,-105.8435244785));
#8427 = CARTESIAN_POINT('',(-2.45,-101.6));
#8428 = ( GEOMETRIC_REPRESENTATION_CONTEXT(2) 
PARAMETRIC_REPRESENTATION_CONTEXT() REPRESENTATION_CONTEXT('2D SPACE',''
  ) );
#8429 = PCURVE('',#1939,#8430);
#8430 = DEFINITIONAL_REPRESENTATION('',(#8431),#8435);
#8431 = LINE('',#8432,#8433);
#8432 = CARTESIAN_POINT('',(0.,0.));
#8433 = VECTOR('',#8434,1.);
#8434 = DIRECTION('',(1.,0.));
#8435 = ( GEOMETRIC_REPRESENTATION_CONTEXT(2) 
PARAMETRIC_REPRESENTATION_CONTEXT() REPRESENTATION_CONTEXT('2D SPACE',''
  ) );
#8436 = FACE_BOUND('',#8437,.T.);
#8437 = EDGE_LOOP('',(#8438));
#8438 = ORIENTED_EDGE('',*,*,#8439,.T.);
#8439 = EDGE_CURVE('',#8440,#8440,#8442,.T.);
#8440 = VERTEX_POINT('',#8441);
#8441 = CARTESIAN_POINT('',(10.25,-101.6,6.));
#8442 = SURFACE_CURVE('',#8443,(#8448,#8459),.PCURVE_S1.);
#8443 = CIRCLE('',#8444,2.45);
#8444 = AXIS2_PLACEMENT_3D('',#8445,#8446,#8447);
#8445 = CARTESIAN_POINT('',(12.7,-101.6,6.));
#8446 = DIRECTION('',(0.,0.,-1.));
#8447 = DIRECTION('',(-1.,0.,0.));
#8448 = PCURVE('',#100,#8449);
#8449 = DEFINITIONAL_REPRESENTATION('',(#8450),#8458);
#8450 = ( BOUNDED_CURVE() B_SPLINE_CURVE(2,(#8451,#8452,#8453,#8454,
#8455,#8456,#8457),.UNSPECIFIED.,.T.,.F.) B_SPLINE_CURVE_WITH_KNOTS((1,2
    ,2,2,2,1),(-2.094395102393,0.,2.094395102393,4.188790204786,
6.28318530718,8.377580409573),.UNSPECIFIED.) CURVE() 
GEOMETRIC_REPRESENTATION_ITEM() RATIONAL_B_SPLINE_CURVE((1.,0.5,1.,0.5,
1.,0.5,1.)) REPRESENTATION_ITEM('') );
#8451 = CARTESIAN_POINT('',(10.25,-101.6));
#8452 = CARTESIAN_POINT('',(10.25,-97.35647552145));
#8453 = CARTESIAN_POINT('',(13.925,-99.47823776072));
#8454 = CARTESIAN_POINT('',(17.6,-101.6));
#8455 = CARTESIAN_POINT('',(13.925,-103.7217622392));
#8456 = CARTESIAN_POINT('',(10.25,-105.8435244785));
#8457 = CARTESIAN_POINT('',(10.25,-101.6));
#8458 = ( GEOMETRIC_REPRESENTATION_CONTEXT(2) 
PARAMETRIC_REPRESENTATION_CONTEXT() REPRESENTATION_CONTEXT('2D SPACE',''
  ) );
#8459 = PCURVE('',#1974,#8460);
#8460 = DEFINITIONAL_REPRESENTATION('',(#8461),#8465);
#8461 = LINE('',#8462,#8463);
#8462 = CARTESIAN_POINT('',(0.,0.));
#8463 = VECTOR('',#8464,1.);
#8464 = DIRECTION('',(1.,0.));
#8465 = ( GEOMETRIC_REPRESENTATION_CONTEXT(2) 
PARAMETRIC_REPRESENTATION_CONTEXT() REPRESENTATION_CONTEXT('2D SPACE',''
  ) );
#8466 = FACE_BOUND('',#8467,.T.);
#8467 = EDGE_LOOP('',(#8468));
#8468 = ORIENTED_EDGE('',*,*,#8469,.T.);
#8469 = EDGE_CURVE('',#8470,#8470,#8472,.T.);
#8470 = VERTEX_POINT('',#8471);
#8471 = CARTESIAN_POINT('',(22.95,-127.,6.));
#8472 = SURFACE_CURVE('',#8473,(#8478,#8489),.PCURVE_S1.);
#8473 = CIRCLE('',#8474,2.45);
#8474 = AXIS2_PLACEMENT_3D('',#8475,#8476,#8477);
#8475 = CARTESIAN_POINT('',(25.4,-127.,6.));
#8476 = DIRECTION('',(0.,0.,-1.));
#8477 = DIRECTION('',(-1.,0.,0.));
#8478 = PCURVE('',#100,#8479);
#8479 = DEFINITIONAL_REPRESENTATION('',(#8480),#8488);
#8480 = ( BOUNDED_CURVE() B_SPLINE_CURVE(2,(#8481,#8482,#8483,#8484,
#8485,#8486,#8487),.UNSPECIFIED.,.T.,.F.) B_SPLINE_CURVE_WITH_KNOTS((1,2
    ,2,2,2,1),(-2.094395102393,0.,2.094395102393,4.188790204786,
6.28318530718,8.377580409573),.UNSPECIFIED.) CURVE() 
GEOMETRIC_REPRESENTATION_ITEM() RATIONAL_B_SPLINE_CURVE((1.,0.5,1.,0.5,
1.,0.5,1.)) REPRESENTATION_ITEM('') );
#8481 = CARTESIAN_POINT('',(22.95,-127.));
#8482 = CARTESIAN_POINT('',(22.95,-122.7564755214));
#8483 = CARTESIAN_POINT('',(26.625,-124.8782377607));
#8484 = CARTESIAN_POINT('',(30.3,-127.));
#8485 = CARTESIAN_POINT('',(26.625,-129.1217622392));
#8486 = CARTESIAN_POINT('',(22.95,-131.2435244785));
#8487 = CARTESIAN_POINT('',(22.95,-127.));
#8488 = ( GEOMETRIC_REPRESENTATION_CONTEXT(2) 
PARAMETRIC_REPRESENTATION_CONTEXT() REPRESENTATION_CONTEXT('2D SPACE',''
  ) );
#8489 = PCURVE('',#2009,#8490);
#8490 = DEFINITIONAL_REPRESENTATION('',(#8491),#8495);
#8491 = LINE('',#8492,#8493);
#8492 = CARTESIAN_POINT('',(0.,0.));
#8493 = VECTOR('',#8494,1.);
#8494 = DIRECTION('',(1.,0.));
#8495 = ( GEOMETRIC_REPRESENTATION_CONTEXT(2) 
PARAMETRIC_REPRESENTATION_CONTEXT() REPRESENTATION_CONTEXT('2D SPACE',''
  ) );
#8496 = FACE_BOUND('',#8497,.T.);
#8497 = EDGE_LOOP('',(#8498));
#8498 = ORIENTED_EDGE('',*,*,#8499,.T.);
#8499 = EDGE_CURVE('',#8500,#8500,#8502,.T.);
#8500 = VERTEX_POINT('',#8501);
#8501 = CARTESIAN_POINT('',(22.95,-114.3,6.));
#8502 = SURFACE_CURVE('',#8503,(#8508,#8519),.PCURVE_S1.);
#8503 = CIRCLE('',#8504,2.45);
#8504 = AXIS2_PLACEMENT_3D('',#8505,#8506,#8507);
#8505 = CARTESIAN_POINT('',(25.4,-114.3,6.));
#8506 = DIRECTION('',(0.,0.,-1.));
#8507 = DIRECTION('',(-1.,0.,0.));
#8508 = PCURVE('',#100,#8509);
#8509 = DEFINITIONAL_REPRESENTATION('',(#8510),#8518);
#8510 = ( BOUNDED_CURVE() B_SPLINE_CURVE(2,(#8511,#8512,#8513,#8514,
#8515,#8516,#8517),.UNSPECIFIED.,.T.,.F.) B_SPLINE_CURVE_WITH_KNOTS((1,2
    ,2,2,2,1),(-2.094395102393,0.,2.094395102393,4.188790204786,
6.28318530718,8.377580409573),.UNSPECIFIED.) CURVE() 
GEOMETRIC_REPRESENTATION_ITEM() RATIONAL_B_SPLINE_CURVE((1.,0.5,1.,0.5,
1.,0.5,1.)) REPRESENTATION_ITEM('') );
#8511 = CARTESIAN_POINT('',(22.95,-114.3));
#8512 = CARTESIAN_POINT('',(22.95,-110.0564755214));
#8513 = CARTESIAN_POINT('',(26.625,-112.1782377607));
#8514 = CARTESIAN_POINT('',(30.3,-114.3));
#8515 = CARTESIAN_POINT('',(26.625,-116.4217622392));
#8516 = CARTESIAN_POINT('',(22.95,-118.5435244785));
#8517 = CARTESIAN_POINT('',(22.95,-114.3));
#8518 = ( GEOMETRIC_REPRESENTATION_CONTEXT(2) 
PARAMETRIC_REPRESENTATION_CONTEXT() REPRESENTATION_CONTEXT('2D SPACE',''
  ) );
#8519 = PCURVE('',#2044,#8520);
#8520 = DEFINITIONAL_REPRESENTATION('',(#8521),#8525);
#8521 = LINE('',#8522,#8523);
#8522 = CARTESIAN_POINT('',(0.,0.));
#8523 = VECTOR('',#8524,1.);
#8524 = DIRECTION('',(1.,0.));
#8525 = ( GEOMETRIC_REPRESENTATION_CONTEXT(2) 
PARAMETRIC_REPRESENTATION_CONTEXT() REPRESENTATION_CONTEXT('2D SPACE',''
  ) );
#8526 = FACE_BOUND('',#8527,.T.);
#8527 = EDGE_LOOP('',(#8528));
#8528 = ORIENTED_EDGE('',*,*,#8529,.T.);
#8529 = EDGE_CURVE('',#8530,#8530,#8532,.T.);
#8530 = VERTEX_POINT('',#8531);
#8531 = CARTESIAN_POINT('',(35.65,-127.,6.));
#8532 = SURFACE_CURVE('',#8533,(#8538,#8549),.PCURVE_S1.);
#8533 = CIRCLE('',#8534,2.45);
#8534 = AXIS2_PLACEMENT_3D('',#8535,#8536,#8537);
#8535 = CARTESIAN_POINT('',(38.1,-127.,6.));
#8536 = DIRECTION('',(0.,0.,-1.));
#8537 = DIRECTION('',(-1.,0.,0.));
#8538 = PCURVE('',#100,#8539);
#8539 = DEFINITIONAL_REPRESENTATION('',(#8540),#8548);
#8540 = ( BOUNDED_CURVE() B_SPLINE_CURVE(2,(#8541,#8542,#8543,#8544,
#8545,#8546,#8547),.UNSPECIFIED.,.T.,.F.) B_SPLINE_CURVE_WITH_KNOTS((1,2
    ,2,2,2,1),(-2.094395102393,0.,2.094395102393,4.188790204786,
6.28318530718,8.377580409573),.UNSPECIFIED.) CURVE() 
GEOMETRIC_REPRESENTATION_ITEM() RATIONAL_B_SPLINE_CURVE((1.,0.5,1.,0.5,
1.,0.5,1.)) REPRESENTATION_ITEM('') );
#8541 = CARTESIAN_POINT('',(35.65,-127.));
#8542 = CARTESIAN_POINT('',(35.65,-122.7564755214));
#8543 = CARTESIAN_POINT('',(39.325,-124.8782377607));
#8544 = CARTESIAN_POINT('',(43.,-127.));
#8545 = CARTESIAN_POINT('',(39.325,-129.1217622392));
#8546 = CARTESIAN_POINT('',(35.65,-131.2435244785));
#8547 = CARTESIAN_POINT('',(35.65,-127.));
#8548 = ( GEOMETRIC_REPRESENTATION_CONTEXT(2) 
PARAMETRIC_REPRESENTATION_CONTEXT() REPRESENTATION_CONTEXT('2D SPACE',''
  ) );
#8549 = PCURVE('',#2079,#8550);
#8550 = DEFINITIONAL_REPRESENTATION('',(#8551),#8555);
#8551 = LINE('',#8552,#8553);
#8552 = CARTESIAN_POINT('',(0.,0.));
#8553 = VECTOR('',#8554,1.);
#8554 = DIRECTION('',(1.,0.));
#8555 = ( GEOMETRIC_REPRESENTATION_CONTEXT(2) 
PARAMETRIC_REPRESENTATION_CONTEXT() REPRESENTATION_CONTEXT('2D SPACE',''
  ) );
#8556 = FACE_BOUND('',#8557,.T.);
#8557 = EDGE_LOOP('',(#8558));
#8558 = ORIENTED_EDGE('',*,*,#8559,.T.);
#8559 = EDGE_CURVE('',#8560,#8560,#8562,.T.);
#8560 = VERTEX_POINT('',#8561);
#8561 = CARTESIAN_POINT('',(35.65,-114.3,6.));
#8562 = SURFACE_CURVE('',#8563,(#8568,#8579),.PCURVE_S1.);
#8563 = CIRCLE('',#8564,2.45);
#8564 = AXIS2_PLACEMENT_3D('',#8565,#8566,#8567);
#8565 = CARTESIAN_POINT('',(38.1,-114.3,6.));
#8566 = DIRECTION('',(0.,0.,-1.));
#8567 = DIRECTION('',(-1.,0.,0.));
#8568 = PCURVE('',#100,#8569);
#8569 = DEFINITIONAL_REPRESENTATION('',(#8570),#8578);
#8570 = ( BOUNDED_CURVE() B_SPLINE_CURVE(2,(#8571,#8572,#8573,#8574,
#8575,#8576,#8577),.UNSPECIFIED.,.T.,.F.) B_SPLINE_CURVE_WITH_KNOTS((1,2
    ,2,2,2,1),(-2.094395102393,0.,2.094395102393,4.188790204786,
6.28318530718,8.377580409573),.UNSPECIFIED.) CURVE() 
GEOMETRIC_REPRESENTATION_ITEM() RATIONAL_B_SPLINE_CURVE((1.,0.5,1.,0.5,
1.,0.5,1.)) REPRESENTATION_ITEM('') );
#8571 = CARTESIAN_POINT('',(35.65,-114.3));
#8572 = CARTESIAN_POINT('',(35.65,-110.0564755214));
#8573 = CARTESIAN_POINT('',(39.325,-112.1782377607));
#8574 = CARTESIAN_POINT('',(43.,-114.3));
#8575 = CARTESIAN_POINT('',(39.325,-116.4217622392));
#8576 = CARTESIAN_POINT('',(35.65,-118.5435244785));
#8577 = CARTESIAN_POINT('',(35.65,-114.3));
#8578 = ( GEOMETRIC_REPRESENTATION_CONTEXT(2) 
PARAMETRIC_REPRESENTATION_CONTEXT() REPRESENTATION_CONTEXT('2D SPACE',''
  ) );
#8579 = PCURVE('',#2114,#8580);
#8580 = DEFINITIONAL_REPRESENTATION('',(#8581),#8585);
#8581 = LINE('',#8582,#8583);
#8582 = CARTESIAN_POINT('',(0.,0.));
#8583 = VECTOR('',#8584,1.);
#8584 = DIRECTION('',(1.,0.));
#8585 = ( GEOMETRIC_REPRESENTATION_CONTEXT(2) 
PARAMETRIC_REPRESENTATION_CONTEXT() REPRESENTATION_CONTEXT('2D SPACE',''
  ) );
#8586 = FACE_BOUND('',#8587,.T.);
#8587 = EDGE_LOOP('',(#8588));
#8588 = ORIENTED_EDGE('',*,*,#8589,.T.);
#8589 = EDGE_CURVE('',#8590,#8590,#8592,.T.);
#8590 = VERTEX_POINT('',#8591);
#8591 = CARTESIAN_POINT('',(22.95,-101.6,6.));
#8592 = SURFACE_CURVE('',#8593,(#8598,#8609),.PCURVE_S1.);
#8593 = CIRCLE('',#8594,2.45);
#8594 = AXIS2_PLACEMENT_3D('',#8595,#8596,#8597);
#8595 = CARTESIAN_POINT('',(25.4,-101.6,6.));
#8596 = DIRECTION('',(0.,0.,-1.));
#8597 = DIRECTION('',(-1.,0.,0.));
#8598 = PCURVE('',#100,#8599);
#8599 = DEFINITIONAL_REPRESENTATION('',(#8600),#8608);
#8600 = ( BOUNDED_CURVE() B_SPLINE_CURVE(2,(#8601,#8602,#8603,#8604,
#8605,#8606,#8607),.UNSPECIFIED.,.T.,.F.) B_SPLINE_CURVE_WITH_KNOTS((1,2
    ,2,2,2,1),(-2.094395102393,0.,2.094395102393,4.188790204786,
6.28318530718,8.377580409573),.UNSPECIFIED.) CURVE() 
GEOMETRIC_REPRESENTATION_ITEM() RATIONAL_B_SPLINE_CURVE((1.,0.5,1.,0.5,
1.,0.5,1.)) REPRESENTATION_ITEM('') );
#8601 = CARTESIAN_POINT('',(22.95,-101.6));
#8602 = CARTESIAN_POINT('',(22.95,-97.35647552145));
#8603 = CARTESIAN_POINT('',(26.625,-99.47823776072));
#8604 = CARTESIAN_POINT('',(30.3,-101.6));
#8605 = CARTESIAN_POINT('',(26.625,-103.7217622392));
#8606 = CARTESIAN_POINT('',(22.95,-105.8435244785));
#8607 = CARTESIAN_POINT('',(22.95,-101.6));
#8608 = ( GEOMETRIC_REPRESENTATION_CONTEXT(2) 
PARAMETRIC_REPRESENTATION_CONTEXT() REPRESENTATION_CONTEXT('2D SPACE',''
  ) );
#8609 = PCURVE('',#2149,#8610);
#8610 = DEFINITIONAL_REPRESENTATION('',(#8611),#8615);
#8611 = LINE('',#8612,#8613);
#8612 = CARTESIAN_POINT('',(0.,0.));
#8613 = VECTOR('',#8614,1.);
#8614 = DIRECTION('',(1.,0.));
#8615 = ( GEOMETRIC_REPRESENTATION_CONTEXT(2) 
PARAMETRIC_REPRESENTATION_CONTEXT() REPRESENTATION_CONTEXT('2D SPACE',''
  ) );
#8616 = FACE_BOUND('',#8617,.T.);
#8617 = EDGE_LOOP('',(#8618));
#8618 = ORIENTED_EDGE('',*,*,#8619,.T.);
#8619 = EDGE_CURVE('',#8620,#8620,#8622,.T.);
#8620 = VERTEX_POINT('',#8621);
#8621 = CARTESIAN_POINT('',(35.65,-101.6,6.));
#8622 = SURFACE_CURVE('',#8623,(#8628,#8639),.PCURVE_S1.);
#8623 = CIRCLE('',#8624,2.45);
#8624 = AXIS2_PLACEMENT_3D('',#8625,#8626,#8627);
#8625 = CARTESIAN_POINT('',(38.1,-101.6,6.));
#8626 = DIRECTION('',(0.,0.,-1.));
#8627 = DIRECTION('',(-1.,0.,0.));
#8628 = PCURVE('',#100,#8629);
#8629 = DEFINITIONAL_REPRESENTATION('',(#8630),#8638);
#8630 = ( BOUNDED_CURVE() B_SPLINE_CURVE(2,(#8631,#8632,#8633,#8634,
#8635,#8636,#8637),.UNSPECIFIED.,.T.,.F.) B_SPLINE_CURVE_WITH_KNOTS((1,2
    ,2,2,2,1),(-2.094395102393,0.,2.094395102393,4.188790204786,
6.28318530718,8.377580409573),.UNSPECIFIED.) CURVE() 
GEOMETRIC_REPRESENTATION_ITEM() RATIONAL_B_SPLINE_CURVE((1.,0.5,1.,0.5,
1.,0.5,1.)) REPRESENTATION_ITEM('') );
#8631 = CARTESIAN_POINT('',(35.65,-101.6));
#8632 = CARTESIAN_POINT('',(35.65,-97.35647552145));
#8633 = CARTESIAN_POINT('',(39.325,-99.47823776072));
#8634 = CARTESIAN_POINT('',(43.,-101.6));
#8635 = CARTESIAN_POINT('',(39.325,-103.7217622392));
#8636 = CARTESIAN_POINT('',(35.65,-105.8435244785));
#8637 = CARTESIAN_POINT('',(35.65,-101.6));
#8638 = ( GEOMETRIC_REPRESENTATION_CONTEXT(2) 
PARAMETRIC_REPRESENTATION_CONTEXT() REPRESENTATION_CONTEXT('2D SPACE',''
  ) );
#8639 = PCURVE('',#2184,#8640);
#8640 = DEFINITIONAL_REPRESENTATION('',(#8641),#8645);
#8641 = LINE('',#8642,#8643);
#8642 = CARTESIAN_POINT('',(0.,0.));
#8643 = VECTOR('',#8644,1.);
#8644 = DIRECTION('',(1.,0.));
#8645 = ( GEOMETRIC_REPRESENTATION_CONTEXT(2) 
PARAMETRIC_REPRESENTATION_CONTEXT() REPRESENTATION_CONTEXT('2D SPACE',''
  ) );
#8646 = FACE_BOUND('',#8647,.T.);
#8647 = EDGE_LOOP('',(#8648));
#8648 = ORIENTED_EDGE('',*,*,#8649,.T.);
#8649 = EDGE_CURVE('',#8650,#8650,#8652,.T.);
#8650 = VERTEX_POINT('',#8651);
#8651 = CARTESIAN_POINT('',(-2.45,-88.9,6.));
#8652 = SURFACE_CURVE('',#8653,(#8658,#8669),.PCURVE_S1.);
#8653 = CIRCLE('',#8654,2.45);
#8654 = AXIS2_PLACEMENT_3D('',#8655,#8656,#8657);
#8655 = CARTESIAN_POINT('',(0.,-88.9,6.));
#8656 = DIRECTION('',(0.,0.,-1.));
#8657 = DIRECTION('',(-1.,0.,0.));
#8658 = PCURVE('',#100,#8659);
#8659 = DEFINITIONAL_REPRESENTATION('',(#8660),#8668);
#8660 = ( BOUNDED_CURVE() B_SPLINE_CURVE(2,(#8661,#8662,#8663,#8664,
#8665,#8666,#8667),.UNSPECIFIED.,.T.,.F.) B_SPLINE_CURVE_WITH_KNOTS((1,2
    ,2,2,2,1),(-2.094395102393,0.,2.094395102393,4.188790204786,
6.28318530718,8.377580409573),.UNSPECIFIED.) CURVE() 
GEOMETRIC_REPRESENTATION_ITEM() RATIONAL_B_SPLINE_CURVE((1.,0.5,1.,0.5,
1.,0.5,1.)) REPRESENTATION_ITEM('') );
#8661 = CARTESIAN_POINT('',(-2.45,-88.9));
#8662 = CARTESIAN_POINT('',(-2.45,-84.65647552145));
#8663 = CARTESIAN_POINT('',(1.225,-86.77823776072));
#8664 = CARTESIAN_POINT('',(4.9,-88.9));
#8665 = CARTESIAN_POINT('',(1.225,-91.02176223927));
#8666 = CARTESIAN_POINT('',(-2.45,-93.14352447854));
#8667 = CARTESIAN_POINT('',(-2.45,-88.9));
#8668 = ( GEOMETRIC_REPRESENTATION_CONTEXT(2) 
PARAMETRIC_REPRESENTATION_CONTEXT() REPRESENTATION_CONTEXT('2D SPACE',''
  ) );
#8669 = PCURVE('',#2219,#8670);
#8670 = DEFINITIONAL_REPRESENTATION('',(#8671),#8675);
#8671 = LINE('',#8672,#8673);
#8672 = CARTESIAN_POINT('',(0.,0.));
#8673 = VECTOR('',#8674,1.);
#8674 = DIRECTION('',(1.,0.));
#8675 = ( GEOMETRIC_REPRESENTATION_CONTEXT(2) 
PARAMETRIC_REPRESENTATION_CONTEXT() REPRESENTATION_CONTEXT('2D SPACE',''
  ) );
#8676 = FACE_BOUND('',#8677,.T.);
#8677 = EDGE_LOOP('',(#8678));
#8678 = ORIENTED_EDGE('',*,*,#8679,.T.);
#8679 = EDGE_CURVE('',#8680,#8680,#8682,.T.);
#8680 = VERTEX_POINT('',#8681);
#8681 = CARTESIAN_POINT('',(10.25,-88.9,6.));
#8682 = SURFACE_CURVE('',#8683,(#8688,#8699),.PCURVE_S1.);
#8683 = CIRCLE('',#8684,2.45);
#8684 = AXIS2_PLACEMENT_3D('',#8685,#8686,#8687);
#8685 = CARTESIAN_POINT('',(12.7,-88.9,6.));
#8686 = DIRECTION('',(0.,0.,-1.));
#8687 = DIRECTION('',(-1.,0.,0.));
#8688 = PCURVE('',#100,#8689);
#8689 = DEFINITIONAL_REPRESENTATION('',(#8690),#8698);
#8690 = ( BOUNDED_CURVE() B_SPLINE_CURVE(2,(#8691,#8692,#8693,#8694,
#8695,#8696,#8697),.UNSPECIFIED.,.T.,.F.) B_SPLINE_CURVE_WITH_KNOTS((1,2
    ,2,2,2,1),(-2.094395102393,0.,2.094395102393,4.188790204786,
6.28318530718,8.377580409573),.UNSPECIFIED.) CURVE() 
GEOMETRIC_REPRESENTATION_ITEM() RATIONAL_B_SPLINE_CURVE((1.,0.5,1.,0.5,
1.,0.5,1.)) REPRESENTATION_ITEM('') );
#8691 = CARTESIAN_POINT('',(10.25,-88.9));
#8692 = CARTESIAN_POINT('',(10.25,-84.65647552145));
#8693 = CARTESIAN_POINT('',(13.925,-86.77823776072));
#8694 = CARTESIAN_POINT('',(17.6,-88.9));
#8695 = CARTESIAN_POINT('',(13.925,-91.02176223927));
#8696 = CARTESIAN_POINT('',(10.25,-93.14352447854));
#8697 = CARTESIAN_POINT('',(10.25,-88.9));
#8698 = ( GEOMETRIC_REPRESENTATION_CONTEXT(2) 
PARAMETRIC_REPRESENTATION_CONTEXT() REPRESENTATION_CONTEXT('2D SPACE',''
  ) );
#8699 = PCURVE('',#2254,#8700);
#8700 = DEFINITIONAL_REPRESENTATION('',(#8701),#8705);
#8701 = LINE('',#8702,#8703);
#8702 = CARTESIAN_POINT('',(0.,0.));
#8703 = VECTOR('',#8704,1.);
#8704 = DIRECTION('',(1.,0.));
#8705 = ( GEOMETRIC_REPRESENTATION_CONTEXT(2) 
PARAMETRIC_REPRESENTATION_CONTEXT() REPRESENTATION_CONTEXT('2D SPACE',''
  ) );
#8706 = FACE_BOUND('',#8707,.T.);
#8707 = EDGE_LOOP('',(#8708));
#8708 = ORIENTED_EDGE('',*,*,#8709,.T.);
#8709 = EDGE_CURVE('',#8710,#8710,#8712,.T.);
#8710 = VERTEX_POINT('',#8711);
#8711 = CARTESIAN_POINT('',(22.95,-88.9,6.));
#8712 = SURFACE_CURVE('',#8713,(#8718,#8729),.PCURVE_S1.);
#8713 = CIRCLE('',#8714,2.45);
#8714 = AXIS2_PLACEMENT_3D('',#8715,#8716,#8717);
#8715 = CARTESIAN_POINT('',(25.4,-88.9,6.));
#8716 = DIRECTION('',(0.,0.,-1.));
#8717 = DIRECTION('',(-1.,0.,0.));
#8718 = PCURVE('',#100,#8719);
#8719 = DEFINITIONAL_REPRESENTATION('',(#8720),#8728);
#8720 = ( BOUNDED_CURVE() B_SPLINE_CURVE(2,(#8721,#8722,#8723,#8724,
#8725,#8726,#8727),.UNSPECIFIED.,.T.,.F.) B_SPLINE_CURVE_WITH_KNOTS((1,2
    ,2,2,2,1),(-2.094395102393,0.,2.094395102393,4.188790204786,
6.28318530718,8.377580409573),.UNSPECIFIED.) CURVE() 
GEOMETRIC_REPRESENTATION_ITEM() RATIONAL_B_SPLINE_CURVE((1.,0.5,1.,0.5,
1.,0.5,1.)) REPRESENTATION_ITEM('') );
#8721 = CARTESIAN_POINT('',(22.95,-88.9));
#8722 = CARTESIAN_POINT('',(22.95,-84.65647552145));
#8723 = CARTESIAN_POINT('',(26.625,-86.77823776072));
#8724 = CARTESIAN_POINT('',(30.3,-88.9));
#8725 = CARTESIAN_POINT('',(26.625,-91.02176223927));
#8726 = CARTESIAN_POINT('',(22.95,-93.14352447854));
#8727 = CARTESIAN_POINT('',(22.95,-88.9));
#8728 = ( GEOMETRIC_REPRESENTATION_CONTEXT(2) 
PARAMETRIC_REPRESENTATION_CONTEXT() REPRESENTATION_CONTEXT('2D SPACE',''
  ) );
#8729 = PCURVE('',#2289,#8730);
#8730 = DEFINITIONAL_REPRESENTATION('',(#8731),#8735);
#8731 = LINE('',#8732,#8733);
#8732 = CARTESIAN_POINT('',(0.,0.));
#8733 = VECTOR('',#8734,1.);
#8734 = DIRECTION('',(1.,0.));
#8735 = ( GEOMETRIC_REPRESENTATION_CONTEXT(2) 
PARAMETRIC_REPRESENTATION_CONTEXT() REPRESENTATION_CONTEXT('2D SPACE',''
  ) );
#8736 = FACE_BOUND('',#8737,.T.);
#8737 = EDGE_LOOP('',(#8738));
#8738 = ORIENTED_EDGE('',*,*,#8739,.T.);
#8739 = EDGE_CURVE('',#8740,#8740,#8742,.T.);
#8740 = VERTEX_POINT('',#8741);
#8741 = CARTESIAN_POINT('',(35.65,-88.9,6.));
#8742 = SURFACE_CURVE('',#8743,(#8748,#8759),.PCURVE_S1.);
#8743 = CIRCLE('',#8744,2.45);
#8744 = AXIS2_PLACEMENT_3D('',#8745,#8746,#8747);
#8745 = CARTESIAN_POINT('',(38.1,-88.9,6.));
#8746 = DIRECTION('',(0.,0.,-1.));
#8747 = DIRECTION('',(-1.,0.,0.));
#8748 = PCURVE('',#100,#8749);
#8749 = DEFINITIONAL_REPRESENTATION('',(#8750),#8758);
#8750 = ( BOUNDED_CURVE() B_SPLINE_CURVE(2,(#8751,#8752,#8753,#8754,
#8755,#8756,#8757),.UNSPECIFIED.,.T.,.F.) B_SPLINE_CURVE_WITH_KNOTS((1,2
    ,2,2,2,1),(-2.094395102393,0.,2.094395102393,4.188790204786,
6.28318530718,8.377580409573),.UNSPECIFIED.) CURVE() 
GEOMETRIC_REPRESENTATION_ITEM() RATIONAL_B_SPLINE_CURVE((1.,0.5,1.,0.5,
1.,0.5,1.)) REPRESENTATION_ITEM('') );
#8751 = CARTESIAN_POINT('',(35.65,-88.9));
#8752 = CARTESIAN_POINT('',(35.65,-84.65647552145));
#8753 = CARTESIAN_POINT('',(39.325,-86.77823776072));
#8754 = CARTESIAN_POINT('',(43.,-88.9));
#8755 = CARTESIAN_POINT('',(39.325,-91.02176223927));
#8756 = CARTESIAN_POINT('',(35.65,-93.14352447854));
#8757 = CARTESIAN_POINT('',(35.65,-88.9));
#8758 = ( GEOMETRIC_REPRESENTATION_CONTEXT(2) 
PARAMETRIC_REPRESENTATION_CONTEXT() REPRESENTATION_CONTEXT('2D SPACE',''
  ) );
#8759 = PCURVE('',#2324,#8760);
#8760 = DEFINITIONAL_REPRESENTATION('',(#8761),#8765);
#8761 = LINE('',#8762,#8763);
#8762 = CARTESIAN_POINT('',(0.,0.));
#8763 = VECTOR('',#8764,1.);
#8764 = DIRECTION('',(1.,0.));
#8765 = ( GEOMETRIC_REPRESENTATION_CONTEXT(2) 
PARAMETRIC_REPRESENTATION_CONTEXT() REPRESENTATION_CONTEXT('2D SPACE',''
  ) );
#8766 = FACE_BOUND('',#8767,.T.);
#8767 = EDGE_LOOP('',(#8768));
#8768 = ORIENTED_EDGE('',*,*,#8769,.T.);
#8769 = EDGE_CURVE('',#8770,#8770,#8772,.T.);
#8770 = VERTEX_POINT('',#8771);
#8771 = CARTESIAN_POINT('',(48.35,-127.,6.));
#8772 = SURFACE_CURVE('',#8773,(#8778,#8789),.PCURVE_S1.);
#8773 = CIRCLE('',#8774,2.45);
#8774 = AXIS2_PLACEMENT_3D('',#8775,#8776,#8777);
#8775 = CARTESIAN_POINT('',(50.8,-127.,6.));
#8776 = DIRECTION('',(0.,0.,-1.));
#8777 = DIRECTION('',(-1.,0.,0.));
#8778 = PCURVE('',#100,#8779);
#8779 = DEFINITIONAL_REPRESENTATION('',(#8780),#8788);
#8780 = ( BOUNDED_CURVE() B_SPLINE_CURVE(2,(#8781,#8782,#8783,#8784,
#8785,#8786,#8787),.UNSPECIFIED.,.T.,.F.) B_SPLINE_CURVE_WITH_KNOTS((1,2
    ,2,2,2,1),(-2.094395102393,0.,2.094395102393,4.188790204786,
6.28318530718,8.377580409573),.UNSPECIFIED.) CURVE() 
GEOMETRIC_REPRESENTATION_ITEM() RATIONAL_B_SPLINE_CURVE((1.,0.5,1.,0.5,
1.,0.5,1.)) REPRESENTATION_ITEM('') );
#8781 = CARTESIAN_POINT('',(48.35,-127.));
#8782 = CARTESIAN_POINT('',(48.35,-122.7564755214));
#8783 = CARTESIAN_POINT('',(52.025,-124.8782377607));
#8784 = CARTESIAN_POINT('',(55.7,-127.));
#8785 = CARTESIAN_POINT('',(52.025,-129.1217622392));
#8786 = CARTESIAN_POINT('',(48.35,-131.2435244785));
#8787 = CARTESIAN_POINT('',(48.35,-127.));
#8788 = ( GEOMETRIC_REPRESENTATION_CONTEXT(2) 
PARAMETRIC_REPRESENTATION_CONTEXT() REPRESENTATION_CONTEXT('2D SPACE',''
  ) );
#8789 = PCURVE('',#2359,#8790);
#8790 = DEFINITIONAL_REPRESENTATION('',(#8791),#8795);
#8791 = LINE('',#8792,#8793);
#8792 = CARTESIAN_POINT('',(0.,0.));
#8793 = VECTOR('',#8794,1.);
#8794 = DIRECTION('',(1.,0.));
#8795 = ( GEOMETRIC_REPRESENTATION_CONTEXT(2) 
PARAMETRIC_REPRESENTATION_CONTEXT() REPRESENTATION_CONTEXT('2D SPACE',''
  ) );
#8796 = FACE_BOUND('',#8797,.T.);
#8797 = EDGE_LOOP('',(#8798));
#8798 = ORIENTED_EDGE('',*,*,#8799,.T.);
#8799 = EDGE_CURVE('',#8800,#8800,#8802,.T.);
#8800 = VERTEX_POINT('',#8801);
#8801 = CARTESIAN_POINT('',(48.35,-114.3,6.));
#8802 = SURFACE_CURVE('',#8803,(#8808,#8819),.PCURVE_S1.);
#8803 = CIRCLE('',#8804,2.45);
#8804 = AXIS2_PLACEMENT_3D('',#8805,#8806,#8807);
#8805 = CARTESIAN_POINT('',(50.8,-114.3,6.));
#8806 = DIRECTION('',(0.,0.,-1.));
#8807 = DIRECTION('',(-1.,0.,0.));
#8808 = PCURVE('',#100,#8809);
#8809 = DEFINITIONAL_REPRESENTATION('',(#8810),#8818);
#8810 = ( BOUNDED_CURVE() B_SPLINE_CURVE(2,(#8811,#8812,#8813,#8814,
#8815,#8816,#8817),.UNSPECIFIED.,.T.,.F.) B_SPLINE_CURVE_WITH_KNOTS((1,2
    ,2,2,2,1),(-2.094395102393,0.,2.094395102393,4.188790204786,
6.28318530718,8.377580409573),.UNSPECIFIED.) CURVE() 
GEOMETRIC_REPRESENTATION_ITEM() RATIONAL_B_SPLINE_CURVE((1.,0.5,1.,0.5,
1.,0.5,1.)) REPRESENTATION_ITEM('') );
#8811 = CARTESIAN_POINT('',(48.35,-114.3));
#8812 = CARTESIAN_POINT('',(48.35,-110.0564755214));
#8813 = CARTESIAN_POINT('',(52.025,-112.1782377607));
#8814 = CARTESIAN_POINT('',(55.7,-114.3));
#8815 = CARTESIAN_POINT('',(52.025,-116.4217622392));
#8816 = CARTESIAN_POINT('',(48.35,-118.5435244785));
#8817 = CARTESIAN_POINT('',(48.35,-114.3));
#8818 = ( GEOMETRIC_REPRESENTATION_CONTEXT(2) 
PARAMETRIC_REPRESENTATION_CONTEXT() REPRESENTATION_CONTEXT('2D SPACE',''
  ) );
#8819 = PCURVE('',#2394,#8820);
#8820 = DEFINITIONAL_REPRESENTATION('',(#8821),#8825);
#8821 = LINE('',#8822,#8823);
#8822 = CARTESIAN_POINT('',(0.,0.));
#8823 = VECTOR('',#8824,1.);
#8824 = DIRECTION('',(1.,0.));
#8825 = ( GEOMETRIC_REPRESENTATION_CONTEXT(2) 
PARAMETRIC_REPRESENTATION_CONTEXT() REPRESENTATION_CONTEXT('2D SPACE',''
  ) );
#8826 = FACE_BOUND('',#8827,.T.);
#8827 = EDGE_LOOP('',(#8828));
#8828 = ORIENTED_EDGE('',*,*,#8829,.T.);
#8829 = EDGE_CURVE('',#8830,#8830,#8832,.T.);
#8830 = VERTEX_POINT('',#8831);
#8831 = CARTESIAN_POINT('',(61.05,-127.,6.));
#8832 = SURFACE_CURVE('',#8833,(#8838,#8849),.PCURVE_S1.);
#8833 = CIRCLE('',#8834,2.45);
#8834 = AXIS2_PLACEMENT_3D('',#8835,#8836,#8837);
#8835 = CARTESIAN_POINT('',(63.5,-127.,6.));
#8836 = DIRECTION('',(0.,0.,-1.));
#8837 = DIRECTION('',(-1.,0.,0.));
#8838 = PCURVE('',#100,#8839);
#8839 = DEFINITIONAL_REPRESENTATION('',(#8840),#8848);
#8840 = ( BOUNDED_CURVE() B_SPLINE_CURVE(2,(#8841,#8842,#8843,#8844,
#8845,#8846,#8847),.UNSPECIFIED.,.T.,.F.) B_SPLINE_CURVE_WITH_KNOTS((1,2
    ,2,2,2,1),(-2.094395102393,0.,2.094395102393,4.188790204786,
6.28318530718,8.377580409573),.UNSPECIFIED.) CURVE() 
GEOMETRIC_REPRESENTATION_ITEM() RATIONAL_B_SPLINE_CURVE((1.,0.5,1.,0.5,
1.,0.5,1.)) REPRESENTATION_ITEM('') );
#8841 = CARTESIAN_POINT('',(61.05,-127.));
#8842 = CARTESIAN_POINT('',(61.05,-122.7564755214));
#8843 = CARTESIAN_POINT('',(64.725,-124.8782377607));
#8844 = CARTESIAN_POINT('',(68.4,-127.));
#8845 = CARTESIAN_POINT('',(64.725,-129.1217622392));
#8846 = CARTESIAN_POINT('',(61.05,-131.2435244785));
#8847 = CARTESIAN_POINT('',(61.05,-127.));
#8848 = ( GEOMETRIC_REPRESENTATION_CONTEXT(2) 
PARAMETRIC_REPRESENTATION_CONTEXT() REPRESENTATION_CONTEXT('2D SPACE',''
  ) );
#8849 = PCURVE('',#2429,#8850);
#8850 = DEFINITIONAL_REPRESENTATION('',(#8851),#8855);
#8851 = LINE('',#8852,#8853);
#8852 = CARTESIAN_POINT('',(0.,0.));
#8853 = VECTOR('',#8854,1.);
#8854 = DIRECTION('',(1.,0.));
#8855 = ( GEOMETRIC_REPRESENTATION_CONTEXT(2) 
PARAMETRIC_REPRESENTATION_CONTEXT() REPRESENTATION_CONTEXT('2D SPACE',''
  ) );
#8856 = FACE_BOUND('',#8857,.T.);
#8857 = EDGE_LOOP('',(#8858));
#8858 = ORIENTED_EDGE('',*,*,#8859,.T.);
#8859 = EDGE_CURVE('',#8860,#8860,#8862,.T.);
#8860 = VERTEX_POINT('',#8861);
#8861 = CARTESIAN_POINT('',(48.35,-101.6,6.));
#8862 = SURFACE_CURVE('',#8863,(#8868,#8879),.PCURVE_S1.);
#8863 = CIRCLE('',#8864,2.45);
#8864 = AXIS2_PLACEMENT_3D('',#8865,#8866,#8867);
#8865 = CARTESIAN_POINT('',(50.8,-101.6,6.));
#8866 = DIRECTION('',(0.,0.,-1.));
#8867 = DIRECTION('',(-1.,0.,0.));
#8868 = PCURVE('',#100,#8869);
#8869 = DEFINITIONAL_REPRESENTATION('',(#8870),#8878);
#8870 = ( BOUNDED_CURVE() B_SPLINE_CURVE(2,(#8871,#8872,#8873,#8874,
#8875,#8876,#8877),.UNSPECIFIED.,.T.,.F.) B_SPLINE_CURVE_WITH_KNOTS((1,2
    ,2,2,2,1),(-2.094395102393,0.,2.094395102393,4.188790204786,
6.28318530718,8.377580409573),.UNSPECIFIED.) CURVE() 
GEOMETRIC_REPRESENTATION_ITEM() RATIONAL_B_SPLINE_CURVE((1.,0.5,1.,0.5,
1.,0.5,1.)) REPRESENTATION_ITEM('') );
#8871 = CARTESIAN_POINT('',(48.35,-101.6));
#8872 = CARTESIAN_POINT('',(48.35,-97.35647552145));
#8873 = CARTESIAN_POINT('',(52.025,-99.47823776072));
#8874 = CARTESIAN_POINT('',(55.7,-101.6));
#8875 = CARTESIAN_POINT('',(52.025,-103.7217622392));
#8876 = CARTESIAN_POINT('',(48.35,-105.8435244785));
#8877 = CARTESIAN_POINT('',(48.35,-101.6));
#8878 = ( GEOMETRIC_REPRESENTATION_CONTEXT(2) 
PARAMETRIC_REPRESENTATION_CONTEXT() REPRESENTATION_CONTEXT('2D SPACE',''
  ) );
#8879 = PCURVE('',#2464,#8880);
#8880 = DEFINITIONAL_REPRESENTATION('',(#8881),#8885);
#8881 = LINE('',#8882,#8883);
#8882 = CARTESIAN_POINT('',(0.,0.));
#8883 = VECTOR('',#8884,1.);
#8884 = DIRECTION('',(1.,0.));
#8885 = ( GEOMETRIC_REPRESENTATION_CONTEXT(2) 
PARAMETRIC_REPRESENTATION_CONTEXT() REPRESENTATION_CONTEXT('2D SPACE',''
  ) );
#8886 = FACE_BOUND('',#8887,.T.);
#8887 = EDGE_LOOP('',(#8888));
#8888 = ORIENTED_EDGE('',*,*,#8889,.T.);
#8889 = EDGE_CURVE('',#8890,#8890,#8892,.T.);
#8890 = VERTEX_POINT('',#8891);
#8891 = CARTESIAN_POINT('',(73.75,-127.,6.));
#8892 = SURFACE_CURVE('',#8893,(#8898,#8909),.PCURVE_S1.);
#8893 = CIRCLE('',#8894,2.45);
#8894 = AXIS2_PLACEMENT_3D('',#8895,#8896,#8897);
#8895 = CARTESIAN_POINT('',(76.2,-127.,6.));
#8896 = DIRECTION('',(0.,0.,-1.));
#8897 = DIRECTION('',(-1.,0.,0.));
#8898 = PCURVE('',#100,#8899);
#8899 = DEFINITIONAL_REPRESENTATION('',(#8900),#8908);
#8900 = ( BOUNDED_CURVE() B_SPLINE_CURVE(2,(#8901,#8902,#8903,#8904,
#8905,#8906,#8907),.UNSPECIFIED.,.T.,.F.) B_SPLINE_CURVE_WITH_KNOTS((1,2
    ,2,2,2,1),(-2.094395102393,0.,2.094395102393,4.188790204786,
6.28318530718,8.377580409573),.UNSPECIFIED.) CURVE() 
GEOMETRIC_REPRESENTATION_ITEM() RATIONAL_B_SPLINE_CURVE((1.,0.5,1.,0.5,
1.,0.5,1.)) REPRESENTATION_ITEM('') );
#8901 = CARTESIAN_POINT('',(73.75,-127.));
#8902 = CARTESIAN_POINT('',(73.75,-122.7564755214));
#8903 = CARTESIAN_POINT('',(77.425,-124.8782377607));
#8904 = CARTESIAN_POINT('',(81.1,-127.));
#8905 = CARTESIAN_POINT('',(77.425,-129.1217622392));
#8906 = CARTESIAN_POINT('',(73.75,-131.2435244785));
#8907 = CARTESIAN_POINT('',(73.75,-127.));
#8908 = ( GEOMETRIC_REPRESENTATION_CONTEXT(2) 
PARAMETRIC_REPRESENTATION_CONTEXT() REPRESENTATION_CONTEXT('2D SPACE',''
  ) );
#8909 = PCURVE('',#2499,#8910);
#8910 = DEFINITIONAL_REPRESENTATION('',(#8911),#8915);
#8911 = LINE('',#8912,#8913);
#8912 = CARTESIAN_POINT('',(0.,0.));
#8913 = VECTOR('',#8914,1.);
#8914 = DIRECTION('',(1.,0.));
#8915 = ( GEOMETRIC_REPRESENTATION_CONTEXT(2) 
PARAMETRIC_REPRESENTATION_CONTEXT() REPRESENTATION_CONTEXT('2D SPACE',''
  ) );
#8916 = FACE_BOUND('',#8917,.T.);
#8917 = EDGE_LOOP('',(#8918));
#8918 = ORIENTED_EDGE('',*,*,#8919,.T.);
#8919 = EDGE_CURVE('',#8920,#8920,#8922,.T.);
#8920 = VERTEX_POINT('',#8921);
#8921 = CARTESIAN_POINT('',(86.45,-127.,6.));
#8922 = SURFACE_CURVE('',#8923,(#8928,#8939),.PCURVE_S1.);
#8923 = CIRCLE('',#8924,2.45);
#8924 = AXIS2_PLACEMENT_3D('',#8925,#8926,#8927);
#8925 = CARTESIAN_POINT('',(88.9,-127.,6.));
#8926 = DIRECTION('',(0.,0.,-1.));
#8927 = DIRECTION('',(-1.,0.,0.));
#8928 = PCURVE('',#100,#8929);
#8929 = DEFINITIONAL_REPRESENTATION('',(#8930),#8938);
#8930 = ( BOUNDED_CURVE() B_SPLINE_CURVE(2,(#8931,#8932,#8933,#8934,
#8935,#8936,#8937),.UNSPECIFIED.,.T.,.F.) B_SPLINE_CURVE_WITH_KNOTS((1,2
    ,2,2,2,1),(-2.094395102393,0.,2.094395102393,4.188790204786,
6.28318530718,8.377580409573),.UNSPECIFIED.) CURVE() 
GEOMETRIC_REPRESENTATION_ITEM() RATIONAL_B_SPLINE_CURVE((1.,0.5,1.,0.5,
1.,0.5,1.)) REPRESENTATION_ITEM('') );
#8931 = CARTESIAN_POINT('',(86.45,-127.));
#8932 = CARTESIAN_POINT('',(86.45,-122.7564755214));
#8933 = CARTESIAN_POINT('',(90.125,-124.8782377607));
#8934 = CARTESIAN_POINT('',(93.8,-127.));
#8935 = CARTESIAN_POINT('',(90.125,-129.1217622392));
#8936 = CARTESIAN_POINT('',(86.45,-131.2435244785));
#8937 = CARTESIAN_POINT('',(86.45,-127.));
#8938 = ( GEOMETRIC_REPRESENTATION_CONTEXT(2) 
PARAMETRIC_REPRESENTATION_CONTEXT() REPRESENTATION_CONTEXT('2D SPACE',''
  ) );
#8939 = PCURVE('',#2534,#8940);
#8940 = DEFINITIONAL_REPRESENTATION('',(#8941),#8945);
#8941 = LINE('',#8942,#8943);
#8942 = CARTESIAN_POINT('',(0.,0.));
#8943 = VECTOR('',#8944,1.);
#8944 = DIRECTION('',(1.,0.));
#8945 = ( GEOMETRIC_REPRESENTATION_CONTEXT(2) 
PARAMETRIC_REPRESENTATION_CONTEXT() REPRESENTATION_CONTEXT('2D SPACE',''
  ) );
#8946 = FACE_BOUND('',#8947,.T.);
#8947 = EDGE_LOOP('',(#8948));
#8948 = ORIENTED_EDGE('',*,*,#8949,.T.);
#8949 = EDGE_CURVE('',#8950,#8950,#8952,.T.);
#8950 = VERTEX_POINT('',#8951);
#8951 = CARTESIAN_POINT('',(86.45,-114.3,6.));
#8952 = SURFACE_CURVE('',#8953,(#8958,#8969),.PCURVE_S1.);
#8953 = CIRCLE('',#8954,2.45);
#8954 = AXIS2_PLACEMENT_3D('',#8955,#8956,#8957);
#8955 = CARTESIAN_POINT('',(88.9,-114.3,6.));
#8956 = DIRECTION('',(0.,0.,-1.));
#8957 = DIRECTION('',(-1.,0.,0.));
#8958 = PCURVE('',#100,#8959);
#8959 = DEFINITIONAL_REPRESENTATION('',(#8960),#8968);
#8960 = ( BOUNDED_CURVE() B_SPLINE_CURVE(2,(#8961,#8962,#8963,#8964,
#8965,#8966,#8967),.UNSPECIFIED.,.T.,.F.) B_SPLINE_CURVE_WITH_KNOTS((1,2
    ,2,2,2,1),(-2.094395102393,0.,2.094395102393,4.188790204786,
6.28318530718,8.377580409573),.UNSPECIFIED.) CURVE() 
GEOMETRIC_REPRESENTATION_ITEM() RATIONAL_B_SPLINE_CURVE((1.,0.5,1.,0.5,
1.,0.5,1.)) REPRESENTATION_ITEM('') );
#8961 = CARTESIAN_POINT('',(86.45,-114.3));
#8962 = CARTESIAN_POINT('',(86.45,-110.0564755214));
#8963 = CARTESIAN_POINT('',(90.125,-112.1782377607));
#8964 = CARTESIAN_POINT('',(93.8,-114.3));
#8965 = CARTESIAN_POINT('',(90.125,-116.4217622392));
#8966 = CARTESIAN_POINT('',(86.45,-118.5435244785));
#8967 = CARTESIAN_POINT('',(86.45,-114.3));
#8968 = ( GEOMETRIC_REPRESENTATION_CONTEXT(2) 
PARAMETRIC_REPRESENTATION_CONTEXT() REPRESENTATION_CONTEXT('2D SPACE',''
  ) );
#8969 = PCURVE('',#2569,#8970);
#8970 = DEFINITIONAL_REPRESENTATION('',(#8971),#8975);
#8971 = LINE('',#8972,#8973);
#8972 = CARTESIAN_POINT('',(0.,0.));
#8973 = VECTOR('',#8974,1.);
#8974 = DIRECTION('',(1.,0.));
#8975 = ( GEOMETRIC_REPRESENTATION_CONTEXT(2) 
PARAMETRIC_REPRESENTATION_CONTEXT() REPRESENTATION_CONTEXT('2D SPACE',''
  ) );
#8976 = FACE_BOUND('',#8977,.T.);
#8977 = EDGE_LOOP('',(#8978));
#8978 = ORIENTED_EDGE('',*,*,#8979,.T.);
#8979 = EDGE_CURVE('',#8980,#8980,#8982,.T.);
#8980 = VERTEX_POINT('',#8981);
#8981 = CARTESIAN_POINT('',(67.,-108.,6.));
#8982 = SURFACE_CURVE('',#8983,(#8988,#8999),.PCURVE_S1.);
#8983 = CIRCLE('',#8984,8.);
#8984 = AXIS2_PLACEMENT_3D('',#8985,#8986,#8987);
#8985 = CARTESIAN_POINT('',(75.,-108.,6.));
#8986 = DIRECTION('',(0.,0.,-1.));
#8987 = DIRECTION('',(-1.,0.,0.));
#8988 = PCURVE('',#100,#8989);
#8989 = DEFINITIONAL_REPRESENTATION('',(#8990),#8998);
#8990 = ( BOUNDED_CURVE() B_SPLINE_CURVE(2,(#8991,#8992,#8993,#8994,
#8995,#8996,#8997),.UNSPECIFIED.,.T.,.F.) B_SPLINE_CURVE_WITH_KNOTS((1,2
    ,2,2,2,1),(-2.094395102393,0.,2.094395102393,4.188790204786,
6.28318530718,8.377580409573),.UNSPECIFIED.) CURVE() 
GEOMETRIC_REPRESENTATION_ITEM() RATIONAL_B_SPLINE_CURVE((1.,0.5,1.,0.5,
1.,0.5,1.)) REPRESENTATION_ITEM('') );
#8991 = CARTESIAN_POINT('',(67.,-108.));
#8992 = CARTESIAN_POINT('',(67.,-94.14359353944));
#8993 = CARTESIAN_POINT('',(79.,-101.0717967697));
#8994 = CARTESIAN_POINT('',(91.,-108.));
#8995 = CARTESIAN_POINT('',(79.,-114.9282032302));
#8996 = CARTESIAN_POINT('',(67.,-121.8564064605));
#8997 = CARTESIAN_POINT('',(67.,-108.));
#8998 = ( GEOMETRIC_REPRESENTATION_CONTEXT(2) 
PARAMETRIC_REPRESENTATION_CONTEXT() REPRESENTATION_CONTEXT('2D SPACE',''
  ) );
#8999 = PCURVE('',#2604,#9000);
#9000 = DEFINITIONAL_REPRESENTATION('',(#9001),#9005);
#9001 = LINE('',#9002,#9003);
#9002 = CARTESIAN_POINT('',(0.,0.));
#9003 = VECTOR('',#9004,1.);
#9004 = DIRECTION('',(1.,0.));
#9005 = ( GEOMETRIC_REPRESENTATION_CONTEXT(2) 
PARAMETRIC_REPRESENTATION_CONTEXT() REPRESENTATION_CONTEXT('2D SPACE',''
  ) );
#9006 = FACE_BOUND('',#9007,.T.);
#9007 = EDGE_LOOP('',(#9008));
#9008 = ORIENTED_EDGE('',*,*,#9009,.T.);
#9009 = EDGE_CURVE('',#9010,#9010,#9012,.T.);
#9010 = VERTEX_POINT('',#9011);
#9011 = CARTESIAN_POINT('',(86.45,-101.6,6.));
#9012 = SURFACE_CURVE('',#9013,(#9018,#9029),.PCURVE_S1.);
#9013 = CIRCLE('',#9014,2.45);
#9014 = AXIS2_PLACEMENT_3D('',#9015,#9016,#9017);
#9015 = CARTESIAN_POINT('',(88.9,-101.6,6.));
#9016 = DIRECTION('',(0.,0.,-1.));
#9017 = DIRECTION('',(-1.,0.,0.));
#9018 = PCURVE('',#100,#9019);
#9019 = DEFINITIONAL_REPRESENTATION('',(#9020),#9028);
#9020 = ( BOUNDED_CURVE() B_SPLINE_CURVE(2,(#9021,#9022,#9023,#9024,
#9025,#9026,#9027),.UNSPECIFIED.,.T.,.F.) B_SPLINE_CURVE_WITH_KNOTS((1,2
    ,2,2,2,1),(-2.094395102393,0.,2.094395102393,4.188790204786,
6.28318530718,8.377580409573),.UNSPECIFIED.) CURVE() 
GEOMETRIC_REPRESENTATION_ITEM() RATIONAL_B_SPLINE_CURVE((1.,0.5,1.,0.5,
1.,0.5,1.)) REPRESENTATION_ITEM('') );
#9021 = CARTESIAN_POINT('',(86.45,-101.6));
#9022 = CARTESIAN_POINT('',(86.45,-97.35647552145));
#9023 = CARTESIAN_POINT('',(90.125,-99.47823776072));
#9024 = CARTESIAN_POINT('',(93.8,-101.6));
#9025 = CARTESIAN_POINT('',(90.125,-103.7217622392));
#9026 = CARTESIAN_POINT('',(86.45,-105.8435244785));
#9027 = CARTESIAN_POINT('',(86.45,-101.6));
#9028 = ( GEOMETRIC_REPRESENTATION_CONTEXT(2) 
PARAMETRIC_REPRESENTATION_CONTEXT() REPRESENTATION_CONTEXT('2D SPACE',''
  ) );
#9029 = PCURVE('',#2639,#9030);
#9030 = DEFINITIONAL_REPRESENTATION('',(#9031),#9035);
#9031 = LINE('',#9032,#9033);
#9032 = CARTESIAN_POINT('',(0.,0.));
#9033 = VECTOR('',#9034,1.);
#9034 = DIRECTION('',(1.,0.));
#9035 = ( GEOMETRIC_REPRESENTATION_CONTEXT(2) 
PARAMETRIC_REPRESENTATION_CONTEXT() REPRESENTATION_CONTEXT('2D SPACE',''
  ) );
#9036 = FACE_BOUND('',#9037,.T.);
#9037 = EDGE_LOOP('',(#9038));
#9038 = ORIENTED_EDGE('',*,*,#9039,.T.);
#9039 = EDGE_CURVE('',#9040,#9040,#9042,.T.);
#9040 = VERTEX_POINT('',#9041);
#9041 = CARTESIAN_POINT('',(48.35,-88.9,6.));
#9042 = SURFACE_CURVE('',#9043,(#9048,#9059),.PCURVE_S1.);
#9043 = CIRCLE('',#9044,2.45);
#9044 = AXIS2_PLACEMENT_3D('',#9045,#9046,#9047);
#9045 = CARTESIAN_POINT('',(50.8,-88.9,6.));
#9046 = DIRECTION('',(0.,0.,-1.));
#9047 = DIRECTION('',(-1.,0.,0.));
#9048 = PCURVE('',#100,#9049);
#9049 = DEFINITIONAL_REPRESENTATION('',(#9050),#9058);
#9050 = ( BOUNDED_CURVE() B_SPLINE_CURVE(2,(#9051,#9052,#9053,#9054,
#9055,#9056,#9057),.UNSPECIFIED.,.T.,.F.) B_SPLINE_CURVE_WITH_KNOTS((1,2
    ,2,2,2,1),(-2.094395102393,0.,2.094395102393,4.188790204786,
6.28318530718,8.377580409573),.UNSPECIFIED.) CURVE() 
GEOMETRIC_REPRESENTATION_ITEM() RATIONAL_B_SPLINE_CURVE((1.,0.5,1.,0.5,
1.,0.5,1.)) REPRESENTATION_ITEM('') );
#9051 = CARTESIAN_POINT('',(48.35,-88.9));
#9052 = CARTESIAN_POINT('',(48.35,-84.65647552145));
#9053 = CARTESIAN_POINT('',(52.025,-86.77823776072));
#9054 = CARTESIAN_POINT('',(55.7,-88.9));
#9055 = CARTESIAN_POINT('',(52.025,-91.02176223927));
#9056 = CARTESIAN_POINT('',(48.35,-93.14352447854));
#9057 = CARTESIAN_POINT('',(48.35,-88.9));
#9058 = ( GEOMETRIC_REPRESENTATION_CONTEXT(2) 
PARAMETRIC_REPRESENTATION_CONTEXT() REPRESENTATION_CONTEXT('2D SPACE',''
  ) );
#9059 = PCURVE('',#2674,#9060);
#9060 = DEFINITIONAL_REPRESENTATION('',(#9061),#9065);
#9061 = LINE('',#9062,#9063);
#9062 = CARTESIAN_POINT('',(0.,0.));
#9063 = VECTOR('',#9064,1.);
#9064 = DIRECTION('',(1.,0.));
#9065 = ( GEOMETRIC_REPRESENTATION_CONTEXT(2) 
PARAMETRIC_REPRESENTATION_CONTEXT() REPRESENTATION_CONTEXT('2D SPACE',''
  ) );
#9066 = FACE_BOUND('',#9067,.T.);
#9067 = EDGE_LOOP('',(#9068));
#9068 = ORIENTED_EDGE('',*,*,#9069,.T.);
#9069 = EDGE_CURVE('',#9070,#9070,#9072,.T.);
#9070 = VERTEX_POINT('',#9071);
#9071 = CARTESIAN_POINT('',(61.05,-88.9,6.));
#9072 = SURFACE_CURVE('',#9073,(#9078,#9089),.PCURVE_S1.);
#9073 = CIRCLE('',#9074,2.45);
#9074 = AXIS2_PLACEMENT_3D('',#9075,#9076,#9077);
#9075 = CARTESIAN_POINT('',(63.5,-88.9,6.));
#9076 = DIRECTION('',(0.,0.,-1.));
#9077 = DIRECTION('',(-1.,0.,0.));
#9078 = PCURVE('',#100,#9079);
#9079 = DEFINITIONAL_REPRESENTATION('',(#9080),#9088);
#9080 = ( BOUNDED_CURVE() B_SPLINE_CURVE(2,(#9081,#9082,#9083,#9084,
#9085,#9086,#9087),.UNSPECIFIED.,.T.,.F.) B_SPLINE_CURVE_WITH_KNOTS((1,2
    ,2,2,2,1),(-2.094395102393,0.,2.094395102393,4.188790204786,
6.28318530718,8.377580409573),.UNSPECIFIED.) CURVE() 
GEOMETRIC_REPRESENTATION_ITEM() RATIONAL_B_SPLINE_CURVE((1.,0.5,1.,0.5,
1.,0.5,1.)) REPRESENTATION_ITEM('') );
#9081 = CARTESIAN_POINT('',(61.05,-88.9));
#9082 = CARTESIAN_POINT('',(61.05,-84.65647552145));
#9083 = CARTESIAN_POINT('',(64.725,-86.77823776072));
#9084 = CARTESIAN_POINT('',(68.4,-88.9));
#9085 = CARTESIAN_POINT('',(64.725,-91.02176223927));
#9086 = CARTESIAN_POINT('',(61.05,-93.14352447854));
#9087 = CARTESIAN_POINT('',(61.05,-88.9));
#9088 = ( GEOMETRIC_REPRESENTATION_CONTEXT(2) 
PARAMETRIC_REPRESENTATION_CONTEXT() REPRESENTATION_CONTEXT('2D SPACE',''
  ) );
#9089 = PCURVE('',#2709,#9090);
#9090 = DEFINITIONAL_REPRESENTATION('',(#9091),#9095);
#9091 = LINE('',#9092,#9093);
#9092 = CARTESIAN_POINT('',(0.,0.));
#9093 = VECTOR('',#9094,1.);
#9094 = DIRECTION('',(1.,0.));
#9095 = ( GEOMETRIC_REPRESENTATION_CONTEXT(2) 
PARAMETRIC_REPRESENTATION_CONTEXT() REPRESENTATION_CONTEXT('2D SPACE',''
  ) );
#9096 = FACE_BOUND('',#9097,.T.);
#9097 = EDGE_LOOP('',(#9098));
#9098 = ORIENTED_EDGE('',*,*,#9099,.T.);
#9099 = EDGE_CURVE('',#9100,#9100,#9102,.T.);
#9100 = VERTEX_POINT('',#9101);
#9101 = CARTESIAN_POINT('',(61.05,-76.2,6.));
#9102 = SURFACE_CURVE('',#9103,(#9108,#9119),.PCURVE_S1.);
#9103 = CIRCLE('',#9104,2.45);
#9104 = AXIS2_PLACEMENT_3D('',#9105,#9106,#9107);
#9105 = CARTESIAN_POINT('',(63.5,-76.2,6.));
#9106 = DIRECTION('',(0.,0.,-1.));
#9107 = DIRECTION('',(-1.,0.,0.));
#9108 = PCURVE('',#100,#9109);
#9109 = DEFINITIONAL_REPRESENTATION('',(#9110),#9118);
#9110 = ( BOUNDED_CURVE() B_SPLINE_CURVE(2,(#9111,#9112,#9113,#9114,
#9115,#9116,#9117),.UNSPECIFIED.,.T.,.F.) B_SPLINE_CURVE_WITH_KNOTS((1,2
    ,2,2,2,1),(-2.094395102393,0.,2.094395102393,4.188790204786,
6.28318530718,8.377580409573),.UNSPECIFIED.) CURVE() 
GEOMETRIC_REPRESENTATION_ITEM() RATIONAL_B_SPLINE_CURVE((1.,0.5,1.,0.5,
1.,0.5,1.)) REPRESENTATION_ITEM('') );
#9111 = CARTESIAN_POINT('',(61.05,-76.2));
#9112 = CARTESIAN_POINT('',(61.05,-71.95647552145));
#9113 = CARTESIAN_POINT('',(64.725,-74.07823776072));
#9114 = CARTESIAN_POINT('',(68.4,-76.2));
#9115 = CARTESIAN_POINT('',(64.725,-78.32176223927));
#9116 = CARTESIAN_POINT('',(61.05,-80.44352447854));
#9117 = CARTESIAN_POINT('',(61.05,-76.2));
#9118 = ( GEOMETRIC_REPRESENTATION_CONTEXT(2) 
PARAMETRIC_REPRESENTATION_CONTEXT() REPRESENTATION_CONTEXT('2D SPACE',''
  ) );
#9119 = PCURVE('',#2744,#9120);
#9120 = DEFINITIONAL_REPRESENTATION('',(#9121),#9125);
#9121 = LINE('',#9122,#9123);
#9122 = CARTESIAN_POINT('',(0.,0.));
#9123 = VECTOR('',#9124,1.);
#9124 = DIRECTION('',(1.,0.));
#9125 = ( GEOMETRIC_REPRESENTATION_CONTEXT(2) 
PARAMETRIC_REPRESENTATION_CONTEXT() REPRESENTATION_CONTEXT('2D SPACE',''
  ) );
#9126 = FACE_BOUND('',#9127,.T.);
#9127 = EDGE_LOOP('',(#9128));
#9128 = ORIENTED_EDGE('',*,*,#9129,.T.);
#9129 = EDGE_CURVE('',#9130,#9130,#9132,.T.);
#9130 = VERTEX_POINT('',#9131);
#9131 = CARTESIAN_POINT('',(73.75,-88.9,6.));
#9132 = SURFACE_CURVE('',#9133,(#9138,#9149),.PCURVE_S1.);
#9133 = CIRCLE('',#9134,2.45);
#9134 = AXIS2_PLACEMENT_3D('',#9135,#9136,#9137);
#9135 = CARTESIAN_POINT('',(76.2,-88.9,6.));
#9136 = DIRECTION('',(0.,0.,-1.));
#9137 = DIRECTION('',(-1.,0.,0.));
#9138 = PCURVE('',#100,#9139);
#9139 = DEFINITIONAL_REPRESENTATION('',(#9140),#9148);
#9140 = ( BOUNDED_CURVE() B_SPLINE_CURVE(2,(#9141,#9142,#9143,#9144,
#9145,#9146,#9147),.UNSPECIFIED.,.T.,.F.) B_SPLINE_CURVE_WITH_KNOTS((1,2
    ,2,2,2,1),(-2.094395102393,0.,2.094395102393,4.188790204786,
6.28318530718,8.377580409573),.UNSPECIFIED.) CURVE() 
GEOMETRIC_REPRESENTATION_ITEM() RATIONAL_B_SPLINE_CURVE((1.,0.5,1.,0.5,
1.,0.5,1.)) REPRESENTATION_ITEM('') );
#9141 = CARTESIAN_POINT('',(73.75,-88.9));
#9142 = CARTESIAN_POINT('',(73.75,-84.65647552145));
#9143 = CARTESIAN_POINT('',(77.425,-86.77823776072));
#9144 = CARTESIAN_POINT('',(81.1,-88.9));
#9145 = CARTESIAN_POINT('',(77.425,-91.02176223927));
#9146 = CARTESIAN_POINT('',(73.75,-93.14352447854));
#9147 = CARTESIAN_POINT('',(73.75,-88.9));
#9148 = ( GEOMETRIC_REPRESENTATION_CONTEXT(2) 
PARAMETRIC_REPRESENTATION_CONTEXT() REPRESENTATION_CONTEXT('2D SPACE',''
  ) );
#9149 = PCURVE('',#2779,#9150);
#9150 = DEFINITIONAL_REPRESENTATION('',(#9151),#9155);
#9151 = LINE('',#9152,#9153);
#9152 = CARTESIAN_POINT('',(0.,0.));
#9153 = VECTOR('',#9154,1.);
#9154 = DIRECTION('',(1.,0.));
#9155 = ( GEOMETRIC_REPRESENTATION_CONTEXT(2) 
PARAMETRIC_REPRESENTATION_CONTEXT() REPRESENTATION_CONTEXT('2D SPACE',''
  ) );
#9156 = FACE_BOUND('',#9157,.T.);
#9157 = EDGE_LOOP('',(#9158));
#9158 = ORIENTED_EDGE('',*,*,#9159,.T.);
#9159 = EDGE_CURVE('',#9160,#9160,#9162,.T.);
#9160 = VERTEX_POINT('',#9161);
#9161 = CARTESIAN_POINT('',(86.45,-88.9,6.));
#9162 = SURFACE_CURVE('',#9163,(#9168,#9179),.PCURVE_S1.);
#9163 = CIRCLE('',#9164,2.45);
#9164 = AXIS2_PLACEMENT_3D('',#9165,#9166,#9167);
#9165 = CARTESIAN_POINT('',(88.9,-88.9,6.));
#9166 = DIRECTION('',(0.,0.,-1.));
#9167 = DIRECTION('',(-1.,0.,0.));
#9168 = PCURVE('',#100,#9169);
#9169 = DEFINITIONAL_REPRESENTATION('',(#9170),#9178);
#9170 = ( BOUNDED_CURVE() B_SPLINE_CURVE(2,(#9171,#9172,#9173,#9174,
#9175,#9176,#9177),.UNSPECIFIED.,.T.,.F.) B_SPLINE_CURVE_WITH_KNOTS((1,2
    ,2,2,2,1),(-2.094395102393,0.,2.094395102393,4.188790204786,
6.28318530718,8.377580409573),.UNSPECIFIED.) CURVE() 
GEOMETRIC_REPRESENTATION_ITEM() RATIONAL_B_SPLINE_CURVE((1.,0.5,1.,0.5,
1.,0.5,1.)) REPRESENTATION_ITEM('') );
#9171 = CARTESIAN_POINT('',(86.45,-88.9));
#9172 = CARTESIAN_POINT('',(86.45,-84.65647552145));
#9173 = CARTESIAN_POINT('',(90.125,-86.77823776072));
#9174 = CARTESIAN_POINT('',(93.8,-88.9));
#9175 = CARTESIAN_POINT('',(90.125,-91.02176223927));
#9176 = CARTESIAN_POINT('',(86.45,-93.14352447854));
#9177 = CARTESIAN_POINT('',(86.45,-88.9));
#9178 = ( GEOMETRIC_REPRESENTATION_CONTEXT(2) 
PARAMETRIC_REPRESENTATION_CONTEXT() REPRESENTATION_CONTEXT('2D SPACE',''
  ) );
#9179 = PCURVE('',#2814,#9180);
#9180 = DEFINITIONAL_REPRESENTATION('',(#9181),#9185);
#9181 = LINE('',#9182,#9183);
#9182 = CARTESIAN_POINT('',(0.,0.));
#9183 = VECTOR('',#9184,1.);
#9184 = DIRECTION('',(1.,0.));
#9185 = ( GEOMETRIC_REPRESENTATION_CONTEXT(2) 
PARAMETRIC_REPRESENTATION_CONTEXT() REPRESENTATION_CONTEXT('2D SPACE',''
  ) );
#9186 = FACE_BOUND('',#9187,.T.);
#9187 = EDGE_LOOP('',(#9188));
#9188 = ORIENTED_EDGE('',*,*,#9189,.T.);
#9189 = EDGE_CURVE('',#9190,#9190,#9192,.T.);
#9190 = VERTEX_POINT('',#9191);
#9191 = CARTESIAN_POINT('',(73.75,-76.2,6.));
#9192 = SURFACE_CURVE('',#9193,(#9198,#9209),.PCURVE_S1.);
#9193 = CIRCLE('',#9194,2.45);
#9194 = AXIS2_PLACEMENT_3D('',#9195,#9196,#9197);
#9195 = CARTESIAN_POINT('',(76.2,-76.2,6.));
#9196 = DIRECTION('',(0.,0.,-1.));
#9197 = DIRECTION('',(-1.,0.,0.));
#9198 = PCURVE('',#100,#9199);
#9199 = DEFINITIONAL_REPRESENTATION('',(#9200),#9208);
#9200 = ( BOUNDED_CURVE() B_SPLINE_CURVE(2,(#9201,#9202,#9203,#9204,
#9205,#9206,#9207),.UNSPECIFIED.,.T.,.F.) B_SPLINE_CURVE_WITH_KNOTS((1,2
    ,2,2,2,1),(-2.094395102393,0.,2.094395102393,4.188790204786,
6.28318530718,8.377580409573),.UNSPECIFIED.) CURVE() 
GEOMETRIC_REPRESENTATION_ITEM() RATIONAL_B_SPLINE_CURVE((1.,0.5,1.,0.5,
1.,0.5,1.)) REPRESENTATION_ITEM('') );
#9201 = CARTESIAN_POINT('',(73.75,-76.2));
#9202 = CARTESIAN_POINT('',(73.75,-71.95647552145));
#9203 = CARTESIAN_POINT('',(77.425,-74.07823776072));
#9204 = CARTESIAN_POINT('',(81.1,-76.2));
#9205 = CARTESIAN_POINT('',(77.425,-78.32176223927));
#9206 = CARTESIAN_POINT('',(73.75,-80.44352447854));
#9207 = CARTESIAN_POINT('',(73.75,-76.2));
#9208 = ( GEOMETRIC_REPRESENTATION_CONTEXT(2) 
PARAMETRIC_REPRESENTATION_CONTEXT() REPRESENTATION_CONTEXT('2D SPACE',''
  ) );
#9209 = PCURVE('',#2849,#9210);
#9210 = DEFINITIONAL_REPRESENTATION('',(#9211),#9215);
#9211 = LINE('',#9212,#9213);
#9212 = CARTESIAN_POINT('',(0.,0.));
#9213 = VECTOR('',#9214,1.);
#9214 = DIRECTION('',(1.,0.));
#9215 = ( GEOMETRIC_REPRESENTATION_CONTEXT(2) 
PARAMETRIC_REPRESENTATION_CONTEXT() REPRESENTATION_CONTEXT('2D SPACE',''
  ) );
#9216 = FACE_BOUND('',#9217,.T.);
#9217 = EDGE_LOOP('',(#9218));
#9218 = ORIENTED_EDGE('',*,*,#9219,.T.);
#9219 = EDGE_CURVE('',#9220,#9220,#9222,.T.);
#9220 = VERTEX_POINT('',#9221);
#9221 = CARTESIAN_POINT('',(86.45,-76.2,6.));
#9222 = SURFACE_CURVE('',#9223,(#9228,#9239),.PCURVE_S1.);
#9223 = CIRCLE('',#9224,2.45);
#9224 = AXIS2_PLACEMENT_3D('',#9225,#9226,#9227);
#9225 = CARTESIAN_POINT('',(88.9,-76.2,6.));
#9226 = DIRECTION('',(0.,0.,-1.));
#9227 = DIRECTION('',(-1.,0.,0.));
#9228 = PCURVE('',#100,#9229);
#9229 = DEFINITIONAL_REPRESENTATION('',(#9230),#9238);
#9230 = ( BOUNDED_CURVE() B_SPLINE_CURVE(2,(#9231,#9232,#9233,#9234,
#9235,#9236,#9237),.UNSPECIFIED.,.T.,.F.) B_SPLINE_CURVE_WITH_KNOTS((1,2
    ,2,2,2,1),(-2.094395102393,0.,2.094395102393,4.188790204786,
6.28318530718,8.377580409573),.UNSPECIFIED.) CURVE() 
GEOMETRIC_REPRESENTATION_ITEM() RATIONAL_B_SPLINE_CURVE((1.,0.5,1.,0.5,
1.,0.5,1.)) REPRESENTATION_ITEM('') );
#9231 = CARTESIAN_POINT('',(86.45,-76.2));
#9232 = CARTESIAN_POINT('',(86.45,-71.95647552145));
#9233 = CARTESIAN_POINT('',(90.125,-74.07823776072));
#9234 = CARTESIAN_POINT('',(93.8,-76.2));
#9235 = CARTESIAN_POINT('',(90.125,-78.32176223927));
#9236 = CARTESIAN_POINT('',(86.45,-80.44352447854));
#9237 = CARTESIAN_POINT('',(86.45,-76.2));
#9238 = ( GEOMETRIC_REPRESENTATION_CONTEXT(2) 
PARAMETRIC_REPRESENTATION_CONTEXT() REPRESENTATION_CONTEXT('2D SPACE',''
  ) );
#9239 = PCURVE('',#2884,#9240);
#9240 = DEFINITIONAL_REPRESENTATION('',(#9241),#9245);
#9241 = LINE('',#9242,#9243);
#9242 = CARTESIAN_POINT('',(0.,0.));
#9243 = VECTOR('',#9244,1.);
#9244 = DIRECTION('',(1.,0.));
#9245 = ( GEOMETRIC_REPRESENTATION_CONTEXT(2) 
PARAMETRIC_REPRESENTATION_CONTEXT() REPRESENTATION_CONTEXT('2D SPACE',''
  ) );
#9246 = FACE_BOUND('',#9247,.T.);
#9247 = EDGE_LOOP('',(#9248));
#9248 = ORIENTED_EDGE('',*,*,#9249,.T.);
#9249 = EDGE_CURVE('',#9250,#9250,#9252,.T.);
#9250 = VERTEX_POINT('',#9251);
#9251 = CARTESIAN_POINT('',(61.05,-63.5,6.));
#9252 = SURFACE_CURVE('',#9253,(#9258,#9269),.PCURVE_S1.);
#9253 = CIRCLE('',#9254,2.45);
#9254 = AXIS2_PLACEMENT_3D('',#9255,#9256,#9257);
#9255 = CARTESIAN_POINT('',(63.5,-63.5,6.));
#9256 = DIRECTION('',(0.,0.,-1.));
#9257 = DIRECTION('',(-1.,0.,0.));
#9258 = PCURVE('',#100,#9259);
#9259 = DEFINITIONAL_REPRESENTATION('',(#9260),#9268);
#9260 = ( BOUNDED_CURVE() B_SPLINE_CURVE(2,(#9261,#9262,#9263,#9264,
#9265,#9266,#9267),.UNSPECIFIED.,.T.,.F.) B_SPLINE_CURVE_WITH_KNOTS((1,2
    ,2,2,2,1),(-2.094395102393,0.,2.094395102393,4.188790204786,
6.28318530718,8.377580409573),.UNSPECIFIED.) CURVE() 
GEOMETRIC_REPRESENTATION_ITEM() RATIONAL_B_SPLINE_CURVE((1.,0.5,1.,0.5,
1.,0.5,1.)) REPRESENTATION_ITEM('') );
#9261 = CARTESIAN_POINT('',(61.05,-63.5));
#9262 = CARTESIAN_POINT('',(61.05,-59.25647552145));
#9263 = CARTESIAN_POINT('',(64.725,-61.37823776072));
#9264 = CARTESIAN_POINT('',(68.4,-63.5));
#9265 = CARTESIAN_POINT('',(64.725,-65.62176223927));
#9266 = CARTESIAN_POINT('',(61.05,-67.74352447854));
#9267 = CARTESIAN_POINT('',(61.05,-63.5));
#9268 = ( GEOMETRIC_REPRESENTATION_CONTEXT(2) 
PARAMETRIC_REPRESENTATION_CONTEXT() REPRESENTATION_CONTEXT('2D SPACE',''
  ) );
#9269 = PCURVE('',#2919,#9270);
#9270 = DEFINITIONAL_REPRESENTATION('',(#9271),#9275);
#9271 = LINE('',#9272,#9273);
#9272 = CARTESIAN_POINT('',(0.,0.));
#9273 = VECTOR('',#9274,1.);
#9274 = DIRECTION('',(1.,0.));
#9275 = ( GEOMETRIC_REPRESENTATION_CONTEXT(2) 
PARAMETRIC_REPRESENTATION_CONTEXT() REPRESENTATION_CONTEXT('2D SPACE',''
  ) );
#9276 = FACE_BOUND('',#9277,.T.);
#9277 = EDGE_LOOP('',(#9278));
#9278 = ORIENTED_EDGE('',*,*,#9279,.T.);
#9279 = EDGE_CURVE('',#9280,#9280,#9282,.T.);
#9280 = VERTEX_POINT('',#9281);
#9281 = CARTESIAN_POINT('',(61.05,-50.8,6.));
#9282 = SURFACE_CURVE('',#9283,(#9288,#9299),.PCURVE_S1.);
#9283 = CIRCLE('',#9284,2.45);
#9284 = AXIS2_PLACEMENT_3D('',#9285,#9286,#9287);
#9285 = CARTESIAN_POINT('',(63.5,-50.8,6.));
#9286 = DIRECTION('',(0.,0.,-1.));
#9287 = DIRECTION('',(-1.,0.,0.));
#9288 = PCURVE('',#100,#9289);
#9289 = DEFINITIONAL_REPRESENTATION('',(#9290),#9298);
#9290 = ( BOUNDED_CURVE() B_SPLINE_CURVE(2,(#9291,#9292,#9293,#9294,
#9295,#9296,#9297),.UNSPECIFIED.,.T.,.F.) B_SPLINE_CURVE_WITH_KNOTS((1,2
    ,2,2,2,1),(-2.094395102393,0.,2.094395102393,4.188790204786,
6.28318530718,8.377580409573),.UNSPECIFIED.) CURVE() 
GEOMETRIC_REPRESENTATION_ITEM() RATIONAL_B_SPLINE_CURVE((1.,0.5,1.,0.5,
1.,0.5,1.)) REPRESENTATION_ITEM('') );
#9291 = CARTESIAN_POINT('',(61.05,-50.8));
#9292 = CARTESIAN_POINT('',(61.05,-46.55647552145));
#9293 = CARTESIAN_POINT('',(64.725,-48.67823776072));
#9294 = CARTESIAN_POINT('',(68.4,-50.8));
#9295 = CARTESIAN_POINT('',(64.725,-52.92176223927));
#9296 = CARTESIAN_POINT('',(61.05,-55.04352447854));
#9297 = CARTESIAN_POINT('',(61.05,-50.8));
#9298 = ( GEOMETRIC_REPRESENTATION_CONTEXT(2) 
PARAMETRIC_REPRESENTATION_CONTEXT() REPRESENTATION_CONTEXT('2D SPACE',''
  ) );
#9299 = PCURVE('',#2954,#9300);
#9300 = DEFINITIONAL_REPRESENTATION('',(#9301),#9305);
#9301 = LINE('',#9302,#9303);
#9302 = CARTESIAN_POINT('',(0.,0.));
#9303 = VECTOR('',#9304,1.);
#9304 = DIRECTION('',(1.,0.));
#9305 = ( GEOMETRIC_REPRESENTATION_CONTEXT(2) 
PARAMETRIC_REPRESENTATION_CONTEXT() REPRESENTATION_CONTEXT('2D SPACE',''
  ) );
#9306 = FACE_BOUND('',#9307,.T.);
#9307 = EDGE_LOOP('',(#9308));
#9308 = ORIENTED_EDGE('',*,*,#9309,.T.);
#9309 = EDGE_CURVE('',#9310,#9310,#9312,.T.);
#9310 = VERTEX_POINT('',#9311);
#9311 = CARTESIAN_POINT('',(61.05,-38.1,6.));
#9312 = SURFACE_CURVE('',#9313,(#9318,#9329),.PCURVE_S1.);
#9313 = CIRCLE('',#9314,2.45);
#9314 = AXIS2_PLACEMENT_3D('',#9315,#9316,#9317);
#9315 = CARTESIAN_POINT('',(63.5,-38.1,6.));
#9316 = DIRECTION('',(0.,0.,-1.));
#9317 = DIRECTION('',(-1.,0.,0.));
#9318 = PCURVE('',#100,#9319);
#9319 = DEFINITIONAL_REPRESENTATION('',(#9320),#9328);
#9320 = ( BOUNDED_CURVE() B_SPLINE_CURVE(2,(#9321,#9322,#9323,#9324,
#9325,#9326,#9327),.UNSPECIFIED.,.T.,.F.) B_SPLINE_CURVE_WITH_KNOTS((1,2
    ,2,2,2,1),(-2.094395102393,0.,2.094395102393,4.188790204786,
6.28318530718,8.377580409573),.UNSPECIFIED.) CURVE() 
GEOMETRIC_REPRESENTATION_ITEM() RATIONAL_B_SPLINE_CURVE((1.,0.5,1.,0.5,
1.,0.5,1.)) REPRESENTATION_ITEM('') );
#9321 = CARTESIAN_POINT('',(61.05,-38.1));
#9322 = CARTESIAN_POINT('',(61.05,-33.85647552145));
#9323 = CARTESIAN_POINT('',(64.725,-35.97823776072));
#9324 = CARTESIAN_POINT('',(68.4,-38.1));
#9325 = CARTESIAN_POINT('',(64.725,-40.22176223927));
#9326 = CARTESIAN_POINT('',(61.05,-42.34352447854));
#9327 = CARTESIAN_POINT('',(61.05,-38.1));
#9328 = ( GEOMETRIC_REPRESENTATION_CONTEXT(2) 
PARAMETRIC_REPRESENTATION_CONTEXT() REPRESENTATION_CONTEXT('2D SPACE',''
  ) );
#9329 = PCURVE('',#2989,#9330);
#9330 = DEFINITIONAL_REPRESENTATION('',(#9331),#9335);
#9331 = LINE('',#9332,#9333);
#9332 = CARTESIAN_POINT('',(0.,0.));
#9333 = VECTOR('',#9334,1.);
#9334 = DIRECTION('',(1.,0.));
#9335 = ( GEOMETRIC_REPRESENTATION_CONTEXT(2) 
PARAMETRIC_REPRESENTATION_CONTEXT() REPRESENTATION_CONTEXT('2D SPACE',''
  ) );
#9336 = FACE_BOUND('',#9337,.T.);
#9337 = EDGE_LOOP('',(#9338));
#9338 = ORIENTED_EDGE('',*,*,#9339,.T.);
#9339 = EDGE_CURVE('',#9340,#9340,#9342,.T.);
#9340 = VERTEX_POINT('',#9341);
#9341 = CARTESIAN_POINT('',(73.75,-63.5,6.));
#9342 = SURFACE_CURVE('',#9343,(#9348,#9359),.PCURVE_S1.);
#9343 = CIRCLE('',#9344,2.45);
#9344 = AXIS2_PLACEMENT_3D('',#9345,#9346,#9347);
#9345 = CARTESIAN_POINT('',(76.2,-63.5,6.));
#9346 = DIRECTION('',(0.,0.,-1.));
#9347 = DIRECTION('',(-1.,0.,0.));
#9348 = PCURVE('',#100,#9349);
#9349 = DEFINITIONAL_REPRESENTATION('',(#9350),#9358);
#9350 = ( BOUNDED_CURVE() B_SPLINE_CURVE(2,(#9351,#9352,#9353,#9354,
#9355,#9356,#9357),.UNSPECIFIED.,.T.,.F.) B_SPLINE_CURVE_WITH_KNOTS((1,2
    ,2,2,2,1),(-2.094395102393,0.,2.094395102393,4.188790204786,
6.28318530718,8.377580409573),.UNSPECIFIED.) CURVE() 
GEOMETRIC_REPRESENTATION_ITEM() RATIONAL_B_SPLINE_CURVE((1.,0.5,1.,0.5,
1.,0.5,1.)) REPRESENTATION_ITEM('') );
#9351 = CARTESIAN_POINT('',(73.75,-63.5));
#9352 = CARTESIAN_POINT('',(73.75,-59.25647552145));
#9353 = CARTESIAN_POINT('',(77.425,-61.37823776072));
#9354 = CARTESIAN_POINT('',(81.1,-63.5));
#9355 = CARTESIAN_POINT('',(77.425,-65.62176223927));
#9356 = CARTESIAN_POINT('',(73.75,-67.74352447854));
#9357 = CARTESIAN_POINT('',(73.75,-63.5));
#9358 = ( GEOMETRIC_REPRESENTATION_CONTEXT(2) 
PARAMETRIC_REPRESENTATION_CONTEXT() REPRESENTATION_CONTEXT('2D SPACE',''
  ) );
#9359 = PCURVE('',#3024,#9360);
#9360 = DEFINITIONAL_REPRESENTATION('',(#9361),#9365);
#9361 = LINE('',#9362,#9363);
#9362 = CARTESIAN_POINT('',(0.,0.));
#9363 = VECTOR('',#9364,1.);
#9364 = DIRECTION('',(1.,0.));
#9365 = ( GEOMETRIC_REPRESENTATION_CONTEXT(2) 
PARAMETRIC_REPRESENTATION_CONTEXT() REPRESENTATION_CONTEXT('2D SPACE',''
  ) );
#9366 = FACE_BOUND('',#9367,.T.);
#9367 = EDGE_LOOP('',(#9368));
#9368 = ORIENTED_EDGE('',*,*,#9369,.T.);
#9369 = EDGE_CURVE('',#9370,#9370,#9372,.T.);
#9370 = VERTEX_POINT('',#9371);
#9371 = CARTESIAN_POINT('',(73.75,-50.8,6.));
#9372 = SURFACE_CURVE('',#9373,(#9378,#9389),.PCURVE_S1.);
#9373 = CIRCLE('',#9374,2.45);
#9374 = AXIS2_PLACEMENT_3D('',#9375,#9376,#9377);
#9375 = CARTESIAN_POINT('',(76.2,-50.8,6.));
#9376 = DIRECTION('',(0.,0.,-1.));
#9377 = DIRECTION('',(-1.,0.,0.));
#9378 = PCURVE('',#100,#9379);
#9379 = DEFINITIONAL_REPRESENTATION('',(#9380),#9388);
#9380 = ( BOUNDED_CURVE() B_SPLINE_CURVE(2,(#9381,#9382,#9383,#9384,
#9385,#9386,#9387),.UNSPECIFIED.,.T.,.F.) B_SPLINE_CURVE_WITH_KNOTS((1,2
    ,2,2,2,1),(-2.094395102393,0.,2.094395102393,4.188790204786,
6.28318530718,8.377580409573),.UNSPECIFIED.) CURVE() 
GEOMETRIC_REPRESENTATION_ITEM() RATIONAL_B_SPLINE_CURVE((1.,0.5,1.,0.5,
1.,0.5,1.)) REPRESENTATION_ITEM('') );
#9381 = CARTESIAN_POINT('',(73.75,-50.8));
#9382 = CARTESIAN_POINT('',(73.75,-46.55647552145));
#9383 = CARTESIAN_POINT('',(77.425,-48.67823776072));
#9384 = CARTESIAN_POINT('',(81.1,-50.8));
#9385 = CARTESIAN_POINT('',(77.425,-52.92176223927));
#9386 = CARTESIAN_POINT('',(73.75,-55.04352447854));
#9387 = CARTESIAN_POINT('',(73.75,-50.8));
#9388 = ( GEOMETRIC_REPRESENTATION_CONTEXT(2) 
PARAMETRIC_REPRESENTATION_CONTEXT() REPRESENTATION_CONTEXT('2D SPACE',''
  ) );
#9389 = PCURVE('',#3059,#9390);
#9390 = DEFINITIONAL_REPRESENTATION('',(#9391),#9395);
#9391 = LINE('',#9392,#9393);
#9392 = CARTESIAN_POINT('',(0.,0.));
#9393 = VECTOR('',#9394,1.);
#9394 = DIRECTION('',(1.,0.));
#9395 = ( GEOMETRIC_REPRESENTATION_CONTEXT(2) 
PARAMETRIC_REPRESENTATION_CONTEXT() REPRESENTATION_CONTEXT('2D SPACE',''
  ) );
#9396 = FACE_BOUND('',#9397,.T.);
#9397 = EDGE_LOOP('',(#9398));
#9398 = ORIENTED_EDGE('',*,*,#9399,.T.);
#9399 = EDGE_CURVE('',#9400,#9400,#9402,.T.);
#9400 = VERTEX_POINT('',#9401);
#9401 = CARTESIAN_POINT('',(86.45,-63.5,6.));
#9402 = SURFACE_CURVE('',#9403,(#9408,#9419),.PCURVE_S1.);
#9403 = CIRCLE('',#9404,2.45);
#9404 = AXIS2_PLACEMENT_3D('',#9405,#9406,#9407);
#9405 = CARTESIAN_POINT('',(88.9,-63.5,6.));
#9406 = DIRECTION('',(0.,0.,-1.));
#9407 = DIRECTION('',(-1.,0.,0.));
#9408 = PCURVE('',#100,#9409);
#9409 = DEFINITIONAL_REPRESENTATION('',(#9410),#9418);
#9410 = ( BOUNDED_CURVE() B_SPLINE_CURVE(2,(#9411,#9412,#9413,#9414,
#9415,#9416,#9417),.UNSPECIFIED.,.T.,.F.) B_SPLINE_CURVE_WITH_KNOTS((1,2
    ,2,2,2,1),(-2.094395102393,0.,2.094395102393,4.188790204786,
6.28318530718,8.377580409573),.UNSPECIFIED.) CURVE() 
GEOMETRIC_REPRESENTATION_ITEM() RATIONAL_B_SPLINE_CURVE((1.,0.5,1.,0.5,
1.,0.5,1.)) REPRESENTATION_ITEM('') );
#9411 = CARTESIAN_POINT('',(86.45,-63.5));
#9412 = CARTESIAN_POINT('',(86.45,-59.25647552145));
#9413 = CARTESIAN_POINT('',(90.125,-61.37823776072));
#9414 = CARTESIAN_POINT('',(93.8,-63.5));
#9415 = CARTESIAN_POINT('',(90.125,-65.62176223927));
#9416 = CARTESIAN_POINT('',(86.45,-67.74352447854));
#9417 = CARTESIAN_POINT('',(86.45,-63.5));
#9418 = ( GEOMETRIC_REPRESENTATION_CONTEXT(2) 
PARAMETRIC_REPRESENTATION_CONTEXT() REPRESENTATION_CONTEXT('2D SPACE',''
  ) );
#9419 = PCURVE('',#3094,#9420);
#9420 = DEFINITIONAL_REPRESENTATION('',(#9421),#9425);
#9421 = LINE('',#9422,#9423);
#9422 = CARTESIAN_POINT('',(0.,0.));
#9423 = VECTOR('',#9424,1.);
#9424 = DIRECTION('',(1.,0.));
#9425 = ( GEOMETRIC_REPRESENTATION_CONTEXT(2) 
PARAMETRIC_REPRESENTATION_CONTEXT() REPRESENTATION_CONTEXT('2D SPACE',''
  ) );
#9426 = FACE_BOUND('',#9427,.T.);
#9427 = EDGE_LOOP('',(#9428));
#9428 = ORIENTED_EDGE('',*,*,#9429,.T.);
#9429 = EDGE_CURVE('',#9430,#9430,#9432,.T.);
#9430 = VERTEX_POINT('',#9431);
#9431 = CARTESIAN_POINT('',(86.45,-50.8,6.));
#9432 = SURFACE_CURVE('',#9433,(#9438,#9449),.PCURVE_S1.);
#9433 = CIRCLE('',#9434,2.45);
#9434 = AXIS2_PLACEMENT_3D('',#9435,#9436,#9437);
#9435 = CARTESIAN_POINT('',(88.9,-50.8,6.));
#9436 = DIRECTION('',(0.,0.,-1.));
#9437 = DIRECTION('',(-1.,0.,0.));
#9438 = PCURVE('',#100,#9439);
#9439 = DEFINITIONAL_REPRESENTATION('',(#9440),#9448);
#9440 = ( BOUNDED_CURVE() B_SPLINE_CURVE(2,(#9441,#9442,#9443,#9444,
#9445,#9446,#9447),.UNSPECIFIED.,.T.,.F.) B_SPLINE_CURVE_WITH_KNOTS((1,2
    ,2,2,2,1),(-2.094395102393,0.,2.094395102393,4.188790204786,
6.28318530718,8.377580409573),.UNSPECIFIED.) CURVE() 
GEOMETRIC_REPRESENTATION_ITEM() RATIONAL_B_SPLINE_CURVE((1.,0.5,1.,0.5,
1.,0.5,1.)) REPRESENTATION_ITEM('') );
#9441 = CARTESIAN_POINT('',(86.45,-50.8));
#9442 = CARTESIAN_POINT('',(86.45,-46.55647552145));
#9443 = CARTESIAN_POINT('',(90.125,-48.67823776072));
#9444 = CARTESIAN_POINT('',(93.8,-50.8));
#9445 = CARTESIAN_POINT('',(90.125,-52.92176223927));
#9446 = CARTESIAN_POINT('',(86.45,-55.04352447854));
#9447 = CARTESIAN_POINT('',(86.45,-50.8));
#9448 = ( GEOMETRIC_REPRESENTATION_CONTEXT(2) 
PARAMETRIC_REPRESENTATION_CONTEXT() REPRESENTATION_CONTEXT('2D SPACE',''
  ) );
#9449 = PCURVE('',#3129,#9450);
#9450 = DEFINITIONAL_REPRESENTATION('',(#9451),#9455);
#9451 = LINE('',#9452,#9453);
#9452 = CARTESIAN_POINT('',(0.,0.));
#9453 = VECTOR('',#9454,1.);
#9454 = DIRECTION('',(1.,0.));
#9455 = ( GEOMETRIC_REPRESENTATION_CONTEXT(2) 
PARAMETRIC_REPRESENTATION_CONTEXT() REPRESENTATION_CONTEXT('2D SPACE',''
  ) );
#9456 = FACE_BOUND('',#9457,.T.);
#9457 = EDGE_LOOP('',(#9458));
#9458 = ORIENTED_EDGE('',*,*,#9459,.T.);
#9459 = EDGE_CURVE('',#9460,#9460,#9462,.T.);
#9460 = VERTEX_POINT('',#9461);
#9461 = CARTESIAN_POINT('',(73.75,-38.1,6.));
#9462 = SURFACE_CURVE('',#9463,(#9468,#9479),.PCURVE_S1.);
#9463 = CIRCLE('',#9464,2.45);
#9464 = AXIS2_PLACEMENT_3D('',#9465,#9466,#9467);
#9465 = CARTESIAN_POINT('',(76.2,-38.1,6.));
#9466 = DIRECTION('',(0.,0.,-1.));
#9467 = DIRECTION('',(-1.,0.,0.));
#9468 = PCURVE('',#100,#9469);
#9469 = DEFINITIONAL_REPRESENTATION('',(#9470),#9478);
#9470 = ( BOUNDED_CURVE() B_SPLINE_CURVE(2,(#9471,#9472,#9473,#9474,
#9475,#9476,#9477),.UNSPECIFIED.,.T.,.F.) B_SPLINE_CURVE_WITH_KNOTS((1,2
    ,2,2,2,1),(-2.094395102393,0.,2.094395102393,4.188790204786,
6.28318530718,8.377580409573),.UNSPECIFIED.) CURVE() 
GEOMETRIC_REPRESENTATION_ITEM() RATIONAL_B_SPLINE_CURVE((1.,0.5,1.,0.5,
1.,0.5,1.)) REPRESENTATION_ITEM('') );
#9471 = CARTESIAN_POINT('',(73.75,-38.1));
#9472 = CARTESIAN_POINT('',(73.75,-33.85647552145));
#9473 = CARTESIAN_POINT('',(77.425,-35.97823776072));
#9474 = CARTESIAN_POINT('',(81.1,-38.1));
#9475 = CARTESIAN_POINT('',(77.425,-40.22176223927));
#9476 = CARTESIAN_POINT('',(73.75,-42.34352447854));
#9477 = CARTESIAN_POINT('',(73.75,-38.1));
#9478 = ( GEOMETRIC_REPRESENTATION_CONTEXT(2) 
PARAMETRIC_REPRESENTATION_CONTEXT() REPRESENTATION_CONTEXT('2D SPACE',''
  ) );
#9479 = PCURVE('',#3164,#9480);
#9480 = DEFINITIONAL_REPRESENTATION('',(#9481),#9485);
#9481 = LINE('',#9482,#9483);
#9482 = CARTESIAN_POINT('',(0.,0.));
#9483 = VECTOR('',#9484,1.);
#9484 = DIRECTION('',(1.,0.));
#9485 = ( GEOMETRIC_REPRESENTATION_CONTEXT(2) 
PARAMETRIC_REPRESENTATION_CONTEXT() REPRESENTATION_CONTEXT('2D SPACE',''
  ) );
#9486 = FACE_BOUND('',#9487,.T.);
#9487 = EDGE_LOOP('',(#9488));
#9488 = ORIENTED_EDGE('',*,*,#9489,.T.);
#9489 = EDGE_CURVE('',#9490,#9490,#9492,.T.);
#9490 = VERTEX_POINT('',#9491);
#9491 = CARTESIAN_POINT('',(86.45,-38.1,6.));
#9492 = SURFACE_CURVE('',#9493,(#9498,#9509),.PCURVE_S1.);
#9493 = CIRCLE('',#9494,2.45);
#9494 = AXIS2_PLACEMENT_3D('',#9495,#9496,#9497);
#9495 = CARTESIAN_POINT('',(88.9,-38.1,6.));
#9496 = DIRECTION('',(0.,0.,-1.));
#9497 = DIRECTION('',(-1.,0.,0.));
#9498 = PCURVE('',#100,#9499);
#9499 = DEFINITIONAL_REPRESENTATION('',(#9500),#9508);
#9500 = ( BOUNDED_CURVE() B_SPLINE_CURVE(2,(#9501,#9502,#9503,#9504,
#9505,#9506,#9507),.UNSPECIFIED.,.T.,.F.) B_SPLINE_CURVE_WITH_KNOTS((1,2
    ,2,2,2,1),(-2.094395102393,0.,2.094395102393,4.188790204786,
6.28318530718,8.377580409573),.UNSPECIFIED.) CURVE() 
GEOMETRIC_REPRESENTATION_ITEM() RATIONAL_B_SPLINE_CURVE((1.,0.5,1.,0.5,
1.,0.5,1.)) REPRESENTATION_ITEM('') );
#9501 = CARTESIAN_POINT('',(86.45,-38.1));
#9502 = CARTESIAN_POINT('',(86.45,-33.85647552145));
#9503 = CARTESIAN_POINT('',(90.125,-35.97823776072));
#9504 = CARTESIAN_POINT('',(93.8,-38.1));
#9505 = CARTESIAN_POINT('',(90.125,-40.22176223927));
#9506 = CARTESIAN_POINT('',(86.45,-42.34352447854));
#9507 = CARTESIAN_POINT('',(86.45,-38.1));
#9508 = ( GEOMETRIC_REPRESENTATION_CONTEXT(2) 
PARAMETRIC_REPRESENTATION_CONTEXT() REPRESENTATION_CONTEXT('2D SPACE',''
  ) );
#9509 = PCURVE('',#3199,#9510);
#9510 = DEFINITIONAL_REPRESENTATION('',(#9511),#9515);
#9511 = LINE('',#9512,#9513);
#9512 = CARTESIAN_POINT('',(0.,0.));
#9513 = VECTOR('',#9514,1.);
#9514 = DIRECTION('',(1.,0.));
#9515 = ( GEOMETRIC_REPRESENTATION_CONTEXT(2) 
PARAMETRIC_REPRESENTATION_CONTEXT() REPRESENTATION_CONTEXT('2D SPACE',''
  ) );
#9516 = FACE_BOUND('',#9517,.T.);
#9517 = EDGE_LOOP('',(#9518));
#9518 = ORIENTED_EDGE('',*,*,#9519,.T.);
#9519 = EDGE_CURVE('',#9520,#9520,#9522,.T.);
#9520 = VERTEX_POINT('',#9521);
#9521 = CARTESIAN_POINT('',(61.05,-25.4,6.));
#9522 = SURFACE_CURVE('',#9523,(#9528,#9539),.PCURVE_S1.);
#9523 = CIRCLE('',#9524,2.45);
#9524 = AXIS2_PLACEMENT_3D('',#9525,#9526,#9527);
#9525 = CARTESIAN_POINT('',(63.5,-25.4,6.));
#9526 = DIRECTION('',(0.,0.,-1.));
#9527 = DIRECTION('',(-1.,0.,0.));
#9528 = PCURVE('',#100,#9529);
#9529 = DEFINITIONAL_REPRESENTATION('',(#9530),#9538);
#9530 = ( BOUNDED_CURVE() B_SPLINE_CURVE(2,(#9531,#9532,#9533,#9534,
#9535,#9536,#9537),.UNSPECIFIED.,.T.,.F.) B_SPLINE_CURVE_WITH_KNOTS((1,2
    ,2,2,2,1),(-2.094395102393,0.,2.094395102393,4.188790204786,
6.28318530718,8.377580409573),.UNSPECIFIED.) CURVE() 
GEOMETRIC_REPRESENTATION_ITEM() RATIONAL_B_SPLINE_CURVE((1.,0.5,1.,0.5,
1.,0.5,1.)) REPRESENTATION_ITEM('') );
#9531 = CARTESIAN_POINT('',(61.05,-25.4));
#9532 = CARTESIAN_POINT('',(61.05,-21.15647552145));
#9533 = CARTESIAN_POINT('',(64.725,-23.27823776072));
#9534 = CARTESIAN_POINT('',(68.4,-25.4));
#9535 = CARTESIAN_POINT('',(64.725,-27.52176223927));
#9536 = CARTESIAN_POINT('',(61.05,-29.64352447854));
#9537 = CARTESIAN_POINT('',(61.05,-25.4));
#9538 = ( GEOMETRIC_REPRESENTATION_CONTEXT(2) 
PARAMETRIC_REPRESENTATION_CONTEXT() REPRESENTATION_CONTEXT('2D SPACE',''
  ) );
#9539 = PCURVE('',#3234,#9540);
#9540 = DEFINITIONAL_REPRESENTATION('',(#9541),#9545);
#9541 = LINE('',#9542,#9543);
#9542 = CARTESIAN_POINT('',(0.,0.));
#9543 = VECTOR('',#9544,1.);
#9544 = DIRECTION('',(1.,0.));
#9545 = ( GEOMETRIC_REPRESENTATION_CONTEXT(2) 
PARAMETRIC_REPRESENTATION_CONTEXT() REPRESENTATION_CONTEXT('2D SPACE',''
  ) );
#9546 = FACE_BOUND('',#9547,.T.);
#9547 = EDGE_LOOP('',(#9548));
#9548 = ORIENTED_EDGE('',*,*,#9549,.T.);
#9549 = EDGE_CURVE('',#9550,#9550,#9552,.T.);
#9550 = VERTEX_POINT('',#9551);
#9551 = CARTESIAN_POINT('',(61.05,-12.7,6.));
#9552 = SURFACE_CURVE('',#9553,(#9558,#9569),.PCURVE_S1.);
#9553 = CIRCLE('',#9554,2.45);
#9554 = AXIS2_PLACEMENT_3D('',#9555,#9556,#9557);
#9555 = CARTESIAN_POINT('',(63.5,-12.7,6.));
#9556 = DIRECTION('',(0.,0.,-1.));
#9557 = DIRECTION('',(-1.,0.,0.));
#9558 = PCURVE('',#100,#9559);
#9559 = DEFINITIONAL_REPRESENTATION('',(#9560),#9568);
#9560 = ( BOUNDED_CURVE() B_SPLINE_CURVE(2,(#9561,#9562,#9563,#9564,
#9565,#9566,#9567),.UNSPECIFIED.,.T.,.F.) B_SPLINE_CURVE_WITH_KNOTS((1,2
    ,2,2,2,1),(-2.094395102393,0.,2.094395102393,4.188790204786,
6.28318530718,8.377580409573),.UNSPECIFIED.) CURVE() 
GEOMETRIC_REPRESENTATION_ITEM() RATIONAL_B_SPLINE_CURVE((1.,0.5,1.,0.5,
1.,0.5,1.)) REPRESENTATION_ITEM('') );
#9561 = CARTESIAN_POINT('',(61.05,-12.7));
#9562 = CARTESIAN_POINT('',(61.05,-8.456475521456));
#9563 = CARTESIAN_POINT('',(64.725,-10.57823776072));
#9564 = CARTESIAN_POINT('',(68.4,-12.7));
#9565 = CARTESIAN_POINT('',(64.725,-14.82176223927));
#9566 = CARTESIAN_POINT('',(61.05,-16.94352447854));
#9567 = CARTESIAN_POINT('',(61.05,-12.7));
#9568 = ( GEOMETRIC_REPRESENTATION_CONTEXT(2) 
PARAMETRIC_REPRESENTATION_CONTEXT() REPRESENTATION_CONTEXT('2D SPACE',''
  ) );
#9569 = PCURVE('',#3269,#9570);
#9570 = DEFINITIONAL_REPRESENTATION('',(#9571),#9575);
#9571 = LINE('',#9572,#9573);
#9572 = CARTESIAN_POINT('',(0.,0.));
#9573 = VECTOR('',#9574,1.);
#9574 = DIRECTION('',(1.,0.));
#9575 = ( GEOMETRIC_REPRESENTATION_CONTEXT(2) 
PARAMETRIC_REPRESENTATION_CONTEXT() REPRESENTATION_CONTEXT('2D SPACE',''
  ) );
#9576 = FACE_BOUND('',#9577,.T.);
#9577 = EDGE_LOOP('',(#9578));
#9578 = ORIENTED_EDGE('',*,*,#9579,.T.);
#9579 = EDGE_CURVE('',#9580,#9580,#9582,.T.);
#9580 = VERTEX_POINT('',#9581);
#9581 = CARTESIAN_POINT('',(73.75,-25.4,6.));
#9582 = SURFACE_CURVE('',#9583,(#9588,#9599),.PCURVE_S1.);
#9583 = CIRCLE('',#9584,2.45);
#9584 = AXIS2_PLACEMENT_3D('',#9585,#9586,#9587);
#9585 = CARTESIAN_POINT('',(76.2,-25.4,6.));
#9586 = DIRECTION('',(0.,0.,-1.));
#9587 = DIRECTION('',(-1.,0.,0.));
#9588 = PCURVE('',#100,#9589);
#9589 = DEFINITIONAL_REPRESENTATION('',(#9590),#9598);
#9590 = ( BOUNDED_CURVE() B_SPLINE_CURVE(2,(#9591,#9592,#9593,#9594,
#9595,#9596,#9597),.UNSPECIFIED.,.T.,.F.) B_SPLINE_CURVE_WITH_KNOTS((1,2
    ,2,2,2,1),(-2.094395102393,0.,2.094395102393,4.188790204786,
6.28318530718,8.377580409573),.UNSPECIFIED.) CURVE() 
GEOMETRIC_REPRESENTATION_ITEM() RATIONAL_B_SPLINE_CURVE((1.,0.5,1.,0.5,
1.,0.5,1.)) REPRESENTATION_ITEM('') );
#9591 = CARTESIAN_POINT('',(73.75,-25.4));
#9592 = CARTESIAN_POINT('',(73.75,-21.15647552145));
#9593 = CARTESIAN_POINT('',(77.425,-23.27823776072));
#9594 = CARTESIAN_POINT('',(81.1,-25.4));
#9595 = CARTESIAN_POINT('',(77.425,-27.52176223927));
#9596 = CARTESIAN_POINT('',(73.75,-29.64352447854));
#9597 = CARTESIAN_POINT('',(73.75,-25.4));
#9598 = ( GEOMETRIC_REPRESENTATION_CONTEXT(2) 
PARAMETRIC_REPRESENTATION_CONTEXT() REPRESENTATION_CONTEXT('2D SPACE',''
  ) );
#9599 = PCURVE('',#3304,#9600);
#9600 = DEFINITIONAL_REPRESENTATION('',(#9601),#9605);
#9601 = LINE('',#9602,#9603);
#9602 = CARTESIAN_POINT('',(0.,0.));
#9603 = VECTOR('',#9604,1.);
#9604 = DIRECTION('',(1.,0.));
#9605 = ( GEOMETRIC_REPRESENTATION_CONTEXT(2) 
PARAMETRIC_REPRESENTATION_CONTEXT() REPRESENTATION_CONTEXT('2D SPACE',''
  ) );
#9606 = FACE_BOUND('',#9607,.T.);
#9607 = EDGE_LOOP('',(#9608));
#9608 = ORIENTED_EDGE('',*,*,#9609,.T.);
#9609 = EDGE_CURVE('',#9610,#9610,#9612,.T.);
#9610 = VERTEX_POINT('',#9611);
#9611 = CARTESIAN_POINT('',(86.45,-25.4,6.));
#9612 = SURFACE_CURVE('',#9613,(#9618,#9629),.PCURVE_S1.);
#9613 = CIRCLE('',#9614,2.45);
#9614 = AXIS2_PLACEMENT_3D('',#9615,#9616,#9617);
#9615 = CARTESIAN_POINT('',(88.9,-25.4,6.));
#9616 = DIRECTION('',(0.,0.,-1.));
#9617 = DIRECTION('',(-1.,0.,0.));
#9618 = PCURVE('',#100,#9619);
#9619 = DEFINITIONAL_REPRESENTATION('',(#9620),#9628);
#9620 = ( BOUNDED_CURVE() B_SPLINE_CURVE(2,(#9621,#9622,#9623,#9624,
#9625,#9626,#9627),.UNSPECIFIED.,.T.,.F.) B_SPLINE_CURVE_WITH_KNOTS((1,2
    ,2,2,2,1),(-2.094395102393,0.,2.094395102393,4.188790204786,
6.28318530718,8.377580409573),.UNSPECIFIED.) CURVE() 
GEOMETRIC_REPRESENTATION_ITEM() RATIONAL_B_SPLINE_CURVE((1.,0.5,1.,0.5,
1.,0.5,1.)) REPRESENTATION_ITEM('') );
#9621 = CARTESIAN_POINT('',(86.45,-25.4));
#9622 = CARTESIAN_POINT('',(86.45,-21.15647552145));
#9623 = CARTESIAN_POINT('',(90.125,-23.27823776072));
#9624 = CARTESIAN_POINT('',(93.8,-25.4));
#9625 = CARTESIAN_POINT('',(90.125,-27.52176223927));
#9626 = CARTESIAN_POINT('',(86.45,-29.64352447854));
#9627 = CARTESIAN_POINT('',(86.45,-25.4));
#9628 = ( GEOMETRIC_REPRESENTATION_CONTEXT(2) 
PARAMETRIC_REPRESENTATION_CONTEXT() REPRESENTATION_CONTEXT('2D SPACE',''
  ) );
#9629 = PCURVE('',#3339,#9630);
#9630 = DEFINITIONAL_REPRESENTATION('',(#9631),#9635);
#9631 = LINE('',#9632,#9633);
#9632 = CARTESIAN_POINT('',(0.,0.));
#9633 = VECTOR('',#9634,1.);
#9634 = DIRECTION('',(1.,0.));
#9635 = ( GEOMETRIC_REPRESENTATION_CONTEXT(2) 
PARAMETRIC_REPRESENTATION_CONTEXT() REPRESENTATION_CONTEXT('2D SPACE',''
  ) );
#9636 = FACE_BOUND('',#9637,.T.);
#9637 = EDGE_LOOP('',(#9638));
#9638 = ORIENTED_EDGE('',*,*,#9639,.T.);
#9639 = EDGE_CURVE('',#9640,#9640,#9642,.T.);
#9640 = VERTEX_POINT('',#9641);
#9641 = CARTESIAN_POINT('',(73.75,-12.7,6.));
#9642 = SURFACE_CURVE('',#9643,(#9648,#9659),.PCURVE_S1.);
#9643 = CIRCLE('',#9644,2.45);
#9644 = AXIS2_PLACEMENT_3D('',#9645,#9646,#9647);
#9645 = CARTESIAN_POINT('',(76.2,-12.7,6.));
#9646 = DIRECTION('',(0.,0.,-1.));
#9647 = DIRECTION('',(-1.,0.,0.));
#9648 = PCURVE('',#100,#9649);
#9649 = DEFINITIONAL_REPRESENTATION('',(#9650),#9658);
#9650 = ( BOUNDED_CURVE() B_SPLINE_CURVE(2,(#9651,#9652,#9653,#9654,
#9655,#9656,#9657),.UNSPECIFIED.,.T.,.F.) B_SPLINE_CURVE_WITH_KNOTS((1,2
    ,2,2,2,1),(-2.094395102393,0.,2.094395102393,4.188790204786,
6.28318530718,8.377580409573),.UNSPECIFIED.) CURVE() 
GEOMETRIC_REPRESENTATION_ITEM() RATIONAL_B_SPLINE_CURVE((1.,0.5,1.,0.5,
1.,0.5,1.)) REPRESENTATION_ITEM('') );
#9651 = CARTESIAN_POINT('',(73.75,-12.7));
#9652 = CARTESIAN_POINT('',(73.75,-8.456475521456));
#9653 = CARTESIAN_POINT('',(77.425,-10.57823776072));
#9654 = CARTESIAN_POINT('',(81.1,-12.7));
#9655 = CARTESIAN_POINT('',(77.425,-14.82176223927));
#9656 = CARTESIAN_POINT('',(73.75,-16.94352447854));
#9657 = CARTESIAN_POINT('',(73.75,-12.7));
#9658 = ( GEOMETRIC_REPRESENTATION_CONTEXT(2) 
PARAMETRIC_REPRESENTATION_CONTEXT() REPRESENTATION_CONTEXT('2D SPACE',''
  ) );
#9659 = PCURVE('',#3374,#9660);
#9660 = DEFINITIONAL_REPRESENTATION('',(#9661),#9665);
#9661 = LINE('',#9662,#9663);
#9662 = CARTESIAN_POINT('',(0.,0.));
#9663 = VECTOR('',#9664,1.);
#9664 = DIRECTION('',(1.,0.));
#9665 = ( GEOMETRIC_REPRESENTATION_CONTEXT(2) 
PARAMETRIC_REPRESENTATION_CONTEXT() REPRESENTATION_CONTEXT('2D SPACE',''
  ) );
#9666 = FACE_BOUND('',#9667,.T.);
#9667 = EDGE_LOOP('',(#9668));
#9668 = ORIENTED_EDGE('',*,*,#9669,.T.);
#9669 = EDGE_CURVE('',#9670,#9670,#9672,.T.);
#9670 = VERTEX_POINT('',#9671);
#9671 = CARTESIAN_POINT('',(86.45,-12.7,6.));
#9672 = SURFACE_CURVE('',#9673,(#9678,#9689),.PCURVE_S1.);
#9673 = CIRCLE('',#9674,2.45);
#9674 = AXIS2_PLACEMENT_3D('',#9675,#9676,#9677);
#9675 = CARTESIAN_POINT('',(88.9,-12.7,6.));
#9676 = DIRECTION('',(0.,0.,-1.));
#9677 = DIRECTION('',(-1.,0.,0.));
#9678 = PCURVE('',#100,#9679);
#9679 = DEFINITIONAL_REPRESENTATION('',(#9680),#9688);
#9680 = ( BOUNDED_CURVE() B_SPLINE_CURVE(2,(#9681,#9682,#9683,#9684,
#9685,#9686,#9687),.UNSPECIFIED.,.T.,.F.) B_SPLINE_CURVE_WITH_KNOTS((1,2
    ,2,2,2,1),(-2.094395102393,0.,2.094395102393,4.188790204786,
6.28318530718,8.377580409573),.UNSPECIFIED.) CURVE() 
GEOMETRIC_REPRESENTATION_ITEM() RATIONAL_B_SPLINE_CURVE((1.,0.5,1.,0.5,
1.,0.5,1.)) REPRESENTATION_ITEM('') );
#9681 = CARTESIAN_POINT('',(86.45,-12.7));
#9682 = CARTESIAN_POINT('',(86.45,-8.456475521456));
#9683 = CARTESIAN_POINT('',(90.125,-10.57823776072));
#9684 = CARTESIAN_POINT('',(93.8,-12.7));
#9685 = CARTESIAN_POINT('',(90.125,-14.82176223927));
#9686 = CARTESIAN_POINT('',(86.45,-16.94352447854));
#9687 = CARTESIAN_POINT('',(86.45,-12.7));
#9688 = ( GEOMETRIC_REPRESENTATION_CONTEXT(2) 
PARAMETRIC_REPRESENTATION_CONTEXT() REPRESENTATION_CONTEXT('2D SPACE',''
  ) );
#9689 = PCURVE('',#3409,#9690);
#9690 = DEFINITIONAL_REPRESENTATION('',(#9691),#9695);
#9691 = LINE('',#9692,#9693);
#9692 = CARTESIAN_POINT('',(0.,0.));
#9693 = VECTOR('',#9694,1.);
#9694 = DIRECTION('',(1.,0.));
#9695 = ( GEOMETRIC_REPRESENTATION_CONTEXT(2) 
PARAMETRIC_REPRESENTATION_CONTEXT() REPRESENTATION_CONTEXT('2D SPACE',''
  ) );
#9696 = FACE_BOUND('',#9697,.T.);
#9697 = EDGE_LOOP('',(#9698));
#9698 = ORIENTED_EDGE('',*,*,#9699,.T.);
#9699 = EDGE_CURVE('',#9700,#9700,#9702,.T.);
#9700 = VERTEX_POINT('',#9701);
#9701 = CARTESIAN_POINT('',(-91.35,-6.000769315822E-16,6.));
#9702 = SURFACE_CURVE('',#9703,(#9708,#9719),.PCURVE_S1.);
#9703 = CIRCLE('',#9704,2.45);
#9704 = AXIS2_PLACEMENT_3D('',#9705,#9706,#9707);
#9705 = CARTESIAN_POINT('',(-88.9,0.,6.));
#9706 = DIRECTION('',(0.,0.,-1.));
#9707 = DIRECTION('',(-1.,0.,0.));
#9708 = PCURVE('',#100,#9709);
#9709 = DEFINITIONAL_REPRESENTATION('',(#9710),#9718);
#9710 = ( BOUNDED_CURVE() B_SPLINE_CURVE(2,(#9711,#9712,#9713,#9714,
#9715,#9716,#9717),.UNSPECIFIED.,.T.,.F.) B_SPLINE_CURVE_WITH_KNOTS((1,2
    ,2,2,2,1),(-2.094395102393,0.,2.094395102393,4.188790204786,
6.28318530718,8.377580409573),.UNSPECIFIED.) CURVE() 
GEOMETRIC_REPRESENTATION_ITEM() RATIONAL_B_SPLINE_CURVE((1.,0.5,1.,0.5,
1.,0.5,1.)) REPRESENTATION_ITEM('') );
#9711 = CARTESIAN_POINT('',(-91.35,0.));
#9712 = CARTESIAN_POINT('',(-91.35,4.243524478544));
#9713 = CARTESIAN_POINT('',(-87.675,2.121762239272));
#9714 = CARTESIAN_POINT('',(-84.,6.000769315822E-16));
#9715 = CARTESIAN_POINT('',(-87.675,-2.121762239272));
#9716 = CARTESIAN_POINT('',(-91.35,-4.243524478544));
#9717 = CARTESIAN_POINT('',(-91.35,0.));
#9718 = ( GEOMETRIC_REPRESENTATION_CONTEXT(2) 
PARAMETRIC_REPRESENTATION_CONTEXT() REPRESENTATION_CONTEXT('2D SPACE',''
  ) );
#9719 = PCURVE('',#3444,#9720);
#9720 = DEFINITIONAL_REPRESENTATION('',(#9721),#9725);
#9721 = LINE('',#9722,#9723);
#9722 = CARTESIAN_POINT('',(0.,0.));
#9723 = VECTOR('',#9724,1.);
#9724 = DIRECTION('',(1.,0.));
#9725 = ( GEOMETRIC_REPRESENTATION_CONTEXT(2) 
PARAMETRIC_REPRESENTATION_CONTEXT() REPRESENTATION_CONTEXT('2D SPACE',''
  ) );
#9726 = FACE_BOUND('',#9727,.T.);
#9727 = EDGE_LOOP('',(#9728));
#9728 = ORIENTED_EDGE('',*,*,#9729,.T.);
#9729 = EDGE_CURVE('',#9730,#9730,#9732,.T.);
#9730 = VERTEX_POINT('',#9731);
#9731 = CARTESIAN_POINT('',(-91.35,12.7,6.));
#9732 = SURFACE_CURVE('',#9733,(#9738,#9749),.PCURVE_S1.);
#9733 = CIRCLE('',#9734,2.45);
#9734 = AXIS2_PLACEMENT_3D('',#9735,#9736,#9737);
#9735 = CARTESIAN_POINT('',(-88.9,12.7,6.));
#9736 = DIRECTION('',(0.,0.,-1.));
#9737 = DIRECTION('',(-1.,0.,0.));
#9738 = PCURVE('',#100,#9739);
#9739 = DEFINITIONAL_REPRESENTATION('',(#9740),#9748);
#9740 = ( BOUNDED_CURVE() B_SPLINE_CURVE(2,(#9741,#9742,#9743,#9744,
#9745,#9746,#9747),.UNSPECIFIED.,.T.,.F.) B_SPLINE_CURVE_WITH_KNOTS((1,2
    ,2,2,2,1),(-2.094395102393,0.,2.094395102393,4.188790204786,
6.28318530718,8.377580409573),.UNSPECIFIED.) CURVE() 
GEOMETRIC_REPRESENTATION_ITEM() RATIONAL_B_SPLINE_CURVE((1.,0.5,1.,0.5,
1.,0.5,1.)) REPRESENTATION_ITEM('') );
#9741 = CARTESIAN_POINT('',(-91.35,12.7));
#9742 = CARTESIAN_POINT('',(-91.35,16.943524478544));
#9743 = CARTESIAN_POINT('',(-87.675,14.821762239272));
#9744 = CARTESIAN_POINT('',(-84.,12.7));
#9745 = CARTESIAN_POINT('',(-87.675,10.578237760728));
#9746 = CARTESIAN_POINT('',(-91.35,8.456475521456));
#9747 = CARTESIAN_POINT('',(-91.35,12.7));
#9748 = ( GEOMETRIC_REPRESENTATION_CONTEXT(2) 
PARAMETRIC_REPRESENTATION_CONTEXT() REPRESENTATION_CONTEXT('2D SPACE',''
  ) );
#9749 = PCURVE('',#3479,#9750);
#9750 = DEFINITIONAL_REPRESENTATION('',(#9751),#9755);
#9751 = LINE('',#9752,#9753);
#9752 = CARTESIAN_POINT('',(0.,0.));
#9753 = VECTOR('',#9754,1.);
#9754 = DIRECTION('',(1.,0.));
#9755 = ( GEOMETRIC_REPRESENTATION_CONTEXT(2) 
PARAMETRIC_REPRESENTATION_CONTEXT() REPRESENTATION_CONTEXT('2D SPACE',''
  ) );
#9756 = FACE_BOUND('',#9757,.T.);
#9757 = EDGE_LOOP('',(#9758));
#9758 = ORIENTED_EDGE('',*,*,#9759,.T.);
#9759 = EDGE_CURVE('',#9760,#9760,#9762,.T.);
#9760 = VERTEX_POINT('',#9761);
#9761 = CARTESIAN_POINT('',(-78.65,-6.000769315822E-16,6.));
#9762 = SURFACE_CURVE('',#9763,(#9768,#9779),.PCURVE_S1.);
#9763 = CIRCLE('',#9764,2.45);
#9764 = AXIS2_PLACEMENT_3D('',#9765,#9766,#9767);
#9765 = CARTESIAN_POINT('',(-76.2,0.,6.));
#9766 = DIRECTION('',(0.,0.,-1.));
#9767 = DIRECTION('',(-1.,0.,0.));
#9768 = PCURVE('',#100,#9769);
#9769 = DEFINITIONAL_REPRESENTATION('',(#9770),#9778);
#9770 = ( BOUNDED_CURVE() B_SPLINE_CURVE(2,(#9771,#9772,#9773,#9774,
#9775,#9776,#9777),.UNSPECIFIED.,.T.,.F.) B_SPLINE_CURVE_WITH_KNOTS((1,2
    ,2,2,2,1),(-2.094395102393,0.,2.094395102393,4.188790204786,
6.28318530718,8.377580409573),.UNSPECIFIED.) CURVE() 
GEOMETRIC_REPRESENTATION_ITEM() RATIONAL_B_SPLINE_CURVE((1.,0.5,1.,0.5,
1.,0.5,1.)) REPRESENTATION_ITEM('') );
#9771 = CARTESIAN_POINT('',(-78.65,0.));
#9772 = CARTESIAN_POINT('',(-78.65,4.243524478544));
#9773 = CARTESIAN_POINT('',(-74.975,2.121762239272));
#9774 = CARTESIAN_POINT('',(-71.3,6.000769315822E-16));
#9775 = CARTESIAN_POINT('',(-74.975,-2.121762239272));
#9776 = CARTESIAN_POINT('',(-78.65,-4.243524478544));
#9777 = CARTESIAN_POINT('',(-78.65,0.));
#9778 = ( GEOMETRIC_REPRESENTATION_CONTEXT(2) 
PARAMETRIC_REPRESENTATION_CONTEXT() REPRESENTATION_CONTEXT('2D SPACE',''
  ) );
#9779 = PCURVE('',#3514,#9780);
#9780 = DEFINITIONAL_REPRESENTATION('',(#9781),#9785);
#9781 = LINE('',#9782,#9783);
#9782 = CARTESIAN_POINT('',(0.,0.));
#9783 = VECTOR('',#9784,1.);
#9784 = DIRECTION('',(1.,0.));
#9785 = ( GEOMETRIC_REPRESENTATION_CONTEXT(2) 
PARAMETRIC_REPRESENTATION_CONTEXT() REPRESENTATION_CONTEXT('2D SPACE',''
  ) );
#9786 = FACE_BOUND('',#9787,.T.);
#9787 = EDGE_LOOP('',(#9788));
#9788 = ORIENTED_EDGE('',*,*,#9789,.T.);
#9789 = EDGE_CURVE('',#9790,#9790,#9792,.T.);
#9790 = VERTEX_POINT('',#9791);
#9791 = CARTESIAN_POINT('',(-78.65,12.7,6.));
#9792 = SURFACE_CURVE('',#9793,(#9798,#9809),.PCURVE_S1.);
#9793 = CIRCLE('',#9794,2.45);
#9794 = AXIS2_PLACEMENT_3D('',#9795,#9796,#9797);
#9795 = CARTESIAN_POINT('',(-76.2,12.7,6.));
#9796 = DIRECTION('',(0.,0.,-1.));
#9797 = DIRECTION('',(-1.,0.,0.));
#9798 = PCURVE('',#100,#9799);
#9799 = DEFINITIONAL_REPRESENTATION('',(#9800),#9808);
#9800 = ( BOUNDED_CURVE() B_SPLINE_CURVE(2,(#9801,#9802,#9803,#9804,
#9805,#9806,#9807),.UNSPECIFIED.,.T.,.F.) B_SPLINE_CURVE_WITH_KNOTS((1,2
    ,2,2,2,1),(-2.094395102393,0.,2.094395102393,4.188790204786,
6.28318530718,8.377580409573),.UNSPECIFIED.) CURVE() 
GEOMETRIC_REPRESENTATION_ITEM() RATIONAL_B_SPLINE_CURVE((1.,0.5,1.,0.5,
1.,0.5,1.)) REPRESENTATION_ITEM('') );
#9801 = CARTESIAN_POINT('',(-78.65,12.7));
#9802 = CARTESIAN_POINT('',(-78.65,16.943524478544));
#9803 = CARTESIAN_POINT('',(-74.975,14.821762239272));
#9804 = CARTESIAN_POINT('',(-71.3,12.7));
#9805 = CARTESIAN_POINT('',(-74.975,10.578237760728));
#9806 = CARTESIAN_POINT('',(-78.65,8.456475521456));
#9807 = CARTESIAN_POINT('',(-78.65,12.7));
#9808 = ( GEOMETRIC_REPRESENTATION_CONTEXT(2) 
PARAMETRIC_REPRESENTATION_CONTEXT() REPRESENTATION_CONTEXT('2D SPACE',''
  ) );
#9809 = PCURVE('',#3549,#9810);
#9810 = DEFINITIONAL_REPRESENTATION('',(#9811),#9815);
#9811 = LINE('',#9812,#9813);
#9812 = CARTESIAN_POINT('',(0.,0.));
#9813 = VECTOR('',#9814,1.);
#9814 = DIRECTION('',(1.,0.));
#9815 = ( GEOMETRIC_REPRESENTATION_CONTEXT(2) 
PARAMETRIC_REPRESENTATION_CONTEXT() REPRESENTATION_CONTEXT('2D SPACE',''
  ) );
#9816 = FACE_BOUND('',#9817,.T.);
#9817 = EDGE_LOOP('',(#9818));
#9818 = ORIENTED_EDGE('',*,*,#9819,.T.);
#9819 = EDGE_CURVE('',#9820,#9820,#9822,.T.);
#9820 = VERTEX_POINT('',#9821);
#9821 = CARTESIAN_POINT('',(-91.35,25.4,6.));
#9822 = SURFACE_CURVE('',#9823,(#9828,#9839),.PCURVE_S1.);
#9823 = CIRCLE('',#9824,2.45);
#9824 = AXIS2_PLACEMENT_3D('',#9825,#9826,#9827);
#9825 = CARTESIAN_POINT('',(-88.9,25.4,6.));
#9826 = DIRECTION('',(0.,0.,-1.));
#9827 = DIRECTION('',(-1.,0.,0.));
#9828 = PCURVE('',#100,#9829);
#9829 = DEFINITIONAL_REPRESENTATION('',(#9830),#9838);
#9830 = ( BOUNDED_CURVE() B_SPLINE_CURVE(2,(#9831,#9832,#9833,#9834,
#9835,#9836,#9837),.UNSPECIFIED.,.T.,.F.) B_SPLINE_CURVE_WITH_KNOTS((1,2
    ,2,2,2,1),(-2.094395102393,0.,2.094395102393,4.188790204786,
6.28318530718,8.377580409573),.UNSPECIFIED.) CURVE() 
GEOMETRIC_REPRESENTATION_ITEM() RATIONAL_B_SPLINE_CURVE((1.,0.5,1.,0.5,
1.,0.5,1.)) REPRESENTATION_ITEM('') );
#9831 = CARTESIAN_POINT('',(-91.35,25.4));
#9832 = CARTESIAN_POINT('',(-91.35,29.643524478544));
#9833 = CARTESIAN_POINT('',(-87.675,27.521762239272));
#9834 = CARTESIAN_POINT('',(-84.,25.4));
#9835 = CARTESIAN_POINT('',(-87.675,23.278237760728));
#9836 = CARTESIAN_POINT('',(-91.35,21.156475521456));
#9837 = CARTESIAN_POINT('',(-91.35,25.4));
#9838 = ( GEOMETRIC_REPRESENTATION_CONTEXT(2) 
PARAMETRIC_REPRESENTATION_CONTEXT() REPRESENTATION_CONTEXT('2D SPACE',''
  ) );
#9839 = PCURVE('',#3584,#9840);
#9840 = DEFINITIONAL_REPRESENTATION('',(#9841),#9845);
#9841 = LINE('',#9842,#9843);
#9842 = CARTESIAN_POINT('',(0.,0.));
#9843 = VECTOR('',#9844,1.);
#9844 = DIRECTION('',(1.,0.));
#9845 = ( GEOMETRIC_REPRESENTATION_CONTEXT(2) 
PARAMETRIC_REPRESENTATION_CONTEXT() REPRESENTATION_CONTEXT('2D SPACE',''
  ) );
#9846 = FACE_BOUND('',#9847,.T.);
#9847 = EDGE_LOOP('',(#9848));
#9848 = ORIENTED_EDGE('',*,*,#9849,.T.);
#9849 = EDGE_CURVE('',#9850,#9850,#9852,.T.);
#9850 = VERTEX_POINT('',#9851);
#9851 = CARTESIAN_POINT('',(-78.65,25.4,6.));
#9852 = SURFACE_CURVE('',#9853,(#9858,#9869),.PCURVE_S1.);
#9853 = CIRCLE('',#9854,2.45);
#9854 = AXIS2_PLACEMENT_3D('',#9855,#9856,#9857);
#9855 = CARTESIAN_POINT('',(-76.2,25.4,6.));
#9856 = DIRECTION('',(0.,0.,-1.));
#9857 = DIRECTION('',(-1.,0.,0.));
#9858 = PCURVE('',#100,#9859);
#9859 = DEFINITIONAL_REPRESENTATION('',(#9860),#9868);
#9860 = ( BOUNDED_CURVE() B_SPLINE_CURVE(2,(#9861,#9862,#9863,#9864,
#9865,#9866,#9867),.UNSPECIFIED.,.T.,.F.) B_SPLINE_CURVE_WITH_KNOTS((1,2
    ,2,2,2,1),(-2.094395102393,0.,2.094395102393,4.188790204786,
6.28318530718,8.377580409573),.UNSPECIFIED.) CURVE() 
GEOMETRIC_REPRESENTATION_ITEM() RATIONAL_B_SPLINE_CURVE((1.,0.5,1.,0.5,
1.,0.5,1.)) REPRESENTATION_ITEM('') );
#9861 = CARTESIAN_POINT('',(-78.65,25.4));
#9862 = CARTESIAN_POINT('',(-78.65,29.643524478544));
#9863 = CARTESIAN_POINT('',(-74.975,27.521762239272));
#9864 = CARTESIAN_POINT('',(-71.3,25.4));
#9865 = CARTESIAN_POINT('',(-74.975,23.278237760728));
#9866 = CARTESIAN_POINT('',(-78.65,21.156475521456));
#9867 = CARTESIAN_POINT('',(-78.65,25.4));
#9868 = ( GEOMETRIC_REPRESENTATION_CONTEXT(2) 
PARAMETRIC_REPRESENTATION_CONTEXT() REPRESENTATION_CONTEXT('2D SPACE',''
  ) );
#9869 = PCURVE('',#3619,#9870);
#9870 = DEFINITIONAL_REPRESENTATION('',(#9871),#9875);
#9871 = LINE('',#9872,#9873);
#9872 = CARTESIAN_POINT('',(0.,0.));
#9873 = VECTOR('',#9874,1.);
#9874 = DIRECTION('',(1.,0.));
#9875 = ( GEOMETRIC_REPRESENTATION_CONTEXT(2) 
PARAMETRIC_REPRESENTATION_CONTEXT() REPRESENTATION_CONTEXT('2D SPACE',''
  ) );
#9876 = FACE_BOUND('',#9877,.T.);
#9877 = EDGE_LOOP('',(#9878));
#9878 = ORIENTED_EDGE('',*,*,#9879,.T.);
#9879 = EDGE_CURVE('',#9880,#9880,#9882,.T.);
#9880 = VERTEX_POINT('',#9881);
#9881 = CARTESIAN_POINT('',(-65.95,-6.000769315822E-16,6.));
#9882 = SURFACE_CURVE('',#9883,(#9888,#9899),.PCURVE_S1.);
#9883 = CIRCLE('',#9884,2.45);
#9884 = AXIS2_PLACEMENT_3D('',#9885,#9886,#9887);
#9885 = CARTESIAN_POINT('',(-63.5,0.,6.));
#9886 = DIRECTION('',(0.,0.,-1.));
#9887 = DIRECTION('',(-1.,0.,0.));
#9888 = PCURVE('',#100,#9889);
#9889 = DEFINITIONAL_REPRESENTATION('',(#9890),#9898);
#9890 = ( BOUNDED_CURVE() B_SPLINE_CURVE(2,(#9891,#9892,#9893,#9894,
#9895,#9896,#9897),.UNSPECIFIED.,.T.,.F.) B_SPLINE_CURVE_WITH_KNOTS((1,2
    ,2,2,2,1),(-2.094395102393,0.,2.094395102393,4.188790204786,
6.28318530718,8.377580409573),.UNSPECIFIED.) CURVE() 
GEOMETRIC_REPRESENTATION_ITEM() RATIONAL_B_SPLINE_CURVE((1.,0.5,1.,0.5,
1.,0.5,1.)) REPRESENTATION_ITEM('') );
#9891 = CARTESIAN_POINT('',(-65.95,0.));
#9892 = CARTESIAN_POINT('',(-65.95,4.243524478544));
#9893 = CARTESIAN_POINT('',(-62.275,2.121762239272));
#9894 = CARTESIAN_POINT('',(-58.6,6.000769315822E-16));
#9895 = CARTESIAN_POINT('',(-62.275,-2.121762239272));
#9896 = CARTESIAN_POINT('',(-65.95,-4.243524478544));
#9897 = CARTESIAN_POINT('',(-65.95,0.));
#9898 = ( GEOMETRIC_REPRESENTATION_CONTEXT(2) 
PARAMETRIC_REPRESENTATION_CONTEXT() REPRESENTATION_CONTEXT('2D SPACE',''
  ) );
#9899 = PCURVE('',#3654,#9900);
#9900 = DEFINITIONAL_REPRESENTATION('',(#9901),#9905);
#9901 = LINE('',#9902,#9903);
#9902 = CARTESIAN_POINT('',(0.,0.));
#9903 = VECTOR('',#9904,1.);
#9904 = DIRECTION('',(1.,0.));
#9905 = ( GEOMETRIC_REPRESENTATION_CONTEXT(2) 
PARAMETRIC_REPRESENTATION_CONTEXT() REPRESENTATION_CONTEXT('2D SPACE',''
  ) );
#9906 = FACE_BOUND('',#9907,.T.);
#9907 = EDGE_LOOP('',(#9908));
#9908 = ORIENTED_EDGE('',*,*,#9909,.T.);
#9909 = EDGE_CURVE('',#9910,#9910,#9912,.T.);
#9910 = VERTEX_POINT('',#9911);
#9911 = CARTESIAN_POINT('',(-65.95,12.7,6.));
#9912 = SURFACE_CURVE('',#9913,(#9918,#9929),.PCURVE_S1.);
#9913 = CIRCLE('',#9914,2.45);
#9914 = AXIS2_PLACEMENT_3D('',#9915,#9916,#9917);
#9915 = CARTESIAN_POINT('',(-63.5,12.7,6.));
#9916 = DIRECTION('',(0.,0.,-1.));
#9917 = DIRECTION('',(-1.,0.,0.));
#9918 = PCURVE('',#100,#9919);
#9919 = DEFINITIONAL_REPRESENTATION('',(#9920),#9928);
#9920 = ( BOUNDED_CURVE() B_SPLINE_CURVE(2,(#9921,#9922,#9923,#9924,
#9925,#9926,#9927),.UNSPECIFIED.,.T.,.F.) B_SPLINE_CURVE_WITH_KNOTS((1,2
    ,2,2,2,1),(-2.094395102393,0.,2.094395102393,4.188790204786,
6.28318530718,8.377580409573),.UNSPECIFIED.) CURVE() 
GEOMETRIC_REPRESENTATION_ITEM() RATIONAL_B_SPLINE_CURVE((1.,0.5,1.,0.5,
1.,0.5,1.)) REPRESENTATION_ITEM('') );
#9921 = CARTESIAN_POINT('',(-65.95,12.7));
#9922 = CARTESIAN_POINT('',(-65.95,16.943524478544));
#9923 = CARTESIAN_POINT('',(-62.275,14.821762239272));
#9924 = CARTESIAN_POINT('',(-58.6,12.7));
#9925 = CARTESIAN_POINT('',(-62.275,10.578237760728));
#9926 = CARTESIAN_POINT('',(-65.95,8.456475521456));
#9927 = CARTESIAN_POINT('',(-65.95,12.7));
#9928 = ( GEOMETRIC_REPRESENTATION_CONTEXT(2) 
PARAMETRIC_REPRESENTATION_CONTEXT() REPRESENTATION_CONTEXT('2D SPACE',''
  ) );
#9929 = PCURVE('',#3689,#9930);
#9930 = DEFINITIONAL_REPRESENTATION('',(#9931),#9935);
#9931 = LINE('',#9932,#9933);
#9932 = CARTESIAN_POINT('',(0.,0.));
#9933 = VECTOR('',#9934,1.);
#9934 = DIRECTION('',(1.,0.));
#9935 = ( GEOMETRIC_REPRESENTATION_CONTEXT(2) 
PARAMETRIC_REPRESENTATION_CONTEXT() REPRESENTATION_CONTEXT('2D SPACE',''
  ) );
#9936 = FACE_BOUND('',#9937,.T.);
#9937 = EDGE_LOOP('',(#9938));
#9938 = ORIENTED_EDGE('',*,*,#9939,.T.);
#9939 = EDGE_CURVE('',#9940,#9940,#9942,.T.);
#9940 = VERTEX_POINT('',#9941);
#9941 = CARTESIAN_POINT('',(-65.95,25.4,6.));
#9942 = SURFACE_CURVE('',#9943,(#9948,#9959),.PCURVE_S1.);
#9943 = CIRCLE('',#9944,2.45);
#9944 = AXIS2_PLACEMENT_3D('',#9945,#9946,#9947);
#9945 = CARTESIAN_POINT('',(-63.5,25.4,6.));
#9946 = DIRECTION('',(0.,0.,-1.));
#9947 = DIRECTION('',(-1.,0.,0.));
#9948 = PCURVE('',#100,#9949);
#9949 = DEFINITIONAL_REPRESENTATION('',(#9950),#9958);
#9950 = ( BOUNDED_CURVE() B_SPLINE_CURVE(2,(#9951,#9952,#9953,#9954,
#9955,#9956,#9957),.UNSPECIFIED.,.T.,.F.) B_SPLINE_CURVE_WITH_KNOTS((1,2
    ,2,2,2,1),(-2.094395102393,0.,2.094395102393,4.188790204786,
6.28318530718,8.377580409573),.UNSPECIFIED.) CURVE() 
GEOMETRIC_REPRESENTATION_ITEM() RATIONAL_B_SPLINE_CURVE((1.,0.5,1.,0.5,
1.,0.5,1.)) REPRESENTATION_ITEM('') );
#9951 = CARTESIAN_POINT('',(-65.95,25.4));
#9952 = CARTESIAN_POINT('',(-65.95,29.643524478544));
#9953 = CARTESIAN_POINT('',(-62.275,27.521762239272));
#9954 = CARTESIAN_POINT('',(-58.6,25.4));
#9955 = CARTESIAN_POINT('',(-62.275,23.278237760728));
#9956 = CARTESIAN_POINT('',(-65.95,21.156475521456));
#9957 = CARTESIAN_POINT('',(-65.95,25.4));
#9958 = ( GEOMETRIC_REPRESENTATION_CONTEXT(2) 
PARAMETRIC_REPRESENTATION_CONTEXT() REPRESENTATION_CONTEXT('2D SPACE',''
  ) );
#9959 = PCURVE('',#3724,#9960);
#9960 = DEFINITIONAL_REPRESENTATION('',(#9961),#9965);
#9961 = LINE('',#9962,#9963);
#9962 = CARTESIAN_POINT('',(0.,0.));
#9963 = VECTOR('',#9964,1.);
#9964 = DIRECTION('',(1.,0.));
#9965 = ( GEOMETRIC_REPRESENTATION_CONTEXT(2) 
PARAMETRIC_REPRESENTATION_CONTEXT() REPRESENTATION_CONTEXT('2D SPACE',''
  ) );
#9966 = FACE_BOUND('',#9967,.T.);
#9967 = EDGE_LOOP('',(#9968));
#9968 = ORIENTED_EDGE('',*,*,#9969,.T.);
#9969 = EDGE_CURVE('',#9970,#9970,#9972,.T.);
#9970 = VERTEX_POINT('',#9971);
#9971 = CARTESIAN_POINT('',(-91.35,38.1,6.));
#9972 = SURFACE_CURVE('',#9973,(#9978,#9989),.PCURVE_S1.);
#9973 = CIRCLE('',#9974,2.45);
#9974 = AXIS2_PLACEMENT_3D('',#9975,#9976,#9977);
#9975 = CARTESIAN_POINT('',(-88.9,38.1,6.));
#9976 = DIRECTION('',(0.,0.,-1.));
#9977 = DIRECTION('',(-1.,0.,0.));
#9978 = PCURVE('',#100,#9979);
#9979 = DEFINITIONAL_REPRESENTATION('',(#9980),#9988);
#9980 = ( BOUNDED_CURVE() B_SPLINE_CURVE(2,(#9981,#9982,#9983,#9984,
#9985,#9986,#9987),.UNSPECIFIED.,.T.,.F.) B_SPLINE_CURVE_WITH_KNOTS((1,2
    ,2,2,2,1),(-2.094395102393,0.,2.094395102393,4.188790204786,
6.28318530718,8.377580409573),.UNSPECIFIED.) CURVE() 
GEOMETRIC_REPRESENTATION_ITEM() RATIONAL_B_SPLINE_CURVE((1.,0.5,1.,0.5,
1.,0.5,1.)) REPRESENTATION_ITEM('') );
#9981 = CARTESIAN_POINT('',(-91.35,38.1));
#9982 = CARTESIAN_POINT('',(-91.35,42.343524478544));
#9983 = CARTESIAN_POINT('',(-87.675,40.221762239272));
#9984 = CARTESIAN_POINT('',(-84.,38.1));
#9985 = CARTESIAN_POINT('',(-87.675,35.978237760728));
#9986 = CARTESIAN_POINT('',(-91.35,33.856475521456));
#9987 = CARTESIAN_POINT('',(-91.35,38.1));
#9988 = ( GEOMETRIC_REPRESENTATION_CONTEXT(2) 
PARAMETRIC_REPRESENTATION_CONTEXT() REPRESENTATION_CONTEXT('2D SPACE',''
  ) );
#9989 = PCURVE('',#3759,#9990);
#9990 = DEFINITIONAL_REPRESENTATION('',(#9991),#9995);
#9991 = LINE('',#9992,#9993);
#9992 = CARTESIAN_POINT('',(0.,0.));
#9993 = VECTOR('',#9994,1.);
#9994 = DIRECTION('',(1.,0.));
#9995 = ( GEOMETRIC_REPRESENTATION_CONTEXT(2) 
PARAMETRIC_REPRESENTATION_CONTEXT() REPRESENTATION_CONTEXT('2D SPACE',''
  ) );
#9996 = FACE_BOUND('',#9997,.T.);
#9997 = EDGE_LOOP('',(#9998));
#9998 = ORIENTED_EDGE('',*,*,#9999,.T.);
#9999 = EDGE_CURVE('',#10000,#10000,#10002,.T.);
#10000 = VERTEX_POINT('',#10001);
#10001 = CARTESIAN_POINT('',(-78.65,38.1,6.));
#10002 = SURFACE_CURVE('',#10003,(#10008,#10019),.PCURVE_S1.);
#10003 = CIRCLE('',#10004,2.45);
#10004 = AXIS2_PLACEMENT_3D('',#10005,#10006,#10007);
#10005 = CARTESIAN_POINT('',(-76.2,38.1,6.));
#10006 = DIRECTION('',(0.,0.,-1.));
#10007 = DIRECTION('',(-1.,0.,0.));
#10008 = PCURVE('',#100,#10009);
#10009 = DEFINITIONAL_REPRESENTATION('',(#10010),#10018);
#10010 = ( BOUNDED_CURVE() B_SPLINE_CURVE(2,(#10011,#10012,#10013,#10014
    ,#10015,#10016,#10017),.UNSPECIFIED.,.T.,.F.) 
B_SPLINE_CURVE_WITH_KNOTS((1,2,2,2,2,1),(-2.094395102393,0.,
    2.094395102393,4.188790204786,6.28318530718,8.377580409573),
.UNSPECIFIED.) CURVE() GEOMETRIC_REPRESENTATION_ITEM() 
RATIONAL_B_SPLINE_CURVE((1.,0.5,1.,0.5,1.,0.5,1.)) REPRESENTATION_ITEM(
  '') );
#10011 = CARTESIAN_POINT('',(-78.65,38.1));
#10012 = CARTESIAN_POINT('',(-78.65,42.343524478544));
#10013 = CARTESIAN_POINT('',(-74.975,40.221762239272));
#10014 = CARTESIAN_POINT('',(-71.3,38.1));
#10015 = CARTESIAN_POINT('',(-74.975,35.978237760728));
#10016 = CARTESIAN_POINT('',(-78.65,33.856475521456));
#10017 = CARTESIAN_POINT('',(-78.65,38.1));
#10018 = ( GEOMETRIC_REPRESENTATION_CONTEXT(2) 
PARAMETRIC_REPRESENTATION_CONTEXT() REPRESENTATION_CONTEXT('2D SPACE',''
  ) );
#10019 = PCURVE('',#3794,#10020);
#10020 = DEFINITIONAL_REPRESENTATION('',(#10021),#10025);
#10021 = LINE('',#10022,#10023);
#10022 = CARTESIAN_POINT('',(0.,0.));
#10023 = VECTOR('',#10024,1.);
#10024 = DIRECTION('',(1.,0.));
#10025 = ( GEOMETRIC_REPRESENTATION_CONTEXT(2) 
PARAMETRIC_REPRESENTATION_CONTEXT() REPRESENTATION_CONTEXT('2D SPACE',''
  ) );
#10026 = FACE_BOUND('',#10027,.T.);
#10027 = EDGE_LOOP('',(#10028));
#10028 = ORIENTED_EDGE('',*,*,#10029,.T.);
#10029 = EDGE_CURVE('',#10030,#10030,#10032,.T.);
#10030 = VERTEX_POINT('',#10031);
#10031 = CARTESIAN_POINT('',(-91.35,50.8,6.));
#10032 = SURFACE_CURVE('',#10033,(#10038,#10049),.PCURVE_S1.);
#10033 = CIRCLE('',#10034,2.45);
#10034 = AXIS2_PLACEMENT_3D('',#10035,#10036,#10037);
#10035 = CARTESIAN_POINT('',(-88.9,50.8,6.));
#10036 = DIRECTION('',(0.,0.,-1.));
#10037 = DIRECTION('',(-1.,0.,0.));
#10038 = PCURVE('',#100,#10039);
#10039 = DEFINITIONAL_REPRESENTATION('',(#10040),#10048);
#10040 = ( BOUNDED_CURVE() B_SPLINE_CURVE(2,(#10041,#10042,#10043,#10044
    ,#10045,#10046,#10047),.UNSPECIFIED.,.T.,.F.) 
B_SPLINE_CURVE_WITH_KNOTS((1,2,2,2,2,1),(-2.094395102393,0.,
    2.094395102393,4.188790204786,6.28318530718,8.377580409573),
.UNSPECIFIED.) CURVE() GEOMETRIC_REPRESENTATION_ITEM() 
RATIONAL_B_SPLINE_CURVE((1.,0.5,1.,0.5,1.,0.5,1.)) REPRESENTATION_ITEM(
  '') );
#10041 = CARTESIAN_POINT('',(-91.35,50.8));
#10042 = CARTESIAN_POINT('',(-91.35,55.043524478544));
#10043 = CARTESIAN_POINT('',(-87.675,52.921762239272));
#10044 = CARTESIAN_POINT('',(-84.,50.8));
#10045 = CARTESIAN_POINT('',(-87.675,48.678237760728));
#10046 = CARTESIAN_POINT('',(-91.35,46.556475521456));
#10047 = CARTESIAN_POINT('',(-91.35,50.8));
#10048 = ( GEOMETRIC_REPRESENTATION_CONTEXT(2) 
PARAMETRIC_REPRESENTATION_CONTEXT() REPRESENTATION_CONTEXT('2D SPACE',''
  ) );
#10049 = PCURVE('',#3829,#10050);
#10050 = DEFINITIONAL_REPRESENTATION('',(#10051),#10055);
#10051 = LINE('',#10052,#10053);
#10052 = CARTESIAN_POINT('',(0.,0.));
#10053 = VECTOR('',#10054,1.);
#10054 = DIRECTION('',(1.,0.));
#10055 = ( GEOMETRIC_REPRESENTATION_CONTEXT(2) 
PARAMETRIC_REPRESENTATION_CONTEXT() REPRESENTATION_CONTEXT('2D SPACE',''
  ) );
#10056 = FACE_BOUND('',#10057,.T.);
#10057 = EDGE_LOOP('',(#10058));
#10058 = ORIENTED_EDGE('',*,*,#10059,.T.);
#10059 = EDGE_CURVE('',#10060,#10060,#10062,.T.);
#10060 = VERTEX_POINT('',#10061);
#10061 = CARTESIAN_POINT('',(-91.35,63.5,6.));
#10062 = SURFACE_CURVE('',#10063,(#10068,#10079),.PCURVE_S1.);
#10063 = CIRCLE('',#10064,2.45);
#10064 = AXIS2_PLACEMENT_3D('',#10065,#10066,#10067);
#10065 = CARTESIAN_POINT('',(-88.9,63.5,6.));
#10066 = DIRECTION('',(0.,0.,-1.));
#10067 = DIRECTION('',(-1.,0.,0.));
#10068 = PCURVE('',#100,#10069);
#10069 = DEFINITIONAL_REPRESENTATION('',(#10070),#10078);
#10070 = ( BOUNDED_CURVE() B_SPLINE_CURVE(2,(#10071,#10072,#10073,#10074
    ,#10075,#10076,#10077),.UNSPECIFIED.,.T.,.F.) 
B_SPLINE_CURVE_WITH_KNOTS((1,2,2,2,2,1),(-2.094395102393,0.,
    2.094395102393,4.188790204786,6.28318530718,8.377580409573),
.UNSPECIFIED.) CURVE() GEOMETRIC_REPRESENTATION_ITEM() 
RATIONAL_B_SPLINE_CURVE((1.,0.5,1.,0.5,1.,0.5,1.)) REPRESENTATION_ITEM(
  '') );
#10071 = CARTESIAN_POINT('',(-91.35,63.5));
#10072 = CARTESIAN_POINT('',(-91.35,67.743524478544));
#10073 = CARTESIAN_POINT('',(-87.675,65.621762239272));
#10074 = CARTESIAN_POINT('',(-84.,63.5));
#10075 = CARTESIAN_POINT('',(-87.675,61.378237760728));
#10076 = CARTESIAN_POINT('',(-91.35,59.256475521456));
#10077 = CARTESIAN_POINT('',(-91.35,63.5));
#10078 = ( GEOMETRIC_REPRESENTATION_CONTEXT(2) 
PARAMETRIC_REPRESENTATION_CONTEXT() REPRESENTATION_CONTEXT('2D SPACE',''
  ) );
#10079 = PCURVE('',#3864,#10080);
#10080 = DEFINITIONAL_REPRESENTATION('',(#10081),#10085);
#10081 = LINE('',#10082,#10083);
#10082 = CARTESIAN_POINT('',(0.,0.));
#10083 = VECTOR('',#10084,1.);
#10084 = DIRECTION('',(1.,0.));
#10085 = ( GEOMETRIC_REPRESENTATION_CONTEXT(2) 
PARAMETRIC_REPRESENTATION_CONTEXT() REPRESENTATION_CONTEXT('2D SPACE',''
  ) );
#10086 = FACE_BOUND('',#10087,.T.);
#10087 = EDGE_LOOP('',(#10088));
#10088 = ORIENTED_EDGE('',*,*,#10089,.T.);
#10089 = EDGE_CURVE('',#10090,#10090,#10092,.T.);
#10090 = VERTEX_POINT('',#10091);
#10091 = CARTESIAN_POINT('',(-78.65,50.8,6.));
#10092 = SURFACE_CURVE('',#10093,(#10098,#10109),.PCURVE_S1.);
#10093 = CIRCLE('',#10094,2.45);
#10094 = AXIS2_PLACEMENT_3D('',#10095,#10096,#10097);
#10095 = CARTESIAN_POINT('',(-76.2,50.8,6.));
#10096 = DIRECTION('',(0.,0.,-1.));
#10097 = DIRECTION('',(-1.,0.,0.));
#10098 = PCURVE('',#100,#10099);
#10099 = DEFINITIONAL_REPRESENTATION('',(#10100),#10108);
#10100 = ( BOUNDED_CURVE() B_SPLINE_CURVE(2,(#10101,#10102,#10103,#10104
    ,#10105,#10106,#10107),.UNSPECIFIED.,.T.,.F.) 
B_SPLINE_CURVE_WITH_KNOTS((1,2,2,2,2,1),(-2.094395102393,0.,
    2.094395102393,4.188790204786,6.28318530718,8.377580409573),
.UNSPECIFIED.) CURVE() GEOMETRIC_REPRESENTATION_ITEM() 
RATIONAL_B_SPLINE_CURVE((1.,0.5,1.,0.5,1.,0.5,1.)) REPRESENTATION_ITEM(
  '') );
#10101 = CARTESIAN_POINT('',(-78.65,50.8));
#10102 = CARTESIAN_POINT('',(-78.65,55.043524478544));
#10103 = CARTESIAN_POINT('',(-74.975,52.921762239272));
#10104 = CARTESIAN_POINT('',(-71.3,50.8));
#10105 = CARTESIAN_POINT('',(-74.975,48.678237760728));
#10106 = CARTESIAN_POINT('',(-78.65,46.556475521456));
#10107 = CARTESIAN_POINT('',(-78.65,50.8));
#10108 = ( GEOMETRIC_REPRESENTATION_CONTEXT(2) 
PARAMETRIC_REPRESENTATION_CONTEXT() REPRESENTATION_CONTEXT('2D SPACE',''
  ) );
#10109 = PCURVE('',#3899,#10110);
#10110 = DEFINITIONAL_REPRESENTATION('',(#10111),#10115);
#10111 = LINE('',#10112,#10113);
#10112 = CARTESIAN_POINT('',(0.,0.));
#10113 = VECTOR('',#10114,1.);
#10114 = DIRECTION('',(1.,0.));
#10115 = ( GEOMETRIC_REPRESENTATION_CONTEXT(2) 
PARAMETRIC_REPRESENTATION_CONTEXT() REPRESENTATION_CONTEXT('2D SPACE',''
  ) );
#10116 = FACE_BOUND('',#10117,.T.);
#10117 = EDGE_LOOP('',(#10118));
#10118 = ORIENTED_EDGE('',*,*,#10119,.T.);
#10119 = EDGE_CURVE('',#10120,#10120,#10122,.T.);
#10120 = VERTEX_POINT('',#10121);
#10121 = CARTESIAN_POINT('',(-78.65,63.5,6.));
#10122 = SURFACE_CURVE('',#10123,(#10128,#10139),.PCURVE_S1.);
#10123 = CIRCLE('',#10124,2.45);
#10124 = AXIS2_PLACEMENT_3D('',#10125,#10126,#10127);
#10125 = CARTESIAN_POINT('',(-76.2,63.5,6.));
#10126 = DIRECTION('',(0.,0.,-1.));
#10127 = DIRECTION('',(-1.,0.,0.));
#10128 = PCURVE('',#100,#10129);
#10129 = DEFINITIONAL_REPRESENTATION('',(#10130),#10138);
#10130 = ( BOUNDED_CURVE() B_SPLINE_CURVE(2,(#10131,#10132,#10133,#10134
    ,#10135,#10136,#10137),.UNSPECIFIED.,.T.,.F.) 
B_SPLINE_CURVE_WITH_KNOTS((1,2,2,2,2,1),(-2.094395102393,0.,
    2.094395102393,4.188790204786,6.28318530718,8.377580409573),
.UNSPECIFIED.) CURVE() GEOMETRIC_REPRESENTATION_ITEM() 
RATIONAL_B_SPLINE_CURVE((1.,0.5,1.,0.5,1.,0.5,1.)) REPRESENTATION_ITEM(
  '') );
#10131 = CARTESIAN_POINT('',(-78.65,63.5));
#10132 = CARTESIAN_POINT('',(-78.65,67.743524478544));
#10133 = CARTESIAN_POINT('',(-74.975,65.621762239272));
#10134 = CARTESIAN_POINT('',(-71.3,63.5));
#10135 = CARTESIAN_POINT('',(-74.975,61.378237760728));
#10136 = CARTESIAN_POINT('',(-78.65,59.256475521456));
#10137 = CARTESIAN_POINT('',(-78.65,63.5));
#10138 = ( GEOMETRIC_REPRESENTATION_CONTEXT(2) 
PARAMETRIC_REPRESENTATION_CONTEXT() REPRESENTATION_CONTEXT('2D SPACE',''
  ) );
#10139 = PCURVE('',#3934,#10140);
#10140 = DEFINITIONAL_REPRESENTATION('',(#10141),#10145);
#10141 = LINE('',#10142,#10143);
#10142 = CARTESIAN_POINT('',(0.,0.));
#10143 = VECTOR('',#10144,1.);
#10144 = DIRECTION('',(1.,0.));
#10145 = ( GEOMETRIC_REPRESENTATION_CONTEXT(2) 
PARAMETRIC_REPRESENTATION_CONTEXT() REPRESENTATION_CONTEXT('2D SPACE',''
  ) );
#10146 = FACE_BOUND('',#10147,.T.);
#10147 = EDGE_LOOP('',(#10148));
#10148 = ORIENTED_EDGE('',*,*,#10149,.T.);
#10149 = EDGE_CURVE('',#10150,#10150,#10152,.T.);
#10150 = VERTEX_POINT('',#10151);
#10151 = CARTESIAN_POINT('',(-65.95,38.1,6.));
#10152 = SURFACE_CURVE('',#10153,(#10158,#10169),.PCURVE_S1.);
#10153 = CIRCLE('',#10154,2.45);
#10154 = AXIS2_PLACEMENT_3D('',#10155,#10156,#10157);
#10155 = CARTESIAN_POINT('',(-63.5,38.1,6.));
#10156 = DIRECTION('',(0.,0.,-1.));
#10157 = DIRECTION('',(-1.,0.,0.));
#10158 = PCURVE('',#100,#10159);
#10159 = DEFINITIONAL_REPRESENTATION('',(#10160),#10168);
#10160 = ( BOUNDED_CURVE() B_SPLINE_CURVE(2,(#10161,#10162,#10163,#10164
    ,#10165,#10166,#10167),.UNSPECIFIED.,.T.,.F.) 
B_SPLINE_CURVE_WITH_KNOTS((1,2,2,2,2,1),(-2.094395102393,0.,
    2.094395102393,4.188790204786,6.28318530718,8.377580409573),
.UNSPECIFIED.) CURVE() GEOMETRIC_REPRESENTATION_ITEM() 
RATIONAL_B_SPLINE_CURVE((1.,0.5,1.,0.5,1.,0.5,1.)) REPRESENTATION_ITEM(
  '') );
#10161 = CARTESIAN_POINT('',(-65.95,38.1));
#10162 = CARTESIAN_POINT('',(-65.95,42.343524478544));
#10163 = CARTESIAN_POINT('',(-62.275,40.221762239272));
#10164 = CARTESIAN_POINT('',(-58.6,38.1));
#10165 = CARTESIAN_POINT('',(-62.275,35.978237760728));
#10166 = CARTESIAN_POINT('',(-65.95,33.856475521456));
#10167 = CARTESIAN_POINT('',(-65.95,38.1));
#10168 = ( GEOMETRIC_REPRESENTATION_CONTEXT(2) 
PARAMETRIC_REPRESENTATION_CONTEXT() REPRESENTATION_CONTEXT('2D SPACE',''
  ) );
#10169 = PCURVE('',#3969,#10170);
#10170 = DEFINITIONAL_REPRESENTATION('',(#10171),#10175);
#10171 = LINE('',#10172,#10173);
#10172 = CARTESIAN_POINT('',(0.,0.));
#10173 = VECTOR('',#10174,1.);
#10174 = DIRECTION('',(1.,0.));
#10175 = ( GEOMETRIC_REPRESENTATION_CONTEXT(2) 
PARAMETRIC_REPRESENTATION_CONTEXT() REPRESENTATION_CONTEXT('2D SPACE',''
  ) );
#10176 = FACE_BOUND('',#10177,.T.);
#10177 = EDGE_LOOP('',(#10178));
#10178 = ORIENTED_EDGE('',*,*,#10179,.T.);
#10179 = EDGE_CURVE('',#10180,#10180,#10182,.T.);
#10180 = VERTEX_POINT('',#10181);
#10181 = CARTESIAN_POINT('',(-65.95,50.8,6.));
#10182 = SURFACE_CURVE('',#10183,(#10188,#10199),.PCURVE_S1.);
#10183 = CIRCLE('',#10184,2.45);
#10184 = AXIS2_PLACEMENT_3D('',#10185,#10186,#10187);
#10185 = CARTESIAN_POINT('',(-63.5,50.8,6.));
#10186 = DIRECTION('',(0.,0.,-1.));
#10187 = DIRECTION('',(-1.,0.,0.));
#10188 = PCURVE('',#100,#10189);
#10189 = DEFINITIONAL_REPRESENTATION('',(#10190),#10198);
#10190 = ( BOUNDED_CURVE() B_SPLINE_CURVE(2,(#10191,#10192,#10193,#10194
    ,#10195,#10196,#10197),.UNSPECIFIED.,.T.,.F.) 
B_SPLINE_CURVE_WITH_KNOTS((1,2,2,2,2,1),(-2.094395102393,0.,
    2.094395102393,4.188790204786,6.28318530718,8.377580409573),
.UNSPECIFIED.) CURVE() GEOMETRIC_REPRESENTATION_ITEM() 
RATIONAL_B_SPLINE_CURVE((1.,0.5,1.,0.5,1.,0.5,1.)) REPRESENTATION_ITEM(
  '') );
#10191 = CARTESIAN_POINT('',(-65.95,50.8));
#10192 = CARTESIAN_POINT('',(-65.95,55.043524478544));
#10193 = CARTESIAN_POINT('',(-62.275,52.921762239272));
#10194 = CARTESIAN_POINT('',(-58.6,50.8));
#10195 = CARTESIAN_POINT('',(-62.275,48.678237760728));
#10196 = CARTESIAN_POINT('',(-65.95,46.556475521456));
#10197 = CARTESIAN_POINT('',(-65.95,50.8));
#10198 = ( GEOMETRIC_REPRESENTATION_CONTEXT(2) 
PARAMETRIC_REPRESENTATION_CONTEXT() REPRESENTATION_CONTEXT('2D SPACE',''
  ) );
#10199 = PCURVE('',#4004,#10200);
#10200 = DEFINITIONAL_REPRESENTATION('',(#10201),#10205);
#10201 = LINE('',#10202,#10203);
#10202 = CARTESIAN_POINT('',(0.,0.));
#10203 = VECTOR('',#10204,1.);
#10204 = DIRECTION('',(1.,0.));
#10205 = ( GEOMETRIC_REPRESENTATION_CONTEXT(2) 
PARAMETRIC_REPRESENTATION_CONTEXT() REPRESENTATION_CONTEXT('2D SPACE',''
  ) );
#10206 = FACE_BOUND('',#10207,.T.);
#10207 = EDGE_LOOP('',(#10208));
#10208 = ORIENTED_EDGE('',*,*,#10209,.T.);
#10209 = EDGE_CURVE('',#10210,#10210,#10212,.T.);
#10210 = VERTEX_POINT('',#10211);
#10211 = CARTESIAN_POINT('',(-65.95,63.5,6.));
#10212 = SURFACE_CURVE('',#10213,(#10218,#10229),.PCURVE_S1.);
#10213 = CIRCLE('',#10214,2.45);
#10214 = AXIS2_PLACEMENT_3D('',#10215,#10216,#10217);
#10215 = CARTESIAN_POINT('',(-63.5,63.5,6.));
#10216 = DIRECTION('',(0.,0.,-1.));
#10217 = DIRECTION('',(-1.,0.,0.));
#10218 = PCURVE('',#100,#10219);
#10219 = DEFINITIONAL_REPRESENTATION('',(#10220),#10228);
#10220 = ( BOUNDED_CURVE() B_SPLINE_CURVE(2,(#10221,#10222,#10223,#10224
    ,#10225,#10226,#10227),.UNSPECIFIED.,.T.,.F.) 
B_SPLINE_CURVE_WITH_KNOTS((1,2,2,2,2,1),(-2.094395102393,0.,
    2.094395102393,4.188790204786,6.28318530718,8.377580409573),
.UNSPECIFIED.) CURVE() GEOMETRIC_REPRESENTATION_ITEM() 
RATIONAL_B_SPLINE_CURVE((1.,0.5,1.,0.5,1.,0.5,1.)) REPRESENTATION_ITEM(
  '') );
#10221 = CARTESIAN_POINT('',(-65.95,63.5));
#10222 = CARTESIAN_POINT('',(-65.95,67.743524478544));
#10223 = CARTESIAN_POINT('',(-62.275,65.621762239272));
#10224 = CARTESIAN_POINT('',(-58.6,63.5));
#10225 = CARTESIAN_POINT('',(-62.275,61.378237760728));
#10226 = CARTESIAN_POINT('',(-65.95,59.256475521456));
#10227 = CARTESIAN_POINT('',(-65.95,63.5));
#10228 = ( GEOMETRIC_REPRESENTATION_CONTEXT(2) 
PARAMETRIC_REPRESENTATION_CONTEXT() REPRESENTATION_CONTEXT('2D SPACE',''
  ) );
#10229 = PCURVE('',#4039,#10230);
#10230 = DEFINITIONAL_REPRESENTATION('',(#10231),#10235);
#10231 = LINE('',#10232,#10233);
#10232 = CARTESIAN_POINT('',(0.,0.));
#10233 = VECTOR('',#10234,1.);
#10234 = DIRECTION('',(1.,0.));
#10235 = ( GEOMETRIC_REPRESENTATION_CONTEXT(2) 
PARAMETRIC_REPRESENTATION_CONTEXT() REPRESENTATION_CONTEXT('2D SPACE',''
  ) );
#10236 = FACE_BOUND('',#10237,.T.);
#10237 = EDGE_LOOP('',(#10238));
#10238 = ORIENTED_EDGE('',*,*,#10239,.T.);
#10239 = EDGE_CURVE('',#10240,#10240,#10242,.T.);
#10240 = VERTEX_POINT('',#10241);
#10241 = CARTESIAN_POINT('',(-91.35,76.2,6.));
#10242 = SURFACE_CURVE('',#10243,(#10248,#10259),.PCURVE_S1.);
#10243 = CIRCLE('',#10244,2.45);
#10244 = AXIS2_PLACEMENT_3D('',#10245,#10246,#10247);
#10245 = CARTESIAN_POINT('',(-88.9,76.2,6.));
#10246 = DIRECTION('',(0.,0.,-1.));
#10247 = DIRECTION('',(-1.,0.,0.));
#10248 = PCURVE('',#100,#10249);
#10249 = DEFINITIONAL_REPRESENTATION('',(#10250),#10258);
#10250 = ( BOUNDED_CURVE() B_SPLINE_CURVE(2,(#10251,#10252,#10253,#10254
    ,#10255,#10256,#10257),.UNSPECIFIED.,.T.,.F.) 
B_SPLINE_CURVE_WITH_KNOTS((1,2,2,2,2,1),(-2.094395102393,0.,
    2.094395102393,4.188790204786,6.28318530718,8.377580409573),
.UNSPECIFIED.) CURVE() GEOMETRIC_REPRESENTATION_ITEM() 
RATIONAL_B_SPLINE_CURVE((1.,0.5,1.,0.5,1.,0.5,1.)) REPRESENTATION_ITEM(
  '') );
#10251 = CARTESIAN_POINT('',(-91.35,76.2));
#10252 = CARTESIAN_POINT('',(-91.35,80.443524478544));
#10253 = CARTESIAN_POINT('',(-87.675,78.321762239272));
#10254 = CARTESIAN_POINT('',(-84.,76.2));
#10255 = CARTESIAN_POINT('',(-87.675,74.078237760728));
#10256 = CARTESIAN_POINT('',(-91.35,71.956475521456));
#10257 = CARTESIAN_POINT('',(-91.35,76.2));
#10258 = ( GEOMETRIC_REPRESENTATION_CONTEXT(2) 
PARAMETRIC_REPRESENTATION_CONTEXT() REPRESENTATION_CONTEXT('2D SPACE',''
  ) );
#10259 = PCURVE('',#4074,#10260);
#10260 = DEFINITIONAL_REPRESENTATION('',(#10261),#10265);
#10261 = LINE('',#10262,#10263);
#10262 = CARTESIAN_POINT('',(0.,0.));
#10263 = VECTOR('',#10264,1.);
#10264 = DIRECTION('',(1.,0.));
#10265 = ( GEOMETRIC_REPRESENTATION_CONTEXT(2) 
PARAMETRIC_REPRESENTATION_CONTEXT() REPRESENTATION_CONTEXT('2D SPACE',''
  ) );
#10266 = FACE_BOUND('',#10267,.T.);
#10267 = EDGE_LOOP('',(#10268));
#10268 = ORIENTED_EDGE('',*,*,#10269,.T.);
#10269 = EDGE_CURVE('',#10270,#10270,#10272,.T.);
#10270 = VERTEX_POINT('',#10271);
#10271 = CARTESIAN_POINT('',(-78.65,76.2,6.));
#10272 = SURFACE_CURVE('',#10273,(#10278,#10289),.PCURVE_S1.);
#10273 = CIRCLE('',#10274,2.45);
#10274 = AXIS2_PLACEMENT_3D('',#10275,#10276,#10277);
#10275 = CARTESIAN_POINT('',(-76.2,76.2,6.));
#10276 = DIRECTION('',(0.,0.,-1.));
#10277 = DIRECTION('',(-1.,0.,0.));
#10278 = PCURVE('',#100,#10279);
#10279 = DEFINITIONAL_REPRESENTATION('',(#10280),#10288);
#10280 = ( BOUNDED_CURVE() B_SPLINE_CURVE(2,(#10281,#10282,#10283,#10284
    ,#10285,#10286,#10287),.UNSPECIFIED.,.T.,.F.) 
B_SPLINE_CURVE_WITH_KNOTS((1,2,2,2,2,1),(-2.094395102393,0.,
    2.094395102393,4.188790204786,6.28318530718,8.377580409573),
.UNSPECIFIED.) CURVE() GEOMETRIC_REPRESENTATION_ITEM() 
RATIONAL_B_SPLINE_CURVE((1.,0.5,1.,0.5,1.,0.5,1.)) REPRESENTATION_ITEM(
  '') );
#10281 = CARTESIAN_POINT('',(-78.65,76.2));
#10282 = CARTESIAN_POINT('',(-78.65,80.443524478544));
#10283 = CARTESIAN_POINT('',(-74.975,78.321762239272));
#10284 = CARTESIAN_POINT('',(-71.3,76.2));
#10285 = CARTESIAN_POINT('',(-74.975,74.078237760728));
#10286 = CARTESIAN_POINT('',(-78.65,71.956475521456));
#10287 = CARTESIAN_POINT('',(-78.65,76.2));
#10288 = ( GEOMETRIC_REPRESENTATION_CONTEXT(2) 
PARAMETRIC_REPRESENTATION_CONTEXT() REPRESENTATION_CONTEXT('2D SPACE',''
  ) );
#10289 = PCURVE('',#4109,#10290);
#10290 = DEFINITIONAL_REPRESENTATION('',(#10291),#10295);
#10291 = LINE('',#10292,#10293);
#10292 = CARTESIAN_POINT('',(0.,0.));
#10293 = VECTOR('',#10294,1.);
#10294 = DIRECTION('',(1.,0.));
#10295 = ( GEOMETRIC_REPRESENTATION_CONTEXT(2) 
PARAMETRIC_REPRESENTATION_CONTEXT() REPRESENTATION_CONTEXT('2D SPACE',''
  ) );
#10296 = FACE_BOUND('',#10297,.T.);
#10297 = EDGE_LOOP('',(#10298));
#10298 = ORIENTED_EDGE('',*,*,#10299,.T.);
#10299 = EDGE_CURVE('',#10300,#10300,#10302,.T.);
#10300 = VERTEX_POINT('',#10301);
#10301 = CARTESIAN_POINT('',(-91.35,88.9,6.));
#10302 = SURFACE_CURVE('',#10303,(#10308,#10319),.PCURVE_S1.);
#10303 = CIRCLE('',#10304,2.45);
#10304 = AXIS2_PLACEMENT_3D('',#10305,#10306,#10307);
#10305 = CARTESIAN_POINT('',(-88.9,88.9,6.));
#10306 = DIRECTION('',(0.,0.,-1.));
#10307 = DIRECTION('',(-1.,0.,0.));
#10308 = PCURVE('',#100,#10309);
#10309 = DEFINITIONAL_REPRESENTATION('',(#10310),#10318);
#10310 = ( BOUNDED_CURVE() B_SPLINE_CURVE(2,(#10311,#10312,#10313,#10314
    ,#10315,#10316,#10317),.UNSPECIFIED.,.T.,.F.) 
B_SPLINE_CURVE_WITH_KNOTS((1,2,2,2,2,1),(-2.094395102393,0.,
    2.094395102393,4.188790204786,6.28318530718,8.377580409573),
.UNSPECIFIED.) CURVE() GEOMETRIC_REPRESENTATION_ITEM() 
RATIONAL_B_SPLINE_CURVE((1.,0.5,1.,0.5,1.,0.5,1.)) REPRESENTATION_ITEM(
  '') );
#10311 = CARTESIAN_POINT('',(-91.35,88.9));
#10312 = CARTESIAN_POINT('',(-91.35,93.143524478544));
#10313 = CARTESIAN_POINT('',(-87.675,91.021762239272));
#10314 = CARTESIAN_POINT('',(-84.,88.9));
#10315 = CARTESIAN_POINT('',(-87.675,86.778237760728));
#10316 = CARTESIAN_POINT('',(-91.35,84.656475521456));
#10317 = CARTESIAN_POINT('',(-91.35,88.9));
#10318 = ( GEOMETRIC_REPRESENTATION_CONTEXT(2) 
PARAMETRIC_REPRESENTATION_CONTEXT() REPRESENTATION_CONTEXT('2D SPACE',''
  ) );
#10319 = PCURVE('',#4144,#10320);
#10320 = DEFINITIONAL_REPRESENTATION('',(#10321),#10325);
#10321 = LINE('',#10322,#10323);
#10322 = CARTESIAN_POINT('',(0.,0.));
#10323 = VECTOR('',#10324,1.);
#10324 = DIRECTION('',(1.,0.));
#10325 = ( GEOMETRIC_REPRESENTATION_CONTEXT(2) 
PARAMETRIC_REPRESENTATION_CONTEXT() REPRESENTATION_CONTEXT('2D SPACE',''
  ) );
#10326 = FACE_BOUND('',#10327,.T.);
#10327 = EDGE_LOOP('',(#10328));
#10328 = ORIENTED_EDGE('',*,*,#10329,.T.);
#10329 = EDGE_CURVE('',#10330,#10330,#10332,.T.);
#10330 = VERTEX_POINT('',#10331);
#10331 = CARTESIAN_POINT('',(-65.95,76.2,6.));
#10332 = SURFACE_CURVE('',#10333,(#10338,#10349),.PCURVE_S1.);
#10333 = CIRCLE('',#10334,2.45);
#10334 = AXIS2_PLACEMENT_3D('',#10335,#10336,#10337);
#10335 = CARTESIAN_POINT('',(-63.5,76.2,6.));
#10336 = DIRECTION('',(0.,0.,-1.));
#10337 = DIRECTION('',(-1.,0.,0.));
#10338 = PCURVE('',#100,#10339);
#10339 = DEFINITIONAL_REPRESENTATION('',(#10340),#10348);
#10340 = ( BOUNDED_CURVE() B_SPLINE_CURVE(2,(#10341,#10342,#10343,#10344
    ,#10345,#10346,#10347),.UNSPECIFIED.,.T.,.F.) 
B_SPLINE_CURVE_WITH_KNOTS((1,2,2,2,2,1),(-2.094395102393,0.,
    2.094395102393,4.188790204786,6.28318530718,8.377580409573),
.UNSPECIFIED.) CURVE() GEOMETRIC_REPRESENTATION_ITEM() 
RATIONAL_B_SPLINE_CURVE((1.,0.5,1.,0.5,1.,0.5,1.)) REPRESENTATION_ITEM(
  '') );
#10341 = CARTESIAN_POINT('',(-65.95,76.2));
#10342 = CARTESIAN_POINT('',(-65.95,80.443524478544));
#10343 = CARTESIAN_POINT('',(-62.275,78.321762239272));
#10344 = CARTESIAN_POINT('',(-58.6,76.2));
#10345 = CARTESIAN_POINT('',(-62.275,74.078237760728));
#10346 = CARTESIAN_POINT('',(-65.95,71.956475521456));
#10347 = CARTESIAN_POINT('',(-65.95,76.2));
#10348 = ( GEOMETRIC_REPRESENTATION_CONTEXT(2) 
PARAMETRIC_REPRESENTATION_CONTEXT() REPRESENTATION_CONTEXT('2D SPACE',''
  ) );
#10349 = PCURVE('',#4179,#10350);
#10350 = DEFINITIONAL_REPRESENTATION('',(#10351),#10355);
#10351 = LINE('',#10352,#10353);
#10352 = CARTESIAN_POINT('',(0.,0.));
#10353 = VECTOR('',#10354,1.);
#10354 = DIRECTION('',(1.,0.));
#10355 = ( GEOMETRIC_REPRESENTATION_CONTEXT(2) 
PARAMETRIC_REPRESENTATION_CONTEXT() REPRESENTATION_CONTEXT('2D SPACE',''
  ) );
#10356 = FACE_BOUND('',#10357,.T.);
#10357 = EDGE_LOOP('',(#10358));
#10358 = ORIENTED_EDGE('',*,*,#10359,.T.);
#10359 = EDGE_CURVE('',#10360,#10360,#10362,.T.);
#10360 = VERTEX_POINT('',#10361);
#10361 = CARTESIAN_POINT('',(-65.95,88.9,6.));
#10362 = SURFACE_CURVE('',#10363,(#10368,#10379),.PCURVE_S1.);
#10363 = CIRCLE('',#10364,2.45);
#10364 = AXIS2_PLACEMENT_3D('',#10365,#10366,#10367);
#10365 = CARTESIAN_POINT('',(-63.5,88.9,6.));
#10366 = DIRECTION('',(0.,0.,-1.));
#10367 = DIRECTION('',(-1.,0.,0.));
#10368 = PCURVE('',#100,#10369);
#10369 = DEFINITIONAL_REPRESENTATION('',(#10370),#10378);
#10370 = ( BOUNDED_CURVE() B_SPLINE_CURVE(2,(#10371,#10372,#10373,#10374
    ,#10375,#10376,#10377),.UNSPECIFIED.,.T.,.F.) 
B_SPLINE_CURVE_WITH_KNOTS((1,2,2,2,2,1),(-2.094395102393,0.,
    2.094395102393,4.188790204786,6.28318530718,8.377580409573),
.UNSPECIFIED.) CURVE() GEOMETRIC_REPRESENTATION_ITEM() 
RATIONAL_B_SPLINE_CURVE((1.,0.5,1.,0.5,1.,0.5,1.)) REPRESENTATION_ITEM(
  '') );
#10371 = CARTESIAN_POINT('',(-65.95,88.9));
#10372 = CARTESIAN_POINT('',(-65.95,93.143524478544));
#10373 = CARTESIAN_POINT('',(-62.275,91.021762239272));
#10374 = CARTESIAN_POINT('',(-58.6,88.9));
#10375 = CARTESIAN_POINT('',(-62.275,86.778237760728));
#10376 = CARTESIAN_POINT('',(-65.95,84.656475521456));
#10377 = CARTESIAN_POINT('',(-65.95,88.9));
#10378 = ( GEOMETRIC_REPRESENTATION_CONTEXT(2) 
PARAMETRIC_REPRESENTATION_CONTEXT() REPRESENTATION_CONTEXT('2D SPACE',''
  ) );
#10379 = PCURVE('',#4214,#10380);
#10380 = DEFINITIONAL_REPRESENTATION('',(#10381),#10385);
#10381 = LINE('',#10382,#10383);
#10382 = CARTESIAN_POINT('',(0.,0.));
#10383 = VECTOR('',#10384,1.);
#10384 = DIRECTION('',(1.,0.));
#10385 = ( GEOMETRIC_REPRESENTATION_CONTEXT(2) 
PARAMETRIC_REPRESENTATION_CONTEXT() REPRESENTATION_CONTEXT('2D SPACE',''
  ) );
#10386 = FACE_BOUND('',#10387,.T.);
#10387 = EDGE_LOOP('',(#10388));
#10388 = ORIENTED_EDGE('',*,*,#10389,.T.);
#10389 = EDGE_CURVE('',#10390,#10390,#10392,.T.);
#10390 = VERTEX_POINT('',#10391);
#10391 = CARTESIAN_POINT('',(-53.25,88.9,6.));
#10392 = SURFACE_CURVE('',#10393,(#10398,#10409),.PCURVE_S1.);
#10393 = CIRCLE('',#10394,2.45);
#10394 = AXIS2_PLACEMENT_3D('',#10395,#10396,#10397);
#10395 = CARTESIAN_POINT('',(-50.8,88.9,6.));
#10396 = DIRECTION('',(0.,0.,-1.));
#10397 = DIRECTION('',(-1.,0.,0.));
#10398 = PCURVE('',#100,#10399);
#10399 = DEFINITIONAL_REPRESENTATION('',(#10400),#10408);
#10400 = ( BOUNDED_CURVE() B_SPLINE_CURVE(2,(#10401,#10402,#10403,#10404
    ,#10405,#10406,#10407),.UNSPECIFIED.,.T.,.F.) 
B_SPLINE_CURVE_WITH_KNOTS((1,2,2,2,2,1),(-2.094395102393,0.,
    2.094395102393,4.188790204786,6.28318530718,8.377580409573),
.UNSPECIFIED.) CURVE() GEOMETRIC_REPRESENTATION_ITEM() 
RATIONAL_B_SPLINE_CURVE((1.,0.5,1.,0.5,1.,0.5,1.)) REPRESENTATION_ITEM(
  '') );
#10401 = CARTESIAN_POINT('',(-53.25,88.9));
#10402 = CARTESIAN_POINT('',(-53.25,93.143524478544));
#10403 = CARTESIAN_POINT('',(-49.575,91.021762239272));
#10404 = CARTESIAN_POINT('',(-45.9,88.9));
#10405 = CARTESIAN_POINT('',(-49.575,86.778237760728));
#10406 = CARTESIAN_POINT('',(-53.25,84.656475521456));
#10407 = CARTESIAN_POINT('',(-53.25,88.9));
#10408 = ( GEOMETRIC_REPRESENTATION_CONTEXT(2) 
PARAMETRIC_REPRESENTATION_CONTEXT() REPRESENTATION_CONTEXT('2D SPACE',''
  ) );
#10409 = PCURVE('',#4249,#10410);
#10410 = DEFINITIONAL_REPRESENTATION('',(#10411),#10415);
#10411 = LINE('',#10412,#10413);
#10412 = CARTESIAN_POINT('',(0.,0.));
#10413 = VECTOR('',#10414,1.);
#10414 = DIRECTION('',(1.,0.));
#10415 = ( GEOMETRIC_REPRESENTATION_CONTEXT(2) 
PARAMETRIC_REPRESENTATION_CONTEXT() REPRESENTATION_CONTEXT('2D SPACE',''
  ) );
#10416 = FACE_BOUND('',#10417,.T.);
#10417 = EDGE_LOOP('',(#10418,#10444,#10465,#10489));
#10418 = ORIENTED_EDGE('',*,*,#10419,.F.);
#10419 = EDGE_CURVE('',#10420,#10422,#10424,.T.);
#10420 = VERTEX_POINT('',#10421);
#10421 = CARTESIAN_POINT('',(-86.,116.,6.));
#10422 = VERTEX_POINT('',#10423);
#10423 = CARTESIAN_POINT('',(-86.,100.,6.));
#10424 = SURFACE_CURVE('',#10425,(#10430,#10437),.PCURVE_S1.);
#10425 = CIRCLE('',#10426,8.);
#10426 = AXIS2_PLACEMENT_3D('',#10427,#10428,#10429);
#10427 = CARTESIAN_POINT('',(-86.,108.,6.));
#10428 = DIRECTION('',(0.,0.,1.));
#10429 = DIRECTION('',(-0.,-1.,0.));
#10430 = PCURVE('',#100,#10431);
#10431 = DEFINITIONAL_REPRESENTATION('',(#10432),#10436);
#10432 = CIRCLE('',#10433,8.);
#10433 = AXIS2_PLACEMENT_2D('',#10434,#10435);
#10434 = CARTESIAN_POINT('',(-86.,108.));
#10435 = DIRECTION('',(-0.,-1.));
#10436 = ( GEOMETRIC_REPRESENTATION_CONTEXT(2) 
PARAMETRIC_REPRESENTATION_CONTEXT() REPRESENTATION_CONTEXT('2D SPACE',''
  ) );
#10437 = PCURVE('',#4282,#10438);
#10438 = DEFINITIONAL_REPRESENTATION('',(#10439),#10443);
#10439 = LINE('',#10440,#10441);
#10440 = CARTESIAN_POINT('',(-6.28318530718,-284.0000003));
#10441 = VECTOR('',#10442,1.);
#10442 = DIRECTION('',(1.,-0.));
#10443 = ( GEOMETRIC_REPRESENTATION_CONTEXT(2) 
PARAMETRIC_REPRESENTATION_CONTEXT() REPRESENTATION_CONTEXT('2D SPACE',''
  ) );
#10444 = ORIENTED_EDGE('',*,*,#10445,.T.);
#10445 = EDGE_CURVE('',#10420,#10446,#10448,.T.);
#10446 = VERTEX_POINT('',#10447);
#10447 = CARTESIAN_POINT('',(-64.,116.,6.));
#10448 = SURFACE_CURVE('',#10449,(#10453,#10459),.PCURVE_S1.);
#10449 = LINE('',#10450,#10451);
#10450 = CARTESIAN_POINT('',(-43.,116.,6.));
#10451 = VECTOR('',#10452,1.);
#10452 = DIRECTION('',(1.,0.,-0.));
#10453 = PCURVE('',#100,#10454);
#10454 = DEFINITIONAL_REPRESENTATION('',(#10455),#10458);
#10455 = B_SPLINE_CURVE_WITH_KNOTS('',1,(#10456,#10457),.UNSPECIFIED.,
  .F.,.F.,(2,2),(-43.,-21.),.PIECEWISE_BEZIER_KNOTS.);
#10456 = CARTESIAN_POINT('',(-86.,116.));
#10457 = CARTESIAN_POINT('',(-64.,116.));
#10458 = ( GEOMETRIC_REPRESENTATION_CONTEXT(2) 
PARAMETRIC_REPRESENTATION_CONTEXT() REPRESENTATION_CONTEXT('2D SPACE',''
  ) );
#10459 = PCURVE('',#4309,#10460);
#10460 = DEFINITIONAL_REPRESENTATION('',(#10461),#10464);
#10461 = B_SPLINE_CURVE_WITH_KNOTS('',1,(#10462,#10463),.UNSPECIFIED.,
  .F.,.F.,(2,2),(-43.,-21.),.PIECEWISE_BEZIER_KNOTS.);
#10462 = CARTESIAN_POINT('',(0.,-284.0000003));
#10463 = CARTESIAN_POINT('',(22.,-284.0000003));
#10464 = ( GEOMETRIC_REPRESENTATION_CONTEXT(2) 
PARAMETRIC_REPRESENTATION_CONTEXT() REPRESENTATION_CONTEXT('2D SPACE',''
  ) );
#10465 = ORIENTED_EDGE('',*,*,#10466,.F.);
#10466 = EDGE_CURVE('',#10467,#10446,#10469,.T.);
#10467 = VERTEX_POINT('',#10468);
#10468 = CARTESIAN_POINT('',(-64.,100.,6.));
#10469 = SURFACE_CURVE('',#10470,(#10475,#10482),.PCURVE_S1.);
#10470 = CIRCLE('',#10471,8.);
#10471 = AXIS2_PLACEMENT_3D('',#10472,#10473,#10474);
#10472 = CARTESIAN_POINT('',(-64.,108.,6.));
#10473 = DIRECTION('',(0.,-0.,1.));
#10474 = DIRECTION('',(0.,1.,0.));
#10475 = PCURVE('',#100,#10476);
#10476 = DEFINITIONAL_REPRESENTATION('',(#10477),#10481);
#10477 = CIRCLE('',#10478,8.);
#10478 = AXIS2_PLACEMENT_2D('',#10479,#10480);
#10479 = CARTESIAN_POINT('',(-64.,108.));
#10480 = DIRECTION('',(0.,1.));
#10481 = ( GEOMETRIC_REPRESENTATION_CONTEXT(2) 
PARAMETRIC_REPRESENTATION_CONTEXT() REPRESENTATION_CONTEXT('2D SPACE',''
  ) );
#10482 = PCURVE('',#4337,#10483);
#10483 = DEFINITIONAL_REPRESENTATION('',(#10484),#10488);
#10484 = LINE('',#10485,#10486);
#10485 = CARTESIAN_POINT('',(-6.28318530718,-284.0000003));
#10486 = VECTOR('',#10487,1.);
#10487 = DIRECTION('',(1.,-0.));
#10488 = ( GEOMETRIC_REPRESENTATION_CONTEXT(2) 
PARAMETRIC_REPRESENTATION_CONTEXT() REPRESENTATION_CONTEXT('2D SPACE',''
  ) );
#10489 = ORIENTED_EDGE('',*,*,#10490,.T.);
#10490 = EDGE_CURVE('',#10467,#10422,#10491,.T.);
#10491 = SURFACE_CURVE('',#10492,(#10496,#10502),.PCURVE_S1.);
#10492 = LINE('',#10493,#10494);
#10493 = CARTESIAN_POINT('',(-32.,100.,6.));
#10494 = VECTOR('',#10495,1.);
#10495 = DIRECTION('',(-1.,0.,0.));
#10496 = PCURVE('',#100,#10497);
#10497 = DEFINITIONAL_REPRESENTATION('',(#10498),#10501);
#10498 = B_SPLINE_CURVE_WITH_KNOTS('',1,(#10499,#10500),.UNSPECIFIED.,
  .F.,.F.,(2,2),(32.,54.),.PIECEWISE_BEZIER_KNOTS.);
#10499 = CARTESIAN_POINT('',(-64.,100.));
#10500 = CARTESIAN_POINT('',(-86.,100.));
#10501 = ( GEOMETRIC_REPRESENTATION_CONTEXT(2) 
PARAMETRIC_REPRESENTATION_CONTEXT() REPRESENTATION_CONTEXT('2D SPACE',''
  ) );
#10502 = PCURVE('',#4362,#10503);
#10503 = DEFINITIONAL_REPRESENTATION('',(#10504),#10507);
#10504 = B_SPLINE_CURVE_WITH_KNOTS('',1,(#10505,#10506),.UNSPECIFIED.,
  .F.,.F.,(2,2),(32.,54.),.PIECEWISE_BEZIER_KNOTS.);
#10505 = CARTESIAN_POINT('',(0.,-284.0000003));
#10506 = CARTESIAN_POINT('',(22.,-284.0000003));
#10507 = ( GEOMETRIC_REPRESENTATION_CONTEXT(2) 
PARAMETRIC_REPRESENTATION_CONTEXT() REPRESENTATION_CONTEXT('2D SPACE',''
  ) );
#10508 = FACE_BOUND('',#10509,.T.);
#10509 = EDGE_LOOP('',(#10510));
#10510 = ORIENTED_EDGE('',*,*,#10511,.T.);
#10511 = EDGE_CURVE('',#10512,#10512,#10514,.T.);
#10512 = VERTEX_POINT('',#10513);
#10513 = CARTESIAN_POINT('',(-91.35,127.,6.));
#10514 = SURFACE_CURVE('',#10515,(#10520,#10531),.PCURVE_S1.);
#10515 = CIRCLE('',#10516,2.45);
#10516 = AXIS2_PLACEMENT_3D('',#10517,#10518,#10519);
#10517 = CARTESIAN_POINT('',(-88.9,127.,6.));
#10518 = DIRECTION('',(0.,0.,-1.));
#10519 = DIRECTION('',(-1.,0.,0.));
#10520 = PCURVE('',#100,#10521);
#10521 = DEFINITIONAL_REPRESENTATION('',(#10522),#10530);
#10522 = ( BOUNDED_CURVE() B_SPLINE_CURVE(2,(#10523,#10524,#10525,#10526
    ,#10527,#10528,#10529),.UNSPECIFIED.,.T.,.F.) 
B_SPLINE_CURVE_WITH_KNOTS((1,2,2,2,2,1),(-2.094395102393,0.,
    2.094395102393,4.188790204786,6.28318530718,8.377580409573),
.UNSPECIFIED.) CURVE() GEOMETRIC_REPRESENTATION_ITEM() 
RATIONAL_B_SPLINE_CURVE((1.,0.5,1.,0.5,1.,0.5,1.)) REPRESENTATION_ITEM(
  '') );
#10523 = CARTESIAN_POINT('',(-91.35,127.));
#10524 = CARTESIAN_POINT('',(-91.35,131.24352447854));
#10525 = CARTESIAN_POINT('',(-87.675,129.12176223927));
#10526 = CARTESIAN_POINT('',(-84.,127.));
#10527 = CARTESIAN_POINT('',(-87.675,124.87823776072));
#10528 = CARTESIAN_POINT('',(-91.35,122.75647552145));
#10529 = CARTESIAN_POINT('',(-91.35,127.));
#10530 = ( GEOMETRIC_REPRESENTATION_CONTEXT(2) 
PARAMETRIC_REPRESENTATION_CONTEXT() REPRESENTATION_CONTEXT('2D SPACE',''
  ) );
#10531 = PCURVE('',#4396,#10532);
#10532 = DEFINITIONAL_REPRESENTATION('',(#10533),#10537);
#10533 = LINE('',#10534,#10535);
#10534 = CARTESIAN_POINT('',(0.,0.));
#10535 = VECTOR('',#10536,1.);
#10536 = DIRECTION('',(1.,0.));
#10537 = ( GEOMETRIC_REPRESENTATION_CONTEXT(2) 
PARAMETRIC_REPRESENTATION_CONTEXT() REPRESENTATION_CONTEXT('2D SPACE',''
  ) );
#10538 = FACE_BOUND('',#10539,.T.);
#10539 = EDGE_LOOP('',(#10540));
#10540 = ORIENTED_EDGE('',*,*,#10541,.T.);
#10541 = EDGE_CURVE('',#10542,#10542,#10544,.T.);
#10542 = VERTEX_POINT('',#10543);
#10543 = CARTESIAN_POINT('',(-53.25,101.6,6.));
#10544 = SURFACE_CURVE('',#10545,(#10550,#10561),.PCURVE_S1.);
#10545 = CIRCLE('',#10546,2.45);
#10546 = AXIS2_PLACEMENT_3D('',#10547,#10548,#10549);
#10547 = CARTESIAN_POINT('',(-50.8,101.6,6.));
#10548 = DIRECTION('',(0.,0.,-1.));
#10549 = DIRECTION('',(-1.,0.,0.));
#10550 = PCURVE('',#100,#10551);
#10551 = DEFINITIONAL_REPRESENTATION('',(#10552),#10560);
#10552 = ( BOUNDED_CURVE() B_SPLINE_CURVE(2,(#10553,#10554,#10555,#10556
    ,#10557,#10558,#10559),.UNSPECIFIED.,.T.,.F.) 
B_SPLINE_CURVE_WITH_KNOTS((1,2,2,2,2,1),(-2.094395102393,0.,
    2.094395102393,4.188790204786,6.28318530718,8.377580409573),
.UNSPECIFIED.) CURVE() GEOMETRIC_REPRESENTATION_ITEM() 
RATIONAL_B_SPLINE_CURVE((1.,0.5,1.,0.5,1.,0.5,1.)) REPRESENTATION_ITEM(
  '') );
#10553 = CARTESIAN_POINT('',(-53.25,101.6));
#10554 = CARTESIAN_POINT('',(-53.25,105.84352447854));
#10555 = CARTESIAN_POINT('',(-49.575,103.72176223927));
#10556 = CARTESIAN_POINT('',(-45.9,101.6));
#10557 = CARTESIAN_POINT('',(-49.575,99.478237760728));
#10558 = CARTESIAN_POINT('',(-53.25,97.356475521456));
#10559 = CARTESIAN_POINT('',(-53.25,101.6));
#10560 = ( GEOMETRIC_REPRESENTATION_CONTEXT(2) 
PARAMETRIC_REPRESENTATION_CONTEXT() REPRESENTATION_CONTEXT('2D SPACE',''
  ) );
#10561 = PCURVE('',#4431,#10562);
#10562 = DEFINITIONAL_REPRESENTATION('',(#10563),#10567);
#10563 = LINE('',#10564,#10565);
#10564 = CARTESIAN_POINT('',(0.,0.));
#10565 = VECTOR('',#10566,1.);
#10566 = DIRECTION('',(1.,0.));
#10567 = ( GEOMETRIC_REPRESENTATION_CONTEXT(2) 
PARAMETRIC_REPRESENTATION_CONTEXT() REPRESENTATION_CONTEXT('2D SPACE',''
  ) );
#10568 = FACE_BOUND('',#10569,.T.);
#10569 = EDGE_LOOP('',(#10570));
#10570 = ORIENTED_EDGE('',*,*,#10571,.T.);
#10571 = EDGE_CURVE('',#10572,#10572,#10574,.T.);
#10572 = VERTEX_POINT('',#10573);
#10573 = CARTESIAN_POINT('',(-65.95,127.,6.));
#10574 = SURFACE_CURVE('',#10575,(#10580,#10591),.PCURVE_S1.);
#10575 = CIRCLE('',#10576,2.45);
#10576 = AXIS2_PLACEMENT_3D('',#10577,#10578,#10579);
#10577 = CARTESIAN_POINT('',(-63.5,127.,6.));
#10578 = DIRECTION('',(0.,0.,-1.));
#10579 = DIRECTION('',(-1.,0.,0.));
#10580 = PCURVE('',#100,#10581);
#10581 = DEFINITIONAL_REPRESENTATION('',(#10582),#10590);
#10582 = ( BOUNDED_CURVE() B_SPLINE_CURVE(2,(#10583,#10584,#10585,#10586
    ,#10587,#10588,#10589),.UNSPECIFIED.,.T.,.F.) 
B_SPLINE_CURVE_WITH_KNOTS((1,2,2,2,2,1),(-2.094395102393,0.,
    2.094395102393,4.188790204786,6.28318530718,8.377580409573),
.UNSPECIFIED.) CURVE() GEOMETRIC_REPRESENTATION_ITEM() 
RATIONAL_B_SPLINE_CURVE((1.,0.5,1.,0.5,1.,0.5,1.)) REPRESENTATION_ITEM(
  '') );
#10583 = CARTESIAN_POINT('',(-65.95,127.));
#10584 = CARTESIAN_POINT('',(-65.95,131.24352447854));
#10585 = CARTESIAN_POINT('',(-62.275,129.12176223927));
#10586 = CARTESIAN_POINT('',(-58.6,127.));
#10587 = CARTESIAN_POINT('',(-62.275,124.87823776072));
#10588 = CARTESIAN_POINT('',(-65.95,122.75647552145));
#10589 = CARTESIAN_POINT('',(-65.95,127.));
#10590 = ( GEOMETRIC_REPRESENTATION_CONTEXT(2) 
PARAMETRIC_REPRESENTATION_CONTEXT() REPRESENTATION_CONTEXT('2D SPACE',''
  ) );
#10591 = PCURVE('',#4466,#10592);
#10592 = DEFINITIONAL_REPRESENTATION('',(#10593),#10597);
#10593 = LINE('',#10594,#10595);
#10594 = CARTESIAN_POINT('',(0.,0.));
#10595 = VECTOR('',#10596,1.);
#10596 = DIRECTION('',(1.,0.));
#10597 = ( GEOMETRIC_REPRESENTATION_CONTEXT(2) 
PARAMETRIC_REPRESENTATION_CONTEXT() REPRESENTATION_CONTEXT('2D SPACE',''
  ) );
#10598 = FACE_BOUND('',#10599,.T.);
#10599 = EDGE_LOOP('',(#10600));
#10600 = ORIENTED_EDGE('',*,*,#10601,.T.);
#10601 = EDGE_CURVE('',#10602,#10602,#10604,.T.);
#10602 = VERTEX_POINT('',#10603);
#10603 = CARTESIAN_POINT('',(-53.25,114.3,6.));
#10604 = SURFACE_CURVE('',#10605,(#10610,#10621),.PCURVE_S1.);
#10605 = CIRCLE('',#10606,2.45);
#10606 = AXIS2_PLACEMENT_3D('',#10607,#10608,#10609);
#10607 = CARTESIAN_POINT('',(-50.8,114.3,6.));
#10608 = DIRECTION('',(0.,0.,-1.));
#10609 = DIRECTION('',(-1.,0.,0.));
#10610 = PCURVE('',#100,#10611);
#10611 = DEFINITIONAL_REPRESENTATION('',(#10612),#10620);
#10612 = ( BOUNDED_CURVE() B_SPLINE_CURVE(2,(#10613,#10614,#10615,#10616
    ,#10617,#10618,#10619),.UNSPECIFIED.,.T.,.F.) 
B_SPLINE_CURVE_WITH_KNOTS((1,2,2,2,2,1),(-2.094395102393,0.,
    2.094395102393,4.188790204786,6.28318530718,8.377580409573),
.UNSPECIFIED.) CURVE() GEOMETRIC_REPRESENTATION_ITEM() 
RATIONAL_B_SPLINE_CURVE((1.,0.5,1.,0.5,1.,0.5,1.)) REPRESENTATION_ITEM(
  '') );
#10613 = CARTESIAN_POINT('',(-53.25,114.3));
#10614 = CARTESIAN_POINT('',(-53.25,118.54352447854));
#10615 = CARTESIAN_POINT('',(-49.575,116.42176223927));
#10616 = CARTESIAN_POINT('',(-45.9,114.3));
#10617 = CARTESIAN_POINT('',(-49.575,112.17823776072));
#10618 = CARTESIAN_POINT('',(-53.25,110.05647552145));
#10619 = CARTESIAN_POINT('',(-53.25,114.3));
#10620 = ( GEOMETRIC_REPRESENTATION_CONTEXT(2) 
PARAMETRIC_REPRESENTATION_CONTEXT() REPRESENTATION_CONTEXT('2D SPACE',''
  ) );
#10621 = PCURVE('',#4501,#10622);
#10622 = DEFINITIONAL_REPRESENTATION('',(#10623),#10627);
#10623 = LINE('',#10624,#10625);
#10624 = CARTESIAN_POINT('',(0.,0.));
#10625 = VECTOR('',#10626,1.);
#10626 = DIRECTION('',(1.,0.));
#10627 = ( GEOMETRIC_REPRESENTATION_CONTEXT(2) 
PARAMETRIC_REPRESENTATION_CONTEXT() REPRESENTATION_CONTEXT('2D SPACE',''
  ) );
#10628 = FACE_BOUND('',#10629,.T.);
#10629 = EDGE_LOOP('',(#10630));
#10630 = ORIENTED_EDGE('',*,*,#10631,.T.);
#10631 = EDGE_CURVE('',#10632,#10632,#10634,.T.);
#10632 = VERTEX_POINT('',#10633);
#10633 = CARTESIAN_POINT('',(-53.25,127.,6.));
#10634 = SURFACE_CURVE('',#10635,(#10640,#10651),.PCURVE_S1.);
#10635 = CIRCLE('',#10636,2.45);
#10636 = AXIS2_PLACEMENT_3D('',#10637,#10638,#10639);
#10637 = CARTESIAN_POINT('',(-50.8,127.,6.));
#10638 = DIRECTION('',(0.,0.,-1.));
#10639 = DIRECTION('',(-1.,0.,0.));
#10640 = PCURVE('',#100,#10641);
#10641 = DEFINITIONAL_REPRESENTATION('',(#10642),#10650);
#10642 = ( BOUNDED_CURVE() B_SPLINE_CURVE(2,(#10643,#10644,#10645,#10646
    ,#10647,#10648,#10649),.UNSPECIFIED.,.T.,.F.) 
B_SPLINE_CURVE_WITH_KNOTS((1,2,2,2,2,1),(-2.094395102393,0.,
    2.094395102393,4.188790204786,6.28318530718,8.377580409573),
.UNSPECIFIED.) CURVE() GEOMETRIC_REPRESENTATION_ITEM() 
RATIONAL_B_SPLINE_CURVE((1.,0.5,1.,0.5,1.,0.5,1.)) REPRESENTATION_ITEM(
  '') );
#10643 = CARTESIAN_POINT('',(-53.25,127.));
#10644 = CARTESIAN_POINT('',(-53.25,131.24352447854));
#10645 = CARTESIAN_POINT('',(-49.575,129.12176223927));
#10646 = CARTESIAN_POINT('',(-45.9,127.));
#10647 = CARTESIAN_POINT('',(-49.575,124.87823776072));
#10648 = CARTESIAN_POINT('',(-53.25,122.75647552145));
#10649 = CARTESIAN_POINT('',(-53.25,127.));
#10650 = ( GEOMETRIC_REPRESENTATION_CONTEXT(2) 
PARAMETRIC_REPRESENTATION_CONTEXT() REPRESENTATION_CONTEXT('2D SPACE',''
  ) );
#10651 = PCURVE('',#4536,#10652);
#10652 = DEFINITIONAL_REPRESENTATION('',(#10653),#10657);
#10653 = LINE('',#10654,#10655);
#10654 = CARTESIAN_POINT('',(0.,0.));
#10655 = VECTOR('',#10656,1.);
#10656 = DIRECTION('',(1.,0.));
#10657 = ( GEOMETRIC_REPRESENTATION_CONTEXT(2) 
PARAMETRIC_REPRESENTATION_CONTEXT() REPRESENTATION_CONTEXT('2D SPACE',''
  ) );
#10658 = FACE_BOUND('',#10659,.T.);
#10659 = EDGE_LOOP('',(#10660));
#10660 = ORIENTED_EDGE('',*,*,#10661,.T.);
#10661 = EDGE_CURVE('',#10662,#10662,#10664,.T.);
#10662 = VERTEX_POINT('',#10663);
#10663 = CARTESIAN_POINT('',(-40.55,88.9,6.));
#10664 = SURFACE_CURVE('',#10665,(#10670,#10681),.PCURVE_S1.);
#10665 = CIRCLE('',#10666,2.45);
#10666 = AXIS2_PLACEMENT_3D('',#10667,#10668,#10669);
#10667 = CARTESIAN_POINT('',(-38.1,88.9,6.));
#10668 = DIRECTION('',(0.,0.,-1.));
#10669 = DIRECTION('',(-1.,0.,0.));
#10670 = PCURVE('',#100,#10671);
#10671 = DEFINITIONAL_REPRESENTATION('',(#10672),#10680);
#10672 = ( BOUNDED_CURVE() B_SPLINE_CURVE(2,(#10673,#10674,#10675,#10676
    ,#10677,#10678,#10679),.UNSPECIFIED.,.T.,.F.) 
B_SPLINE_CURVE_WITH_KNOTS((1,2,2,2,2,1),(-2.094395102393,0.,
    2.094395102393,4.188790204786,6.28318530718,8.377580409573),
.UNSPECIFIED.) CURVE() GEOMETRIC_REPRESENTATION_ITEM() 
RATIONAL_B_SPLINE_CURVE((1.,0.5,1.,0.5,1.,0.5,1.)) REPRESENTATION_ITEM(
  '') );
#10673 = CARTESIAN_POINT('',(-40.55,88.9));
#10674 = CARTESIAN_POINT('',(-40.55,93.143524478544));
#10675 = CARTESIAN_POINT('',(-36.875,91.021762239272));
#10676 = CARTESIAN_POINT('',(-33.2,88.9));
#10677 = CARTESIAN_POINT('',(-36.875,86.778237760728));
#10678 = CARTESIAN_POINT('',(-40.55,84.656475521456));
#10679 = CARTESIAN_POINT('',(-40.55,88.9));
#10680 = ( GEOMETRIC_REPRESENTATION_CONTEXT(2) 
PARAMETRIC_REPRESENTATION_CONTEXT() REPRESENTATION_CONTEXT('2D SPACE',''
  ) );
#10681 = PCURVE('',#4571,#10682);
#10682 = DEFINITIONAL_REPRESENTATION('',(#10683),#10687);
#10683 = LINE('',#10684,#10685);
#10684 = CARTESIAN_POINT('',(0.,0.));
#10685 = VECTOR('',#10686,1.);
#10686 = DIRECTION('',(1.,0.));
#10687 = ( GEOMETRIC_REPRESENTATION_CONTEXT(2) 
PARAMETRIC_REPRESENTATION_CONTEXT() REPRESENTATION_CONTEXT('2D SPACE',''
  ) );
#10688 = FACE_BOUND('',#10689,.T.);
#10689 = EDGE_LOOP('',(#10690));
#10690 = ORIENTED_EDGE('',*,*,#10691,.T.);
#10691 = EDGE_CURVE('',#10692,#10692,#10694,.T.);
#10692 = VERTEX_POINT('',#10693);
#10693 = CARTESIAN_POINT('',(-27.85,88.9,6.));
#10694 = SURFACE_CURVE('',#10695,(#10700,#10711),.PCURVE_S1.);
#10695 = CIRCLE('',#10696,2.45);
#10696 = AXIS2_PLACEMENT_3D('',#10697,#10698,#10699);
#10697 = CARTESIAN_POINT('',(-25.4,88.9,6.));
#10698 = DIRECTION('',(0.,0.,-1.));
#10699 = DIRECTION('',(-1.,0.,0.));
#10700 = PCURVE('',#100,#10701);
#10701 = DEFINITIONAL_REPRESENTATION('',(#10702),#10710);
#10702 = ( BOUNDED_CURVE() B_SPLINE_CURVE(2,(#10703,#10704,#10705,#10706
    ,#10707,#10708,#10709),.UNSPECIFIED.,.T.,.F.) 
B_SPLINE_CURVE_WITH_KNOTS((1,2,2,2,2,1),(-2.094395102393,0.,
    2.094395102393,4.188790204786,6.28318530718,8.377580409573),
.UNSPECIFIED.) CURVE() GEOMETRIC_REPRESENTATION_ITEM() 
RATIONAL_B_SPLINE_CURVE((1.,0.5,1.,0.5,1.,0.5,1.)) REPRESENTATION_ITEM(
  '') );
#10703 = CARTESIAN_POINT('',(-27.85,88.9));
#10704 = CARTESIAN_POINT('',(-27.85,93.143524478544));
#10705 = CARTESIAN_POINT('',(-24.175,91.021762239272));
#10706 = CARTESIAN_POINT('',(-20.5,88.9));
#10707 = CARTESIAN_POINT('',(-24.175,86.778237760728));
#10708 = CARTESIAN_POINT('',(-27.85,84.656475521456));
#10709 = CARTESIAN_POINT('',(-27.85,88.9));
#10710 = ( GEOMETRIC_REPRESENTATION_CONTEXT(2) 
PARAMETRIC_REPRESENTATION_CONTEXT() REPRESENTATION_CONTEXT('2D SPACE',''
  ) );
#10711 = PCURVE('',#4606,#10712);
#10712 = DEFINITIONAL_REPRESENTATION('',(#10713),#10717);
#10713 = LINE('',#10714,#10715);
#10714 = CARTESIAN_POINT('',(0.,0.));
#10715 = VECTOR('',#10716,1.);
#10716 = DIRECTION('',(1.,0.));
#10717 = ( GEOMETRIC_REPRESENTATION_CONTEXT(2) 
PARAMETRIC_REPRESENTATION_CONTEXT() REPRESENTATION_CONTEXT('2D SPACE',''
  ) );
#10718 = FACE_BOUND('',#10719,.T.);
#10719 = EDGE_LOOP('',(#10720));
#10720 = ORIENTED_EDGE('',*,*,#10721,.T.);
#10721 = EDGE_CURVE('',#10722,#10722,#10724,.T.);
#10722 = VERTEX_POINT('',#10723);
#10723 = CARTESIAN_POINT('',(-15.15,88.9,6.));
#10724 = SURFACE_CURVE('',#10725,(#10730,#10741),.PCURVE_S1.);
#10725 = CIRCLE('',#10726,2.45);
#10726 = AXIS2_PLACEMENT_3D('',#10727,#10728,#10729);
#10727 = CARTESIAN_POINT('',(-12.7,88.9,6.));
#10728 = DIRECTION('',(0.,0.,-1.));
#10729 = DIRECTION('',(-1.,0.,0.));
#10730 = PCURVE('',#100,#10731);
#10731 = DEFINITIONAL_REPRESENTATION('',(#10732),#10740);
#10732 = ( BOUNDED_CURVE() B_SPLINE_CURVE(2,(#10733,#10734,#10735,#10736
    ,#10737,#10738,#10739),.UNSPECIFIED.,.T.,.F.) 
B_SPLINE_CURVE_WITH_KNOTS((1,2,2,2,2,1),(-2.094395102393,0.,
    2.094395102393,4.188790204786,6.28318530718,8.377580409573),
.UNSPECIFIED.) CURVE() GEOMETRIC_REPRESENTATION_ITEM() 
RATIONAL_B_SPLINE_CURVE((1.,0.5,1.,0.5,1.,0.5,1.)) REPRESENTATION_ITEM(
  '') );
#10733 = CARTESIAN_POINT('',(-15.15,88.9));
#10734 = CARTESIAN_POINT('',(-15.15,93.143524478544));
#10735 = CARTESIAN_POINT('',(-11.475,91.021762239272));
#10736 = CARTESIAN_POINT('',(-7.8,88.9));
#10737 = CARTESIAN_POINT('',(-11.475,86.778237760728));
#10738 = CARTESIAN_POINT('',(-15.15,84.656475521456));
#10739 = CARTESIAN_POINT('',(-15.15,88.9));
#10740 = ( GEOMETRIC_REPRESENTATION_CONTEXT(2) 
PARAMETRIC_REPRESENTATION_CONTEXT() REPRESENTATION_CONTEXT('2D SPACE',''
  ) );
#10741 = PCURVE('',#4641,#10742);
#10742 = DEFINITIONAL_REPRESENTATION('',(#10743),#10747);
#10743 = LINE('',#10744,#10745);
#10744 = CARTESIAN_POINT('',(0.,0.));
#10745 = VECTOR('',#10746,1.);
#10746 = DIRECTION('',(1.,0.));
#10747 = ( GEOMETRIC_REPRESENTATION_CONTEXT(2) 
PARAMETRIC_REPRESENTATION_CONTEXT() REPRESENTATION_CONTEXT('2D SPACE',''
  ) );
#10748 = FACE_BOUND('',#10749,.T.);
#10749 = EDGE_LOOP('',(#10750));
#10750 = ORIENTED_EDGE('',*,*,#10751,.T.);
#10751 = EDGE_CURVE('',#10752,#10752,#10754,.T.);
#10752 = VERTEX_POINT('',#10753);
#10753 = CARTESIAN_POINT('',(-40.55,101.6,6.));
#10754 = SURFACE_CURVE('',#10755,(#10760,#10771),.PCURVE_S1.);
#10755 = CIRCLE('',#10756,2.45);
#10756 = AXIS2_PLACEMENT_3D('',#10757,#10758,#10759);
#10757 = CARTESIAN_POINT('',(-38.1,101.6,6.));
#10758 = DIRECTION('',(0.,0.,-1.));
#10759 = DIRECTION('',(-1.,0.,0.));
#10760 = PCURVE('',#100,#10761);
#10761 = DEFINITIONAL_REPRESENTATION('',(#10762),#10770);
#10762 = ( BOUNDED_CURVE() B_SPLINE_CURVE(2,(#10763,#10764,#10765,#10766
    ,#10767,#10768,#10769),.UNSPECIFIED.,.T.,.F.) 
B_SPLINE_CURVE_WITH_KNOTS((1,2,2,2,2,1),(-2.094395102393,0.,
    2.094395102393,4.188790204786,6.28318530718,8.377580409573),
.UNSPECIFIED.) CURVE() GEOMETRIC_REPRESENTATION_ITEM() 
RATIONAL_B_SPLINE_CURVE((1.,0.5,1.,0.5,1.,0.5,1.)) REPRESENTATION_ITEM(
  '') );
#10763 = CARTESIAN_POINT('',(-40.55,101.6));
#10764 = CARTESIAN_POINT('',(-40.55,105.84352447854));
#10765 = CARTESIAN_POINT('',(-36.875,103.72176223927));
#10766 = CARTESIAN_POINT('',(-33.2,101.6));
#10767 = CARTESIAN_POINT('',(-36.875,99.478237760728));
#10768 = CARTESIAN_POINT('',(-40.55,97.356475521456));
#10769 = CARTESIAN_POINT('',(-40.55,101.6));
#10770 = ( GEOMETRIC_REPRESENTATION_CONTEXT(2) 
PARAMETRIC_REPRESENTATION_CONTEXT() REPRESENTATION_CONTEXT('2D SPACE',''
  ) );
#10771 = PCURVE('',#4676,#10772);
#10772 = DEFINITIONAL_REPRESENTATION('',(#10773),#10777);
#10773 = LINE('',#10774,#10775);
#10774 = CARTESIAN_POINT('',(0.,0.));
#10775 = VECTOR('',#10776,1.);
#10776 = DIRECTION('',(1.,0.));
#10777 = ( GEOMETRIC_REPRESENTATION_CONTEXT(2) 
PARAMETRIC_REPRESENTATION_CONTEXT() REPRESENTATION_CONTEXT('2D SPACE',''
  ) );
#10778 = FACE_BOUND('',#10779,.T.);
#10779 = EDGE_LOOP('',(#10780));
#10780 = ORIENTED_EDGE('',*,*,#10781,.T.);
#10781 = EDGE_CURVE('',#10782,#10782,#10784,.T.);
#10782 = VERTEX_POINT('',#10783);
#10783 = CARTESIAN_POINT('',(-27.85,101.6,6.));
#10784 = SURFACE_CURVE('',#10785,(#10790,#10801),.PCURVE_S1.);
#10785 = CIRCLE('',#10786,2.45);
#10786 = AXIS2_PLACEMENT_3D('',#10787,#10788,#10789);
#10787 = CARTESIAN_POINT('',(-25.4,101.6,6.));
#10788 = DIRECTION('',(0.,0.,-1.));
#10789 = DIRECTION('',(-1.,0.,0.));
#10790 = PCURVE('',#100,#10791);
#10791 = DEFINITIONAL_REPRESENTATION('',(#10792),#10800);
#10792 = ( BOUNDED_CURVE() B_SPLINE_CURVE(2,(#10793,#10794,#10795,#10796
    ,#10797,#10798,#10799),.UNSPECIFIED.,.T.,.F.) 
B_SPLINE_CURVE_WITH_KNOTS((1,2,2,2,2,1),(-2.094395102393,0.,
    2.094395102393,4.188790204786,6.28318530718,8.377580409573),
.UNSPECIFIED.) CURVE() GEOMETRIC_REPRESENTATION_ITEM() 
RATIONAL_B_SPLINE_CURVE((1.,0.5,1.,0.5,1.,0.5,1.)) REPRESENTATION_ITEM(
  '') );
#10793 = CARTESIAN_POINT('',(-27.85,101.6));
#10794 = CARTESIAN_POINT('',(-27.85,105.84352447854));
#10795 = CARTESIAN_POINT('',(-24.175,103.72176223927));
#10796 = CARTESIAN_POINT('',(-20.5,101.6));
#10797 = CARTESIAN_POINT('',(-24.175,99.478237760728));
#10798 = CARTESIAN_POINT('',(-27.85,97.356475521456));
#10799 = CARTESIAN_POINT('',(-27.85,101.6));
#10800 = ( GEOMETRIC_REPRESENTATION_CONTEXT(2) 
PARAMETRIC_REPRESENTATION_CONTEXT() REPRESENTATION_CONTEXT('2D SPACE',''
  ) );
#10801 = PCURVE('',#4711,#10802);
#10802 = DEFINITIONAL_REPRESENTATION('',(#10803),#10807);
#10803 = LINE('',#10804,#10805);
#10804 = CARTESIAN_POINT('',(0.,0.));
#10805 = VECTOR('',#10806,1.);
#10806 = DIRECTION('',(1.,0.));
#10807 = ( GEOMETRIC_REPRESENTATION_CONTEXT(2) 
PARAMETRIC_REPRESENTATION_CONTEXT() REPRESENTATION_CONTEXT('2D SPACE',''
  ) );
#10808 = FACE_BOUND('',#10809,.T.);
#10809 = EDGE_LOOP('',(#10810));
#10810 = ORIENTED_EDGE('',*,*,#10811,.T.);
#10811 = EDGE_CURVE('',#10812,#10812,#10814,.T.);
#10812 = VERTEX_POINT('',#10813);
#10813 = CARTESIAN_POINT('',(-40.55,114.3,6.));
#10814 = SURFACE_CURVE('',#10815,(#10820,#10831),.PCURVE_S1.);
#10815 = CIRCLE('',#10816,2.45);
#10816 = AXIS2_PLACEMENT_3D('',#10817,#10818,#10819);
#10817 = CARTESIAN_POINT('',(-38.1,114.3,6.));
#10818 = DIRECTION('',(0.,0.,-1.));
#10819 = DIRECTION('',(-1.,0.,0.));
#10820 = PCURVE('',#100,#10821);
#10821 = DEFINITIONAL_REPRESENTATION('',(#10822),#10830);
#10822 = ( BOUNDED_CURVE() B_SPLINE_CURVE(2,(#10823,#10824,#10825,#10826
    ,#10827,#10828,#10829),.UNSPECIFIED.,.T.,.F.) 
B_SPLINE_CURVE_WITH_KNOTS((1,2,2,2,2,1),(-2.094395102393,0.,
    2.094395102393,4.188790204786,6.28318530718,8.377580409573),
.UNSPECIFIED.) CURVE() GEOMETRIC_REPRESENTATION_ITEM() 
RATIONAL_B_SPLINE_CURVE((1.,0.5,1.,0.5,1.,0.5,1.)) REPRESENTATION_ITEM(
  '') );
#10823 = CARTESIAN_POINT('',(-40.55,114.3));
#10824 = CARTESIAN_POINT('',(-40.55,118.54352447854));
#10825 = CARTESIAN_POINT('',(-36.875,116.42176223927));
#10826 = CARTESIAN_POINT('',(-33.2,114.3));
#10827 = CARTESIAN_POINT('',(-36.875,112.17823776072));
#10828 = CARTESIAN_POINT('',(-40.55,110.05647552145));
#10829 = CARTESIAN_POINT('',(-40.55,114.3));
#10830 = ( GEOMETRIC_REPRESENTATION_CONTEXT(2) 
PARAMETRIC_REPRESENTATION_CONTEXT() REPRESENTATION_CONTEXT('2D SPACE',''
  ) );
#10831 = PCURVE('',#4746,#10832);
#10832 = DEFINITIONAL_REPRESENTATION('',(#10833),#10837);
#10833 = LINE('',#10834,#10835);
#10834 = CARTESIAN_POINT('',(0.,0.));
#10835 = VECTOR('',#10836,1.);
#10836 = DIRECTION('',(1.,0.));
#10837 = ( GEOMETRIC_REPRESENTATION_CONTEXT(2) 
PARAMETRIC_REPRESENTATION_CONTEXT() REPRESENTATION_CONTEXT('2D SPACE',''
  ) );
#10838 = FACE_BOUND('',#10839,.T.);
#10839 = EDGE_LOOP('',(#10840));
#10840 = ORIENTED_EDGE('',*,*,#10841,.T.);
#10841 = EDGE_CURVE('',#10842,#10842,#10844,.T.);
#10842 = VERTEX_POINT('',#10843);
#10843 = CARTESIAN_POINT('',(-40.55,127.,6.));
#10844 = SURFACE_CURVE('',#10845,(#10850,#10861),.PCURVE_S1.);
#10845 = CIRCLE('',#10846,2.45);
#10846 = AXIS2_PLACEMENT_3D('',#10847,#10848,#10849);
#10847 = CARTESIAN_POINT('',(-38.1,127.,6.));
#10848 = DIRECTION('',(0.,0.,-1.));
#10849 = DIRECTION('',(-1.,0.,0.));
#10850 = PCURVE('',#100,#10851);
#10851 = DEFINITIONAL_REPRESENTATION('',(#10852),#10860);
#10852 = ( BOUNDED_CURVE() B_SPLINE_CURVE(2,(#10853,#10854,#10855,#10856
    ,#10857,#10858,#10859),.UNSPECIFIED.,.T.,.F.) 
B_SPLINE_CURVE_WITH_KNOTS((1,2,2,2,2,1),(-2.094395102393,0.,
    2.094395102393,4.188790204786,6.28318530718,8.377580409573),
.UNSPECIFIED.) CURVE() GEOMETRIC_REPRESENTATION_ITEM() 
RATIONAL_B_SPLINE_CURVE((1.,0.5,1.,0.5,1.,0.5,1.)) REPRESENTATION_ITEM(
  '') );
#10853 = CARTESIAN_POINT('',(-40.55,127.));
#10854 = CARTESIAN_POINT('',(-40.55,131.24352447854));
#10855 = CARTESIAN_POINT('',(-36.875,129.12176223927));
#10856 = CARTESIAN_POINT('',(-33.2,127.));
#10857 = CARTESIAN_POINT('',(-36.875,124.87823776072));
#10858 = CARTESIAN_POINT('',(-40.55,122.75647552145));
#10859 = CARTESIAN_POINT('',(-40.55,127.));
#10860 = ( GEOMETRIC_REPRESENTATION_CONTEXT(2) 
PARAMETRIC_REPRESENTATION_CONTEXT() REPRESENTATION_CONTEXT('2D SPACE',''
  ) );
#10861 = PCURVE('',#4781,#10862);
#10862 = DEFINITIONAL_REPRESENTATION('',(#10863),#10867);
#10863 = LINE('',#10864,#10865);
#10864 = CARTESIAN_POINT('',(0.,0.));
#10865 = VECTOR('',#10866,1.);
#10866 = DIRECTION('',(1.,0.));
#10867 = ( GEOMETRIC_REPRESENTATION_CONTEXT(2) 
PARAMETRIC_REPRESENTATION_CONTEXT() REPRESENTATION_CONTEXT('2D SPACE',''
  ) );
#10868 = FACE_BOUND('',#10869,.T.);
#10869 = EDGE_LOOP('',(#10870));
#10870 = ORIENTED_EDGE('',*,*,#10871,.T.);
#10871 = EDGE_CURVE('',#10872,#10872,#10874,.T.);
#10872 = VERTEX_POINT('',#10873);
#10873 = CARTESIAN_POINT('',(-27.85,114.3,6.));
#10874 = SURFACE_CURVE('',#10875,(#10880,#10891),.PCURVE_S1.);
#10875 = CIRCLE('',#10876,2.45);
#10876 = AXIS2_PLACEMENT_3D('',#10877,#10878,#10879);
#10877 = CARTESIAN_POINT('',(-25.4,114.3,6.));
#10878 = DIRECTION('',(0.,0.,-1.));
#10879 = DIRECTION('',(-1.,0.,0.));
#10880 = PCURVE('',#100,#10881);
#10881 = DEFINITIONAL_REPRESENTATION('',(#10882),#10890);
#10882 = ( BOUNDED_CURVE() B_SPLINE_CURVE(2,(#10883,#10884,#10885,#10886
    ,#10887,#10888,#10889),.UNSPECIFIED.,.T.,.F.) 
B_SPLINE_CURVE_WITH_KNOTS((1,2,2,2,2,1),(-2.094395102393,0.,
    2.094395102393,4.188790204786,6.28318530718,8.377580409573),
.UNSPECIFIED.) CURVE() GEOMETRIC_REPRESENTATION_ITEM() 
RATIONAL_B_SPLINE_CURVE((1.,0.5,1.,0.5,1.,0.5,1.)) REPRESENTATION_ITEM(
  '') );
#10883 = CARTESIAN_POINT('',(-27.85,114.3));
#10884 = CARTESIAN_POINT('',(-27.85,118.54352447854));
#10885 = CARTESIAN_POINT('',(-24.175,116.42176223927));
#10886 = CARTESIAN_POINT('',(-20.5,114.3));
#10887 = CARTESIAN_POINT('',(-24.175,112.17823776072));
#10888 = CARTESIAN_POINT('',(-27.85,110.05647552145));
#10889 = CARTESIAN_POINT('',(-27.85,114.3));
#10890 = ( GEOMETRIC_REPRESENTATION_CONTEXT(2) 
PARAMETRIC_REPRESENTATION_CONTEXT() REPRESENTATION_CONTEXT('2D SPACE',''
  ) );
#10891 = PCURVE('',#4816,#10892);
#10892 = DEFINITIONAL_REPRESENTATION('',(#10893),#10897);
#10893 = LINE('',#10894,#10895);
#10894 = CARTESIAN_POINT('',(0.,0.));
#10895 = VECTOR('',#10896,1.);
#10896 = DIRECTION('',(1.,0.));
#10897 = ( GEOMETRIC_REPRESENTATION_CONTEXT(2) 
PARAMETRIC_REPRESENTATION_CONTEXT() REPRESENTATION_CONTEXT('2D SPACE',''
  ) );
#10898 = FACE_BOUND('',#10899,.T.);
#10899 = EDGE_LOOP('',(#10900));
#10900 = ORIENTED_EDGE('',*,*,#10901,.T.);
#10901 = EDGE_CURVE('',#10902,#10902,#10904,.T.);
#10902 = VERTEX_POINT('',#10903);
#10903 = CARTESIAN_POINT('',(-27.85,127.,6.));
#10904 = SURFACE_CURVE('',#10905,(#10910,#10921),.PCURVE_S1.);
#10905 = CIRCLE('',#10906,2.45);
#10906 = AXIS2_PLACEMENT_3D('',#10907,#10908,#10909);
#10907 = CARTESIAN_POINT('',(-25.4,127.,6.));
#10908 = DIRECTION('',(0.,0.,-1.));
#10909 = DIRECTION('',(-1.,0.,0.));
#10910 = PCURVE('',#100,#10911);
#10911 = DEFINITIONAL_REPRESENTATION('',(#10912),#10920);
#10912 = ( BOUNDED_CURVE() B_SPLINE_CURVE(2,(#10913,#10914,#10915,#10916
    ,#10917,#10918,#10919),.UNSPECIFIED.,.T.,.F.) 
B_SPLINE_CURVE_WITH_KNOTS((1,2,2,2,2,1),(-2.094395102393,0.,
    2.094395102393,4.188790204786,6.28318530718,8.377580409573),
.UNSPECIFIED.) CURVE() GEOMETRIC_REPRESENTATION_ITEM() 
RATIONAL_B_SPLINE_CURVE((1.,0.5,1.,0.5,1.,0.5,1.)) REPRESENTATION_ITEM(
  '') );
#10913 = CARTESIAN_POINT('',(-27.85,127.));
#10914 = CARTESIAN_POINT('',(-27.85,131.24352447854));
#10915 = CARTESIAN_POINT('',(-24.175,129.12176223927));
#10916 = CARTESIAN_POINT('',(-20.5,127.));
#10917 = CARTESIAN_POINT('',(-24.175,124.87823776072));
#10918 = CARTESIAN_POINT('',(-27.85,122.75647552145));
#10919 = CARTESIAN_POINT('',(-27.85,127.));
#10920 = ( GEOMETRIC_REPRESENTATION_CONTEXT(2) 
PARAMETRIC_REPRESENTATION_CONTEXT() REPRESENTATION_CONTEXT('2D SPACE',''
  ) );
#10921 = PCURVE('',#4851,#10922);
#10922 = DEFINITIONAL_REPRESENTATION('',(#10923),#10927);
#10923 = LINE('',#10924,#10925);
#10924 = CARTESIAN_POINT('',(0.,0.));
#10925 = VECTOR('',#10926,1.);
#10926 = DIRECTION('',(1.,0.));
#10927 = ( GEOMETRIC_REPRESENTATION_CONTEXT(2) 
PARAMETRIC_REPRESENTATION_CONTEXT() REPRESENTATION_CONTEXT('2D SPACE',''
  ) );
#10928 = FACE_BOUND('',#10929,.T.);
#10929 = EDGE_LOOP('',(#10930));
#10930 = ORIENTED_EDGE('',*,*,#10931,.T.);
#10931 = EDGE_CURVE('',#10932,#10932,#10934,.T.);
#10932 = VERTEX_POINT('',#10933);
#10933 = CARTESIAN_POINT('',(-15.15,101.6,6.));
#10934 = SURFACE_CURVE('',#10935,(#10940,#10951),.PCURVE_S1.);
#10935 = CIRCLE('',#10936,2.45);
#10936 = AXIS2_PLACEMENT_3D('',#10937,#10938,#10939);
#10937 = CARTESIAN_POINT('',(-12.7,101.6,6.));
#10938 = DIRECTION('',(0.,0.,-1.));
#10939 = DIRECTION('',(-1.,0.,0.));
#10940 = PCURVE('',#100,#10941);
#10941 = DEFINITIONAL_REPRESENTATION('',(#10942),#10950);
#10942 = ( BOUNDED_CURVE() B_SPLINE_CURVE(2,(#10943,#10944,#10945,#10946
    ,#10947,#10948,#10949),.UNSPECIFIED.,.T.,.F.) 
B_SPLINE_CURVE_WITH_KNOTS((1,2,2,2,2,1),(-2.094395102393,0.,
    2.094395102393,4.188790204786,6.28318530718,8.377580409573),
.UNSPECIFIED.) CURVE() GEOMETRIC_REPRESENTATION_ITEM() 
RATIONAL_B_SPLINE_CURVE((1.,0.5,1.,0.5,1.,0.5,1.)) REPRESENTATION_ITEM(
  '') );
#10943 = CARTESIAN_POINT('',(-15.15,101.6));
#10944 = CARTESIAN_POINT('',(-15.15,105.84352447854));
#10945 = CARTESIAN_POINT('',(-11.475,103.72176223927));
#10946 = CARTESIAN_POINT('',(-7.8,101.6));
#10947 = CARTESIAN_POINT('',(-11.475,99.478237760728));
#10948 = CARTESIAN_POINT('',(-15.15,97.356475521456));
#10949 = CARTESIAN_POINT('',(-15.15,101.6));
#10950 = ( GEOMETRIC_REPRESENTATION_CONTEXT(2) 
PARAMETRIC_REPRESENTATION_CONTEXT() REPRESENTATION_CONTEXT('2D SPACE',''
  ) );
#10951 = PCURVE('',#4886,#10952);
#10952 = DEFINITIONAL_REPRESENTATION('',(#10953),#10957);
#10953 = LINE('',#10954,#10955);
#10954 = CARTESIAN_POINT('',(0.,0.));
#10955 = VECTOR('',#10956,1.);
#10956 = DIRECTION('',(1.,0.));
#10957 = ( GEOMETRIC_REPRESENTATION_CONTEXT(2) 
PARAMETRIC_REPRESENTATION_CONTEXT() REPRESENTATION_CONTEXT('2D SPACE',''
  ) );
#10958 = FACE_BOUND('',#10959,.T.);
#10959 = EDGE_LOOP('',(#10960));
#10960 = ORIENTED_EDGE('',*,*,#10961,.T.);
#10961 = EDGE_CURVE('',#10962,#10962,#10964,.T.);
#10962 = VERTEX_POINT('',#10963);
#10963 = CARTESIAN_POINT('',(-15.15,114.3,6.));
#10964 = SURFACE_CURVE('',#10965,(#10970,#10981),.PCURVE_S1.);
#10965 = CIRCLE('',#10966,2.45);
#10966 = AXIS2_PLACEMENT_3D('',#10967,#10968,#10969);
#10967 = CARTESIAN_POINT('',(-12.7,114.3,6.));
#10968 = DIRECTION('',(0.,0.,-1.));
#10969 = DIRECTION('',(-1.,0.,0.));
#10970 = PCURVE('',#100,#10971);
#10971 = DEFINITIONAL_REPRESENTATION('',(#10972),#10980);
#10972 = ( BOUNDED_CURVE() B_SPLINE_CURVE(2,(#10973,#10974,#10975,#10976
    ,#10977,#10978,#10979),.UNSPECIFIED.,.T.,.F.) 
B_SPLINE_CURVE_WITH_KNOTS((1,2,2,2,2,1),(-2.094395102393,0.,
    2.094395102393,4.188790204786,6.28318530718,8.377580409573),
.UNSPECIFIED.) CURVE() GEOMETRIC_REPRESENTATION_ITEM() 
RATIONAL_B_SPLINE_CURVE((1.,0.5,1.,0.5,1.,0.5,1.)) REPRESENTATION_ITEM(
  '') );
#10973 = CARTESIAN_POINT('',(-15.15,114.3));
#10974 = CARTESIAN_POINT('',(-15.15,118.54352447854));
#10975 = CARTESIAN_POINT('',(-11.475,116.42176223927));
#10976 = CARTESIAN_POINT('',(-7.8,114.3));
#10977 = CARTESIAN_POINT('',(-11.475,112.17823776072));
#10978 = CARTESIAN_POINT('',(-15.15,110.05647552145));
#10979 = CARTESIAN_POINT('',(-15.15,114.3));
#10980 = ( GEOMETRIC_REPRESENTATION_CONTEXT(2) 
PARAMETRIC_REPRESENTATION_CONTEXT() REPRESENTATION_CONTEXT('2D SPACE',''
  ) );
#10981 = PCURVE('',#4921,#10982);
#10982 = DEFINITIONAL_REPRESENTATION('',(#10983),#10987);
#10983 = LINE('',#10984,#10985);
#10984 = CARTESIAN_POINT('',(0.,0.));
#10985 = VECTOR('',#10986,1.);
#10986 = DIRECTION('',(1.,0.));
#10987 = ( GEOMETRIC_REPRESENTATION_CONTEXT(2) 
PARAMETRIC_REPRESENTATION_CONTEXT() REPRESENTATION_CONTEXT('2D SPACE',''
  ) );
#10988 = FACE_BOUND('',#10989,.T.);
#10989 = EDGE_LOOP('',(#10990));
#10990 = ORIENTED_EDGE('',*,*,#10991,.T.);
#10991 = EDGE_CURVE('',#10992,#10992,#10994,.T.);
#10992 = VERTEX_POINT('',#10993);
#10993 = CARTESIAN_POINT('',(-15.15,127.,6.));
#10994 = SURFACE_CURVE('',#10995,(#11000,#11011),.PCURVE_S1.);
#10995 = CIRCLE('',#10996,2.45);
#10996 = AXIS2_PLACEMENT_3D('',#10997,#10998,#10999);
#10997 = CARTESIAN_POINT('',(-12.7,127.,6.));
#10998 = DIRECTION('',(0.,0.,-1.));
#10999 = DIRECTION('',(-1.,0.,0.));
#11000 = PCURVE('',#100,#11001);
#11001 = DEFINITIONAL_REPRESENTATION('',(#11002),#11010);
#11002 = ( BOUNDED_CURVE() B_SPLINE_CURVE(2,(#11003,#11004,#11005,#11006
    ,#11007,#11008,#11009),.UNSPECIFIED.,.T.,.F.) 
B_SPLINE_CURVE_WITH_KNOTS((1,2,2,2,2,1),(-2.094395102393,0.,
    2.094395102393,4.188790204786,6.28318530718,8.377580409573),
.UNSPECIFIED.) CURVE() GEOMETRIC_REPRESENTATION_ITEM() 
RATIONAL_B_SPLINE_CURVE((1.,0.5,1.,0.5,1.,0.5,1.)) REPRESENTATION_ITEM(
  '') );
#11003 = CARTESIAN_POINT('',(-15.15,127.));
#11004 = CARTESIAN_POINT('',(-15.15,131.24352447854));
#11005 = CARTESIAN_POINT('',(-11.475,129.12176223927));
#11006 = CARTESIAN_POINT('',(-7.8,127.));
#11007 = CARTESIAN_POINT('',(-11.475,124.87823776072));
#11008 = CARTESIAN_POINT('',(-15.15,122.75647552145));
#11009 = CARTESIAN_POINT('',(-15.15,127.));
#11010 = ( GEOMETRIC_REPRESENTATION_CONTEXT(2) 
PARAMETRIC_REPRESENTATION_CONTEXT() REPRESENTATION_CONTEXT('2D SPACE',''
  ) );
#11011 = PCURVE('',#4956,#11012);
#11012 = DEFINITIONAL_REPRESENTATION('',(#11013),#11017);
#11013 = LINE('',#11014,#11015);
#11014 = CARTESIAN_POINT('',(0.,0.));
#11015 = VECTOR('',#11016,1.);
#11016 = DIRECTION('',(1.,0.));
#11017 = ( GEOMETRIC_REPRESENTATION_CONTEXT(2) 
PARAMETRIC_REPRESENTATION_CONTEXT() REPRESENTATION_CONTEXT('2D SPACE',''
  ) );
#11018 = FACE_BOUND('',#11019,.T.);
#11019 = EDGE_LOOP('',(#11020,#11046,#11067,#11091));
#11020 = ORIENTED_EDGE('',*,*,#11021,.F.);
#11021 = EDGE_CURVE('',#11022,#11024,#11026,.T.);
#11022 = VERTEX_POINT('',#11023);
#11023 = CARTESIAN_POINT('',(-45.,-30.,6.));
#11024 = VERTEX_POINT('',#11025);
#11025 = CARTESIAN_POINT('',(45.,-30.,6.));
#11026 = SURFACE_CURVE('',#11027,(#11032,#11039),.PCURVE_S1.);
#11027 = CIRCLE('',#11028,45.);
#11028 = AXIS2_PLACEMENT_3D('',#11029,#11030,#11031);
#11029 = CARTESIAN_POINT('',(-6.883382752676E-15,-30.,6.));
#11030 = DIRECTION('',(0.,-0.,1.));
#11031 = DIRECTION('',(1.,-1.110223024625E-16,-0.));
#11032 = PCURVE('',#100,#11033);
#11033 = DEFINITIONAL_REPRESENTATION('',(#11034),#11038);
#11034 = CIRCLE('',#11035,45.);
#11035 = AXIS2_PLACEMENT_2D('',#11036,#11037);
#11036 = CARTESIAN_POINT('',(-6.883382752676E-15,-30.));
#11037 = DIRECTION('',(1.,-1.110223024625E-16));
#11038 = ( GEOMETRIC_REPRESENTATION_CONTEXT(2) 
PARAMETRIC_REPRESENTATION_CONTEXT() REPRESENTATION_CONTEXT('2D SPACE',''
  ) );
#11039 = PCURVE('',#4989,#11040);
#11040 = DEFINITIONAL_REPRESENTATION('',(#11041),#11045);
#11041 = LINE('',#11042,#11043);
#11042 = CARTESIAN_POINT('',(-6.28318530718,-284.0000002));
#11043 = VECTOR('',#11044,1.);
#11044 = DIRECTION('',(1.,-0.));
#11045 = ( GEOMETRIC_REPRESENTATION_CONTEXT(2) 
PARAMETRIC_REPRESENTATION_CONTEXT() REPRESENTATION_CONTEXT('2D SPACE',''
  ) );
#11046 = ORIENTED_EDGE('',*,*,#11047,.T.);
#11047 = EDGE_CURVE('',#11022,#11048,#11050,.T.);
#11048 = VERTEX_POINT('',#11049);
#11049 = CARTESIAN_POINT('',(-45.,30.,6.));
#11050 = SURFACE_CURVE('',#11051,(#11055,#11061),.PCURVE_S1.);
#11051 = LINE('',#11052,#11053);
#11052 = CARTESIAN_POINT('',(-45.,-15.,6.));
#11053 = VECTOR('',#11054,1.);
#11054 = DIRECTION('',(1.110223024625E-16,1.,-0.));
#11055 = PCURVE('',#100,#11056);
#11056 = DEFINITIONAL_REPRESENTATION('',(#11057),#11060);
#11057 = B_SPLINE_CURVE_WITH_KNOTS('',1,(#11058,#11059),.UNSPECIFIED.,
  .F.,.F.,(2,2),(-15.,45.),.PIECEWISE_BEZIER_KNOTS.);
#11058 = CARTESIAN_POINT('',(-45.,-30.));
#11059 = CARTESIAN_POINT('',(-45.,30.));
#11060 = ( GEOMETRIC_REPRESENTATION_CONTEXT(2) 
PARAMETRIC_REPRESENTATION_CONTEXT() REPRESENTATION_CONTEXT('2D SPACE',''
  ) );
#11061 = PCURVE('',#5016,#11062);
#11062 = DEFINITIONAL_REPRESENTATION('',(#11063),#11066);
#11063 = B_SPLINE_CURVE_WITH_KNOTS('',1,(#11064,#11065),.UNSPECIFIED.,
  .F.,.F.,(2,2),(-15.,45.),.PIECEWISE_BEZIER_KNOTS.);
#11064 = CARTESIAN_POINT('',(-3.552713678801E-15,-284.0000002));
#11065 = CARTESIAN_POINT('',(60.,-284.0000002));
#11066 = ( GEOMETRIC_REPRESENTATION_CONTEXT(2) 
PARAMETRIC_REPRESENTATION_CONTEXT() REPRESENTATION_CONTEXT('2D SPACE',''
  ) );
#11067 = ORIENTED_EDGE('',*,*,#11068,.F.);
#11068 = EDGE_CURVE('',#11069,#11048,#11071,.T.);
#11069 = VERTEX_POINT('',#11070);
#11070 = CARTESIAN_POINT('',(45.,30.,6.));
#11071 = SURFACE_CURVE('',#11072,(#11077,#11084),.PCURVE_S1.);
#11072 = CIRCLE('',#11073,45.);
#11073 = AXIS2_PLACEMENT_3D('',#11074,#11075,#11076);
#11074 = CARTESIAN_POINT('',(6.883382752676E-15,30.,6.));
#11075 = DIRECTION('',(0.,0.,1.));
#11076 = DIRECTION('',(-1.,1.110223024625E-16,0.));
#11077 = PCURVE('',#100,#11078);
#11078 = DEFINITIONAL_REPRESENTATION('',(#11079),#11083);
#11079 = CIRCLE('',#11080,45.);
#11080 = AXIS2_PLACEMENT_2D('',#11081,#11082);
#11081 = CARTESIAN_POINT('',(6.883382752676E-15,30.));
#11082 = DIRECTION('',(-1.,1.110223024625E-16));
#11083 = ( GEOMETRIC_REPRESENTATION_CONTEXT(2) 
PARAMETRIC_REPRESENTATION_CONTEXT() REPRESENTATION_CONTEXT('2D SPACE',''
  ) );
#11084 = PCURVE('',#5044,#11085);
#11085 = DEFINITIONAL_REPRESENTATION('',(#11086),#11090);
#11086 = LINE('',#11087,#11088);
#11087 = CARTESIAN_POINT('',(-6.28318530718,-284.0000002));
#11088 = VECTOR('',#11089,1.);
#11089 = DIRECTION('',(1.,-0.));
#11090 = ( GEOMETRIC_REPRESENTATION_CONTEXT(2) 
PARAMETRIC_REPRESENTATION_CONTEXT() REPRESENTATION_CONTEXT('2D SPACE',''
  ) );
#11091 = ORIENTED_EDGE('',*,*,#11092,.T.);
#11092 = EDGE_CURVE('',#11069,#11024,#11093,.T.);
#11093 = SURFACE_CURVE('',#11094,(#11098,#11104),.PCURVE_S1.);
#11094 = LINE('',#11095,#11096);
#11095 = CARTESIAN_POINT('',(45.,15.,6.));
#11096 = VECTOR('',#11097,1.);
#11097 = DIRECTION('',(-1.110223024625E-16,-1.,0.));
#11098 = PCURVE('',#100,#11099);
#11099 = DEFINITIONAL_REPRESENTATION('',(#11100),#11103);
#11100 = B_SPLINE_CURVE_WITH_KNOTS('',1,(#11101,#11102),.UNSPECIFIED.,
  .F.,.F.,(2,2),(-15.,45.),.PIECEWISE_BEZIER_KNOTS.);
#11101 = CARTESIAN_POINT('',(45.,30.));
#11102 = CARTESIAN_POINT('',(45.,-30.));
#11103 = ( GEOMETRIC_REPRESENTATION_CONTEXT(2) 
PARAMETRIC_REPRESENTATION_CONTEXT() REPRESENTATION_CONTEXT('2D SPACE',''
  ) );
#11104 = PCURVE('',#5069,#11105);
#11105 = DEFINITIONAL_REPRESENTATION('',(#11106),#11109);
#11106 = B_SPLINE_CURVE_WITH_KNOTS('',1,(#11107,#11108),.UNSPECIFIED.,
  .F.,.F.,(2,2),(-15.,45.),.PIECEWISE_BEZIER_KNOTS.);
#11107 = CARTESIAN_POINT('',(-3.552713678801E-15,-284.0000002));
#11108 = CARTESIAN_POINT('',(60.,-284.0000002));
#11109 = ( GEOMETRIC_REPRESENTATION_CONTEXT(2) 
PARAMETRIC_REPRESENTATION_CONTEXT() REPRESENTATION_CONTEXT('2D SPACE',''
  ) );
#11110 = FACE_BOUND('',#11111,.T.);
#11111 = EDGE_LOOP('',(#11112));
#11112 = ORIENTED_EDGE('',*,*,#11113,.T.);
#11113 = EDGE_CURVE('',#11114,#11114,#11116,.T.);
#11114 = VERTEX_POINT('',#11115);
#11115 = CARTESIAN_POINT('',(61.05,-6.000769315822E-16,6.));
#11116 = SURFACE_CURVE('',#11117,(#11122,#11133),.PCURVE_S1.);
#11117 = CIRCLE('',#11118,2.45);
#11118 = AXIS2_PLACEMENT_3D('',#11119,#11120,#11121);
#11119 = CARTESIAN_POINT('',(63.5,0.,6.));
#11120 = DIRECTION('',(0.,0.,-1.));
#11121 = DIRECTION('',(-1.,0.,0.));
#11122 = PCURVE('',#100,#11123);
#11123 = DEFINITIONAL_REPRESENTATION('',(#11124),#11132);
#11124 = ( BOUNDED_CURVE() B_SPLINE_CURVE(2,(#11125,#11126,#11127,#11128
    ,#11129,#11130,#11131),.UNSPECIFIED.,.T.,.F.) 
B_SPLINE_CURVE_WITH_KNOTS((1,2,2,2,2,1),(-2.094395102393,0.,
    2.094395102393,4.188790204786,6.28318530718,8.377580409573),
.UNSPECIFIED.) CURVE() GEOMETRIC_REPRESENTATION_ITEM() 
RATIONAL_B_SPLINE_CURVE((1.,0.5,1.,0.5,1.,0.5,1.)) REPRESENTATION_ITEM(
  '') );
#11125 = CARTESIAN_POINT('',(61.05,0.));
#11126 = CARTESIAN_POINT('',(61.05,4.243524478544));
#11127 = CARTESIAN_POINT('',(64.725,2.121762239272));
#11128 = CARTESIAN_POINT('',(68.4,6.000769315822E-16));
#11129 = CARTESIAN_POINT('',(64.725,-2.121762239272));
#11130 = CARTESIAN_POINT('',(61.05,-4.243524478544));
#11131 = CARTESIAN_POINT('',(61.05,0.));
#11132 = ( GEOMETRIC_REPRESENTATION_CONTEXT(2) 
PARAMETRIC_REPRESENTATION_CONTEXT() REPRESENTATION_CONTEXT('2D SPACE',''
  ) );
#11133 = PCURVE('',#5103,#11134);
#11134 = DEFINITIONAL_REPRESENTATION('',(#11135),#11139);
#11135 = LINE('',#11136,#11137);
#11136 = CARTESIAN_POINT('',(0.,0.));
#11137 = VECTOR('',#11138,1.);
#11138 = DIRECTION('',(1.,0.));
#11139 = ( GEOMETRIC_REPRESENTATION_CONTEXT(2) 
PARAMETRIC_REPRESENTATION_CONTEXT() REPRESENTATION_CONTEXT('2D SPACE',''
  ) );
#11140 = FACE_BOUND('',#11141,.T.);
#11141 = EDGE_LOOP('',(#11142));
#11142 = ORIENTED_EDGE('',*,*,#11143,.T.);
#11143 = EDGE_CURVE('',#11144,#11144,#11146,.T.);
#11144 = VERTEX_POINT('',#11145);
#11145 = CARTESIAN_POINT('',(61.05,12.7,6.));
#11146 = SURFACE_CURVE('',#11147,(#11152,#11163),.PCURVE_S1.);
#11147 = CIRCLE('',#11148,2.45);
#11148 = AXIS2_PLACEMENT_3D('',#11149,#11150,#11151);
#11149 = CARTESIAN_POINT('',(63.5,12.7,6.));
#11150 = DIRECTION('',(0.,0.,-1.));
#11151 = DIRECTION('',(-1.,0.,0.));
#11152 = PCURVE('',#100,#11153);
#11153 = DEFINITIONAL_REPRESENTATION('',(#11154),#11162);
#11154 = ( BOUNDED_CURVE() B_SPLINE_CURVE(2,(#11155,#11156,#11157,#11158
    ,#11159,#11160,#11161),.UNSPECIFIED.,.T.,.F.) 
B_SPLINE_CURVE_WITH_KNOTS((1,2,2,2,2,1),(-2.094395102393,0.,
    2.094395102393,4.188790204786,6.28318530718,8.377580409573),
.UNSPECIFIED.) CURVE() GEOMETRIC_REPRESENTATION_ITEM() 
RATIONAL_B_SPLINE_CURVE((1.,0.5,1.,0.5,1.,0.5,1.)) REPRESENTATION_ITEM(
  '') );
#11155 = CARTESIAN_POINT('',(61.05,12.7));
#11156 = CARTESIAN_POINT('',(61.05,16.943524478544));
#11157 = CARTESIAN_POINT('',(64.725,14.821762239272));
#11158 = CARTESIAN_POINT('',(68.4,12.7));
#11159 = CARTESIAN_POINT('',(64.725,10.578237760728));
#11160 = CARTESIAN_POINT('',(61.05,8.456475521456));
#11161 = CARTESIAN_POINT('',(61.05,12.7));
#11162 = ( GEOMETRIC_REPRESENTATION_CONTEXT(2) 
PARAMETRIC_REPRESENTATION_CONTEXT() REPRESENTATION_CONTEXT('2D SPACE',''
  ) );
#11163 = PCURVE('',#5138,#11164);
#11164 = DEFINITIONAL_REPRESENTATION('',(#11165),#11169);
#11165 = LINE('',#11166,#11167);
#11166 = CARTESIAN_POINT('',(0.,0.));
#11167 = VECTOR('',#11168,1.);
#11168 = DIRECTION('',(1.,0.));
#11169 = ( GEOMETRIC_REPRESENTATION_CONTEXT(2) 
PARAMETRIC_REPRESENTATION_CONTEXT() REPRESENTATION_CONTEXT('2D SPACE',''
  ) );
#11170 = FACE_BOUND('',#11171,.T.);
#11171 = EDGE_LOOP('',(#11172));
#11172 = ORIENTED_EDGE('',*,*,#11173,.T.);
#11173 = EDGE_CURVE('',#11174,#11174,#11176,.T.);
#11174 = VERTEX_POINT('',#11175);
#11175 = CARTESIAN_POINT('',(61.05,25.4,6.));
#11176 = SURFACE_CURVE('',#11177,(#11182,#11193),.PCURVE_S1.);
#11177 = CIRCLE('',#11178,2.45);
#11178 = AXIS2_PLACEMENT_3D('',#11179,#11180,#11181);
#11179 = CARTESIAN_POINT('',(63.5,25.4,6.));
#11180 = DIRECTION('',(0.,0.,-1.));
#11181 = DIRECTION('',(-1.,0.,0.));
#11182 = PCURVE('',#100,#11183);
#11183 = DEFINITIONAL_REPRESENTATION('',(#11184),#11192);
#11184 = ( BOUNDED_CURVE() B_SPLINE_CURVE(2,(#11185,#11186,#11187,#11188
    ,#11189,#11190,#11191),.UNSPECIFIED.,.T.,.F.) 
B_SPLINE_CURVE_WITH_KNOTS((1,2,2,2,2,1),(-2.094395102393,0.,
    2.094395102393,4.188790204786,6.28318530718,8.377580409573),
.UNSPECIFIED.) CURVE() GEOMETRIC_REPRESENTATION_ITEM() 
RATIONAL_B_SPLINE_CURVE((1.,0.5,1.,0.5,1.,0.5,1.)) REPRESENTATION_ITEM(
  '') );
#11185 = CARTESIAN_POINT('',(61.05,25.4));
#11186 = CARTESIAN_POINT('',(61.05,29.643524478544));
#11187 = CARTESIAN_POINT('',(64.725,27.521762239272));
#11188 = CARTESIAN_POINT('',(68.4,25.4));
#11189 = CARTESIAN_POINT('',(64.725,23.278237760728));
#11190 = CARTESIAN_POINT('',(61.05,21.156475521456));
#11191 = CARTESIAN_POINT('',(61.05,25.4));
#11192 = ( GEOMETRIC_REPRESENTATION_CONTEXT(2) 
PARAMETRIC_REPRESENTATION_CONTEXT() REPRESENTATION_CONTEXT('2D SPACE',''
  ) );
#11193 = PCURVE('',#5173,#11194);
#11194 = DEFINITIONAL_REPRESENTATION('',(#11195),#11199);
#11195 = LINE('',#11196,#11197);
#11196 = CARTESIAN_POINT('',(0.,0.));
#11197 = VECTOR('',#11198,1.);
#11198 = DIRECTION('',(1.,0.));
#11199 = ( GEOMETRIC_REPRESENTATION_CONTEXT(2) 
PARAMETRIC_REPRESENTATION_CONTEXT() REPRESENTATION_CONTEXT('2D SPACE',''
  ) );
#11200 = FACE_BOUND('',#11201,.T.);
#11201 = EDGE_LOOP('',(#11202));
#11202 = ORIENTED_EDGE('',*,*,#11203,.T.);
#11203 = EDGE_CURVE('',#11204,#11204,#11206,.T.);
#11204 = VERTEX_POINT('',#11205);
#11205 = CARTESIAN_POINT('',(73.75,-6.000769315822E-16,6.));
#11206 = SURFACE_CURVE('',#11207,(#11212,#11223),.PCURVE_S1.);
#11207 = CIRCLE('',#11208,2.45);
#11208 = AXIS2_PLACEMENT_3D('',#11209,#11210,#11211);
#11209 = CARTESIAN_POINT('',(76.2,0.,6.));
#11210 = DIRECTION('',(0.,0.,-1.));
#11211 = DIRECTION('',(-1.,0.,0.));
#11212 = PCURVE('',#100,#11213);
#11213 = DEFINITIONAL_REPRESENTATION('',(#11214),#11222);
#11214 = ( BOUNDED_CURVE() B_SPLINE_CURVE(2,(#11215,#11216,#11217,#11218
    ,#11219,#11220,#11221),.UNSPECIFIED.,.T.,.F.) 
B_SPLINE_CURVE_WITH_KNOTS((1,2,2,2,2,1),(-2.094395102393,0.,
    2.094395102393,4.188790204786,6.28318530718,8.377580409573),
.UNSPECIFIED.) CURVE() GEOMETRIC_REPRESENTATION_ITEM() 
RATIONAL_B_SPLINE_CURVE((1.,0.5,1.,0.5,1.,0.5,1.)) REPRESENTATION_ITEM(
  '') );
#11215 = CARTESIAN_POINT('',(73.75,0.));
#11216 = CARTESIAN_POINT('',(73.75,4.243524478544));
#11217 = CARTESIAN_POINT('',(77.425,2.121762239272));
#11218 = CARTESIAN_POINT('',(81.1,6.000769315822E-16));
#11219 = CARTESIAN_POINT('',(77.425,-2.121762239272));
#11220 = CARTESIAN_POINT('',(73.75,-4.243524478544));
#11221 = CARTESIAN_POINT('',(73.75,0.));
#11222 = ( GEOMETRIC_REPRESENTATION_CONTEXT(2) 
PARAMETRIC_REPRESENTATION_CONTEXT() REPRESENTATION_CONTEXT('2D SPACE',''
  ) );
#11223 = PCURVE('',#5208,#11224);
#11224 = DEFINITIONAL_REPRESENTATION('',(#11225),#11229);
#11225 = LINE('',#11226,#11227);
#11226 = CARTESIAN_POINT('',(0.,0.));
#11227 = VECTOR('',#11228,1.);
#11228 = DIRECTION('',(1.,0.));
#11229 = ( GEOMETRIC_REPRESENTATION_CONTEXT(2) 
PARAMETRIC_REPRESENTATION_CONTEXT() REPRESENTATION_CONTEXT('2D SPACE',''
  ) );
#11230 = FACE_BOUND('',#11231,.T.);
#11231 = EDGE_LOOP('',(#11232));
#11232 = ORIENTED_EDGE('',*,*,#11233,.T.);
#11233 = EDGE_CURVE('',#11234,#11234,#11236,.T.);
#11234 = VERTEX_POINT('',#11235);
#11235 = CARTESIAN_POINT('',(73.75,12.7,6.));
#11236 = SURFACE_CURVE('',#11237,(#11242,#11253),.PCURVE_S1.);
#11237 = CIRCLE('',#11238,2.45);
#11238 = AXIS2_PLACEMENT_3D('',#11239,#11240,#11241);
#11239 = CARTESIAN_POINT('',(76.2,12.7,6.));
#11240 = DIRECTION('',(0.,0.,-1.));
#11241 = DIRECTION('',(-1.,0.,0.));
#11242 = PCURVE('',#100,#11243);
#11243 = DEFINITIONAL_REPRESENTATION('',(#11244),#11252);
#11244 = ( BOUNDED_CURVE() B_SPLINE_CURVE(2,(#11245,#11246,#11247,#11248
    ,#11249,#11250,#11251),.UNSPECIFIED.,.T.,.F.) 
B_SPLINE_CURVE_WITH_KNOTS((1,2,2,2,2,1),(-2.094395102393,0.,
    2.094395102393,4.188790204786,6.28318530718,8.377580409573),
.UNSPECIFIED.) CURVE() GEOMETRIC_REPRESENTATION_ITEM() 
RATIONAL_B_SPLINE_CURVE((1.,0.5,1.,0.5,1.,0.5,1.)) REPRESENTATION_ITEM(
  '') );
#11245 = CARTESIAN_POINT('',(73.75,12.7));
#11246 = CARTESIAN_POINT('',(73.75,16.943524478544));
#11247 = CARTESIAN_POINT('',(77.425,14.821762239272));
#11248 = CARTESIAN_POINT('',(81.1,12.7));
#11249 = CARTESIAN_POINT('',(77.425,10.578237760728));
#11250 = CARTESIAN_POINT('',(73.75,8.456475521456));
#11251 = CARTESIAN_POINT('',(73.75,12.7));
#11252 = ( GEOMETRIC_REPRESENTATION_CONTEXT(2) 
PARAMETRIC_REPRESENTATION_CONTEXT() REPRESENTATION_CONTEXT('2D SPACE',''
  ) );
#11253 = PCURVE('',#5243,#11254);
#11254 = DEFINITIONAL_REPRESENTATION('',(#11255),#11259);
#11255 = LINE('',#11256,#11257);
#11256 = CARTESIAN_POINT('',(0.,0.));
#11257 = VECTOR('',#11258,1.);
#11258 = DIRECTION('',(1.,0.));
#11259 = ( GEOMETRIC_REPRESENTATION_CONTEXT(2) 
PARAMETRIC_REPRESENTATION_CONTEXT() REPRESENTATION_CONTEXT('2D SPACE',''
  ) );
#11260 = FACE_BOUND('',#11261,.T.);
#11261 = EDGE_LOOP('',(#11262));
#11262 = ORIENTED_EDGE('',*,*,#11263,.T.);
#11263 = EDGE_CURVE('',#11264,#11264,#11266,.T.);
#11264 = VERTEX_POINT('',#11265);
#11265 = CARTESIAN_POINT('',(86.45,-6.000769315822E-16,6.));
#11266 = SURFACE_CURVE('',#11267,(#11272,#11283),.PCURVE_S1.);
#11267 = CIRCLE('',#11268,2.45);
#11268 = AXIS2_PLACEMENT_3D('',#11269,#11270,#11271);
#11269 = CARTESIAN_POINT('',(88.9,0.,6.));
#11270 = DIRECTION('',(0.,0.,-1.));
#11271 = DIRECTION('',(-1.,0.,0.));
#11272 = PCURVE('',#100,#11273);
#11273 = DEFINITIONAL_REPRESENTATION('',(#11274),#11282);
#11274 = ( BOUNDED_CURVE() B_SPLINE_CURVE(2,(#11275,#11276,#11277,#11278
    ,#11279,#11280,#11281),.UNSPECIFIED.,.T.,.F.) 
B_SPLINE_CURVE_WITH_KNOTS((1,2,2,2,2,1),(-2.094395102393,0.,
    2.094395102393,4.188790204786,6.28318530718,8.377580409573),
.UNSPECIFIED.) CURVE() GEOMETRIC_REPRESENTATION_ITEM() 
RATIONAL_B_SPLINE_CURVE((1.,0.5,1.,0.5,1.,0.5,1.)) REPRESENTATION_ITEM(
  '') );
#11275 = CARTESIAN_POINT('',(86.45,0.));
#11276 = CARTESIAN_POINT('',(86.45,4.243524478544));
#11277 = CARTESIAN_POINT('',(90.125,2.121762239272));
#11278 = CARTESIAN_POINT('',(93.8,6.000769315822E-16));
#11279 = CARTESIAN_POINT('',(90.125,-2.121762239272));
#11280 = CARTESIAN_POINT('',(86.45,-4.243524478544));
#11281 = CARTESIAN_POINT('',(86.45,0.));
#11282 = ( GEOMETRIC_REPRESENTATION_CONTEXT(2) 
PARAMETRIC_REPRESENTATION_CONTEXT() REPRESENTATION_CONTEXT('2D SPACE',''
  ) );
#11283 = PCURVE('',#5278,#11284);
#11284 = DEFINITIONAL_REPRESENTATION('',(#11285),#11289);
#11285 = LINE('',#11286,#11287);
#11286 = CARTESIAN_POINT('',(0.,0.));
#11287 = VECTOR('',#11288,1.);
#11288 = DIRECTION('',(1.,0.));
#11289 = ( GEOMETRIC_REPRESENTATION_CONTEXT(2) 
PARAMETRIC_REPRESENTATION_CONTEXT() REPRESENTATION_CONTEXT('2D SPACE',''
  ) );
#11290 = FACE_BOUND('',#11291,.T.);
#11291 = EDGE_LOOP('',(#11292));
#11292 = ORIENTED_EDGE('',*,*,#11293,.T.);
#11293 = EDGE_CURVE('',#11294,#11294,#11296,.T.);
#11294 = VERTEX_POINT('',#11295);
#11295 = CARTESIAN_POINT('',(86.45,12.7,6.));
#11296 = SURFACE_CURVE('',#11297,(#11302,#11313),.PCURVE_S1.);
#11297 = CIRCLE('',#11298,2.45);
#11298 = AXIS2_PLACEMENT_3D('',#11299,#11300,#11301);
#11299 = CARTESIAN_POINT('',(88.9,12.7,6.));
#11300 = DIRECTION('',(0.,0.,-1.));
#11301 = DIRECTION('',(-1.,0.,0.));
#11302 = PCURVE('',#100,#11303);
#11303 = DEFINITIONAL_REPRESENTATION('',(#11304),#11312);
#11304 = ( BOUNDED_CURVE() B_SPLINE_CURVE(2,(#11305,#11306,#11307,#11308
    ,#11309,#11310,#11311),.UNSPECIFIED.,.T.,.F.) 
B_SPLINE_CURVE_WITH_KNOTS((1,2,2,2,2,1),(-2.094395102393,0.,
    2.094395102393,4.188790204786,6.28318530718,8.377580409573),
.UNSPECIFIED.) CURVE() GEOMETRIC_REPRESENTATION_ITEM() 
RATIONAL_B_SPLINE_CURVE((1.,0.5,1.,0.5,1.,0.5,1.)) REPRESENTATION_ITEM(
  '') );
#11305 = CARTESIAN_POINT('',(86.45,12.7));
#11306 = CARTESIAN_POINT('',(86.45,16.943524478544));
#11307 = CARTESIAN_POINT('',(90.125,14.821762239272));
#11308 = CARTESIAN_POINT('',(93.8,12.7));
#11309 = CARTESIAN_POINT('',(90.125,10.578237760728));
#11310 = CARTESIAN_POINT('',(86.45,8.456475521456));
#11311 = CARTESIAN_POINT('',(86.45,12.7));
#11312 = ( GEOMETRIC_REPRESENTATION_CONTEXT(2) 
PARAMETRIC_REPRESENTATION_CONTEXT() REPRESENTATION_CONTEXT('2D SPACE',''
  ) );
#11313 = PCURVE('',#5313,#11314);
#11314 = DEFINITIONAL_REPRESENTATION('',(#11315),#11319);
#11315 = LINE('',#11316,#11317);
#11316 = CARTESIAN_POINT('',(0.,0.));
#11317 = VECTOR('',#11318,1.);
#11318 = DIRECTION('',(1.,0.));
#11319 = ( GEOMETRIC_REPRESENTATION_CONTEXT(2) 
PARAMETRIC_REPRESENTATION_CONTEXT() REPRESENTATION_CONTEXT('2D SPACE',''
  ) );
#11320 = FACE_BOUND('',#11321,.T.);
#11321 = EDGE_LOOP('',(#11322));
#11322 = ORIENTED_EDGE('',*,*,#11323,.T.);
#11323 = EDGE_CURVE('',#11324,#11324,#11326,.T.);
#11324 = VERTEX_POINT('',#11325);
#11325 = CARTESIAN_POINT('',(73.75,25.4,6.));
#11326 = SURFACE_CURVE('',#11327,(#11332,#11343),.PCURVE_S1.);
#11327 = CIRCLE('',#11328,2.45);
#11328 = AXIS2_PLACEMENT_3D('',#11329,#11330,#11331);
#11329 = CARTESIAN_POINT('',(76.2,25.4,6.));
#11330 = DIRECTION('',(0.,0.,-1.));
#11331 = DIRECTION('',(-1.,0.,0.));
#11332 = PCURVE('',#100,#11333);
#11333 = DEFINITIONAL_REPRESENTATION('',(#11334),#11342);
#11334 = ( BOUNDED_CURVE() B_SPLINE_CURVE(2,(#11335,#11336,#11337,#11338
    ,#11339,#11340,#11341),.UNSPECIFIED.,.T.,.F.) 
B_SPLINE_CURVE_WITH_KNOTS((1,2,2,2,2,1),(-2.094395102393,0.,
    2.094395102393,4.188790204786,6.28318530718,8.377580409573),
.UNSPECIFIED.) CURVE() GEOMETRIC_REPRESENTATION_ITEM() 
RATIONAL_B_SPLINE_CURVE((1.,0.5,1.,0.5,1.,0.5,1.)) REPRESENTATION_ITEM(
  '') );
#11335 = CARTESIAN_POINT('',(73.75,25.4));
#11336 = CARTESIAN_POINT('',(73.75,29.643524478544));
#11337 = CARTESIAN_POINT('',(77.425,27.521762239272));
#11338 = CARTESIAN_POINT('',(81.1,25.4));
#11339 = CARTESIAN_POINT('',(77.425,23.278237760728));
#11340 = CARTESIAN_POINT('',(73.75,21.156475521456));
#11341 = CARTESIAN_POINT('',(73.75,25.4));
#11342 = ( GEOMETRIC_REPRESENTATION_CONTEXT(2) 
PARAMETRIC_REPRESENTATION_CONTEXT() REPRESENTATION_CONTEXT('2D SPACE',''
  ) );
#11343 = PCURVE('',#5348,#11344);
#11344 = DEFINITIONAL_REPRESENTATION('',(#11345),#11349);
#11345 = LINE('',#11346,#11347);
#11346 = CARTESIAN_POINT('',(0.,0.));
#11347 = VECTOR('',#11348,1.);
#11348 = DIRECTION('',(1.,0.));
#11349 = ( GEOMETRIC_REPRESENTATION_CONTEXT(2) 
PARAMETRIC_REPRESENTATION_CONTEXT() REPRESENTATION_CONTEXT('2D SPACE',''
  ) );
#11350 = FACE_BOUND('',#11351,.T.);
#11351 = EDGE_LOOP('',(#11352));
#11352 = ORIENTED_EDGE('',*,*,#11353,.T.);
#11353 = EDGE_CURVE('',#11354,#11354,#11356,.T.);
#11354 = VERTEX_POINT('',#11355);
#11355 = CARTESIAN_POINT('',(86.45,25.4,6.));
#11356 = SURFACE_CURVE('',#11357,(#11362,#11373),.PCURVE_S1.);
#11357 = CIRCLE('',#11358,2.45);
#11358 = AXIS2_PLACEMENT_3D('',#11359,#11360,#11361);
#11359 = CARTESIAN_POINT('',(88.9,25.4,6.));
#11360 = DIRECTION('',(0.,0.,-1.));
#11361 = DIRECTION('',(-1.,0.,0.));
#11362 = PCURVE('',#100,#11363);
#11363 = DEFINITIONAL_REPRESENTATION('',(#11364),#11372);
#11364 = ( BOUNDED_CURVE() B_SPLINE_CURVE(2,(#11365,#11366,#11367,#11368
    ,#11369,#11370,#11371),.UNSPECIFIED.,.T.,.F.) 
B_SPLINE_CURVE_WITH_KNOTS((1,2,2,2,2,1),(-2.094395102393,0.,
    2.094395102393,4.188790204786,6.28318530718,8.377580409573),
.UNSPECIFIED.) CURVE() GEOMETRIC_REPRESENTATION_ITEM() 
RATIONAL_B_SPLINE_CURVE((1.,0.5,1.,0.5,1.,0.5,1.)) REPRESENTATION_ITEM(
  '') );
#11365 = CARTESIAN_POINT('',(86.45,25.4));
#11366 = CARTESIAN_POINT('',(86.45,29.643524478544));
#11367 = CARTESIAN_POINT('',(90.125,27.521762239272));
#11368 = CARTESIAN_POINT('',(93.8,25.4));
#11369 = CARTESIAN_POINT('',(90.125,23.278237760728));
#11370 = CARTESIAN_POINT('',(86.45,21.156475521456));
#11371 = CARTESIAN_POINT('',(86.45,25.4));
#11372 = ( GEOMETRIC_REPRESENTATION_CONTEXT(2) 
PARAMETRIC_REPRESENTATION_CONTEXT() REPRESENTATION_CONTEXT('2D SPACE',''
  ) );
#11373 = PCURVE('',#5383,#11374);
#11374 = DEFINITIONAL_REPRESENTATION('',(#11375),#11379);
#11375 = LINE('',#11376,#11377);
#11376 = CARTESIAN_POINT('',(0.,0.));
#11377 = VECTOR('',#11378,1.);
#11378 = DIRECTION('',(1.,0.));
#11379 = ( GEOMETRIC_REPRESENTATION_CONTEXT(2) 
PARAMETRIC_REPRESENTATION_CONTEXT() REPRESENTATION_CONTEXT('2D SPACE',''
  ) );
#11380 = FACE_BOUND('',#11381,.T.);
#11381 = EDGE_LOOP('',(#11382));
#11382 = ORIENTED_EDGE('',*,*,#11383,.T.);
#11383 = EDGE_CURVE('',#11384,#11384,#11386,.T.);
#11384 = VERTEX_POINT('',#11385);
#11385 = CARTESIAN_POINT('',(61.05,38.1,6.));
#11386 = SURFACE_CURVE('',#11387,(#11392,#11403),.PCURVE_S1.);
#11387 = CIRCLE('',#11388,2.45);
#11388 = AXIS2_PLACEMENT_3D('',#11389,#11390,#11391);
#11389 = CARTESIAN_POINT('',(63.5,38.1,6.));
#11390 = DIRECTION('',(0.,0.,-1.));
#11391 = DIRECTION('',(-1.,0.,0.));
#11392 = PCURVE('',#100,#11393);
#11393 = DEFINITIONAL_REPRESENTATION('',(#11394),#11402);
#11394 = ( BOUNDED_CURVE() B_SPLINE_CURVE(2,(#11395,#11396,#11397,#11398
    ,#11399,#11400,#11401),.UNSPECIFIED.,.T.,.F.) 
B_SPLINE_CURVE_WITH_KNOTS((1,2,2,2,2,1),(-2.094395102393,0.,
    2.094395102393,4.188790204786,6.28318530718,8.377580409573),
.UNSPECIFIED.) CURVE() GEOMETRIC_REPRESENTATION_ITEM() 
RATIONAL_B_SPLINE_CURVE((1.,0.5,1.,0.5,1.,0.5,1.)) REPRESENTATION_ITEM(
  '') );
#11395 = CARTESIAN_POINT('',(61.05,38.1));
#11396 = CARTESIAN_POINT('',(61.05,42.343524478544));
#11397 = CARTESIAN_POINT('',(64.725,40.221762239272));
#11398 = CARTESIAN_POINT('',(68.4,38.1));
#11399 = CARTESIAN_POINT('',(64.725,35.978237760728));
#11400 = CARTESIAN_POINT('',(61.05,33.856475521456));
#11401 = CARTESIAN_POINT('',(61.05,38.1));
#11402 = ( GEOMETRIC_REPRESENTATION_CONTEXT(2) 
PARAMETRIC_REPRESENTATION_CONTEXT() REPRESENTATION_CONTEXT('2D SPACE',''
  ) );
#11403 = PCURVE('',#5418,#11404);
#11404 = DEFINITIONAL_REPRESENTATION('',(#11405),#11409);
#11405 = LINE('',#11406,#11407);
#11406 = CARTESIAN_POINT('',(0.,0.));
#11407 = VECTOR('',#11408,1.);
#11408 = DIRECTION('',(1.,0.));
#11409 = ( GEOMETRIC_REPRESENTATION_CONTEXT(2) 
PARAMETRIC_REPRESENTATION_CONTEXT() REPRESENTATION_CONTEXT('2D SPACE',''
  ) );
#11410 = FACE_BOUND('',#11411,.T.);
#11411 = EDGE_LOOP('',(#11412));
#11412 = ORIENTED_EDGE('',*,*,#11413,.T.);
#11413 = EDGE_CURVE('',#11414,#11414,#11416,.T.);
#11414 = VERTEX_POINT('',#11415);
#11415 = CARTESIAN_POINT('',(61.05,50.8,6.));
#11416 = SURFACE_CURVE('',#11417,(#11422,#11433),.PCURVE_S1.);
#11417 = CIRCLE('',#11418,2.45);
#11418 = AXIS2_PLACEMENT_3D('',#11419,#11420,#11421);
#11419 = CARTESIAN_POINT('',(63.5,50.8,6.));
#11420 = DIRECTION('',(0.,0.,-1.));
#11421 = DIRECTION('',(-1.,0.,0.));
#11422 = PCURVE('',#100,#11423);
#11423 = DEFINITIONAL_REPRESENTATION('',(#11424),#11432);
#11424 = ( BOUNDED_CURVE() B_SPLINE_CURVE(2,(#11425,#11426,#11427,#11428
    ,#11429,#11430,#11431),.UNSPECIFIED.,.T.,.F.) 
B_SPLINE_CURVE_WITH_KNOTS((1,2,2,2,2,1),(-2.094395102393,0.,
    2.094395102393,4.188790204786,6.28318530718,8.377580409573),
.UNSPECIFIED.) CURVE() GEOMETRIC_REPRESENTATION_ITEM() 
RATIONAL_B_SPLINE_CURVE((1.,0.5,1.,0.5,1.,0.5,1.)) REPRESENTATION_ITEM(
  '') );
#11425 = CARTESIAN_POINT('',(61.05,50.8));
#11426 = CARTESIAN_POINT('',(61.05,55.043524478544));
#11427 = CARTESIAN_POINT('',(64.725,52.921762239272));
#11428 = CARTESIAN_POINT('',(68.4,50.8));
#11429 = CARTESIAN_POINT('',(64.725,48.678237760728));
#11430 = CARTESIAN_POINT('',(61.05,46.556475521456));
#11431 = CARTESIAN_POINT('',(61.05,50.8));
#11432 = ( GEOMETRIC_REPRESENTATION_CONTEXT(2) 
PARAMETRIC_REPRESENTATION_CONTEXT() REPRESENTATION_CONTEXT('2D SPACE',''
  ) );
#11433 = PCURVE('',#5453,#11434);
#11434 = DEFINITIONAL_REPRESENTATION('',(#11435),#11439);
#11435 = LINE('',#11436,#11437);
#11436 = CARTESIAN_POINT('',(0.,0.));
#11437 = VECTOR('',#11438,1.);
#11438 = DIRECTION('',(1.,0.));
#11439 = ( GEOMETRIC_REPRESENTATION_CONTEXT(2) 
PARAMETRIC_REPRESENTATION_CONTEXT() REPRESENTATION_CONTEXT('2D SPACE',''
  ) );
#11440 = FACE_BOUND('',#11441,.T.);
#11441 = EDGE_LOOP('',(#11442));
#11442 = ORIENTED_EDGE('',*,*,#11443,.T.);
#11443 = EDGE_CURVE('',#11444,#11444,#11446,.T.);
#11444 = VERTEX_POINT('',#11445);
#11445 = CARTESIAN_POINT('',(61.05,63.5,6.));
#11446 = SURFACE_CURVE('',#11447,(#11452,#11463),.PCURVE_S1.);
#11447 = CIRCLE('',#11448,2.45);
#11448 = AXIS2_PLACEMENT_3D('',#11449,#11450,#11451);
#11449 = CARTESIAN_POINT('',(63.5,63.5,6.));
#11450 = DIRECTION('',(0.,0.,-1.));
#11451 = DIRECTION('',(-1.,0.,0.));
#11452 = PCURVE('',#100,#11453);
#11453 = DEFINITIONAL_REPRESENTATION('',(#11454),#11462);
#11454 = ( BOUNDED_CURVE() B_SPLINE_CURVE(2,(#11455,#11456,#11457,#11458
    ,#11459,#11460,#11461),.UNSPECIFIED.,.T.,.F.) 
B_SPLINE_CURVE_WITH_KNOTS((1,2,2,2,2,1),(-2.094395102393,0.,
    2.094395102393,4.188790204786,6.28318530718,8.377580409573),
.UNSPECIFIED.) CURVE() GEOMETRIC_REPRESENTATION_ITEM() 
RATIONAL_B_SPLINE_CURVE((1.,0.5,1.,0.5,1.,0.5,1.)) REPRESENTATION_ITEM(
  '') );
#11455 = CARTESIAN_POINT('',(61.05,63.5));
#11456 = CARTESIAN_POINT('',(61.05,67.743524478544));
#11457 = CARTESIAN_POINT('',(64.725,65.621762239272));
#11458 = CARTESIAN_POINT('',(68.4,63.5));
#11459 = CARTESIAN_POINT('',(64.725,61.378237760728));
#11460 = CARTESIAN_POINT('',(61.05,59.256475521456));
#11461 = CARTESIAN_POINT('',(61.05,63.5));
#11462 = ( GEOMETRIC_REPRESENTATION_CONTEXT(2) 
PARAMETRIC_REPRESENTATION_CONTEXT() REPRESENTATION_CONTEXT('2D SPACE',''
  ) );
#11463 = PCURVE('',#5488,#11464);
#11464 = DEFINITIONAL_REPRESENTATION('',(#11465),#11469);
#11465 = LINE('',#11466,#11467);
#11466 = CARTESIAN_POINT('',(0.,0.));
#11467 = VECTOR('',#11468,1.);
#11468 = DIRECTION('',(1.,0.));
#11469 = ( GEOMETRIC_REPRESENTATION_CONTEXT(2) 
PARAMETRIC_REPRESENTATION_CONTEXT() REPRESENTATION_CONTEXT('2D SPACE',''
  ) );
#11470 = FACE_BOUND('',#11471,.T.);
#11471 = EDGE_LOOP('',(#11472));
#11472 = ORIENTED_EDGE('',*,*,#11473,.T.);
#11473 = EDGE_CURVE('',#11474,#11474,#11476,.T.);
#11474 = VERTEX_POINT('',#11475);
#11475 = CARTESIAN_POINT('',(73.75,38.1,6.));
#11476 = SURFACE_CURVE('',#11477,(#11482,#11493),.PCURVE_S1.);
#11477 = CIRCLE('',#11478,2.45);
#11478 = AXIS2_PLACEMENT_3D('',#11479,#11480,#11481);
#11479 = CARTESIAN_POINT('',(76.2,38.1,6.));
#11480 = DIRECTION('',(0.,0.,-1.));
#11481 = DIRECTION('',(-1.,0.,0.));
#11482 = PCURVE('',#100,#11483);
#11483 = DEFINITIONAL_REPRESENTATION('',(#11484),#11492);
#11484 = ( BOUNDED_CURVE() B_SPLINE_CURVE(2,(#11485,#11486,#11487,#11488
    ,#11489,#11490,#11491),.UNSPECIFIED.,.T.,.F.) 
B_SPLINE_CURVE_WITH_KNOTS((1,2,2,2,2,1),(-2.094395102393,0.,
    2.094395102393,4.188790204786,6.28318530718,8.377580409573),
.UNSPECIFIED.) CURVE() GEOMETRIC_REPRESENTATION_ITEM() 
RATIONAL_B_SPLINE_CURVE((1.,0.5,1.,0.5,1.,0.5,1.)) REPRESENTATION_ITEM(
  '') );
#11485 = CARTESIAN_POINT('',(73.75,38.1));
#11486 = CARTESIAN_POINT('',(73.75,42.343524478544));
#11487 = CARTESIAN_POINT('',(77.425,40.221762239272));
#11488 = CARTESIAN_POINT('',(81.1,38.1));
#11489 = CARTESIAN_POINT('',(77.425,35.978237760728));
#11490 = CARTESIAN_POINT('',(73.75,33.856475521456));
#11491 = CARTESIAN_POINT('',(73.75,38.1));
#11492 = ( GEOMETRIC_REPRESENTATION_CONTEXT(2) 
PARAMETRIC_REPRESENTATION_CONTEXT() REPRESENTATION_CONTEXT('2D SPACE',''
  ) );
#11493 = PCURVE('',#5523,#11494);
#11494 = DEFINITIONAL_REPRESENTATION('',(#11495),#11499);
#11495 = LINE('',#11496,#11497);
#11496 = CARTESIAN_POINT('',(0.,0.));
#11497 = VECTOR('',#11498,1.);
#11498 = DIRECTION('',(1.,0.));
#11499 = ( GEOMETRIC_REPRESENTATION_CONTEXT(2) 
PARAMETRIC_REPRESENTATION_CONTEXT() REPRESENTATION_CONTEXT('2D SPACE',''
  ) );
#11500 = FACE_BOUND('',#11501,.T.);
#11501 = EDGE_LOOP('',(#11502));
#11502 = ORIENTED_EDGE('',*,*,#11503,.T.);
#11503 = EDGE_CURVE('',#11504,#11504,#11506,.T.);
#11504 = VERTEX_POINT('',#11505);
#11505 = CARTESIAN_POINT('',(86.45,38.1,6.));
#11506 = SURFACE_CURVE('',#11507,(#11512,#11523),.PCURVE_S1.);
#11507 = CIRCLE('',#11508,2.45);
#11508 = AXIS2_PLACEMENT_3D('',#11509,#11510,#11511);
#11509 = CARTESIAN_POINT('',(88.9,38.1,6.));
#11510 = DIRECTION('',(0.,0.,-1.));
#11511 = DIRECTION('',(-1.,0.,0.));
#11512 = PCURVE('',#100,#11513);
#11513 = DEFINITIONAL_REPRESENTATION('',(#11514),#11522);
#11514 = ( BOUNDED_CURVE() B_SPLINE_CURVE(2,(#11515,#11516,#11517,#11518
    ,#11519,#11520,#11521),.UNSPECIFIED.,.T.,.F.) 
B_SPLINE_CURVE_WITH_KNOTS((1,2,2,2,2,1),(-2.094395102393,0.,
    2.094395102393,4.188790204786,6.28318530718,8.377580409573),
.UNSPECIFIED.) CURVE() GEOMETRIC_REPRESENTATION_ITEM() 
RATIONAL_B_SPLINE_CURVE((1.,0.5,1.,0.5,1.,0.5,1.)) REPRESENTATION_ITEM(
  '') );
#11515 = CARTESIAN_POINT('',(86.45,38.1));
#11516 = CARTESIAN_POINT('',(86.45,42.343524478544));
#11517 = CARTESIAN_POINT('',(90.125,40.221762239272));
#11518 = CARTESIAN_POINT('',(93.8,38.1));
#11519 = CARTESIAN_POINT('',(90.125,35.978237760728));
#11520 = CARTESIAN_POINT('',(86.45,33.856475521456));
#11521 = CARTESIAN_POINT('',(86.45,38.1));
#11522 = ( GEOMETRIC_REPRESENTATION_CONTEXT(2) 
PARAMETRIC_REPRESENTATION_CONTEXT() REPRESENTATION_CONTEXT('2D SPACE',''
  ) );
#11523 = PCURVE('',#5558,#11524);
#11524 = DEFINITIONAL_REPRESENTATION('',(#11525),#11529);
#11525 = LINE('',#11526,#11527);
#11526 = CARTESIAN_POINT('',(0.,0.));
#11527 = VECTOR('',#11528,1.);
#11528 = DIRECTION('',(1.,0.));
#11529 = ( GEOMETRIC_REPRESENTATION_CONTEXT(2) 
PARAMETRIC_REPRESENTATION_CONTEXT() REPRESENTATION_CONTEXT('2D SPACE',''
  ) );
#11530 = FACE_BOUND('',#11531,.T.);
#11531 = EDGE_LOOP('',(#11532));
#11532 = ORIENTED_EDGE('',*,*,#11533,.T.);
#11533 = EDGE_CURVE('',#11534,#11534,#11536,.T.);
#11534 = VERTEX_POINT('',#11535);
#11535 = CARTESIAN_POINT('',(73.75,50.8,6.));
#11536 = SURFACE_CURVE('',#11537,(#11542,#11553),.PCURVE_S1.);
#11537 = CIRCLE('',#11538,2.45);
#11538 = AXIS2_PLACEMENT_3D('',#11539,#11540,#11541);
#11539 = CARTESIAN_POINT('',(76.2,50.8,6.));
#11540 = DIRECTION('',(0.,0.,-1.));
#11541 = DIRECTION('',(-1.,0.,0.));
#11542 = PCURVE('',#100,#11543);
#11543 = DEFINITIONAL_REPRESENTATION('',(#11544),#11552);
#11544 = ( BOUNDED_CURVE() B_SPLINE_CURVE(2,(#11545,#11546,#11547,#11548
    ,#11549,#11550,#11551),.UNSPECIFIED.,.T.,.F.) 
B_SPLINE_CURVE_WITH_KNOTS((1,2,2,2,2,1),(-2.094395102393,0.,
    2.094395102393,4.188790204786,6.28318530718,8.377580409573),
.UNSPECIFIED.) CURVE() GEOMETRIC_REPRESENTATION_ITEM() 
RATIONAL_B_SPLINE_CURVE((1.,0.5,1.,0.5,1.,0.5,1.)) REPRESENTATION_ITEM(
  '') );
#11545 = CARTESIAN_POINT('',(73.75,50.8));
#11546 = CARTESIAN_POINT('',(73.75,55.043524478544));
#11547 = CARTESIAN_POINT('',(77.425,52.921762239272));
#11548 = CARTESIAN_POINT('',(81.1,50.8));
#11549 = CARTESIAN_POINT('',(77.425,48.678237760728));
#11550 = CARTESIAN_POINT('',(73.75,46.556475521456));
#11551 = CARTESIAN_POINT('',(73.75,50.8));
#11552 = ( GEOMETRIC_REPRESENTATION_CONTEXT(2) 
PARAMETRIC_REPRESENTATION_CONTEXT() REPRESENTATION_CONTEXT('2D SPACE',''
  ) );
#11553 = PCURVE('',#5593,#11554);
#11554 = DEFINITIONAL_REPRESENTATION('',(#11555),#11559);
#11555 = LINE('',#11556,#11557);
#11556 = CARTESIAN_POINT('',(0.,0.));
#11557 = VECTOR('',#11558,1.);
#11558 = DIRECTION('',(1.,0.));
#11559 = ( GEOMETRIC_REPRESENTATION_CONTEXT(2) 
PARAMETRIC_REPRESENTATION_CONTEXT() REPRESENTATION_CONTEXT('2D SPACE',''
  ) );
#11560 = FACE_BOUND('',#11561,.T.);
#11561 = EDGE_LOOP('',(#11562));
#11562 = ORIENTED_EDGE('',*,*,#11563,.T.);
#11563 = EDGE_CURVE('',#11564,#11564,#11566,.T.);
#11564 = VERTEX_POINT('',#11565);
#11565 = CARTESIAN_POINT('',(73.75,63.5,6.));
#11566 = SURFACE_CURVE('',#11567,(#11572,#11583),.PCURVE_S1.);
#11567 = CIRCLE('',#11568,2.45);
#11568 = AXIS2_PLACEMENT_3D('',#11569,#11570,#11571);
#11569 = CARTESIAN_POINT('',(76.2,63.5,6.));
#11570 = DIRECTION('',(0.,0.,-1.));
#11571 = DIRECTION('',(-1.,0.,0.));
#11572 = PCURVE('',#100,#11573);
#11573 = DEFINITIONAL_REPRESENTATION('',(#11574),#11582);
#11574 = ( BOUNDED_CURVE() B_SPLINE_CURVE(2,(#11575,#11576,#11577,#11578
    ,#11579,#11580,#11581),.UNSPECIFIED.,.T.,.F.) 
B_SPLINE_CURVE_WITH_KNOTS((1,2,2,2,2,1),(-2.094395102393,0.,
    2.094395102393,4.188790204786,6.28318530718,8.377580409573),
.UNSPECIFIED.) CURVE() GEOMETRIC_REPRESENTATION_ITEM() 
RATIONAL_B_SPLINE_CURVE((1.,0.5,1.,0.5,1.,0.5,1.)) REPRESENTATION_ITEM(
  '') );
#11575 = CARTESIAN_POINT('',(73.75,63.5));
#11576 = CARTESIAN_POINT('',(73.75,67.743524478544));
#11577 = CARTESIAN_POINT('',(77.425,65.621762239272));
#11578 = CARTESIAN_POINT('',(81.1,63.5));
#11579 = CARTESIAN_POINT('',(77.425,61.378237760728));
#11580 = CARTESIAN_POINT('',(73.75,59.256475521456));
#11581 = CARTESIAN_POINT('',(73.75,63.5));
#11582 = ( GEOMETRIC_REPRESENTATION_CONTEXT(2) 
PARAMETRIC_REPRESENTATION_CONTEXT() REPRESENTATION_CONTEXT('2D SPACE',''
  ) );
#11583 = PCURVE('',#5628,#11584);
#11584 = DEFINITIONAL_REPRESENTATION('',(#11585),#11589);
#11585 = LINE('',#11586,#11587);
#11586 = CARTESIAN_POINT('',(0.,0.));
#11587 = VECTOR('',#11588,1.);
#11588 = DIRECTION('',(1.,0.));
#11589 = ( GEOMETRIC_REPRESENTATION_CONTEXT(2) 
PARAMETRIC_REPRESENTATION_CONTEXT() REPRESENTATION_CONTEXT('2D SPACE',''
  ) );
#11590 = FACE_BOUND('',#11591,.T.);
#11591 = EDGE_LOOP('',(#11592));
#11592 = ORIENTED_EDGE('',*,*,#11593,.T.);
#11593 = EDGE_CURVE('',#11594,#11594,#11596,.T.);
#11594 = VERTEX_POINT('',#11595);
#11595 = CARTESIAN_POINT('',(86.45,50.8,6.));
#11596 = SURFACE_CURVE('',#11597,(#11602,#11613),.PCURVE_S1.);
#11597 = CIRCLE('',#11598,2.45);
#11598 = AXIS2_PLACEMENT_3D('',#11599,#11600,#11601);
#11599 = CARTESIAN_POINT('',(88.9,50.8,6.));
#11600 = DIRECTION('',(0.,0.,-1.));
#11601 = DIRECTION('',(-1.,0.,0.));
#11602 = PCURVE('',#100,#11603);
#11603 = DEFINITIONAL_REPRESENTATION('',(#11604),#11612);
#11604 = ( BOUNDED_CURVE() B_SPLINE_CURVE(2,(#11605,#11606,#11607,#11608
    ,#11609,#11610,#11611),.UNSPECIFIED.,.T.,.F.) 
B_SPLINE_CURVE_WITH_KNOTS((1,2,2,2,2,1),(-2.094395102393,0.,
    2.094395102393,4.188790204786,6.28318530718,8.377580409573),
.UNSPECIFIED.) CURVE() GEOMETRIC_REPRESENTATION_ITEM() 
RATIONAL_B_SPLINE_CURVE((1.,0.5,1.,0.5,1.,0.5,1.)) REPRESENTATION_ITEM(
  '') );
#11605 = CARTESIAN_POINT('',(86.45,50.8));
#11606 = CARTESIAN_POINT('',(86.45,55.043524478544));
#11607 = CARTESIAN_POINT('',(90.125,52.921762239272));
#11608 = CARTESIAN_POINT('',(93.8,50.8));
#11609 = CARTESIAN_POINT('',(90.125,48.678237760728));
#11610 = CARTESIAN_POINT('',(86.45,46.556475521456));
#11611 = CARTESIAN_POINT('',(86.45,50.8));
#11612 = ( GEOMETRIC_REPRESENTATION_CONTEXT(2) 
PARAMETRIC_REPRESENTATION_CONTEXT() REPRESENTATION_CONTEXT('2D SPACE',''
  ) );
#11613 = PCURVE('',#5663,#11614);
#11614 = DEFINITIONAL_REPRESENTATION('',(#11615),#11619);
#11615 = LINE('',#11616,#11617);
#11616 = CARTESIAN_POINT('',(0.,0.));
#11617 = VECTOR('',#11618,1.);
#11618 = DIRECTION('',(1.,0.));
#11619 = ( GEOMETRIC_REPRESENTATION_CONTEXT(2) 
PARAMETRIC_REPRESENTATION_CONTEXT() REPRESENTATION_CONTEXT('2D SPACE',''
  ) );
#11620 = FACE_BOUND('',#11621,.T.);
#11621 = EDGE_LOOP('',(#11622));
#11622 = ORIENTED_EDGE('',*,*,#11623,.T.);
#11623 = EDGE_CURVE('',#11624,#11624,#11626,.T.);
#11624 = VERTEX_POINT('',#11625);
#11625 = CARTESIAN_POINT('',(86.45,63.5,6.));
#11626 = SURFACE_CURVE('',#11627,(#11632,#11643),.PCURVE_S1.);
#11627 = CIRCLE('',#11628,2.45);
#11628 = AXIS2_PLACEMENT_3D('',#11629,#11630,#11631);
#11629 = CARTESIAN_POINT('',(88.9,63.5,6.));
#11630 = DIRECTION('',(0.,0.,-1.));
#11631 = DIRECTION('',(-1.,0.,0.));
#11632 = PCURVE('',#100,#11633);
#11633 = DEFINITIONAL_REPRESENTATION('',(#11634),#11642);
#11634 = ( BOUNDED_CURVE() B_SPLINE_CURVE(2,(#11635,#11636,#11637,#11638
    ,#11639,#11640,#11641),.UNSPECIFIED.,.T.,.F.) 
B_SPLINE_CURVE_WITH_KNOTS((1,2,2,2,2,1),(-2.094395102393,0.,
    2.094395102393,4.188790204786,6.28318530718,8.377580409573),
.UNSPECIFIED.) CURVE() GEOMETRIC_REPRESENTATION_ITEM() 
RATIONAL_B_SPLINE_CURVE((1.,0.5,1.,0.5,1.,0.5,1.)) REPRESENTATION_ITEM(
  '') );
#11635 = CARTESIAN_POINT('',(86.45,63.5));
#11636 = CARTESIAN_POINT('',(86.45,67.743524478544));
#11637 = CARTESIAN_POINT('',(90.125,65.621762239272));
#11638 = CARTESIAN_POINT('',(93.8,63.5));
#11639 = CARTESIAN_POINT('',(90.125,61.378237760728));
#11640 = CARTESIAN_POINT('',(86.45,59.256475521456));
#11641 = CARTESIAN_POINT('',(86.45,63.5));
#11642 = ( GEOMETRIC_REPRESENTATION_CONTEXT(2) 
PARAMETRIC_REPRESENTATION_CONTEXT() REPRESENTATION_CONTEXT('2D SPACE',''
  ) );
#11643 = PCURVE('',#5698,#11644);
#11644 = DEFINITIONAL_REPRESENTATION('',(#11645),#11649);
#11645 = LINE('',#11646,#11647);
#11646 = CARTESIAN_POINT('',(0.,0.));
#11647 = VECTOR('',#11648,1.);
#11648 = DIRECTION('',(1.,0.));
#11649 = ( GEOMETRIC_REPRESENTATION_CONTEXT(2) 
PARAMETRIC_REPRESENTATION_CONTEXT() REPRESENTATION_CONTEXT('2D SPACE',''
  ) );
#11650 = FACE_BOUND('',#11651,.T.);
#11651 = EDGE_LOOP('',(#11652));
#11652 = ORIENTED_EDGE('',*,*,#11653,.T.);
#11653 = EDGE_CURVE('',#11654,#11654,#11656,.T.);
#11654 = VERTEX_POINT('',#11655);
#11655 = CARTESIAN_POINT('',(-2.45,88.9,6.));
#11656 = SURFACE_CURVE('',#11657,(#11662,#11673),.PCURVE_S1.);
#11657 = CIRCLE('',#11658,2.45);
#11658 = AXIS2_PLACEMENT_3D('',#11659,#11660,#11661);
#11659 = CARTESIAN_POINT('',(0.,88.9,6.));
#11660 = DIRECTION('',(0.,0.,-1.));
#11661 = DIRECTION('',(-1.,0.,0.));
#11662 = PCURVE('',#100,#11663);
#11663 = DEFINITIONAL_REPRESENTATION('',(#11664),#11672);
#11664 = ( BOUNDED_CURVE() B_SPLINE_CURVE(2,(#11665,#11666,#11667,#11668
    ,#11669,#11670,#11671),.UNSPECIFIED.,.T.,.F.) 
B_SPLINE_CURVE_WITH_KNOTS((1,2,2,2,2,1),(-2.094395102393,0.,
    2.094395102393,4.188790204786,6.28318530718,8.377580409573),
.UNSPECIFIED.) CURVE() GEOMETRIC_REPRESENTATION_ITEM() 
RATIONAL_B_SPLINE_CURVE((1.,0.5,1.,0.5,1.,0.5,1.)) REPRESENTATION_ITEM(
  '') );
#11665 = CARTESIAN_POINT('',(-2.45,88.9));
#11666 = CARTESIAN_POINT('',(-2.45,93.143524478544));
#11667 = CARTESIAN_POINT('',(1.225,91.021762239272));
#11668 = CARTESIAN_POINT('',(4.9,88.9));
#11669 = CARTESIAN_POINT('',(1.225,86.778237760728));
#11670 = CARTESIAN_POINT('',(-2.45,84.656475521456));
#11671 = CARTESIAN_POINT('',(-2.45,88.9));
#11672 = ( GEOMETRIC_REPRESENTATION_CONTEXT(2) 
PARAMETRIC_REPRESENTATION_CONTEXT() REPRESENTATION_CONTEXT('2D SPACE',''
  ) );
#11673 = PCURVE('',#5733,#11674);
#11674 = DEFINITIONAL_REPRESENTATION('',(#11675),#11679);
#11675 = LINE('',#11676,#11677);
#11676 = CARTESIAN_POINT('',(0.,0.));
#11677 = VECTOR('',#11678,1.);
#11678 = DIRECTION('',(1.,0.));
#11679 = ( GEOMETRIC_REPRESENTATION_CONTEXT(2) 
PARAMETRIC_REPRESENTATION_CONTEXT() REPRESENTATION_CONTEXT('2D SPACE',''
  ) );
#11680 = FACE_BOUND('',#11681,.T.);
#11681 = EDGE_LOOP('',(#11682));
#11682 = ORIENTED_EDGE('',*,*,#11683,.T.);
#11683 = EDGE_CURVE('',#11684,#11684,#11686,.T.);
#11684 = VERTEX_POINT('',#11685);
#11685 = CARTESIAN_POINT('',(10.25,88.9,6.));
#11686 = SURFACE_CURVE('',#11687,(#11692,#11703),.PCURVE_S1.);
#11687 = CIRCLE('',#11688,2.45);
#11688 = AXIS2_PLACEMENT_3D('',#11689,#11690,#11691);
#11689 = CARTESIAN_POINT('',(12.7,88.9,6.));
#11690 = DIRECTION('',(0.,0.,-1.));
#11691 = DIRECTION('',(-1.,0.,0.));
#11692 = PCURVE('',#100,#11693);
#11693 = DEFINITIONAL_REPRESENTATION('',(#11694),#11702);
#11694 = ( BOUNDED_CURVE() B_SPLINE_CURVE(2,(#11695,#11696,#11697,#11698
    ,#11699,#11700,#11701),.UNSPECIFIED.,.T.,.F.) 
B_SPLINE_CURVE_WITH_KNOTS((1,2,2,2,2,1),(-2.094395102393,0.,
    2.094395102393,4.188790204786,6.28318530718,8.377580409573),
.UNSPECIFIED.) CURVE() GEOMETRIC_REPRESENTATION_ITEM() 
RATIONAL_B_SPLINE_CURVE((1.,0.5,1.,0.5,1.,0.5,1.)) REPRESENTATION_ITEM(
  '') );
#11695 = CARTESIAN_POINT('',(10.25,88.9));
#11696 = CARTESIAN_POINT('',(10.25,93.143524478544));
#11697 = CARTESIAN_POINT('',(13.925,91.021762239272));
#11698 = CARTESIAN_POINT('',(17.6,88.9));
#11699 = CARTESIAN_POINT('',(13.925,86.778237760728));
#11700 = CARTESIAN_POINT('',(10.25,84.656475521456));
#11701 = CARTESIAN_POINT('',(10.25,88.9));
#11702 = ( GEOMETRIC_REPRESENTATION_CONTEXT(2) 
PARAMETRIC_REPRESENTATION_CONTEXT() REPRESENTATION_CONTEXT('2D SPACE',''
  ) );
#11703 = PCURVE('',#5768,#11704);
#11704 = DEFINITIONAL_REPRESENTATION('',(#11705),#11709);
#11705 = LINE('',#11706,#11707);
#11706 = CARTESIAN_POINT('',(0.,0.));
#11707 = VECTOR('',#11708,1.);
#11708 = DIRECTION('',(1.,0.));
#11709 = ( GEOMETRIC_REPRESENTATION_CONTEXT(2) 
PARAMETRIC_REPRESENTATION_CONTEXT() REPRESENTATION_CONTEXT('2D SPACE',''
  ) );
#11710 = FACE_BOUND('',#11711,.T.);
#11711 = EDGE_LOOP('',(#11712));
#11712 = ORIENTED_EDGE('',*,*,#11713,.T.);
#11713 = EDGE_CURVE('',#11714,#11714,#11716,.T.);
#11714 = VERTEX_POINT('',#11715);
#11715 = CARTESIAN_POINT('',(22.95,88.9,6.));
#11716 = SURFACE_CURVE('',#11717,(#11722,#11733),.PCURVE_S1.);
#11717 = CIRCLE('',#11718,2.45);
#11718 = AXIS2_PLACEMENT_3D('',#11719,#11720,#11721);
#11719 = CARTESIAN_POINT('',(25.4,88.9,6.));
#11720 = DIRECTION('',(0.,0.,-1.));
#11721 = DIRECTION('',(-1.,0.,0.));
#11722 = PCURVE('',#100,#11723);
#11723 = DEFINITIONAL_REPRESENTATION('',(#11724),#11732);
#11724 = ( BOUNDED_CURVE() B_SPLINE_CURVE(2,(#11725,#11726,#11727,#11728
    ,#11729,#11730,#11731),.UNSPECIFIED.,.T.,.F.) 
B_SPLINE_CURVE_WITH_KNOTS((1,2,2,2,2,1),(-2.094395102393,0.,
    2.094395102393,4.188790204786,6.28318530718,8.377580409573),
.UNSPECIFIED.) CURVE() GEOMETRIC_REPRESENTATION_ITEM() 
RATIONAL_B_SPLINE_CURVE((1.,0.5,1.,0.5,1.,0.5,1.)) REPRESENTATION_ITEM(
  '') );
#11725 = CARTESIAN_POINT('',(22.95,88.9));
#11726 = CARTESIAN_POINT('',(22.95,93.143524478544));
#11727 = CARTESIAN_POINT('',(26.625,91.021762239272));
#11728 = CARTESIAN_POINT('',(30.3,88.9));
#11729 = CARTESIAN_POINT('',(26.625,86.778237760728));
#11730 = CARTESIAN_POINT('',(22.95,84.656475521456));
#11731 = CARTESIAN_POINT('',(22.95,88.9));
#11732 = ( GEOMETRIC_REPRESENTATION_CONTEXT(2) 
PARAMETRIC_REPRESENTATION_CONTEXT() REPRESENTATION_CONTEXT('2D SPACE',''
  ) );
#11733 = PCURVE('',#5803,#11734);
#11734 = DEFINITIONAL_REPRESENTATION('',(#11735),#11739);
#11735 = LINE('',#11736,#11737);
#11736 = CARTESIAN_POINT('',(0.,0.));
#11737 = VECTOR('',#11738,1.);
#11738 = DIRECTION('',(1.,0.));
#11739 = ( GEOMETRIC_REPRESENTATION_CONTEXT(2) 
PARAMETRIC_REPRESENTATION_CONTEXT() REPRESENTATION_CONTEXT('2D SPACE',''
  ) );
#11740 = FACE_BOUND('',#11741,.T.);
#11741 = EDGE_LOOP('',(#11742));
#11742 = ORIENTED_EDGE('',*,*,#11743,.T.);
#11743 = EDGE_CURVE('',#11744,#11744,#11746,.T.);
#11744 = VERTEX_POINT('',#11745);
#11745 = CARTESIAN_POINT('',(35.65,88.9,6.));
#11746 = SURFACE_CURVE('',#11747,(#11752,#11763),.PCURVE_S1.);
#11747 = CIRCLE('',#11748,2.45);
#11748 = AXIS2_PLACEMENT_3D('',#11749,#11750,#11751);
#11749 = CARTESIAN_POINT('',(38.1,88.9,6.));
#11750 = DIRECTION('',(0.,0.,-1.));
#11751 = DIRECTION('',(-1.,0.,0.));
#11752 = PCURVE('',#100,#11753);
#11753 = DEFINITIONAL_REPRESENTATION('',(#11754),#11762);
#11754 = ( BOUNDED_CURVE() B_SPLINE_CURVE(2,(#11755,#11756,#11757,#11758
    ,#11759,#11760,#11761),.UNSPECIFIED.,.T.,.F.) 
B_SPLINE_CURVE_WITH_KNOTS((1,2,2,2,2,1),(-2.094395102393,0.,
    2.094395102393,4.188790204786,6.28318530718,8.377580409573),
.UNSPECIFIED.) CURVE() GEOMETRIC_REPRESENTATION_ITEM() 
RATIONAL_B_SPLINE_CURVE((1.,0.5,1.,0.5,1.,0.5,1.)) REPRESENTATION_ITEM(
  '') );
#11755 = CARTESIAN_POINT('',(35.65,88.9));
#11756 = CARTESIAN_POINT('',(35.65,93.143524478544));
#11757 = CARTESIAN_POINT('',(39.325,91.021762239272));
#11758 = CARTESIAN_POINT('',(43.,88.9));
#11759 = CARTESIAN_POINT('',(39.325,86.778237760728));
#11760 = CARTESIAN_POINT('',(35.65,84.656475521456));
#11761 = CARTESIAN_POINT('',(35.65,88.9));
#11762 = ( GEOMETRIC_REPRESENTATION_CONTEXT(2) 
PARAMETRIC_REPRESENTATION_CONTEXT() REPRESENTATION_CONTEXT('2D SPACE',''
  ) );
#11763 = PCURVE('',#5838,#11764);
#11764 = DEFINITIONAL_REPRESENTATION('',(#11765),#11769);
#11765 = LINE('',#11766,#11767);
#11766 = CARTESIAN_POINT('',(0.,0.));
#11767 = VECTOR('',#11768,1.);
#11768 = DIRECTION('',(1.,0.));
#11769 = ( GEOMETRIC_REPRESENTATION_CONTEXT(2) 
PARAMETRIC_REPRESENTATION_CONTEXT() REPRESENTATION_CONTEXT('2D SPACE',''
  ) );
#11770 = FACE_BOUND('',#11771,.T.);
#11771 = EDGE_LOOP('',(#11772));
#11772 = ORIENTED_EDGE('',*,*,#11773,.T.);
#11773 = EDGE_CURVE('',#11774,#11774,#11776,.T.);
#11774 = VERTEX_POINT('',#11775);
#11775 = CARTESIAN_POINT('',(-2.45,101.6,6.));
#11776 = SURFACE_CURVE('',#11777,(#11782,#11793),.PCURVE_S1.);
#11777 = CIRCLE('',#11778,2.45);
#11778 = AXIS2_PLACEMENT_3D('',#11779,#11780,#11781);
#11779 = CARTESIAN_POINT('',(0.,101.6,6.));
#11780 = DIRECTION('',(0.,0.,-1.));
#11781 = DIRECTION('',(-1.,0.,0.));
#11782 = PCURVE('',#100,#11783);
#11783 = DEFINITIONAL_REPRESENTATION('',(#11784),#11792);
#11784 = ( BOUNDED_CURVE() B_SPLINE_CURVE(2,(#11785,#11786,#11787,#11788
    ,#11789,#11790,#11791),.UNSPECIFIED.,.T.,.F.) 
B_SPLINE_CURVE_WITH_KNOTS((1,2,2,2,2,1),(-2.094395102393,0.,
    2.094395102393,4.188790204786,6.28318530718,8.377580409573),
.UNSPECIFIED.) CURVE() GEOMETRIC_REPRESENTATION_ITEM() 
RATIONAL_B_SPLINE_CURVE((1.,0.5,1.,0.5,1.,0.5,1.)) REPRESENTATION_ITEM(
  '') );
#11785 = CARTESIAN_POINT('',(-2.45,101.6));
#11786 = CARTESIAN_POINT('',(-2.45,105.84352447854));
#11787 = CARTESIAN_POINT('',(1.225,103.72176223927));
#11788 = CARTESIAN_POINT('',(4.9,101.6));
#11789 = CARTESIAN_POINT('',(1.225,99.478237760728));
#11790 = CARTESIAN_POINT('',(-2.45,97.356475521456));
#11791 = CARTESIAN_POINT('',(-2.45,101.6));
#11792 = ( GEOMETRIC_REPRESENTATION_CONTEXT(2) 
PARAMETRIC_REPRESENTATION_CONTEXT() REPRESENTATION_CONTEXT('2D SPACE',''
  ) );
#11793 = PCURVE('',#5873,#11794);
#11794 = DEFINITIONAL_REPRESENTATION('',(#11795),#11799);
#11795 = LINE('',#11796,#11797);
#11796 = CARTESIAN_POINT('',(0.,0.));
#11797 = VECTOR('',#11798,1.);
#11798 = DIRECTION('',(1.,0.));
#11799 = ( GEOMETRIC_REPRESENTATION_CONTEXT(2) 
PARAMETRIC_REPRESENTATION_CONTEXT() REPRESENTATION_CONTEXT('2D SPACE',''
  ) );
#11800 = FACE_BOUND('',#11801,.T.);
#11801 = EDGE_LOOP('',(#11802));
#11802 = ORIENTED_EDGE('',*,*,#11803,.T.);
#11803 = EDGE_CURVE('',#11804,#11804,#11806,.T.);
#11804 = VERTEX_POINT('',#11805);
#11805 = CARTESIAN_POINT('',(10.25,101.6,6.));
#11806 = SURFACE_CURVE('',#11807,(#11812,#11823),.PCURVE_S1.);
#11807 = CIRCLE('',#11808,2.45);
#11808 = AXIS2_PLACEMENT_3D('',#11809,#11810,#11811);
#11809 = CARTESIAN_POINT('',(12.7,101.6,6.));
#11810 = DIRECTION('',(0.,0.,-1.));
#11811 = DIRECTION('',(-1.,0.,0.));
#11812 = PCURVE('',#100,#11813);
#11813 = DEFINITIONAL_REPRESENTATION('',(#11814),#11822);
#11814 = ( BOUNDED_CURVE() B_SPLINE_CURVE(2,(#11815,#11816,#11817,#11818
    ,#11819,#11820,#11821),.UNSPECIFIED.,.T.,.F.) 
B_SPLINE_CURVE_WITH_KNOTS((1,2,2,2,2,1),(-2.094395102393,0.,
    2.094395102393,4.188790204786,6.28318530718,8.377580409573),
.UNSPECIFIED.) CURVE() GEOMETRIC_REPRESENTATION_ITEM() 
RATIONAL_B_SPLINE_CURVE((1.,0.5,1.,0.5,1.,0.5,1.)) REPRESENTATION_ITEM(
  '') );
#11815 = CARTESIAN_POINT('',(10.25,101.6));
#11816 = CARTESIAN_POINT('',(10.25,105.84352447854));
#11817 = CARTESIAN_POINT('',(13.925,103.72176223927));
#11818 = CARTESIAN_POINT('',(17.6,101.6));
#11819 = CARTESIAN_POINT('',(13.925,99.478237760728));
#11820 = CARTESIAN_POINT('',(10.25,97.356475521456));
#11821 = CARTESIAN_POINT('',(10.25,101.6));
#11822 = ( GEOMETRIC_REPRESENTATION_CONTEXT(2) 
PARAMETRIC_REPRESENTATION_CONTEXT() REPRESENTATION_CONTEXT('2D SPACE',''
  ) );
#11823 = PCURVE('',#5908,#11824);
#11824 = DEFINITIONAL_REPRESENTATION('',(#11825),#11829);
#11825 = LINE('',#11826,#11827);
#11826 = CARTESIAN_POINT('',(0.,0.));
#11827 = VECTOR('',#11828,1.);
#11828 = DIRECTION('',(1.,0.));
#11829 = ( GEOMETRIC_REPRESENTATION_CONTEXT(2) 
PARAMETRIC_REPRESENTATION_CONTEXT() REPRESENTATION_CONTEXT('2D SPACE',''
  ) );
#11830 = FACE_BOUND('',#11831,.T.);
#11831 = EDGE_LOOP('',(#11832));
#11832 = ORIENTED_EDGE('',*,*,#11833,.T.);
#11833 = EDGE_CURVE('',#11834,#11834,#11836,.T.);
#11834 = VERTEX_POINT('',#11835);
#11835 = CARTESIAN_POINT('',(-2.45,114.3,6.));
#11836 = SURFACE_CURVE('',#11837,(#11842,#11853),.PCURVE_S1.);
#11837 = CIRCLE('',#11838,2.45);
#11838 = AXIS2_PLACEMENT_3D('',#11839,#11840,#11841);
#11839 = CARTESIAN_POINT('',(0.,114.3,6.));
#11840 = DIRECTION('',(0.,0.,-1.));
#11841 = DIRECTION('',(-1.,0.,0.));
#11842 = PCURVE('',#100,#11843);
#11843 = DEFINITIONAL_REPRESENTATION('',(#11844),#11852);
#11844 = ( BOUNDED_CURVE() B_SPLINE_CURVE(2,(#11845,#11846,#11847,#11848
    ,#11849,#11850,#11851),.UNSPECIFIED.,.T.,.F.) 
B_SPLINE_CURVE_WITH_KNOTS((1,2,2,2,2,1),(-2.094395102393,0.,
    2.094395102393,4.188790204786,6.28318530718,8.377580409573),
.UNSPECIFIED.) CURVE() GEOMETRIC_REPRESENTATION_ITEM() 
RATIONAL_B_SPLINE_CURVE((1.,0.5,1.,0.5,1.,0.5,1.)) REPRESENTATION_ITEM(
  '') );
#11845 = CARTESIAN_POINT('',(-2.45,114.3));
#11846 = CARTESIAN_POINT('',(-2.45,118.54352447854));
#11847 = CARTESIAN_POINT('',(1.225,116.42176223927));
#11848 = CARTESIAN_POINT('',(4.9,114.3));
#11849 = CARTESIAN_POINT('',(1.225,112.17823776072));
#11850 = CARTESIAN_POINT('',(-2.45,110.05647552145));
#11851 = CARTESIAN_POINT('',(-2.45,114.3));
#11852 = ( GEOMETRIC_REPRESENTATION_CONTEXT(2) 
PARAMETRIC_REPRESENTATION_CONTEXT() REPRESENTATION_CONTEXT('2D SPACE',''
  ) );
#11853 = PCURVE('',#5943,#11854);
#11854 = DEFINITIONAL_REPRESENTATION('',(#11855),#11859);
#11855 = LINE('',#11856,#11857);
#11856 = CARTESIAN_POINT('',(0.,0.));
#11857 = VECTOR('',#11858,1.);
#11858 = DIRECTION('',(1.,0.));
#11859 = ( GEOMETRIC_REPRESENTATION_CONTEXT(2) 
PARAMETRIC_REPRESENTATION_CONTEXT() REPRESENTATION_CONTEXT('2D SPACE',''
  ) );
#11860 = FACE_BOUND('',#11861,.T.);
#11861 = EDGE_LOOP('',(#11862));
#11862 = ORIENTED_EDGE('',*,*,#11863,.T.);
#11863 = EDGE_CURVE('',#11864,#11864,#11866,.T.);
#11864 = VERTEX_POINT('',#11865);
#11865 = CARTESIAN_POINT('',(-2.45,127.,6.));
#11866 = SURFACE_CURVE('',#11867,(#11872,#11883),.PCURVE_S1.);
#11867 = CIRCLE('',#11868,2.45);
#11868 = AXIS2_PLACEMENT_3D('',#11869,#11870,#11871);
#11869 = CARTESIAN_POINT('',(0.,127.,6.));
#11870 = DIRECTION('',(0.,0.,-1.));
#11871 = DIRECTION('',(-1.,0.,0.));
#11872 = PCURVE('',#100,#11873);
#11873 = DEFINITIONAL_REPRESENTATION('',(#11874),#11882);
#11874 = ( BOUNDED_CURVE() B_SPLINE_CURVE(2,(#11875,#11876,#11877,#11878
    ,#11879,#11880,#11881),.UNSPECIFIED.,.T.,.F.) 
B_SPLINE_CURVE_WITH_KNOTS((1,2,2,2,2,1),(-2.094395102393,0.,
    2.094395102393,4.188790204786,6.28318530718,8.377580409573),
.UNSPECIFIED.) CURVE() GEOMETRIC_REPRESENTATION_ITEM() 
RATIONAL_B_SPLINE_CURVE((1.,0.5,1.,0.5,1.,0.5,1.)) REPRESENTATION_ITEM(
  '') );
#11875 = CARTESIAN_POINT('',(-2.45,127.));
#11876 = CARTESIAN_POINT('',(-2.45,131.24352447854));
#11877 = CARTESIAN_POINT('',(1.225,129.12176223927));
#11878 = CARTESIAN_POINT('',(4.9,127.));
#11879 = CARTESIAN_POINT('',(1.225,124.87823776072));
#11880 = CARTESIAN_POINT('',(-2.45,122.75647552145));
#11881 = CARTESIAN_POINT('',(-2.45,127.));
#11882 = ( GEOMETRIC_REPRESENTATION_CONTEXT(2) 
PARAMETRIC_REPRESENTATION_CONTEXT() REPRESENTATION_CONTEXT('2D SPACE',''
  ) );
#11883 = PCURVE('',#5978,#11884);
#11884 = DEFINITIONAL_REPRESENTATION('',(#11885),#11889);
#11885 = LINE('',#11886,#11887);
#11886 = CARTESIAN_POINT('',(0.,0.));
#11887 = VECTOR('',#11888,1.);
#11888 = DIRECTION('',(1.,0.));
#11889 = ( GEOMETRIC_REPRESENTATION_CONTEXT(2) 
PARAMETRIC_REPRESENTATION_CONTEXT() REPRESENTATION_CONTEXT('2D SPACE',''
  ) );
#11890 = FACE_BOUND('',#11891,.T.);
#11891 = EDGE_LOOP('',(#11892));
#11892 = ORIENTED_EDGE('',*,*,#11893,.T.);
#11893 = EDGE_CURVE('',#11894,#11894,#11896,.T.);
#11894 = VERTEX_POINT('',#11895);
#11895 = CARTESIAN_POINT('',(10.25,114.3,6.));
#11896 = SURFACE_CURVE('',#11897,(#11902,#11913),.PCURVE_S1.);
#11897 = CIRCLE('',#11898,2.45);
#11898 = AXIS2_PLACEMENT_3D('',#11899,#11900,#11901);
#11899 = CARTESIAN_POINT('',(12.7,114.3,6.));
#11900 = DIRECTION('',(0.,0.,-1.));
#11901 = DIRECTION('',(-1.,0.,0.));
#11902 = PCURVE('',#100,#11903);
#11903 = DEFINITIONAL_REPRESENTATION('',(#11904),#11912);
#11904 = ( BOUNDED_CURVE() B_SPLINE_CURVE(2,(#11905,#11906,#11907,#11908
    ,#11909,#11910,#11911),.UNSPECIFIED.,.T.,.F.) 
B_SPLINE_CURVE_WITH_KNOTS((1,2,2,2,2,1),(-2.094395102393,0.,
    2.094395102393,4.188790204786,6.28318530718,8.377580409573),
.UNSPECIFIED.) CURVE() GEOMETRIC_REPRESENTATION_ITEM() 
RATIONAL_B_SPLINE_CURVE((1.,0.5,1.,0.5,1.,0.5,1.)) REPRESENTATION_ITEM(
  '') );
#11905 = CARTESIAN_POINT('',(10.25,114.3));
#11906 = CARTESIAN_POINT('',(10.25,118.54352447854));
#11907 = CARTESIAN_POINT('',(13.925,116.42176223927));
#11908 = CARTESIAN_POINT('',(17.6,114.3));
#11909 = CARTESIAN_POINT('',(13.925,112.17823776072));
#11910 = CARTESIAN_POINT('',(10.25,110.05647552145));
#11911 = CARTESIAN_POINT('',(10.25,114.3));
#11912 = ( GEOMETRIC_REPRESENTATION_CONTEXT(2) 
PARAMETRIC_REPRESENTATION_CONTEXT() REPRESENTATION_CONTEXT('2D SPACE',''
  ) );
#11913 = PCURVE('',#6013,#11914);
#11914 = DEFINITIONAL_REPRESENTATION('',(#11915),#11919);
#11915 = LINE('',#11916,#11917);
#11916 = CARTESIAN_POINT('',(0.,0.));
#11917 = VECTOR('',#11918,1.);
#11918 = DIRECTION('',(1.,0.));
#11919 = ( GEOMETRIC_REPRESENTATION_CONTEXT(2) 
PARAMETRIC_REPRESENTATION_CONTEXT() REPRESENTATION_CONTEXT('2D SPACE',''
  ) );
#11920 = FACE_BOUND('',#11921,.T.);
#11921 = EDGE_LOOP('',(#11922));
#11922 = ORIENTED_EDGE('',*,*,#11923,.T.);
#11923 = EDGE_CURVE('',#11924,#11924,#11926,.T.);
#11924 = VERTEX_POINT('',#11925);
#11925 = CARTESIAN_POINT('',(10.25,127.,6.));
#11926 = SURFACE_CURVE('',#11927,(#11932,#11943),.PCURVE_S1.);
#11927 = CIRCLE('',#11928,2.45);
#11928 = AXIS2_PLACEMENT_3D('',#11929,#11930,#11931);
#11929 = CARTESIAN_POINT('',(12.7,127.,6.));
#11930 = DIRECTION('',(0.,0.,-1.));
#11931 = DIRECTION('',(-1.,0.,0.));
#11932 = PCURVE('',#100,#11933);
#11933 = DEFINITIONAL_REPRESENTATION('',(#11934),#11942);
#11934 = ( BOUNDED_CURVE() B_SPLINE_CURVE(2,(#11935,#11936,#11937,#11938
    ,#11939,#11940,#11941),.UNSPECIFIED.,.T.,.F.) 
B_SPLINE_CURVE_WITH_KNOTS((1,2,2,2,2,1),(-2.094395102393,0.,
    2.094395102393,4.188790204786,6.28318530718,8.377580409573),
.UNSPECIFIED.) CURVE() GEOMETRIC_REPRESENTATION_ITEM() 
RATIONAL_B_SPLINE_CURVE((1.,0.5,1.,0.5,1.,0.5,1.)) REPRESENTATION_ITEM(
  '') );
#11935 = CARTESIAN_POINT('',(10.25,127.));
#11936 = CARTESIAN_POINT('',(10.25,131.24352447854));
#11937 = CARTESIAN_POINT('',(13.925,129.12176223927));
#11938 = CARTESIAN_POINT('',(17.6,127.));
#11939 = CARTESIAN_POINT('',(13.925,124.87823776072));
#11940 = CARTESIAN_POINT('',(10.25,122.75647552145));
#11941 = CARTESIAN_POINT('',(10.25,127.));
#11942 = ( GEOMETRIC_REPRESENTATION_CONTEXT(2) 
PARAMETRIC_REPRESENTATION_CONTEXT() REPRESENTATION_CONTEXT('2D SPACE',''
  ) );
#11943 = PCURVE('',#6048,#11944);
#11944 = DEFINITIONAL_REPRESENTATION('',(#11945),#11949);
#11945 = LINE('',#11946,#11947);
#11946 = CARTESIAN_POINT('',(0.,0.));
#11947 = VECTOR('',#11948,1.);
#11948 = DIRECTION('',(1.,0.));
#11949 = ( GEOMETRIC_REPRESENTATION_CONTEXT(2) 
PARAMETRIC_REPRESENTATION_CONTEXT() REPRESENTATION_CONTEXT('2D SPACE',''
  ) );
#11950 = FACE_BOUND('',#11951,.T.);
#11951 = EDGE_LOOP('',(#11952));
#11952 = ORIENTED_EDGE('',*,*,#11953,.T.);
#11953 = EDGE_CURVE('',#11954,#11954,#11956,.T.);
#11954 = VERTEX_POINT('',#11955);
#11955 = CARTESIAN_POINT('',(22.95,101.6,6.));
#11956 = SURFACE_CURVE('',#11957,(#11962,#11973),.PCURVE_S1.);
#11957 = CIRCLE('',#11958,2.45);
#11958 = AXIS2_PLACEMENT_3D('',#11959,#11960,#11961);
#11959 = CARTESIAN_POINT('',(25.4,101.6,6.));
#11960 = DIRECTION('',(0.,0.,-1.));
#11961 = DIRECTION('',(-1.,0.,0.));
#11962 = PCURVE('',#100,#11963);
#11963 = DEFINITIONAL_REPRESENTATION('',(#11964),#11972);
#11964 = ( BOUNDED_CURVE() B_SPLINE_CURVE(2,(#11965,#11966,#11967,#11968
    ,#11969,#11970,#11971),.UNSPECIFIED.,.T.,.F.) 
B_SPLINE_CURVE_WITH_KNOTS((1,2,2,2,2,1),(-2.094395102393,0.,
    2.094395102393,4.188790204786,6.28318530718,8.377580409573),
.UNSPECIFIED.) CURVE() GEOMETRIC_REPRESENTATION_ITEM() 
RATIONAL_B_SPLINE_CURVE((1.,0.5,1.,0.5,1.,0.5,1.)) REPRESENTATION_ITEM(
  '') );
#11965 = CARTESIAN_POINT('',(22.95,101.6));
#11966 = CARTESIAN_POINT('',(22.95,105.84352447854));
#11967 = CARTESIAN_POINT('',(26.625,103.72176223927));
#11968 = CARTESIAN_POINT('',(30.3,101.6));
#11969 = CARTESIAN_POINT('',(26.625,99.478237760728));
#11970 = CARTESIAN_POINT('',(22.95,97.356475521456));
#11971 = CARTESIAN_POINT('',(22.95,101.6));
#11972 = ( GEOMETRIC_REPRESENTATION_CONTEXT(2) 
PARAMETRIC_REPRESENTATION_CONTEXT() REPRESENTATION_CONTEXT('2D SPACE',''
  ) );
#11973 = PCURVE('',#6083,#11974);
#11974 = DEFINITIONAL_REPRESENTATION('',(#11975),#11979);
#11975 = LINE('',#11976,#11977);
#11976 = CARTESIAN_POINT('',(0.,0.));
#11977 = VECTOR('',#11978,1.);
#11978 = DIRECTION('',(1.,0.));
#11979 = ( GEOMETRIC_REPRESENTATION_CONTEXT(2) 
PARAMETRIC_REPRESENTATION_CONTEXT() REPRESENTATION_CONTEXT('2D SPACE',''
  ) );
#11980 = FACE_BOUND('',#11981,.T.);
#11981 = EDGE_LOOP('',(#11982));
#11982 = ORIENTED_EDGE('',*,*,#11983,.T.);
#11983 = EDGE_CURVE('',#11984,#11984,#11986,.T.);
#11984 = VERTEX_POINT('',#11985);
#11985 = CARTESIAN_POINT('',(35.65,101.6,6.));
#11986 = SURFACE_CURVE('',#11987,(#11992,#12003),.PCURVE_S1.);
#11987 = CIRCLE('',#11988,2.45);
#11988 = AXIS2_PLACEMENT_3D('',#11989,#11990,#11991);
#11989 = CARTESIAN_POINT('',(38.1,101.6,6.));
#11990 = DIRECTION('',(0.,0.,-1.));
#11991 = DIRECTION('',(-1.,0.,0.));
#11992 = PCURVE('',#100,#11993);
#11993 = DEFINITIONAL_REPRESENTATION('',(#11994),#12002);
#11994 = ( BOUNDED_CURVE() B_SPLINE_CURVE(2,(#11995,#11996,#11997,#11998
    ,#11999,#12000,#12001),.UNSPECIFIED.,.T.,.F.) 
B_SPLINE_CURVE_WITH_KNOTS((1,2,2,2,2,1),(-2.094395102393,0.,
    2.094395102393,4.188790204786,6.28318530718,8.377580409573),
.UNSPECIFIED.) CURVE() GEOMETRIC_REPRESENTATION_ITEM() 
RATIONAL_B_SPLINE_CURVE((1.,0.5,1.,0.5,1.,0.5,1.)) REPRESENTATION_ITEM(
  '') );
#11995 = CARTESIAN_POINT('',(35.65,101.6));
#11996 = CARTESIAN_POINT('',(35.65,105.84352447854));
#11997 = CARTESIAN_POINT('',(39.325,103.72176223927));
#11998 = CARTESIAN_POINT('',(43.,101.6));
#11999 = CARTESIAN_POINT('',(39.325,99.478237760728));
#12000 = CARTESIAN_POINT('',(35.65,97.356475521456));
#12001 = CARTESIAN_POINT('',(35.65,101.6));
#12002 = ( GEOMETRIC_REPRESENTATION_CONTEXT(2) 
PARAMETRIC_REPRESENTATION_CONTEXT() REPRESENTATION_CONTEXT('2D SPACE',''
  ) );
#12003 = PCURVE('',#6118,#12004);
#12004 = DEFINITIONAL_REPRESENTATION('',(#12005),#12009);
#12005 = LINE('',#12006,#12007);
#12006 = CARTESIAN_POINT('',(0.,0.));
#12007 = VECTOR('',#12008,1.);
#12008 = DIRECTION('',(1.,0.));
#12009 = ( GEOMETRIC_REPRESENTATION_CONTEXT(2) 
PARAMETRIC_REPRESENTATION_CONTEXT() REPRESENTATION_CONTEXT('2D SPACE',''
  ) );
#12010 = FACE_BOUND('',#12011,.T.);
#12011 = EDGE_LOOP('',(#12012));
#12012 = ORIENTED_EDGE('',*,*,#12013,.T.);
#12013 = EDGE_CURVE('',#12014,#12014,#12016,.T.);
#12014 = VERTEX_POINT('',#12015);
#12015 = CARTESIAN_POINT('',(22.95,114.3,6.));
#12016 = SURFACE_CURVE('',#12017,(#12022,#12033),.PCURVE_S1.);
#12017 = CIRCLE('',#12018,2.45);
#12018 = AXIS2_PLACEMENT_3D('',#12019,#12020,#12021);
#12019 = CARTESIAN_POINT('',(25.4,114.3,6.));
#12020 = DIRECTION('',(0.,0.,-1.));
#12021 = DIRECTION('',(-1.,0.,0.));
#12022 = PCURVE('',#100,#12023);
#12023 = DEFINITIONAL_REPRESENTATION('',(#12024),#12032);
#12024 = ( BOUNDED_CURVE() B_SPLINE_CURVE(2,(#12025,#12026,#12027,#12028
    ,#12029,#12030,#12031),.UNSPECIFIED.,.T.,.F.) 
B_SPLINE_CURVE_WITH_KNOTS((1,2,2,2,2,1),(-2.094395102393,0.,
    2.094395102393,4.188790204786,6.28318530718,8.377580409573),
.UNSPECIFIED.) CURVE() GEOMETRIC_REPRESENTATION_ITEM() 
RATIONAL_B_SPLINE_CURVE((1.,0.5,1.,0.5,1.,0.5,1.)) REPRESENTATION_ITEM(
  '') );
#12025 = CARTESIAN_POINT('',(22.95,114.3));
#12026 = CARTESIAN_POINT('',(22.95,118.54352447854));
#12027 = CARTESIAN_POINT('',(26.625,116.42176223927));
#12028 = CARTESIAN_POINT('',(30.3,114.3));
#12029 = CARTESIAN_POINT('',(26.625,112.17823776072));
#12030 = CARTESIAN_POINT('',(22.95,110.05647552145));
#12031 = CARTESIAN_POINT('',(22.95,114.3));
#12032 = ( GEOMETRIC_REPRESENTATION_CONTEXT(2) 
PARAMETRIC_REPRESENTATION_CONTEXT() REPRESENTATION_CONTEXT('2D SPACE',''
  ) );
#12033 = PCURVE('',#6153,#12034);
#12034 = DEFINITIONAL_REPRESENTATION('',(#12035),#12039);
#12035 = LINE('',#12036,#12037);
#12036 = CARTESIAN_POINT('',(0.,0.));
#12037 = VECTOR('',#12038,1.);
#12038 = DIRECTION('',(1.,0.));
#12039 = ( GEOMETRIC_REPRESENTATION_CONTEXT(2) 
PARAMETRIC_REPRESENTATION_CONTEXT() REPRESENTATION_CONTEXT('2D SPACE',''
  ) );
#12040 = FACE_BOUND('',#12041,.T.);
#12041 = EDGE_LOOP('',(#12042));
#12042 = ORIENTED_EDGE('',*,*,#12043,.T.);
#12043 = EDGE_CURVE('',#12044,#12044,#12046,.T.);
#12044 = VERTEX_POINT('',#12045);
#12045 = CARTESIAN_POINT('',(22.95,127.,6.));
#12046 = SURFACE_CURVE('',#12047,(#12052,#12063),.PCURVE_S1.);
#12047 = CIRCLE('',#12048,2.45);
#12048 = AXIS2_PLACEMENT_3D('',#12049,#12050,#12051);
#12049 = CARTESIAN_POINT('',(25.4,127.,6.));
#12050 = DIRECTION('',(0.,0.,-1.));
#12051 = DIRECTION('',(-1.,0.,0.));
#12052 = PCURVE('',#100,#12053);
#12053 = DEFINITIONAL_REPRESENTATION('',(#12054),#12062);
#12054 = ( BOUNDED_CURVE() B_SPLINE_CURVE(2,(#12055,#12056,#12057,#12058
    ,#12059,#12060,#12061),.UNSPECIFIED.,.T.,.F.) 
B_SPLINE_CURVE_WITH_KNOTS((1,2,2,2,2,1),(-2.094395102393,0.,
    2.094395102393,4.188790204786,6.28318530718,8.377580409573),
.UNSPECIFIED.) CURVE() GEOMETRIC_REPRESENTATION_ITEM() 
RATIONAL_B_SPLINE_CURVE((1.,0.5,1.,0.5,1.,0.5,1.)) REPRESENTATION_ITEM(
  '') );
#12055 = CARTESIAN_POINT('',(22.95,127.));
#12056 = CARTESIAN_POINT('',(22.95,131.24352447854));
#12057 = CARTESIAN_POINT('',(26.625,129.12176223927));
#12058 = CARTESIAN_POINT('',(30.3,127.));
#12059 = CARTESIAN_POINT('',(26.625,124.87823776072));
#12060 = CARTESIAN_POINT('',(22.95,122.75647552145));
#12061 = CARTESIAN_POINT('',(22.95,127.));
#12062 = ( GEOMETRIC_REPRESENTATION_CONTEXT(2) 
PARAMETRIC_REPRESENTATION_CONTEXT() REPRESENTATION_CONTEXT('2D SPACE',''
  ) );
#12063 = PCURVE('',#6188,#12064);
#12064 = DEFINITIONAL_REPRESENTATION('',(#12065),#12069);
#12065 = LINE('',#12066,#12067);
#12066 = CARTESIAN_POINT('',(0.,0.));
#12067 = VECTOR('',#12068,1.);
#12068 = DIRECTION('',(1.,0.));
#12069 = ( GEOMETRIC_REPRESENTATION_CONTEXT(2) 
PARAMETRIC_REPRESENTATION_CONTEXT() REPRESENTATION_CONTEXT('2D SPACE',''
  ) );
#12070 = FACE_BOUND('',#12071,.T.);
#12071 = EDGE_LOOP('',(#12072));
#12072 = ORIENTED_EDGE('',*,*,#12073,.T.);
#12073 = EDGE_CURVE('',#12074,#12074,#12076,.T.);
#12074 = VERTEX_POINT('',#12075);
#12075 = CARTESIAN_POINT('',(35.65,114.3,6.));
#12076 = SURFACE_CURVE('',#12077,(#12082,#12093),.PCURVE_S1.);
#12077 = CIRCLE('',#12078,2.45);
#12078 = AXIS2_PLACEMENT_3D('',#12079,#12080,#12081);
#12079 = CARTESIAN_POINT('',(38.1,114.3,6.));
#12080 = DIRECTION('',(0.,0.,-1.));
#12081 = DIRECTION('',(-1.,0.,0.));
#12082 = PCURVE('',#100,#12083);
#12083 = DEFINITIONAL_REPRESENTATION('',(#12084),#12092);
#12084 = ( BOUNDED_CURVE() B_SPLINE_CURVE(2,(#12085,#12086,#12087,#12088
    ,#12089,#12090,#12091),.UNSPECIFIED.,.T.,.F.) 
B_SPLINE_CURVE_WITH_KNOTS((1,2,2,2,2,1),(-2.094395102393,0.,
    2.094395102393,4.188790204786,6.28318530718,8.377580409573),
.UNSPECIFIED.) CURVE() GEOMETRIC_REPRESENTATION_ITEM() 
RATIONAL_B_SPLINE_CURVE((1.,0.5,1.,0.5,1.,0.5,1.)) REPRESENTATION_ITEM(
  '') );
#12085 = CARTESIAN_POINT('',(35.65,114.3));
#12086 = CARTESIAN_POINT('',(35.65,118.54352447854));
#12087 = CARTESIAN_POINT('',(39.325,116.42176223927));
#12088 = CARTESIAN_POINT('',(43.,114.3));
#12089 = CARTESIAN_POINT('',(39.325,112.17823776072));
#12090 = CARTESIAN_POINT('',(35.65,110.05647552145));
#12091 = CARTESIAN_POINT('',(35.65,114.3));
#12092 = ( GEOMETRIC_REPRESENTATION_CONTEXT(2) 
PARAMETRIC_REPRESENTATION_CONTEXT() REPRESENTATION_CONTEXT('2D SPACE',''
  ) );
#12093 = PCURVE('',#6223,#12094);
#12094 = DEFINITIONAL_REPRESENTATION('',(#12095),#12099);
#12095 = LINE('',#12096,#12097);
#12096 = CARTESIAN_POINT('',(0.,0.));
#12097 = VECTOR('',#12098,1.);
#12098 = DIRECTION('',(1.,0.));
#12099 = ( GEOMETRIC_REPRESENTATION_CONTEXT(2) 
PARAMETRIC_REPRESENTATION_CONTEXT() REPRESENTATION_CONTEXT('2D SPACE',''
  ) );
#12100 = FACE_BOUND('',#12101,.T.);
#12101 = EDGE_LOOP('',(#12102));
#12102 = ORIENTED_EDGE('',*,*,#12103,.T.);
#12103 = EDGE_CURVE('',#12104,#12104,#12106,.T.);
#12104 = VERTEX_POINT('',#12105);
#12105 = CARTESIAN_POINT('',(35.65,127.,6.));
#12106 = SURFACE_CURVE('',#12107,(#12112,#12123),.PCURVE_S1.);
#12107 = CIRCLE('',#12108,2.45);
#12108 = AXIS2_PLACEMENT_3D('',#12109,#12110,#12111);
#12109 = CARTESIAN_POINT('',(38.1,127.,6.));
#12110 = DIRECTION('',(0.,0.,-1.));
#12111 = DIRECTION('',(-1.,0.,0.));
#12112 = PCURVE('',#100,#12113);
#12113 = DEFINITIONAL_REPRESENTATION('',(#12114),#12122);
#12114 = ( BOUNDED_CURVE() B_SPLINE_CURVE(2,(#12115,#12116,#12117,#12118
    ,#12119,#12120,#12121),.UNSPECIFIED.,.T.,.F.) 
B_SPLINE_CURVE_WITH_KNOTS((1,2,2,2,2,1),(-2.094395102393,0.,
    2.094395102393,4.188790204786,6.28318530718,8.377580409573),
.UNSPECIFIED.) CURVE() GEOMETRIC_REPRESENTATION_ITEM() 
RATIONAL_B_SPLINE_CURVE((1.,0.5,1.,0.5,1.,0.5,1.)) REPRESENTATION_ITEM(
  '') );
#12115 = CARTESIAN_POINT('',(35.65,127.));
#12116 = CARTESIAN_POINT('',(35.65,131.24352447854));
#12117 = CARTESIAN_POINT('',(39.325,129.12176223927));
#12118 = CARTESIAN_POINT('',(43.,127.));
#12119 = CARTESIAN_POINT('',(39.325,124.87823776072));
#12120 = CARTESIAN_POINT('',(35.65,122.75647552145));
#12121 = CARTESIAN_POINT('',(35.65,127.));
#12122 = ( GEOMETRIC_REPRESENTATION_CONTEXT(2) 
PARAMETRIC_REPRESENTATION_CONTEXT() REPRESENTATION_CONTEXT('2D SPACE',''
  ) );
#12123 = PCURVE('',#6258,#12124);
#12124 = DEFINITIONAL_REPRESENTATION('',(#12125),#12129);
#12125 = LINE('',#12126,#12127);
#12126 = CARTESIAN_POINT('',(0.,0.));
#12127 = VECTOR('',#12128,1.);
#12128 = DIRECTION('',(1.,0.));
#12129 = ( GEOMETRIC_REPRESENTATION_CONTEXT(2) 
PARAMETRIC_REPRESENTATION_CONTEXT() REPRESENTATION_CONTEXT('2D SPACE',''
  ) );
#12130 = FACE_BOUND('',#12131,.T.);
#12131 = EDGE_LOOP('',(#12132));
#12132 = ORIENTED_EDGE('',*,*,#12133,.T.);
#12133 = EDGE_CURVE('',#12134,#12134,#12136,.T.);
#12134 = VERTEX_POINT('',#12135);
#12135 = CARTESIAN_POINT('',(61.05,76.2,6.));
#12136 = SURFACE_CURVE('',#12137,(#12142,#12153),.PCURVE_S1.);
#12137 = CIRCLE('',#12138,2.45);
#12138 = AXIS2_PLACEMENT_3D('',#12139,#12140,#12141);
#12139 = CARTESIAN_POINT('',(63.5,76.2,6.));
#12140 = DIRECTION('',(0.,0.,-1.));
#12141 = DIRECTION('',(-1.,0.,0.));
#12142 = PCURVE('',#100,#12143);
#12143 = DEFINITIONAL_REPRESENTATION('',(#12144),#12152);
#12144 = ( BOUNDED_CURVE() B_SPLINE_CURVE(2,(#12145,#12146,#12147,#12148
    ,#12149,#12150,#12151),.UNSPECIFIED.,.T.,.F.) 
B_SPLINE_CURVE_WITH_KNOTS((1,2,2,2,2,1),(-2.094395102393,0.,
    2.094395102393,4.188790204786,6.28318530718,8.377580409573),
.UNSPECIFIED.) CURVE() GEOMETRIC_REPRESENTATION_ITEM() 
RATIONAL_B_SPLINE_CURVE((1.,0.5,1.,0.5,1.,0.5,1.)) REPRESENTATION_ITEM(
  '') );
#12145 = CARTESIAN_POINT('',(61.05,76.2));
#12146 = CARTESIAN_POINT('',(61.05,80.443524478544));
#12147 = CARTESIAN_POINT('',(64.725,78.321762239272));
#12148 = CARTESIAN_POINT('',(68.4,76.2));
#12149 = CARTESIAN_POINT('',(64.725,74.078237760728));
#12150 = CARTESIAN_POINT('',(61.05,71.956475521456));
#12151 = CARTESIAN_POINT('',(61.05,76.2));
#12152 = ( GEOMETRIC_REPRESENTATION_CONTEXT(2) 
PARAMETRIC_REPRESENTATION_CONTEXT() REPRESENTATION_CONTEXT('2D SPACE',''
  ) );
#12153 = PCURVE('',#6293,#12154);
#12154 = DEFINITIONAL_REPRESENTATION('',(#12155),#12159);
#12155 = LINE('',#12156,#12157);
#12156 = CARTESIAN_POINT('',(0.,0.));
#12157 = VECTOR('',#12158,1.);
#12158 = DIRECTION('',(1.,0.));
#12159 = ( GEOMETRIC_REPRESENTATION_CONTEXT(2) 
PARAMETRIC_REPRESENTATION_CONTEXT() REPRESENTATION_CONTEXT('2D SPACE',''
  ) );
#12160 = FACE_BOUND('',#12161,.T.);
#12161 = EDGE_LOOP('',(#12162));
#12162 = ORIENTED_EDGE('',*,*,#12163,.T.);
#12163 = EDGE_CURVE('',#12164,#12164,#12166,.T.);
#12164 = VERTEX_POINT('',#12165);
#12165 = CARTESIAN_POINT('',(48.35,88.9,6.));
#12166 = SURFACE_CURVE('',#12167,(#12172,#12183),.PCURVE_S1.);
#12167 = CIRCLE('',#12168,2.45);
#12168 = AXIS2_PLACEMENT_3D('',#12169,#12170,#12171);
#12169 = CARTESIAN_POINT('',(50.8,88.9,6.));
#12170 = DIRECTION('',(0.,0.,-1.));
#12171 = DIRECTION('',(-1.,0.,0.));
#12172 = PCURVE('',#100,#12173);
#12173 = DEFINITIONAL_REPRESENTATION('',(#12174),#12182);
#12174 = ( BOUNDED_CURVE() B_SPLINE_CURVE(2,(#12175,#12176,#12177,#12178
    ,#12179,#12180,#12181),.UNSPECIFIED.,.T.,.F.) 
B_SPLINE_CURVE_WITH_KNOTS((1,2,2,2,2,1),(-2.094395102393,0.,
    2.094395102393,4.188790204786,6.28318530718,8.377580409573),
.UNSPECIFIED.) CURVE() GEOMETRIC_REPRESENTATION_ITEM() 
RATIONAL_B_SPLINE_CURVE((1.,0.5,1.,0.5,1.,0.5,1.)) REPRESENTATION_ITEM(
  '') );
#12175 = CARTESIAN_POINT('',(48.35,88.9));
#12176 = CARTESIAN_POINT('',(48.35,93.143524478544));
#12177 = CARTESIAN_POINT('',(52.025,91.021762239272));
#12178 = CARTESIAN_POINT('',(55.7,88.9));
#12179 = CARTESIAN_POINT('',(52.025,86.778237760728));
#12180 = CARTESIAN_POINT('',(48.35,84.656475521456));
#12181 = CARTESIAN_POINT('',(48.35,88.9));
#12182 = ( GEOMETRIC_REPRESENTATION_CONTEXT(2) 
PARAMETRIC_REPRESENTATION_CONTEXT() REPRESENTATION_CONTEXT('2D SPACE',''
  ) );
#12183 = PCURVE('',#6328,#12184);
#12184 = DEFINITIONAL_REPRESENTATION('',(#12185),#12189);
#12185 = LINE('',#12186,#12187);
#12186 = CARTESIAN_POINT('',(0.,0.));
#12187 = VECTOR('',#12188,1.);
#12188 = DIRECTION('',(1.,0.));
#12189 = ( GEOMETRIC_REPRESENTATION_CONTEXT(2) 
PARAMETRIC_REPRESENTATION_CONTEXT() REPRESENTATION_CONTEXT('2D SPACE',''
  ) );
#12190 = FACE_BOUND('',#12191,.T.);
#12191 = EDGE_LOOP('',(#12192));
#12192 = ORIENTED_EDGE('',*,*,#12193,.T.);
#12193 = EDGE_CURVE('',#12194,#12194,#12196,.T.);
#12194 = VERTEX_POINT('',#12195);
#12195 = CARTESIAN_POINT('',(61.05,88.9,6.));
#12196 = SURFACE_CURVE('',#12197,(#12202,#12213),.PCURVE_S1.);
#12197 = CIRCLE('',#12198,2.45);
#12198 = AXIS2_PLACEMENT_3D('',#12199,#12200,#12201);
#12199 = CARTESIAN_POINT('',(63.5,88.9,6.));
#12200 = DIRECTION('',(0.,0.,-1.));
#12201 = DIRECTION('',(-1.,0.,0.));
#12202 = PCURVE('',#100,#12203);
#12203 = DEFINITIONAL_REPRESENTATION('',(#12204),#12212);
#12204 = ( BOUNDED_CURVE() B_SPLINE_CURVE(2,(#12205,#12206,#12207,#12208
    ,#12209,#12210,#12211),.UNSPECIFIED.,.T.,.F.) 
B_SPLINE_CURVE_WITH_KNOTS((1,2,2,2,2,1),(-2.094395102393,0.,
    2.094395102393,4.188790204786,6.28318530718,8.377580409573),
.UNSPECIFIED.) CURVE() GEOMETRIC_REPRESENTATION_ITEM() 
RATIONAL_B_SPLINE_CURVE((1.,0.5,1.,0.5,1.,0.5,1.)) REPRESENTATION_ITEM(
  '') );
#12205 = CARTESIAN_POINT('',(61.05,88.9));
#12206 = CARTESIAN_POINT('',(61.05,93.143524478544));
#12207 = CARTESIAN_POINT('',(64.725,91.021762239272));
#12208 = CARTESIAN_POINT('',(68.4,88.9));
#12209 = CARTESIAN_POINT('',(64.725,86.778237760728));
#12210 = CARTESIAN_POINT('',(61.05,84.656475521456));
#12211 = CARTESIAN_POINT('',(61.05,88.9));
#12212 = ( GEOMETRIC_REPRESENTATION_CONTEXT(2) 
PARAMETRIC_REPRESENTATION_CONTEXT() REPRESENTATION_CONTEXT('2D SPACE',''
  ) );
#12213 = PCURVE('',#6363,#12214);
#12214 = DEFINITIONAL_REPRESENTATION('',(#12215),#12219);
#12215 = LINE('',#12216,#12217);
#12216 = CARTESIAN_POINT('',(0.,0.));
#12217 = VECTOR('',#12218,1.);
#12218 = DIRECTION('',(1.,0.));
#12219 = ( GEOMETRIC_REPRESENTATION_CONTEXT(2) 
PARAMETRIC_REPRESENTATION_CONTEXT() REPRESENTATION_CONTEXT('2D SPACE',''
  ) );
#12220 = FACE_BOUND('',#12221,.T.);
#12221 = EDGE_LOOP('',(#12222));
#12222 = ORIENTED_EDGE('',*,*,#12223,.T.);
#12223 = EDGE_CURVE('',#12224,#12224,#12226,.T.);
#12224 = VERTEX_POINT('',#12225);
#12225 = CARTESIAN_POINT('',(73.75,76.2,6.));
#12226 = SURFACE_CURVE('',#12227,(#12232,#12243),.PCURVE_S1.);
#12227 = CIRCLE('',#12228,2.45);
#12228 = AXIS2_PLACEMENT_3D('',#12229,#12230,#12231);
#12229 = CARTESIAN_POINT('',(76.2,76.2,6.));
#12230 = DIRECTION('',(0.,0.,-1.));
#12231 = DIRECTION('',(-1.,0.,0.));
#12232 = PCURVE('',#100,#12233);
#12233 = DEFINITIONAL_REPRESENTATION('',(#12234),#12242);
#12234 = ( BOUNDED_CURVE() B_SPLINE_CURVE(2,(#12235,#12236,#12237,#12238
    ,#12239,#12240,#12241),.UNSPECIFIED.,.T.,.F.) 
B_SPLINE_CURVE_WITH_KNOTS((1,2,2,2,2,1),(-2.094395102393,0.,
    2.094395102393,4.188790204786,6.28318530718,8.377580409573),
.UNSPECIFIED.) CURVE() GEOMETRIC_REPRESENTATION_ITEM() 
RATIONAL_B_SPLINE_CURVE((1.,0.5,1.,0.5,1.,0.5,1.)) REPRESENTATION_ITEM(
  '') );
#12235 = CARTESIAN_POINT('',(73.75,76.2));
#12236 = CARTESIAN_POINT('',(73.75,80.443524478544));
#12237 = CARTESIAN_POINT('',(77.425,78.321762239272));
#12238 = CARTESIAN_POINT('',(81.1,76.2));
#12239 = CARTESIAN_POINT('',(77.425,74.078237760728));
#12240 = CARTESIAN_POINT('',(73.75,71.956475521456));
#12241 = CARTESIAN_POINT('',(73.75,76.2));
#12242 = ( GEOMETRIC_REPRESENTATION_CONTEXT(2) 
PARAMETRIC_REPRESENTATION_CONTEXT() REPRESENTATION_CONTEXT('2D SPACE',''
  ) );
#12243 = PCURVE('',#6398,#12244);
#12244 = DEFINITIONAL_REPRESENTATION('',(#12245),#12249);
#12245 = LINE('',#12246,#12247);
#12246 = CARTESIAN_POINT('',(0.,0.));
#12247 = VECTOR('',#12248,1.);
#12248 = DIRECTION('',(1.,0.));
#12249 = ( GEOMETRIC_REPRESENTATION_CONTEXT(2) 
PARAMETRIC_REPRESENTATION_CONTEXT() REPRESENTATION_CONTEXT('2D SPACE',''
  ) );
#12250 = FACE_BOUND('',#12251,.T.);
#12251 = EDGE_LOOP('',(#12252));
#12252 = ORIENTED_EDGE('',*,*,#12253,.T.);
#12253 = EDGE_CURVE('',#12254,#12254,#12256,.T.);
#12254 = VERTEX_POINT('',#12255);
#12255 = CARTESIAN_POINT('',(86.45,76.2,6.));
#12256 = SURFACE_CURVE('',#12257,(#12262,#12273),.PCURVE_S1.);
#12257 = CIRCLE('',#12258,2.45);
#12258 = AXIS2_PLACEMENT_3D('',#12259,#12260,#12261);
#12259 = CARTESIAN_POINT('',(88.9,76.2,6.));
#12260 = DIRECTION('',(0.,0.,-1.));
#12261 = DIRECTION('',(-1.,0.,0.));
#12262 = PCURVE('',#100,#12263);
#12263 = DEFINITIONAL_REPRESENTATION('',(#12264),#12272);
#12264 = ( BOUNDED_CURVE() B_SPLINE_CURVE(2,(#12265,#12266,#12267,#12268
    ,#12269,#12270,#12271),.UNSPECIFIED.,.T.,.F.) 
B_SPLINE_CURVE_WITH_KNOTS((1,2,2,2,2,1),(-2.094395102393,0.,
    2.094395102393,4.188790204786,6.28318530718,8.377580409573),
.UNSPECIFIED.) CURVE() GEOMETRIC_REPRESENTATION_ITEM() 
RATIONAL_B_SPLINE_CURVE((1.,0.5,1.,0.5,1.,0.5,1.)) REPRESENTATION_ITEM(
  '') );
#12265 = CARTESIAN_POINT('',(86.45,76.2));
#12266 = CARTESIAN_POINT('',(86.45,80.443524478544));
#12267 = CARTESIAN_POINT('',(90.125,78.321762239272));
#12268 = CARTESIAN_POINT('',(93.8,76.2));
#12269 = CARTESIAN_POINT('',(90.125,74.078237760728));
#12270 = CARTESIAN_POINT('',(86.45,71.956475521456));
#12271 = CARTESIAN_POINT('',(86.45,76.2));
#12272 = ( GEOMETRIC_REPRESENTATION_CONTEXT(2) 
PARAMETRIC_REPRESENTATION_CONTEXT() REPRESENTATION_CONTEXT('2D SPACE',''
  ) );
#12273 = PCURVE('',#6433,#12274);
#12274 = DEFINITIONAL_REPRESENTATION('',(#12275),#12279);
#12275 = LINE('',#12276,#12277);
#12276 = CARTESIAN_POINT('',(0.,0.));
#12277 = VECTOR('',#12278,1.);
#12278 = DIRECTION('',(1.,0.));
#12279 = ( GEOMETRIC_REPRESENTATION_CONTEXT(2) 
PARAMETRIC_REPRESENTATION_CONTEXT() REPRESENTATION_CONTEXT('2D SPACE',''
  ) );
#12280 = FACE_BOUND('',#12281,.T.);
#12281 = EDGE_LOOP('',(#12282));
#12282 = ORIENTED_EDGE('',*,*,#12283,.T.);
#12283 = EDGE_CURVE('',#12284,#12284,#12286,.T.);
#12284 = VERTEX_POINT('',#12285);
#12285 = CARTESIAN_POINT('',(73.75,88.9,6.));
#12286 = SURFACE_CURVE('',#12287,(#12292,#12303),.PCURVE_S1.);
#12287 = CIRCLE('',#12288,2.45);
#12288 = AXIS2_PLACEMENT_3D('',#12289,#12290,#12291);
#12289 = CARTESIAN_POINT('',(76.2,88.9,6.));
#12290 = DIRECTION('',(0.,0.,-1.));
#12291 = DIRECTION('',(-1.,0.,0.));
#12292 = PCURVE('',#100,#12293);
#12293 = DEFINITIONAL_REPRESENTATION('',(#12294),#12302);
#12294 = ( BOUNDED_CURVE() B_SPLINE_CURVE(2,(#12295,#12296,#12297,#12298
    ,#12299,#12300,#12301),.UNSPECIFIED.,.T.,.F.) 
B_SPLINE_CURVE_WITH_KNOTS((1,2,2,2,2,1),(-2.094395102393,0.,
    2.094395102393,4.188790204786,6.28318530718,8.377580409573),
.UNSPECIFIED.) CURVE() GEOMETRIC_REPRESENTATION_ITEM() 
RATIONAL_B_SPLINE_CURVE((1.,0.5,1.,0.5,1.,0.5,1.)) REPRESENTATION_ITEM(
  '') );
#12295 = CARTESIAN_POINT('',(73.75,88.9));
#12296 = CARTESIAN_POINT('',(73.75,93.143524478544));
#12297 = CARTESIAN_POINT('',(77.425,91.021762239272));
#12298 = CARTESIAN_POINT('',(81.1,88.9));
#12299 = CARTESIAN_POINT('',(77.425,86.778237760728));
#12300 = CARTESIAN_POINT('',(73.75,84.656475521456));
#12301 = CARTESIAN_POINT('',(73.75,88.9));
#12302 = ( GEOMETRIC_REPRESENTATION_CONTEXT(2) 
PARAMETRIC_REPRESENTATION_CONTEXT() REPRESENTATION_CONTEXT('2D SPACE',''
  ) );
#12303 = PCURVE('',#6468,#12304);
#12304 = DEFINITIONAL_REPRESENTATION('',(#12305),#12309);
#12305 = LINE('',#12306,#12307);
#12306 = CARTESIAN_POINT('',(0.,0.));
#12307 = VECTOR('',#12308,1.);
#12308 = DIRECTION('',(1.,0.));
#12309 = ( GEOMETRIC_REPRESENTATION_CONTEXT(2) 
PARAMETRIC_REPRESENTATION_CONTEXT() REPRESENTATION_CONTEXT('2D SPACE',''
  ) );
#12310 = FACE_BOUND('',#12311,.T.);
#12311 = EDGE_LOOP('',(#12312));
#12312 = ORIENTED_EDGE('',*,*,#12313,.T.);
#12313 = EDGE_CURVE('',#12314,#12314,#12316,.T.);
#12314 = VERTEX_POINT('',#12315);
#12315 = CARTESIAN_POINT('',(86.45,88.9,6.));
#12316 = SURFACE_CURVE('',#12317,(#12322,#12333),.PCURVE_S1.);
#12317 = CIRCLE('',#12318,2.45);
#12318 = AXIS2_PLACEMENT_3D('',#12319,#12320,#12321);
#12319 = CARTESIAN_POINT('',(88.9,88.9,6.));
#12320 = DIRECTION('',(0.,0.,-1.));
#12321 = DIRECTION('',(-1.,0.,0.));
#12322 = PCURVE('',#100,#12323);
#12323 = DEFINITIONAL_REPRESENTATION('',(#12324),#12332);
#12324 = ( BOUNDED_CURVE() B_SPLINE_CURVE(2,(#12325,#12326,#12327,#12328
    ,#12329,#12330,#12331),.UNSPECIFIED.,.T.,.F.) 
B_SPLINE_CURVE_WITH_KNOTS((1,2,2,2,2,1),(-2.094395102393,0.,
    2.094395102393,4.188790204786,6.28318530718,8.377580409573),
.UNSPECIFIED.) CURVE() GEOMETRIC_REPRESENTATION_ITEM() 
RATIONAL_B_SPLINE_CURVE((1.,0.5,1.,0.5,1.,0.5,1.)) REPRESENTATION_ITEM(
  '') );
#12325 = CARTESIAN_POINT('',(86.45,88.9));
#12326 = CARTESIAN_POINT('',(86.45,93.143524478544));
#12327 = CARTESIAN_POINT('',(90.125,91.021762239272));
#12328 = CARTESIAN_POINT('',(93.8,88.9));
#12329 = CARTESIAN_POINT('',(90.125,86.778237760728));
#12330 = CARTESIAN_POINT('',(86.45,84.656475521456));
#12331 = CARTESIAN_POINT('',(86.45,88.9));
#12332 = ( GEOMETRIC_REPRESENTATION_CONTEXT(2) 
PARAMETRIC_REPRESENTATION_CONTEXT() REPRESENTATION_CONTEXT('2D SPACE',''
  ) );
#12333 = PCURVE('',#6503,#12334);
#12334 = DEFINITIONAL_REPRESENTATION('',(#12335),#12339);
#12335 = LINE('',#12336,#12337);
#12336 = CARTESIAN_POINT('',(0.,0.));
#12337 = VECTOR('',#12338,1.);
#12338 = DIRECTION('',(1.,0.));
#12339 = ( GEOMETRIC_REPRESENTATION_CONTEXT(2) 
PARAMETRIC_REPRESENTATION_CONTEXT() REPRESENTATION_CONTEXT('2D SPACE',''
  ) );
#12340 = FACE_BOUND('',#12341,.T.);
#12341 = EDGE_LOOP('',(#12342));
#12342 = ORIENTED_EDGE('',*,*,#12343,.T.);
#12343 = EDGE_CURVE('',#12344,#12344,#12346,.T.);
#12344 = VERTEX_POINT('',#12345);
#12345 = CARTESIAN_POINT('',(48.35,101.6,6.));
#12346 = SURFACE_CURVE('',#12347,(#12352,#12363),.PCURVE_S1.);
#12347 = CIRCLE('',#12348,2.45);
#12348 = AXIS2_PLACEMENT_3D('',#12349,#12350,#12351);
#12349 = CARTESIAN_POINT('',(50.8,101.6,6.));
#12350 = DIRECTION('',(0.,0.,-1.));
#12351 = DIRECTION('',(-1.,0.,0.));
#12352 = PCURVE('',#100,#12353);
#12353 = DEFINITIONAL_REPRESENTATION('',(#12354),#12362);
#12354 = ( BOUNDED_CURVE() B_SPLINE_CURVE(2,(#12355,#12356,#12357,#12358
    ,#12359,#12360,#12361),.UNSPECIFIED.,.T.,.F.) 
B_SPLINE_CURVE_WITH_KNOTS((1,2,2,2,2,1),(-2.094395102393,0.,
    2.094395102393,4.188790204786,6.28318530718,8.377580409573),
.UNSPECIFIED.) CURVE() GEOMETRIC_REPRESENTATION_ITEM() 
RATIONAL_B_SPLINE_CURVE((1.,0.5,1.,0.5,1.,0.5,1.)) REPRESENTATION_ITEM(
  '') );
#12355 = CARTESIAN_POINT('',(48.35,101.6));
#12356 = CARTESIAN_POINT('',(48.35,105.84352447854));
#12357 = CARTESIAN_POINT('',(52.025,103.72176223927));
#12358 = CARTESIAN_POINT('',(55.7,101.6));
#12359 = CARTESIAN_POINT('',(52.025,99.478237760728));
#12360 = CARTESIAN_POINT('',(48.35,97.356475521456));
#12361 = CARTESIAN_POINT('',(48.35,101.6));
#12362 = ( GEOMETRIC_REPRESENTATION_CONTEXT(2) 
PARAMETRIC_REPRESENTATION_CONTEXT() REPRESENTATION_CONTEXT('2D SPACE',''
  ) );
#12363 = PCURVE('',#6538,#12364);
#12364 = DEFINITIONAL_REPRESENTATION('',(#12365),#12369);
#12365 = LINE('',#12366,#12367);
#12366 = CARTESIAN_POINT('',(0.,0.));
#12367 = VECTOR('',#12368,1.);
#12368 = DIRECTION('',(1.,0.));
#12369 = ( GEOMETRIC_REPRESENTATION_CONTEXT(2) 
PARAMETRIC_REPRESENTATION_CONTEXT() REPRESENTATION_CONTEXT('2D SPACE',''
  ) );
#12370 = FACE_BOUND('',#12371,.T.);
#12371 = EDGE_LOOP('',(#12372));
#12372 = ORIENTED_EDGE('',*,*,#12373,.T.);
#12373 = EDGE_CURVE('',#12374,#12374,#12376,.T.);
#12374 = VERTEX_POINT('',#12375);
#12375 = CARTESIAN_POINT('',(48.35,114.3,6.));
#12376 = SURFACE_CURVE('',#12377,(#12382,#12393),.PCURVE_S1.);
#12377 = CIRCLE('',#12378,2.45);
#12378 = AXIS2_PLACEMENT_3D('',#12379,#12380,#12381);
#12379 = CARTESIAN_POINT('',(50.8,114.3,6.));
#12380 = DIRECTION('',(0.,0.,-1.));
#12381 = DIRECTION('',(-1.,0.,0.));
#12382 = PCURVE('',#100,#12383);
#12383 = DEFINITIONAL_REPRESENTATION('',(#12384),#12392);
#12384 = ( BOUNDED_CURVE() B_SPLINE_CURVE(2,(#12385,#12386,#12387,#12388
    ,#12389,#12390,#12391),.UNSPECIFIED.,.T.,.F.) 
B_SPLINE_CURVE_WITH_KNOTS((1,2,2,2,2,1),(-2.094395102393,0.,
    2.094395102393,4.188790204786,6.28318530718,8.377580409573),
.UNSPECIFIED.) CURVE() GEOMETRIC_REPRESENTATION_ITEM() 
RATIONAL_B_SPLINE_CURVE((1.,0.5,1.,0.5,1.,0.5,1.)) REPRESENTATION_ITEM(
  '') );
#12385 = CARTESIAN_POINT('',(48.35,114.3));
#12386 = CARTESIAN_POINT('',(48.35,118.54352447854));
#12387 = CARTESIAN_POINT('',(52.025,116.42176223927));
#12388 = CARTESIAN_POINT('',(55.7,114.3));
#12389 = CARTESIAN_POINT('',(52.025,112.17823776072));
#12390 = CARTESIAN_POINT('',(48.35,110.05647552145));
#12391 = CARTESIAN_POINT('',(48.35,114.3));
#12392 = ( GEOMETRIC_REPRESENTATION_CONTEXT(2) 
PARAMETRIC_REPRESENTATION_CONTEXT() REPRESENTATION_CONTEXT('2D SPACE',''
  ) );
#12393 = PCURVE('',#6573,#12394);
#12394 = DEFINITIONAL_REPRESENTATION('',(#12395),#12399);
#12395 = LINE('',#12396,#12397);
#12396 = CARTESIAN_POINT('',(0.,0.));
#12397 = VECTOR('',#12398,1.);
#12398 = DIRECTION('',(1.,0.));
#12399 = ( GEOMETRIC_REPRESENTATION_CONTEXT(2) 
PARAMETRIC_REPRESENTATION_CONTEXT() REPRESENTATION_CONTEXT('2D SPACE',''
  ) );
#12400 = FACE_BOUND('',#12401,.T.);
#12401 = EDGE_LOOP('',(#12402));
#12402 = ORIENTED_EDGE('',*,*,#12403,.T.);
#12403 = EDGE_CURVE('',#12404,#12404,#12406,.T.);
#12404 = VERTEX_POINT('',#12405);
#12405 = CARTESIAN_POINT('',(48.35,127.,6.));
#12406 = SURFACE_CURVE('',#12407,(#12412,#12423),.PCURVE_S1.);
#12407 = CIRCLE('',#12408,2.45);
#12408 = AXIS2_PLACEMENT_3D('',#12409,#12410,#12411);
#12409 = CARTESIAN_POINT('',(50.8,127.,6.));
#12410 = DIRECTION('',(0.,0.,-1.));
#12411 = DIRECTION('',(-1.,0.,0.));
#12412 = PCURVE('',#100,#12413);
#12413 = DEFINITIONAL_REPRESENTATION('',(#12414),#12422);
#12414 = ( BOUNDED_CURVE() B_SPLINE_CURVE(2,(#12415,#12416,#12417,#12418
    ,#12419,#12420,#12421),.UNSPECIFIED.,.T.,.F.) 
B_SPLINE_CURVE_WITH_KNOTS((1,2,2,2,2,1),(-2.094395102393,0.,
    2.094395102393,4.188790204786,6.28318530718,8.377580409573),
.UNSPECIFIED.) CURVE() GEOMETRIC_REPRESENTATION_ITEM() 
RATIONAL_B_SPLINE_CURVE((1.,0.5,1.,0.5,1.,0.5,1.)) REPRESENTATION_ITEM(
  '') );
#12415 = CARTESIAN_POINT('',(48.35,127.));
#12416 = CARTESIAN_POINT('',(48.35,131.24352447854));
#12417 = CARTESIAN_POINT('',(52.025,129.12176223927));
#12418 = CARTESIAN_POINT('',(55.7,127.));
#12419 = CARTESIAN_POINT('',(52.025,124.87823776072));
#12420 = CARTESIAN_POINT('',(48.35,122.75647552145));
#12421 = CARTESIAN_POINT('',(48.35,127.));
#12422 = ( GEOMETRIC_REPRESENTATION_CONTEXT(2) 
PARAMETRIC_REPRESENTATION_CONTEXT() REPRESENTATION_CONTEXT('2D SPACE',''
  ) );
#12423 = PCURVE('',#6608,#12424);
#12424 = DEFINITIONAL_REPRESENTATION('',(#12425),#12429);
#12425 = LINE('',#12426,#12427);
#12426 = CARTESIAN_POINT('',(0.,0.));
#12427 = VECTOR('',#12428,1.);
#12428 = DIRECTION('',(1.,0.));
#12429 = ( GEOMETRIC_REPRESENTATION_CONTEXT(2) 
PARAMETRIC_REPRESENTATION_CONTEXT() REPRESENTATION_CONTEXT('2D SPACE',''
  ) );
#12430 = FACE_BOUND('',#12431,.T.);
#12431 = EDGE_LOOP('',(#12432));
#12432 = ORIENTED_EDGE('',*,*,#12433,.T.);
#12433 = EDGE_CURVE('',#12434,#12434,#12436,.T.);
#12434 = VERTEX_POINT('',#12435);
#12435 = CARTESIAN_POINT('',(61.05,127.,6.));
#12436 = SURFACE_CURVE('',#12437,(#12442,#12453),.PCURVE_S1.);
#12437 = CIRCLE('',#12438,2.45);
#12438 = AXIS2_PLACEMENT_3D('',#12439,#12440,#12441);
#12439 = CARTESIAN_POINT('',(63.5,127.,6.));
#12440 = DIRECTION('',(0.,0.,-1.));
#12441 = DIRECTION('',(-1.,0.,0.));
#12442 = PCURVE('',#100,#12443);
#12443 = DEFINITIONAL_REPRESENTATION('',(#12444),#12452);
#12444 = ( BOUNDED_CURVE() B_SPLINE_CURVE(2,(#12445,#12446,#12447,#12448
    ,#12449,#12450,#12451),.UNSPECIFIED.,.T.,.F.) 
B_SPLINE_CURVE_WITH_KNOTS((1,2,2,2,2,1),(-2.094395102393,0.,
    2.094395102393,4.188790204786,6.28318530718,8.377580409573),
.UNSPECIFIED.) CURVE() GEOMETRIC_REPRESENTATION_ITEM() 
RATIONAL_B_SPLINE_CURVE((1.,0.5,1.,0.5,1.,0.5,1.)) REPRESENTATION_ITEM(
  '') );
#12445 = CARTESIAN_POINT('',(61.05,127.));
#12446 = CARTESIAN_POINT('',(61.05,131.24352447854));
#12447 = CARTESIAN_POINT('',(64.725,129.12176223927));
#12448 = CARTESIAN_POINT('',(68.4,127.));
#12449 = CARTESIAN_POINT('',(64.725,124.87823776072));
#12450 = CARTESIAN_POINT('',(61.05,122.75647552145));
#12451 = CARTESIAN_POINT('',(61.05,127.));
#12452 = ( GEOMETRIC_REPRESENTATION_CONTEXT(2) 
PARAMETRIC_REPRESENTATION_CONTEXT() REPRESENTATION_CONTEXT('2D SPACE',''
  ) );
#12453 = PCURVE('',#6643,#12454);
#12454 = DEFINITIONAL_REPRESENTATION('',(#12455),#12459);
#12455 = LINE('',#12456,#12457);
#12456 = CARTESIAN_POINT('',(0.,0.));
#12457 = VECTOR('',#12458,1.);
#12458 = DIRECTION('',(1.,0.));
#12459 = ( GEOMETRIC_REPRESENTATION_CONTEXT(2) 
PARAMETRIC_REPRESENTATION_CONTEXT() REPRESENTATION_CONTEXT('2D SPACE',''
  ) );
#12460 = FACE_BOUND('',#12461,.T.);
#12461 = EDGE_LOOP('',(#12462));
#12462 = ORIENTED_EDGE('',*,*,#12463,.T.);
#12463 = EDGE_CURVE('',#12464,#12464,#12466,.T.);
#12464 = VERTEX_POINT('',#12465);
#12465 = CARTESIAN_POINT('',(67.,108.,6.));
#12466 = SURFACE_CURVE('',#12467,(#12472,#12483),.PCURVE_S1.);
#12467 = CIRCLE('',#12468,8.);
#12468 = AXIS2_PLACEMENT_3D('',#12469,#12470,#12471);
#12469 = CARTESIAN_POINT('',(75.,108.,6.));
#12470 = DIRECTION('',(0.,0.,-1.));
#12471 = DIRECTION('',(-1.,0.,0.));
#12472 = PCURVE('',#100,#12473);
#12473 = DEFINITIONAL_REPRESENTATION('',(#12474),#12482);
#12474 = ( BOUNDED_CURVE() B_SPLINE_CURVE(2,(#12475,#12476,#12477,#12478
    ,#12479,#12480,#12481),.UNSPECIFIED.,.T.,.F.) 
B_SPLINE_CURVE_WITH_KNOTS((1,2,2,2,2,1),(-2.094395102393,0.,
    2.094395102393,4.188790204786,6.28318530718,8.377580409573),
.UNSPECIFIED.) CURVE() GEOMETRIC_REPRESENTATION_ITEM() 
RATIONAL_B_SPLINE_CURVE((1.,0.5,1.,0.5,1.,0.5,1.)) REPRESENTATION_ITEM(
  '') );
#12475 = CARTESIAN_POINT('',(67.,108.));
#12476 = CARTESIAN_POINT('',(67.,121.85640646055));
#12477 = CARTESIAN_POINT('',(79.,114.92820323027));
#12478 = CARTESIAN_POINT('',(91.,108.));
#12479 = CARTESIAN_POINT('',(79.,101.07179676972));
#12480 = CARTESIAN_POINT('',(67.,94.143593539449));
#12481 = CARTESIAN_POINT('',(67.,108.));
#12482 = ( GEOMETRIC_REPRESENTATION_CONTEXT(2) 
PARAMETRIC_REPRESENTATION_CONTEXT() REPRESENTATION_CONTEXT('2D SPACE',''
  ) );
#12483 = PCURVE('',#6678,#12484);
#12484 = DEFINITIONAL_REPRESENTATION('',(#12485),#12489);
#12485 = LINE('',#12486,#12487);
#12486 = CARTESIAN_POINT('',(0.,0.));
#12487 = VECTOR('',#12488,1.);
#12488 = DIRECTION('',(1.,0.));
#12489 = ( GEOMETRIC_REPRESENTATION_CONTEXT(2) 
PARAMETRIC_REPRESENTATION_CONTEXT() REPRESENTATION_CONTEXT('2D SPACE',''
  ) );
#12490 = FACE_BOUND('',#12491,.T.);
#12491 = EDGE_LOOP('',(#12492));
#12492 = ORIENTED_EDGE('',*,*,#12493,.T.);
#12493 = EDGE_CURVE('',#12494,#12494,#12496,.T.);
#12494 = VERTEX_POINT('',#12495);
#12495 = CARTESIAN_POINT('',(86.45,101.6,6.));
#12496 = SURFACE_CURVE('',#12497,(#12502,#12513),.PCURVE_S1.);
#12497 = CIRCLE('',#12498,2.45);
#12498 = AXIS2_PLACEMENT_3D('',#12499,#12500,#12501);
#12499 = CARTESIAN_POINT('',(88.9,101.6,6.));
#12500 = DIRECTION('',(0.,0.,-1.));
#12501 = DIRECTION('',(-1.,0.,0.));
#12502 = PCURVE('',#100,#12503);
#12503 = DEFINITIONAL_REPRESENTATION('',(#12504),#12512);
#12504 = ( BOUNDED_CURVE() B_SPLINE_CURVE(2,(#12505,#12506,#12507,#12508
    ,#12509,#12510,#12511),.UNSPECIFIED.,.T.,.F.) 
B_SPLINE_CURVE_WITH_KNOTS((1,2,2,2,2,1),(-2.094395102393,0.,
    2.094395102393,4.188790204786,6.28318530718,8.377580409573),
.UNSPECIFIED.) CURVE() GEOMETRIC_REPRESENTATION_ITEM() 
RATIONAL_B_SPLINE_CURVE((1.,0.5,1.,0.5,1.,0.5,1.)) REPRESENTATION_ITEM(
  '') );
#12505 = CARTESIAN_POINT('',(86.45,101.6));
#12506 = CARTESIAN_POINT('',(86.45,105.84352447854));
#12507 = CARTESIAN_POINT('',(90.125,103.72176223927));
#12508 = CARTESIAN_POINT('',(93.8,101.6));
#12509 = CARTESIAN_POINT('',(90.125,99.478237760728));
#12510 = CARTESIAN_POINT('',(86.45,97.356475521456));
#12511 = CARTESIAN_POINT('',(86.45,101.6));
#12512 = ( GEOMETRIC_REPRESENTATION_CONTEXT(2) 
PARAMETRIC_REPRESENTATION_CONTEXT() REPRESENTATION_CONTEXT('2D SPACE',''
  ) );
#12513 = PCURVE('',#6713,#12514);
#12514 = DEFINITIONAL_REPRESENTATION('',(#12515),#12519);
#12515 = LINE('',#12516,#12517);
#12516 = CARTESIAN_POINT('',(0.,0.));
#12517 = VECTOR('',#12518,1.);
#12518 = DIRECTION('',(1.,0.));
#12519 = ( GEOMETRIC_REPRESENTATION_CONTEXT(2) 
PARAMETRIC_REPRESENTATION_CONTEXT() REPRESENTATION_CONTEXT('2D SPACE',''
  ) );
#12520 = FACE_BOUND('',#12521,.T.);
#12521 = EDGE_LOOP('',(#12522));
#12522 = ORIENTED_EDGE('',*,*,#12523,.T.);
#12523 = EDGE_CURVE('',#12524,#12524,#12526,.T.);
#12524 = VERTEX_POINT('',#12525);
#12525 = CARTESIAN_POINT('',(73.75,127.,6.));
#12526 = SURFACE_CURVE('',#12527,(#12532,#12543),.PCURVE_S1.);
#12527 = CIRCLE('',#12528,2.45);
#12528 = AXIS2_PLACEMENT_3D('',#12529,#12530,#12531);
#12529 = CARTESIAN_POINT('',(76.2,127.,6.));
#12530 = DIRECTION('',(0.,0.,-1.));
#12531 = DIRECTION('',(-1.,0.,0.));
#12532 = PCURVE('',#100,#12533);
#12533 = DEFINITIONAL_REPRESENTATION('',(#12534),#12542);
#12534 = ( BOUNDED_CURVE() B_SPLINE_CURVE(2,(#12535,#12536,#12537,#12538
    ,#12539,#12540,#12541),.UNSPECIFIED.,.T.,.F.) 
B_SPLINE_CURVE_WITH_KNOTS((1,2,2,2,2,1),(-2.094395102393,0.,
    2.094395102393,4.188790204786,6.28318530718,8.377580409573),
.UNSPECIFIED.) CURVE() GEOMETRIC_REPRESENTATION_ITEM() 
RATIONAL_B_SPLINE_CURVE((1.,0.5,1.,0.5,1.,0.5,1.)) REPRESENTATION_ITEM(
  '') );
#12535 = CARTESIAN_POINT('',(73.75,127.));
#12536 = CARTESIAN_POINT('',(73.75,131.24352447854));
#12537 = CARTESIAN_POINT('',(77.425,129.12176223927));
#12538 = CARTESIAN_POINT('',(81.1,127.));
#12539 = CARTESIAN_POINT('',(77.425,124.87823776072));
#12540 = CARTESIAN_POINT('',(73.75,122.75647552145));
#12541 = CARTESIAN_POINT('',(73.75,127.));
#12542 = ( GEOMETRIC_REPRESENTATION_CONTEXT(2) 
PARAMETRIC_REPRESENTATION_CONTEXT() REPRESENTATION_CONTEXT('2D SPACE',''
  ) );
#12543 = PCURVE('',#6748,#12544);
#12544 = DEFINITIONAL_REPRESENTATION('',(#12545),#12549);
#12545 = LINE('',#12546,#12547);
#12546 = CARTESIAN_POINT('',(0.,0.));
#12547 = VECTOR('',#12548,1.);
#12548 = DIRECTION('',(1.,0.));
#12549 = ( GEOMETRIC_REPRESENTATION_CONTEXT(2) 
PARAMETRIC_REPRESENTATION_CONTEXT() REPRESENTATION_CONTEXT('2D SPACE',''
  ) );
#12550 = FACE_BOUND('',#12551,.T.);
#12551 = EDGE_LOOP('',(#12552));
#12552 = ORIENTED_EDGE('',*,*,#12553,.T.);
#12553 = EDGE_CURVE('',#12554,#12554,#12556,.T.);
#12554 = VERTEX_POINT('',#12555);
#12555 = CARTESIAN_POINT('',(86.45,114.3,6.));
#12556 = SURFACE_CURVE('',#12557,(#12562,#12573),.PCURVE_S1.);
#12557 = CIRCLE('',#12558,2.45);
#12558 = AXIS2_PLACEMENT_3D('',#12559,#12560,#12561);
#12559 = CARTESIAN_POINT('',(88.9,114.3,6.));
#12560 = DIRECTION('',(0.,0.,-1.));
#12561 = DIRECTION('',(-1.,0.,0.));
#12562 = PCURVE('',#100,#12563);
#12563 = DEFINITIONAL_REPRESENTATION('',(#12564),#12572);
#12564 = ( BOUNDED_CURVE() B_SPLINE_CURVE(2,(#12565,#12566,#12567,#12568
    ,#12569,#12570,#12571),.UNSPECIFIED.,.T.,.F.) 
B_SPLINE_CURVE_WITH_KNOTS((1,2,2,2,2,1),(-2.094395102393,0.,
    2.094395102393,4.188790204786,6.28318530718,8.377580409573),
.UNSPECIFIED.) CURVE() GEOMETRIC_REPRESENTATION_ITEM() 
RATIONAL_B_SPLINE_CURVE((1.,0.5,1.,0.5,1.,0.5,1.)) REPRESENTATION_ITEM(
  '') );
#12565 = CARTESIAN_POINT('',(86.45,114.3));
#12566 = CARTESIAN_POINT('',(86.45,118.54352447854));
#12567 = CARTESIAN_POINT('',(90.125,116.42176223927));
#12568 = CARTESIAN_POINT('',(93.8,114.3));
#12569 = CARTESIAN_POINT('',(90.125,112.17823776072));
#12570 = CARTESIAN_POINT('',(86.45,110.05647552145));
#12571 = CARTESIAN_POINT('',(86.45,114.3));
#12572 = ( GEOMETRIC_REPRESENTATION_CONTEXT(2) 
PARAMETRIC_REPRESENTATION_CONTEXT() REPRESENTATION_CONTEXT('2D SPACE',''
  ) );
#12573 = PCURVE('',#6783,#12574);
#12574 = DEFINITIONAL_REPRESENTATION('',(#12575),#12579);
#12575 = LINE('',#12576,#12577);
#12576 = CARTESIAN_POINT('',(0.,0.));
#12577 = VECTOR('',#12578,1.);
#12578 = DIRECTION('',(1.,0.));
#12579 = ( GEOMETRIC_REPRESENTATION_CONTEXT(2) 
PARAMETRIC_REPRESENTATION_CONTEXT() REPRESENTATION_CONTEXT('2D SPACE',''
  ) );
#12580 = FACE_BOUND('',#12581,.T.);
#12581 = EDGE_LOOP('',(#12582));
#12582 = ORIENTED_EDGE('',*,*,#12583,.T.);
#12583 = EDGE_CURVE('',#12584,#12584,#12586,.T.);
#12584 = VERTEX_POINT('',#12585);
#12585 = CARTESIAN_POINT('',(86.45,127.,6.));
#12586 = SURFACE_CURVE('',#12587,(#12592,#12603),.PCURVE_S1.);
#12587 = CIRCLE('',#12588,2.45);
#12588 = AXIS2_PLACEMENT_3D('',#12589,#12590,#12591);
#12589 = CARTESIAN_POINT('',(88.9,127.,6.));
#12590 = DIRECTION('',(0.,0.,-1.));
#12591 = DIRECTION('',(-1.,0.,0.));
#12592 = PCURVE('',#100,#12593);
#12593 = DEFINITIONAL_REPRESENTATION('',(#12594),#12602);
#12594 = ( BOUNDED_CURVE() B_SPLINE_CURVE(2,(#12595,#12596,#12597,#12598
    ,#12599,#12600,#12601),.UNSPECIFIED.,.T.,.F.) 
B_SPLINE_CURVE_WITH_KNOTS((1,2,2,2,2,1),(-2.094395102393,0.,
    2.094395102393,4.188790204786,6.28318530718,8.377580409573),
.UNSPECIFIED.) CURVE() GEOMETRIC_REPRESENTATION_ITEM() 
RATIONAL_B_SPLINE_CURVE((1.,0.5,1.,0.5,1.,0.5,1.)) REPRESENTATION_ITEM(
  '') );
#12595 = CARTESIAN_POINT('',(86.45,127.));
#12596 = CARTESIAN_POINT('',(86.45,131.24352447854));
#12597 = CARTESIAN_POINT('',(90.125,129.12176223927));
#12598 = CARTESIAN_POINT('',(93.8,127.));
#12599 = CARTESIAN_POINT('',(90.125,124.87823776072));
#12600 = CARTESIAN_POINT('',(86.45,122.75647552145));
#12601 = CARTESIAN_POINT('',(86.45,127.));
#12602 = ( GEOMETRIC_REPRESENTATION_CONTEXT(2) 
PARAMETRIC_REPRESENTATION_CONTEXT() REPRESENTATION_CONTEXT('2D SPACE',''
  ) );
#12603 = PCURVE('',#6818,#12604);
#12604 = DEFINITIONAL_REPRESENTATION('',(#12605),#12609);
#12605 = LINE('',#12606,#12607);
#12606 = CARTESIAN_POINT('',(0.,0.));
#12607 = VECTOR('',#12608,1.);
#12608 = DIRECTION('',(1.,0.));
#12609 = ( GEOMETRIC_REPRESENTATION_CONTEXT(2) 
PARAMETRIC_REPRESENTATION_CONTEXT() REPRESENTATION_CONTEXT('2D SPACE',''
  ) );
#12610 = ADVANCED_FACE('',(#12611),#296,.F.);
#12611 = FACE_BOUND('',#12612,.F.);
#12612 = EDGE_LOOP('',(#12613,#12614,#12635,#12636));
#12613 = ORIENTED_EDGE('',*,*,#280,.F.);
#12614 = ORIENTED_EDGE('',*,*,#12615,.T.);
#12615 = EDGE_CURVE('',#252,#7010,#12616,.T.);
#12616 = SURFACE_CURVE('',#12617,(#12621,#12628),.PCURVE_S1.);
#12617 = LINE('',#12618,#12619);
#12618 = CARTESIAN_POINT('',(-105.,108.,0.));
#12619 = VECTOR('',#12620,1.);
#12620 = DIRECTION('',(0.,0.,1.));
#12621 = PCURVE('',#296,#12622);
#12622 = DEFINITIONAL_REPRESENTATION('',(#12623),#12627);
#12623 = LINE('',#12624,#12625);
#12624 = CARTESIAN_POINT('',(34.,0.));
#12625 = VECTOR('',#12626,1.);
#12626 = DIRECTION('',(0.,-1.));
#12627 = ( GEOMETRIC_REPRESENTATION_CONTEXT(2) 
PARAMETRIC_REPRESENTATION_CONTEXT() REPRESENTATION_CONTEXT('2D SPACE',''
  ) );
#12628 = PCURVE('',#268,#12629);
#12629 = DEFINITIONAL_REPRESENTATION('',(#12630),#12634);
#12630 = LINE('',#12631,#12632);
#12631 = CARTESIAN_POINT('',(1.570796326795,0.));
#12632 = VECTOR('',#12633,1.);
#12633 = DIRECTION('',(0.,1.));
#12634 = ( GEOMETRIC_REPRESENTATION_CONTEXT(2) 
PARAMETRIC_REPRESENTATION_CONTEXT() REPRESENTATION_CONTEXT('2D SPACE',''
  ) );
#12635 = ORIENTED_EDGE('',*,*,#7033,.T.);
#12636 = ORIENTED_EDGE('',*,*,#6834,.F.);
#12637 = ADVANCED_FACE('',(#12638),#182,.F.);
#12638 = FACE_BOUND('',#12639,.F.);
#12639 = EDGE_LOOP('',(#12640,#12641,#12642,#12643));
#12640 = ORIENTED_EDGE('',*,*,#166,.F.);
#12641 = ORIENTED_EDGE('',*,*,#6888,.T.);
#12642 = ORIENTED_EDGE('',*,*,#6939,.T.);
#12643 = ORIENTED_EDGE('',*,*,#12644,.F.);
#12644 = EDGE_CURVE('',#167,#6940,#12645,.T.);
#12645 = SURFACE_CURVE('',#12646,(#12650,#12657),.PCURVE_S1.);
#12646 = LINE('',#12647,#12648);
#12647 = CARTESIAN_POINT('',(105.,108.,0.));
#12648 = VECTOR('',#12649,1.);
#12649 = DIRECTION('',(0.,0.,1.));
#12650 = PCURVE('',#182,#12651);
#12651 = DEFINITIONAL_REPRESENTATION('',(#12652),#12656);
#12652 = LINE('',#12653,#12654);
#12653 = CARTESIAN_POINT('',(250.,0.));
#12654 = VECTOR('',#12655,1.);
#12655 = DIRECTION('',(0.,-1.));
#12656 = ( GEOMETRIC_REPRESENTATION_CONTEXT(2) 
PARAMETRIC_REPRESENTATION_CONTEXT() REPRESENTATION_CONTEXT('2D SPACE',''
  ) );
#12657 = PCURVE('',#211,#12658);
#12658 = DEFINITIONAL_REPRESENTATION('',(#12659),#12663);
#12659 = LINE('',#12660,#12661);
#12660 = CARTESIAN_POINT('',(0.,0.));
#12661 = VECTOR('',#12662,1.);
#12662 = DIRECTION('',(0.,1.));
#12663 = ( GEOMETRIC_REPRESENTATION_CONTEXT(2) 
PARAMETRIC_REPRESENTATION_CONTEXT() REPRESENTATION_CONTEXT('2D SPACE',''
  ) );
#12664 = ADVANCED_FACE('',(#12665),#268,.T.);
#12665 = FACE_BOUND('',#12666,.T.);
#12666 = EDGE_LOOP('',(#12667,#12668,#12669,#12670));
#12667 = ORIENTED_EDGE('',*,*,#251,.T.);
#12668 = ORIENTED_EDGE('',*,*,#12615,.T.);
#12669 = ORIENTED_EDGE('',*,*,#7009,.F.);
#12670 = ORIENTED_EDGE('',*,*,#12671,.F.);
#12671 = EDGE_CURVE('',#224,#6987,#12672,.T.);
#12672 = SURFACE_CURVE('',#12673,(#12677,#12684),.PCURVE_S1.);
#12673 = LINE('',#12674,#12675);
#12674 = CARTESIAN_POINT('',(-71.,142.,0.));
#12675 = VECTOR('',#12676,1.);
#12676 = DIRECTION('',(0.,0.,1.));
#12677 = PCURVE('',#268,#12678);
#12678 = DEFINITIONAL_REPRESENTATION('',(#12679),#12683);
#12679 = LINE('',#12680,#12681);
#12680 = CARTESIAN_POINT('',(0.,0.));
#12681 = VECTOR('',#12682,1.);
#12682 = DIRECTION('',(0.,1.));
#12683 = ( GEOMETRIC_REPRESENTATION_CONTEXT(2) 
PARAMETRIC_REPRESENTATION_CONTEXT() REPRESENTATION_CONTEXT('2D SPACE',''
  ) );
#12684 = PCURVE('',#239,#12685);
#12685 = DEFINITIONAL_REPRESENTATION('',(#12686),#12690);
#12686 = LINE('',#12687,#12688);
#12687 = CARTESIAN_POINT('',(176.,0.));
#12688 = VECTOR('',#12689,1.);
#12689 = DIRECTION('',(0.,-1.));
#12690 = ( GEOMETRIC_REPRESENTATION_CONTEXT(2) 
PARAMETRIC_REPRESENTATION_CONTEXT() REPRESENTATION_CONTEXT('2D SPACE',''
  ) );
#12691 = ADVANCED_FACE('',(#12692),#211,.T.);
#12692 = FACE_BOUND('',#12693,.T.);
#12693 = EDGE_LOOP('',(#12694,#12695,#12716,#12717));
#12694 = ORIENTED_EDGE('',*,*,#194,.T.);
#12695 = ORIENTED_EDGE('',*,*,#12696,.T.);
#12696 = EDGE_CURVE('',#195,#6963,#12697,.T.);
#12697 = SURFACE_CURVE('',#12698,(#12702,#12709),.PCURVE_S1.);
#12698 = LINE('',#12699,#12700);
#12699 = CARTESIAN_POINT('',(71.,142.,0.));
#12700 = VECTOR('',#12701,1.);
#12701 = DIRECTION('',(0.,0.,1.));
#12702 = PCURVE('',#211,#12703);
#12703 = DEFINITIONAL_REPRESENTATION('',(#12704),#12708);
#12704 = LINE('',#12705,#12706);
#12705 = CARTESIAN_POINT('',(1.570796326795,0.));
#12706 = VECTOR('',#12707,1.);
#12707 = DIRECTION('',(0.,1.));
#12708 = ( GEOMETRIC_REPRESENTATION_CONTEXT(2) 
PARAMETRIC_REPRESENTATION_CONTEXT() REPRESENTATION_CONTEXT('2D SPACE',''
  ) );
#12709 = PCURVE('',#239,#12710);
#12710 = DEFINITIONAL_REPRESENTATION('',(#12711),#12715);
#12711 = LINE('',#12712,#12713);
#12712 = CARTESIAN_POINT('',(34.,0.));
#12713 = VECTOR('',#12714,1.);
#12714 = DIRECTION('',(0.,-1.));
#12715 = ( GEOMETRIC_REPRESENTATION_CONTEXT(2) 
PARAMETRIC_REPRESENTATION_CONTEXT() REPRESENTATION_CONTEXT('2D SPACE',''
  ) );
#12716 = ORIENTED_EDGE('',*,*,#6962,.F.);
#12717 = ORIENTED_EDGE('',*,*,#12644,.F.);
#12718 = ADVANCED_FACE('',(#12719),#239,.F.);
#12719 = FACE_BOUND('',#12720,.F.);
#12720 = EDGE_LOOP('',(#12721,#12722,#12723,#12724));
#12721 = ORIENTED_EDGE('',*,*,#223,.F.);
#12722 = ORIENTED_EDGE('',*,*,#12696,.T.);
#12723 = ORIENTED_EDGE('',*,*,#6986,.T.);
#12724 = ORIENTED_EDGE('',*,*,#12671,.F.);
#12725 = ADVANCED_FACE('',(#12726),#357,.F.);
#12726 = FACE_BOUND('',#12727,.F.);
#12727 = EDGE_LOOP('',(#12728,#12729,#12750,#12751));
#12728 = ORIENTED_EDGE('',*,*,#336,.F.);
#12729 = ORIENTED_EDGE('',*,*,#12730,.F.);
#12730 = EDGE_CURVE('',#7058,#337,#12731,.T.);
#12731 = SEAM_CURVE('',#12732,(#12736,#12743),.PCURVE_S1.);
#12732 = LINE('',#12733,#12734);
#12733 = CARTESIAN_POINT('',(-91.35,-127.,6.));
#12734 = VECTOR('',#12735,1.);
#12735 = DIRECTION('',(0.,0.,-1.));
#12736 = PCURVE('',#357,#12737);
#12737 = DEFINITIONAL_REPRESENTATION('',(#12738),#12742);
#12738 = LINE('',#12739,#12740);
#12739 = CARTESIAN_POINT('',(6.28318530718,-0.));
#12740 = VECTOR('',#12741,1.);
#12741 = DIRECTION('',(0.,1.));
#12742 = ( GEOMETRIC_REPRESENTATION_CONTEXT(2) 
PARAMETRIC_REPRESENTATION_CONTEXT() REPRESENTATION_CONTEXT('2D SPACE',''
  ) );
#12743 = PCURVE('',#357,#12744);
#12744 = DEFINITIONAL_REPRESENTATION('',(#12745),#12749);
#12745 = LINE('',#12746,#12747);
#12746 = CARTESIAN_POINT('',(0.,-0.));
#12747 = VECTOR('',#12748,1.);
#12748 = DIRECTION('',(0.,1.));
#12749 = ( GEOMETRIC_REPRESENTATION_CONTEXT(2) 
PARAMETRIC_REPRESENTATION_CONTEXT() REPRESENTATION_CONTEXT('2D SPACE',''
  ) );
#12750 = ORIENTED_EDGE('',*,*,#7057,.T.);
#12751 = ORIENTED_EDGE('',*,*,#12730,.T.);
#12752 = ADVANCED_FACE('',(#12753),#390,.F.);
#12753 = FACE_BOUND('',#12754,.T.);
#12754 = EDGE_LOOP('',(#12755,#12756,#12777,#12778));
#12755 = ORIENTED_EDGE('',*,*,#7087,.T.);
#12756 = ORIENTED_EDGE('',*,*,#12757,.T.);
#12757 = EDGE_CURVE('',#7090,#374,#12758,.T.);
#12758 = SURFACE_CURVE('',#12759,(#12763,#12770),.PCURVE_S1.);
#12759 = LINE('',#12760,#12761);
#12760 = CARTESIAN_POINT('',(-86.,-116.,290.0000003));
#12761 = VECTOR('',#12762,1.);
#12762 = DIRECTION('',(0.,0.,-1.));
#12763 = PCURVE('',#390,#12764);
#12764 = DEFINITIONAL_REPRESENTATION('',(#12765),#12769);
#12765 = LINE('',#12766,#12767);
#12766 = CARTESIAN_POINT('',(-0.,0.));
#12767 = VECTOR('',#12768,1.);
#12768 = DIRECTION('',(-0.,-1.));
#12769 = ( GEOMETRIC_REPRESENTATION_CONTEXT(2) 
PARAMETRIC_REPRESENTATION_CONTEXT() REPRESENTATION_CONTEXT('2D SPACE',''
  ) );
#12770 = PCURVE('',#470,#12771);
#12771 = DEFINITIONAL_REPRESENTATION('',(#12772),#12776);
#12772 = LINE('',#12773,#12774);
#12773 = CARTESIAN_POINT('',(22.,0.));
#12774 = VECTOR('',#12775,1.);
#12775 = DIRECTION('',(0.,-1.));
#12776 = ( GEOMETRIC_REPRESENTATION_CONTEXT(2) 
PARAMETRIC_REPRESENTATION_CONTEXT() REPRESENTATION_CONTEXT('2D SPACE',''
  ) );
#12777 = ORIENTED_EDGE('',*,*,#371,.F.);
#12778 = ORIENTED_EDGE('',*,*,#12779,.F.);
#12779 = EDGE_CURVE('',#7088,#372,#12780,.T.);
#12780 = SURFACE_CURVE('',#12781,(#12785,#12792),.PCURVE_S1.);
#12781 = LINE('',#12782,#12783);
#12782 = CARTESIAN_POINT('',(-86.,-100.,290.0000003));
#12783 = VECTOR('',#12784,1.);
#12784 = DIRECTION('',(0.,0.,-1.));
#12785 = PCURVE('',#390,#12786);
#12786 = DEFINITIONAL_REPRESENTATION('',(#12787),#12791);
#12787 = LINE('',#12788,#12789);
#12788 = CARTESIAN_POINT('',(-3.14159265359,0.));
#12789 = VECTOR('',#12790,1.);
#12790 = DIRECTION('',(-0.,-1.));
#12791 = ( GEOMETRIC_REPRESENTATION_CONTEXT(2) 
PARAMETRIC_REPRESENTATION_CONTEXT() REPRESENTATION_CONTEXT('2D SPACE',''
  ) );
#12792 = PCURVE('',#417,#12793);
#12793 = DEFINITIONAL_REPRESENTATION('',(#12794),#12798);
#12794 = LINE('',#12795,#12796);
#12795 = CARTESIAN_POINT('',(0.,-0.));
#12796 = VECTOR('',#12797,1.);
#12797 = DIRECTION('',(0.,-1.));
#12798 = ( GEOMETRIC_REPRESENTATION_CONTEXT(2) 
PARAMETRIC_REPRESENTATION_CONTEXT() REPRESENTATION_CONTEXT('2D SPACE',''
  ) );
#12799 = ADVANCED_FACE('',(#12800),#417,.T.);
#12800 = FACE_BOUND('',#12801,.T.);
#12801 = EDGE_LOOP('',(#12802,#12803,#12804,#12805));
#12802 = ORIENTED_EDGE('',*,*,#7113,.F.);
#12803 = ORIENTED_EDGE('',*,*,#12779,.T.);
#12804 = ORIENTED_EDGE('',*,*,#402,.T.);
#12805 = ORIENTED_EDGE('',*,*,#12806,.F.);
#12806 = EDGE_CURVE('',#7114,#403,#12807,.T.);
#12807 = SURFACE_CURVE('',#12808,(#12812,#12819),.PCURVE_S1.);
#12808 = LINE('',#12809,#12810);
#12809 = CARTESIAN_POINT('',(-64.,-100.,290.0000003));
#12810 = VECTOR('',#12811,1.);
#12811 = DIRECTION('',(0.,0.,-1.));
#12812 = PCURVE('',#417,#12813);
#12813 = DEFINITIONAL_REPRESENTATION('',(#12814),#12818);
#12814 = LINE('',#12815,#12816);
#12815 = CARTESIAN_POINT('',(22.,0.));
#12816 = VECTOR('',#12817,1.);
#12817 = DIRECTION('',(0.,-1.));
#12818 = ( GEOMETRIC_REPRESENTATION_CONTEXT(2) 
PARAMETRIC_REPRESENTATION_CONTEXT() REPRESENTATION_CONTEXT('2D SPACE',''
  ) );
#12819 = PCURVE('',#445,#12820);
#12820 = DEFINITIONAL_REPRESENTATION('',(#12821),#12825);
#12821 = LINE('',#12822,#12823);
#12822 = CARTESIAN_POINT('',(-0.,0.));
#12823 = VECTOR('',#12824,1.);
#12824 = DIRECTION('',(-0.,-1.));
#12825 = ( GEOMETRIC_REPRESENTATION_CONTEXT(2) 
PARAMETRIC_REPRESENTATION_CONTEXT() REPRESENTATION_CONTEXT('2D SPACE',''
  ) );
#12826 = ADVANCED_FACE('',(#12827),#470,.T.);
#12827 = FACE_BOUND('',#12828,.T.);
#12828 = EDGE_LOOP('',(#12829,#12830,#12851,#12852));
#12829 = ORIENTED_EDGE('',*,*,#7158,.F.);
#12830 = ORIENTED_EDGE('',*,*,#12831,.T.);
#12831 = EDGE_CURVE('',#7135,#429,#12832,.T.);
#12832 = SURFACE_CURVE('',#12833,(#12837,#12844),.PCURVE_S1.);
#12833 = LINE('',#12834,#12835);
#12834 = CARTESIAN_POINT('',(-64.,-116.,290.0000003));
#12835 = VECTOR('',#12836,1.);
#12836 = DIRECTION('',(0.,0.,-1.));
#12837 = PCURVE('',#470,#12838);
#12838 = DEFINITIONAL_REPRESENTATION('',(#12839),#12843);
#12839 = LINE('',#12840,#12841);
#12840 = CARTESIAN_POINT('',(0.,0.));
#12841 = VECTOR('',#12842,1.);
#12842 = DIRECTION('',(0.,-1.));
#12843 = ( GEOMETRIC_REPRESENTATION_CONTEXT(2) 
PARAMETRIC_REPRESENTATION_CONTEXT() REPRESENTATION_CONTEXT('2D SPACE',''
  ) );
#12844 = PCURVE('',#445,#12845);
#12845 = DEFINITIONAL_REPRESENTATION('',(#12846),#12850);
#12846 = LINE('',#12847,#12848);
#12847 = CARTESIAN_POINT('',(-3.14159265359,0.));
#12848 = VECTOR('',#12849,1.);
#12849 = DIRECTION('',(-0.,-1.));
#12850 = ( GEOMETRIC_REPRESENTATION_CONTEXT(2) 
PARAMETRIC_REPRESENTATION_CONTEXT() REPRESENTATION_CONTEXT('2D SPACE',''
  ) );
#12851 = ORIENTED_EDGE('',*,*,#457,.T.);
#12852 = ORIENTED_EDGE('',*,*,#12757,.F.);
#12853 = ADVANCED_FACE('',(#12854),#445,.F.);
#12854 = FACE_BOUND('',#12855,.T.);
#12855 = EDGE_LOOP('',(#12856,#12857,#12858,#12859));
#12856 = ORIENTED_EDGE('',*,*,#7134,.T.);
#12857 = ORIENTED_EDGE('',*,*,#12806,.T.);
#12858 = ORIENTED_EDGE('',*,*,#428,.F.);
#12859 = ORIENTED_EDGE('',*,*,#12831,.F.);
#12860 = ADVANCED_FACE('',(#12861),#504,.F.);
#12861 = FACE_BOUND('',#12862,.F.);
#12862 = EDGE_LOOP('',(#12863,#12864,#12885,#12886));
#12863 = ORIENTED_EDGE('',*,*,#483,.F.);
#12864 = ORIENTED_EDGE('',*,*,#12865,.F.);
#12865 = EDGE_CURVE('',#7180,#484,#12866,.T.);
#12866 = SEAM_CURVE('',#12867,(#12871,#12878),.PCURVE_S1.);
#12867 = LINE('',#12868,#12869);
#12868 = CARTESIAN_POINT('',(-65.95,-127.,6.));
#12869 = VECTOR('',#12870,1.);
#12870 = DIRECTION('',(0.,0.,-1.));
#12871 = PCURVE('',#504,#12872);
#12872 = DEFINITIONAL_REPRESENTATION('',(#12873),#12877);
#12873 = LINE('',#12874,#12875);
#12874 = CARTESIAN_POINT('',(6.28318530718,-0.));
#12875 = VECTOR('',#12876,1.);
#12876 = DIRECTION('',(0.,1.));
#12877 = ( GEOMETRIC_REPRESENTATION_CONTEXT(2) 
PARAMETRIC_REPRESENTATION_CONTEXT() REPRESENTATION_CONTEXT('2D SPACE',''
  ) );
#12878 = PCURVE('',#504,#12879);
#12879 = DEFINITIONAL_REPRESENTATION('',(#12880),#12884);
#12880 = LINE('',#12881,#12882);
#12881 = CARTESIAN_POINT('',(0.,-0.));
#12882 = VECTOR('',#12883,1.);
#12883 = DIRECTION('',(0.,1.));
#12884 = ( GEOMETRIC_REPRESENTATION_CONTEXT(2) 
PARAMETRIC_REPRESENTATION_CONTEXT() REPRESENTATION_CONTEXT('2D SPACE',''
  ) );
#12885 = ORIENTED_EDGE('',*,*,#7179,.T.);
#12886 = ORIENTED_EDGE('',*,*,#12865,.T.);
#12887 = ADVANCED_FACE('',(#12888),#539,.F.);
#12888 = FACE_BOUND('',#12889,.F.);
#12889 = EDGE_LOOP('',(#12890,#12891,#12912,#12913));
#12890 = ORIENTED_EDGE('',*,*,#518,.F.);
#12891 = ORIENTED_EDGE('',*,*,#12892,.F.);
#12892 = EDGE_CURVE('',#7210,#519,#12893,.T.);
#12893 = SEAM_CURVE('',#12894,(#12898,#12905),.PCURVE_S1.);
#12894 = LINE('',#12895,#12896);
#12895 = CARTESIAN_POINT('',(-53.25,-127.,6.));
#12896 = VECTOR('',#12897,1.);
#12897 = DIRECTION('',(0.,0.,-1.));
#12898 = PCURVE('',#539,#12899);
#12899 = DEFINITIONAL_REPRESENTATION('',(#12900),#12904);
#12900 = LINE('',#12901,#12902);
#12901 = CARTESIAN_POINT('',(6.28318530718,-0.));
#12902 = VECTOR('',#12903,1.);
#12903 = DIRECTION('',(0.,1.));
#12904 = ( GEOMETRIC_REPRESENTATION_CONTEXT(2) 
PARAMETRIC_REPRESENTATION_CONTEXT() REPRESENTATION_CONTEXT('2D SPACE',''
  ) );
#12905 = PCURVE('',#539,#12906);
#12906 = DEFINITIONAL_REPRESENTATION('',(#12907),#12911);
#12907 = LINE('',#12908,#12909);
#12908 = CARTESIAN_POINT('',(0.,-0.));
#12909 = VECTOR('',#12910,1.);
#12910 = DIRECTION('',(0.,1.));
#12911 = ( GEOMETRIC_REPRESENTATION_CONTEXT(2) 
PARAMETRIC_REPRESENTATION_CONTEXT() REPRESENTATION_CONTEXT('2D SPACE',''
  ) );
#12912 = ORIENTED_EDGE('',*,*,#7209,.T.);
#12913 = ORIENTED_EDGE('',*,*,#12892,.T.);
#12914 = ADVANCED_FACE('',(#12915),#574,.F.);
#12915 = FACE_BOUND('',#12916,.F.);
#12916 = EDGE_LOOP('',(#12917,#12918,#12939,#12940));
#12917 = ORIENTED_EDGE('',*,*,#553,.F.);
#12918 = ORIENTED_EDGE('',*,*,#12919,.F.);
#12919 = EDGE_CURVE('',#7240,#554,#12920,.T.);
#12920 = SEAM_CURVE('',#12921,(#12925,#12932),.PCURVE_S1.);
#12921 = LINE('',#12922,#12923);
#12922 = CARTESIAN_POINT('',(-53.25,-114.3,6.));
#12923 = VECTOR('',#12924,1.);
#12924 = DIRECTION('',(0.,0.,-1.));
#12925 = PCURVE('',#574,#12926);
#12926 = DEFINITIONAL_REPRESENTATION('',(#12927),#12931);
#12927 = LINE('',#12928,#12929);
#12928 = CARTESIAN_POINT('',(6.28318530718,-0.));
#12929 = VECTOR('',#12930,1.);
#12930 = DIRECTION('',(0.,1.));
#12931 = ( GEOMETRIC_REPRESENTATION_CONTEXT(2) 
PARAMETRIC_REPRESENTATION_CONTEXT() REPRESENTATION_CONTEXT('2D SPACE',''
  ) );
#12932 = PCURVE('',#574,#12933);
#12933 = DEFINITIONAL_REPRESENTATION('',(#12934),#12938);
#12934 = LINE('',#12935,#12936);
#12935 = CARTESIAN_POINT('',(0.,-0.));
#12936 = VECTOR('',#12937,1.);
#12937 = DIRECTION('',(0.,1.));
#12938 = ( GEOMETRIC_REPRESENTATION_CONTEXT(2) 
PARAMETRIC_REPRESENTATION_CONTEXT() REPRESENTATION_CONTEXT('2D SPACE',''
  ) );
#12939 = ORIENTED_EDGE('',*,*,#7239,.T.);
#12940 = ORIENTED_EDGE('',*,*,#12919,.T.);
#12941 = ADVANCED_FACE('',(#12942),#609,.F.);
#12942 = FACE_BOUND('',#12943,.F.);
#12943 = EDGE_LOOP('',(#12944,#12945,#12966,#12967));
#12944 = ORIENTED_EDGE('',*,*,#588,.F.);
#12945 = ORIENTED_EDGE('',*,*,#12946,.F.);
#12946 = EDGE_CURVE('',#7270,#589,#12947,.T.);
#12947 = SEAM_CURVE('',#12948,(#12952,#12959),.PCURVE_S1.);
#12948 = LINE('',#12949,#12950);
#12949 = CARTESIAN_POINT('',(-53.25,-101.6,6.));
#12950 = VECTOR('',#12951,1.);
#12951 = DIRECTION('',(0.,0.,-1.));
#12952 = PCURVE('',#609,#12953);
#12953 = DEFINITIONAL_REPRESENTATION('',(#12954),#12958);
#12954 = LINE('',#12955,#12956);
#12955 = CARTESIAN_POINT('',(6.28318530718,-0.));
#12956 = VECTOR('',#12957,1.);
#12957 = DIRECTION('',(0.,1.));
#12958 = ( GEOMETRIC_REPRESENTATION_CONTEXT(2) 
PARAMETRIC_REPRESENTATION_CONTEXT() REPRESENTATION_CONTEXT('2D SPACE',''
  ) );
#12959 = PCURVE('',#609,#12960);
#12960 = DEFINITIONAL_REPRESENTATION('',(#12961),#12965);
#12961 = LINE('',#12962,#12963);
#12962 = CARTESIAN_POINT('',(0.,-0.));
#12963 = VECTOR('',#12964,1.);
#12964 = DIRECTION('',(0.,1.));
#12965 = ( GEOMETRIC_REPRESENTATION_CONTEXT(2) 
PARAMETRIC_REPRESENTATION_CONTEXT() REPRESENTATION_CONTEXT('2D SPACE',''
  ) );
#12966 = ORIENTED_EDGE('',*,*,#7269,.T.);
#12967 = ORIENTED_EDGE('',*,*,#12946,.T.);
#12968 = ADVANCED_FACE('',(#12969),#644,.F.);
#12969 = FACE_BOUND('',#12970,.F.);
#12970 = EDGE_LOOP('',(#12971,#12972,#12993,#12994));
#12971 = ORIENTED_EDGE('',*,*,#623,.F.);
#12972 = ORIENTED_EDGE('',*,*,#12973,.F.);
#12973 = EDGE_CURVE('',#7300,#624,#12974,.T.);
#12974 = SEAM_CURVE('',#12975,(#12979,#12986),.PCURVE_S1.);
#12975 = LINE('',#12976,#12977);
#12976 = CARTESIAN_POINT('',(-91.35,-88.9,6.));
#12977 = VECTOR('',#12978,1.);
#12978 = DIRECTION('',(0.,0.,-1.));
#12979 = PCURVE('',#644,#12980);
#12980 = DEFINITIONAL_REPRESENTATION('',(#12981),#12985);
#12981 = LINE('',#12982,#12983);
#12982 = CARTESIAN_POINT('',(6.28318530718,-0.));
#12983 = VECTOR('',#12984,1.);
#12984 = DIRECTION('',(0.,1.));
#12985 = ( GEOMETRIC_REPRESENTATION_CONTEXT(2) 
PARAMETRIC_REPRESENTATION_CONTEXT() REPRESENTATION_CONTEXT('2D SPACE',''
  ) );
#12986 = PCURVE('',#644,#12987);
#12987 = DEFINITIONAL_REPRESENTATION('',(#12988),#12992);
#12988 = LINE('',#12989,#12990);
#12989 = CARTESIAN_POINT('',(0.,-0.));
#12990 = VECTOR('',#12991,1.);
#12991 = DIRECTION('',(0.,1.));
#12992 = ( GEOMETRIC_REPRESENTATION_CONTEXT(2) 
PARAMETRIC_REPRESENTATION_CONTEXT() REPRESENTATION_CONTEXT('2D SPACE',''
  ) );
#12993 = ORIENTED_EDGE('',*,*,#7299,.T.);
#12994 = ORIENTED_EDGE('',*,*,#12973,.T.);
#12995 = ADVANCED_FACE('',(#12996),#679,.F.);
#12996 = FACE_BOUND('',#12997,.F.);
#12997 = EDGE_LOOP('',(#12998,#12999,#13020,#13021));
#12998 = ORIENTED_EDGE('',*,*,#658,.F.);
#12999 = ORIENTED_EDGE('',*,*,#13000,.F.);
#13000 = EDGE_CURVE('',#7330,#659,#13001,.T.);
#13001 = SEAM_CURVE('',#13002,(#13006,#13013),.PCURVE_S1.);
#13002 = LINE('',#13003,#13004);
#13003 = CARTESIAN_POINT('',(-91.35,-76.2,6.));
#13004 = VECTOR('',#13005,1.);
#13005 = DIRECTION('',(0.,0.,-1.));
#13006 = PCURVE('',#679,#13007);
#13007 = DEFINITIONAL_REPRESENTATION('',(#13008),#13012);
#13008 = LINE('',#13009,#13010);
#13009 = CARTESIAN_POINT('',(6.28318530718,-0.));
#13010 = VECTOR('',#13011,1.);
#13011 = DIRECTION('',(0.,1.));
#13012 = ( GEOMETRIC_REPRESENTATION_CONTEXT(2) 
PARAMETRIC_REPRESENTATION_CONTEXT() REPRESENTATION_CONTEXT('2D SPACE',''
  ) );
#13013 = PCURVE('',#679,#13014);
#13014 = DEFINITIONAL_REPRESENTATION('',(#13015),#13019);
#13015 = LINE('',#13016,#13017);
#13016 = CARTESIAN_POINT('',(0.,-0.));
#13017 = VECTOR('',#13018,1.);
#13018 = DIRECTION('',(0.,1.));
#13019 = ( GEOMETRIC_REPRESENTATION_CONTEXT(2) 
PARAMETRIC_REPRESENTATION_CONTEXT() REPRESENTATION_CONTEXT('2D SPACE',''
  ) );
#13020 = ORIENTED_EDGE('',*,*,#7329,.T.);
#13021 = ORIENTED_EDGE('',*,*,#13000,.T.);
#13022 = ADVANCED_FACE('',(#13023),#714,.F.);
#13023 = FACE_BOUND('',#13024,.F.);
#13024 = EDGE_LOOP('',(#13025,#13026,#13047,#13048));
#13025 = ORIENTED_EDGE('',*,*,#693,.F.);
#13026 = ORIENTED_EDGE('',*,*,#13027,.F.);
#13027 = EDGE_CURVE('',#7360,#694,#13028,.T.);
#13028 = SEAM_CURVE('',#13029,(#13033,#13040),.PCURVE_S1.);
#13029 = LINE('',#13030,#13031);
#13030 = CARTESIAN_POINT('',(-78.65,-76.2,6.));
#13031 = VECTOR('',#13032,1.);
#13032 = DIRECTION('',(0.,0.,-1.));
#13033 = PCURVE('',#714,#13034);
#13034 = DEFINITIONAL_REPRESENTATION('',(#13035),#13039);
#13035 = LINE('',#13036,#13037);
#13036 = CARTESIAN_POINT('',(6.28318530718,-0.));
#13037 = VECTOR('',#13038,1.);
#13038 = DIRECTION('',(0.,1.));
#13039 = ( GEOMETRIC_REPRESENTATION_CONTEXT(2) 
PARAMETRIC_REPRESENTATION_CONTEXT() REPRESENTATION_CONTEXT('2D SPACE',''
  ) );
#13040 = PCURVE('',#714,#13041);
#13041 = DEFINITIONAL_REPRESENTATION('',(#13042),#13046);
#13042 = LINE('',#13043,#13044);
#13043 = CARTESIAN_POINT('',(0.,-0.));
#13044 = VECTOR('',#13045,1.);
#13045 = DIRECTION('',(0.,1.));
#13046 = ( GEOMETRIC_REPRESENTATION_CONTEXT(2) 
PARAMETRIC_REPRESENTATION_CONTEXT() REPRESENTATION_CONTEXT('2D SPACE',''
  ) );
#13047 = ORIENTED_EDGE('',*,*,#7359,.T.);
#13048 = ORIENTED_EDGE('',*,*,#13027,.T.);
#13049 = ADVANCED_FACE('',(#13050),#749,.F.);
#13050 = FACE_BOUND('',#13051,.F.);
#13051 = EDGE_LOOP('',(#13052,#13053,#13074,#13075));
#13052 = ORIENTED_EDGE('',*,*,#728,.F.);
#13053 = ORIENTED_EDGE('',*,*,#13054,.F.);
#13054 = EDGE_CURVE('',#7390,#729,#13055,.T.);
#13055 = SEAM_CURVE('',#13056,(#13060,#13067),.PCURVE_S1.);
#13056 = LINE('',#13057,#13058);
#13057 = CARTESIAN_POINT('',(-65.95,-88.9,6.));
#13058 = VECTOR('',#13059,1.);
#13059 = DIRECTION('',(0.,0.,-1.));
#13060 = PCURVE('',#749,#13061);
#13061 = DEFINITIONAL_REPRESENTATION('',(#13062),#13066);
#13062 = LINE('',#13063,#13064);
#13063 = CARTESIAN_POINT('',(6.28318530718,-0.));
#13064 = VECTOR('',#13065,1.);
#13065 = DIRECTION('',(0.,1.));
#13066 = ( GEOMETRIC_REPRESENTATION_CONTEXT(2) 
PARAMETRIC_REPRESENTATION_CONTEXT() REPRESENTATION_CONTEXT('2D SPACE',''
  ) );
#13067 = PCURVE('',#749,#13068);
#13068 = DEFINITIONAL_REPRESENTATION('',(#13069),#13073);
#13069 = LINE('',#13070,#13071);
#13070 = CARTESIAN_POINT('',(0.,-0.));
#13071 = VECTOR('',#13072,1.);
#13072 = DIRECTION('',(0.,1.));
#13073 = ( GEOMETRIC_REPRESENTATION_CONTEXT(2) 
PARAMETRIC_REPRESENTATION_CONTEXT() REPRESENTATION_CONTEXT('2D SPACE',''
  ) );
#13074 = ORIENTED_EDGE('',*,*,#7389,.T.);
#13075 = ORIENTED_EDGE('',*,*,#13054,.T.);
#13076 = ADVANCED_FACE('',(#13077),#784,.F.);
#13077 = FACE_BOUND('',#13078,.F.);
#13078 = EDGE_LOOP('',(#13079,#13080,#13101,#13102));
#13079 = ORIENTED_EDGE('',*,*,#763,.F.);
#13080 = ORIENTED_EDGE('',*,*,#13081,.F.);
#13081 = EDGE_CURVE('',#7420,#764,#13082,.T.);
#13082 = SEAM_CURVE('',#13083,(#13087,#13094),.PCURVE_S1.);
#13083 = LINE('',#13084,#13085);
#13084 = CARTESIAN_POINT('',(-53.25,-88.9,6.));
#13085 = VECTOR('',#13086,1.);
#13086 = DIRECTION('',(0.,0.,-1.));
#13087 = PCURVE('',#784,#13088);
#13088 = DEFINITIONAL_REPRESENTATION('',(#13089),#13093);
#13089 = LINE('',#13090,#13091);
#13090 = CARTESIAN_POINT('',(6.28318530718,-0.));
#13091 = VECTOR('',#13092,1.);
#13092 = DIRECTION('',(0.,1.));
#13093 = ( GEOMETRIC_REPRESENTATION_CONTEXT(2) 
PARAMETRIC_REPRESENTATION_CONTEXT() REPRESENTATION_CONTEXT('2D SPACE',''
  ) );
#13094 = PCURVE('',#784,#13095);
#13095 = DEFINITIONAL_REPRESENTATION('',(#13096),#13100);
#13096 = LINE('',#13097,#13098);
#13097 = CARTESIAN_POINT('',(0.,-0.));
#13098 = VECTOR('',#13099,1.);
#13099 = DIRECTION('',(0.,1.));
#13100 = ( GEOMETRIC_REPRESENTATION_CONTEXT(2) 
PARAMETRIC_REPRESENTATION_CONTEXT() REPRESENTATION_CONTEXT('2D SPACE',''
  ) );
#13101 = ORIENTED_EDGE('',*,*,#7419,.T.);
#13102 = ORIENTED_EDGE('',*,*,#13081,.T.);
#13103 = ADVANCED_FACE('',(#13104),#819,.F.);
#13104 = FACE_BOUND('',#13105,.F.);
#13105 = EDGE_LOOP('',(#13106,#13107,#13128,#13129));
#13106 = ORIENTED_EDGE('',*,*,#798,.F.);
#13107 = ORIENTED_EDGE('',*,*,#13108,.F.);
#13108 = EDGE_CURVE('',#7450,#799,#13109,.T.);
#13109 = SEAM_CURVE('',#13110,(#13114,#13121),.PCURVE_S1.);
#13110 = LINE('',#13111,#13112);
#13111 = CARTESIAN_POINT('',(-65.95,-76.2,6.));
#13112 = VECTOR('',#13113,1.);
#13113 = DIRECTION('',(0.,0.,-1.));
#13114 = PCURVE('',#819,#13115);
#13115 = DEFINITIONAL_REPRESENTATION('',(#13116),#13120);
#13116 = LINE('',#13117,#13118);
#13117 = CARTESIAN_POINT('',(6.28318530718,-0.));
#13118 = VECTOR('',#13119,1.);
#13119 = DIRECTION('',(0.,1.));
#13120 = ( GEOMETRIC_REPRESENTATION_CONTEXT(2) 
PARAMETRIC_REPRESENTATION_CONTEXT() REPRESENTATION_CONTEXT('2D SPACE',''
  ) );
#13121 = PCURVE('',#819,#13122);
#13122 = DEFINITIONAL_REPRESENTATION('',(#13123),#13127);
#13123 = LINE('',#13124,#13125);
#13124 = CARTESIAN_POINT('',(0.,-0.));
#13125 = VECTOR('',#13126,1.);
#13126 = DIRECTION('',(0.,1.));
#13127 = ( GEOMETRIC_REPRESENTATION_CONTEXT(2) 
PARAMETRIC_REPRESENTATION_CONTEXT() REPRESENTATION_CONTEXT('2D SPACE',''
  ) );
#13128 = ORIENTED_EDGE('',*,*,#7449,.T.);
#13129 = ORIENTED_EDGE('',*,*,#13108,.T.);
#13130 = ADVANCED_FACE('',(#13131),#854,.F.);
#13131 = FACE_BOUND('',#13132,.F.);
#13132 = EDGE_LOOP('',(#13133,#13134,#13155,#13156));
#13133 = ORIENTED_EDGE('',*,*,#833,.F.);
#13134 = ORIENTED_EDGE('',*,*,#13135,.F.);
#13135 = EDGE_CURVE('',#7480,#834,#13136,.T.);
#13136 = SEAM_CURVE('',#13137,(#13141,#13148),.PCURVE_S1.);
#13137 = LINE('',#13138,#13139);
#13138 = CARTESIAN_POINT('',(-40.55,-127.,6.));
#13139 = VECTOR('',#13140,1.);
#13140 = DIRECTION('',(0.,0.,-1.));
#13141 = PCURVE('',#854,#13142);
#13142 = DEFINITIONAL_REPRESENTATION('',(#13143),#13147);
#13143 = LINE('',#13144,#13145);
#13144 = CARTESIAN_POINT('',(6.28318530718,-0.));
#13145 = VECTOR('',#13146,1.);
#13146 = DIRECTION('',(0.,1.));
#13147 = ( GEOMETRIC_REPRESENTATION_CONTEXT(2) 
PARAMETRIC_REPRESENTATION_CONTEXT() REPRESENTATION_CONTEXT('2D SPACE',''
  ) );
#13148 = PCURVE('',#854,#13149);
#13149 = DEFINITIONAL_REPRESENTATION('',(#13150),#13154);
#13150 = LINE('',#13151,#13152);
#13151 = CARTESIAN_POINT('',(0.,-0.));
#13152 = VECTOR('',#13153,1.);
#13153 = DIRECTION('',(0.,1.));
#13154 = ( GEOMETRIC_REPRESENTATION_CONTEXT(2) 
PARAMETRIC_REPRESENTATION_CONTEXT() REPRESENTATION_CONTEXT('2D SPACE',''
  ) );
#13155 = ORIENTED_EDGE('',*,*,#7479,.T.);
#13156 = ORIENTED_EDGE('',*,*,#13135,.T.);
#13157 = ADVANCED_FACE('',(#13158),#889,.F.);
#13158 = FACE_BOUND('',#13159,.F.);
#13159 = EDGE_LOOP('',(#13160,#13161,#13182,#13183));
#13160 = ORIENTED_EDGE('',*,*,#868,.F.);
#13161 = ORIENTED_EDGE('',*,*,#13162,.F.);
#13162 = EDGE_CURVE('',#7510,#869,#13163,.T.);
#13163 = SEAM_CURVE('',#13164,(#13168,#13175),.PCURVE_S1.);
#13164 = LINE('',#13165,#13166);
#13165 = CARTESIAN_POINT('',(-40.55,-114.3,6.));
#13166 = VECTOR('',#13167,1.);
#13167 = DIRECTION('',(0.,0.,-1.));
#13168 = PCURVE('',#889,#13169);
#13169 = DEFINITIONAL_REPRESENTATION('',(#13170),#13174);
#13170 = LINE('',#13171,#13172);
#13171 = CARTESIAN_POINT('',(6.28318530718,-0.));
#13172 = VECTOR('',#13173,1.);
#13173 = DIRECTION('',(0.,1.));
#13174 = ( GEOMETRIC_REPRESENTATION_CONTEXT(2) 
PARAMETRIC_REPRESENTATION_CONTEXT() REPRESENTATION_CONTEXT('2D SPACE',''
  ) );
#13175 = PCURVE('',#889,#13176);
#13176 = DEFINITIONAL_REPRESENTATION('',(#13177),#13181);
#13177 = LINE('',#13178,#13179);
#13178 = CARTESIAN_POINT('',(0.,-0.));
#13179 = VECTOR('',#13180,1.);
#13180 = DIRECTION('',(0.,1.));
#13181 = ( GEOMETRIC_REPRESENTATION_CONTEXT(2) 
PARAMETRIC_REPRESENTATION_CONTEXT() REPRESENTATION_CONTEXT('2D SPACE',''
  ) );
#13182 = ORIENTED_EDGE('',*,*,#7509,.T.);
#13183 = ORIENTED_EDGE('',*,*,#13162,.T.);
#13184 = ADVANCED_FACE('',(#13185),#924,.F.);
#13185 = FACE_BOUND('',#13186,.F.);
#13186 = EDGE_LOOP('',(#13187,#13188,#13209,#13210));
#13187 = ORIENTED_EDGE('',*,*,#903,.F.);
#13188 = ORIENTED_EDGE('',*,*,#13189,.F.);
#13189 = EDGE_CURVE('',#7540,#904,#13190,.T.);
#13190 = SEAM_CURVE('',#13191,(#13195,#13202),.PCURVE_S1.);
#13191 = LINE('',#13192,#13193);
#13192 = CARTESIAN_POINT('',(-27.85,-127.,6.));
#13193 = VECTOR('',#13194,1.);
#13194 = DIRECTION('',(0.,0.,-1.));
#13195 = PCURVE('',#924,#13196);
#13196 = DEFINITIONAL_REPRESENTATION('',(#13197),#13201);
#13197 = LINE('',#13198,#13199);
#13198 = CARTESIAN_POINT('',(6.28318530718,-0.));
#13199 = VECTOR('',#13200,1.);
#13200 = DIRECTION('',(0.,1.));
#13201 = ( GEOMETRIC_REPRESENTATION_CONTEXT(2) 
PARAMETRIC_REPRESENTATION_CONTEXT() REPRESENTATION_CONTEXT('2D SPACE',''
  ) );
#13202 = PCURVE('',#924,#13203);
#13203 = DEFINITIONAL_REPRESENTATION('',(#13204),#13208);
#13204 = LINE('',#13205,#13206);
#13205 = CARTESIAN_POINT('',(0.,-0.));
#13206 = VECTOR('',#13207,1.);
#13207 = DIRECTION('',(0.,1.));
#13208 = ( GEOMETRIC_REPRESENTATION_CONTEXT(2) 
PARAMETRIC_REPRESENTATION_CONTEXT() REPRESENTATION_CONTEXT('2D SPACE',''
  ) );
#13209 = ORIENTED_EDGE('',*,*,#7539,.T.);
#13210 = ORIENTED_EDGE('',*,*,#13189,.T.);
#13211 = ADVANCED_FACE('',(#13212),#959,.F.);
#13212 = FACE_BOUND('',#13213,.F.);
#13213 = EDGE_LOOP('',(#13214,#13215,#13236,#13237));
#13214 = ORIENTED_EDGE('',*,*,#938,.F.);
#13215 = ORIENTED_EDGE('',*,*,#13216,.F.);
#13216 = EDGE_CURVE('',#7570,#939,#13217,.T.);
#13217 = SEAM_CURVE('',#13218,(#13222,#13229),.PCURVE_S1.);
#13218 = LINE('',#13219,#13220);
#13219 = CARTESIAN_POINT('',(-27.85,-114.3,6.));
#13220 = VECTOR('',#13221,1.);
#13221 = DIRECTION('',(0.,0.,-1.));
#13222 = PCURVE('',#959,#13223);
#13223 = DEFINITIONAL_REPRESENTATION('',(#13224),#13228);
#13224 = LINE('',#13225,#13226);
#13225 = CARTESIAN_POINT('',(6.28318530718,-0.));
#13226 = VECTOR('',#13227,1.);
#13227 = DIRECTION('',(0.,1.));
#13228 = ( GEOMETRIC_REPRESENTATION_CONTEXT(2) 
PARAMETRIC_REPRESENTATION_CONTEXT() REPRESENTATION_CONTEXT('2D SPACE',''
  ) );
#13229 = PCURVE('',#959,#13230);
#13230 = DEFINITIONAL_REPRESENTATION('',(#13231),#13235);
#13231 = LINE('',#13232,#13233);
#13232 = CARTESIAN_POINT('',(0.,-0.));
#13233 = VECTOR('',#13234,1.);
#13234 = DIRECTION('',(0.,1.));
#13235 = ( GEOMETRIC_REPRESENTATION_CONTEXT(2) 
PARAMETRIC_REPRESENTATION_CONTEXT() REPRESENTATION_CONTEXT('2D SPACE',''
  ) );
#13236 = ORIENTED_EDGE('',*,*,#7569,.T.);
#13237 = ORIENTED_EDGE('',*,*,#13216,.T.);
#13238 = ADVANCED_FACE('',(#13239),#994,.F.);
#13239 = FACE_BOUND('',#13240,.F.);
#13240 = EDGE_LOOP('',(#13241,#13242,#13263,#13264));
#13241 = ORIENTED_EDGE('',*,*,#973,.F.);
#13242 = ORIENTED_EDGE('',*,*,#13243,.F.);
#13243 = EDGE_CURVE('',#7600,#974,#13244,.T.);
#13244 = SEAM_CURVE('',#13245,(#13249,#13256),.PCURVE_S1.);
#13245 = LINE('',#13246,#13247);
#13246 = CARTESIAN_POINT('',(-40.55,-101.6,6.));
#13247 = VECTOR('',#13248,1.);
#13248 = DIRECTION('',(0.,0.,-1.));
#13249 = PCURVE('',#994,#13250);
#13250 = DEFINITIONAL_REPRESENTATION('',(#13251),#13255);
#13251 = LINE('',#13252,#13253);
#13252 = CARTESIAN_POINT('',(6.28318530718,-0.));
#13253 = VECTOR('',#13254,1.);
#13254 = DIRECTION('',(0.,1.));
#13255 = ( GEOMETRIC_REPRESENTATION_CONTEXT(2) 
PARAMETRIC_REPRESENTATION_CONTEXT() REPRESENTATION_CONTEXT('2D SPACE',''
  ) );
#13256 = PCURVE('',#994,#13257);
#13257 = DEFINITIONAL_REPRESENTATION('',(#13258),#13262);
#13258 = LINE('',#13259,#13260);
#13259 = CARTESIAN_POINT('',(0.,-0.));
#13260 = VECTOR('',#13261,1.);
#13261 = DIRECTION('',(0.,1.));
#13262 = ( GEOMETRIC_REPRESENTATION_CONTEXT(2) 
PARAMETRIC_REPRESENTATION_CONTEXT() REPRESENTATION_CONTEXT('2D SPACE',''
  ) );
#13263 = ORIENTED_EDGE('',*,*,#7599,.T.);
#13264 = ORIENTED_EDGE('',*,*,#13243,.T.);
#13265 = ADVANCED_FACE('',(#13266),#1029,.F.);
#13266 = FACE_BOUND('',#13267,.F.);
#13267 = EDGE_LOOP('',(#13268,#13269,#13290,#13291));
#13268 = ORIENTED_EDGE('',*,*,#1008,.F.);
#13269 = ORIENTED_EDGE('',*,*,#13270,.F.);
#13270 = EDGE_CURVE('',#7630,#1009,#13271,.T.);
#13271 = SEAM_CURVE('',#13272,(#13276,#13283),.PCURVE_S1.);
#13272 = LINE('',#13273,#13274);
#13273 = CARTESIAN_POINT('',(-27.85,-101.6,6.));
#13274 = VECTOR('',#13275,1.);
#13275 = DIRECTION('',(0.,0.,-1.));
#13276 = PCURVE('',#1029,#13277);
#13277 = DEFINITIONAL_REPRESENTATION('',(#13278),#13282);
#13278 = LINE('',#13279,#13280);
#13279 = CARTESIAN_POINT('',(6.28318530718,-0.));
#13280 = VECTOR('',#13281,1.);
#13281 = DIRECTION('',(0.,1.));
#13282 = ( GEOMETRIC_REPRESENTATION_CONTEXT(2) 
PARAMETRIC_REPRESENTATION_CONTEXT() REPRESENTATION_CONTEXT('2D SPACE',''
  ) );
#13283 = PCURVE('',#1029,#13284);
#13284 = DEFINITIONAL_REPRESENTATION('',(#13285),#13289);
#13285 = LINE('',#13286,#13287);
#13286 = CARTESIAN_POINT('',(0.,-0.));
#13287 = VECTOR('',#13288,1.);
#13288 = DIRECTION('',(0.,1.));
#13289 = ( GEOMETRIC_REPRESENTATION_CONTEXT(2) 
PARAMETRIC_REPRESENTATION_CONTEXT() REPRESENTATION_CONTEXT('2D SPACE',''
  ) );
#13290 = ORIENTED_EDGE('',*,*,#7629,.T.);
#13291 = ORIENTED_EDGE('',*,*,#13270,.T.);
#13292 = ADVANCED_FACE('',(#13293),#1064,.F.);
#13293 = FACE_BOUND('',#13294,.F.);
#13294 = EDGE_LOOP('',(#13295,#13296,#13317,#13318));
#13295 = ORIENTED_EDGE('',*,*,#1043,.F.);
#13296 = ORIENTED_EDGE('',*,*,#13297,.F.);
#13297 = EDGE_CURVE('',#7660,#1044,#13298,.T.);
#13298 = SEAM_CURVE('',#13299,(#13303,#13310),.PCURVE_S1.);
#13299 = LINE('',#13300,#13301);
#13300 = CARTESIAN_POINT('',(-15.15,-127.,6.));
#13301 = VECTOR('',#13302,1.);
#13302 = DIRECTION('',(0.,0.,-1.));
#13303 = PCURVE('',#1064,#13304);
#13304 = DEFINITIONAL_REPRESENTATION('',(#13305),#13309);
#13305 = LINE('',#13306,#13307);
#13306 = CARTESIAN_POINT('',(6.28318530718,-0.));
#13307 = VECTOR('',#13308,1.);
#13308 = DIRECTION('',(0.,1.));
#13309 = ( GEOMETRIC_REPRESENTATION_CONTEXT(2) 
PARAMETRIC_REPRESENTATION_CONTEXT() REPRESENTATION_CONTEXT('2D SPACE',''
  ) );
#13310 = PCURVE('',#1064,#13311);
#13311 = DEFINITIONAL_REPRESENTATION('',(#13312),#13316);
#13312 = LINE('',#13313,#13314);
#13313 = CARTESIAN_POINT('',(0.,-0.));
#13314 = VECTOR('',#13315,1.);
#13315 = DIRECTION('',(0.,1.));
#13316 = ( GEOMETRIC_REPRESENTATION_CONTEXT(2) 
PARAMETRIC_REPRESENTATION_CONTEXT() REPRESENTATION_CONTEXT('2D SPACE',''
  ) );
#13317 = ORIENTED_EDGE('',*,*,#7659,.T.);
#13318 = ORIENTED_EDGE('',*,*,#13297,.T.);
#13319 = ADVANCED_FACE('',(#13320),#1099,.F.);
#13320 = FACE_BOUND('',#13321,.F.);
#13321 = EDGE_LOOP('',(#13322,#13323,#13344,#13345));
#13322 = ORIENTED_EDGE('',*,*,#1078,.F.);
#13323 = ORIENTED_EDGE('',*,*,#13324,.F.);
#13324 = EDGE_CURVE('',#7690,#1079,#13325,.T.);
#13325 = SEAM_CURVE('',#13326,(#13330,#13337),.PCURVE_S1.);
#13326 = LINE('',#13327,#13328);
#13327 = CARTESIAN_POINT('',(-15.15,-114.3,6.));
#13328 = VECTOR('',#13329,1.);
#13329 = DIRECTION('',(0.,0.,-1.));
#13330 = PCURVE('',#1099,#13331);
#13331 = DEFINITIONAL_REPRESENTATION('',(#13332),#13336);
#13332 = LINE('',#13333,#13334);
#13333 = CARTESIAN_POINT('',(6.28318530718,-0.));
#13334 = VECTOR('',#13335,1.);
#13335 = DIRECTION('',(0.,1.));
#13336 = ( GEOMETRIC_REPRESENTATION_CONTEXT(2) 
PARAMETRIC_REPRESENTATION_CONTEXT() REPRESENTATION_CONTEXT('2D SPACE',''
  ) );
#13337 = PCURVE('',#1099,#13338);
#13338 = DEFINITIONAL_REPRESENTATION('',(#13339),#13343);
#13339 = LINE('',#13340,#13341);
#13340 = CARTESIAN_POINT('',(0.,-0.));
#13341 = VECTOR('',#13342,1.);
#13342 = DIRECTION('',(0.,1.));
#13343 = ( GEOMETRIC_REPRESENTATION_CONTEXT(2) 
PARAMETRIC_REPRESENTATION_CONTEXT() REPRESENTATION_CONTEXT('2D SPACE',''
  ) );
#13344 = ORIENTED_EDGE('',*,*,#7689,.T.);
#13345 = ORIENTED_EDGE('',*,*,#13324,.T.);
#13346 = ADVANCED_FACE('',(#13347),#1134,.F.);
#13347 = FACE_BOUND('',#13348,.F.);
#13348 = EDGE_LOOP('',(#13349,#13350,#13371,#13372));
#13349 = ORIENTED_EDGE('',*,*,#1113,.F.);
#13350 = ORIENTED_EDGE('',*,*,#13351,.F.);
#13351 = EDGE_CURVE('',#7720,#1114,#13352,.T.);
#13352 = SEAM_CURVE('',#13353,(#13357,#13364),.PCURVE_S1.);
#13353 = LINE('',#13354,#13355);
#13354 = CARTESIAN_POINT('',(-15.15,-101.6,6.));
#13355 = VECTOR('',#13356,1.);
#13356 = DIRECTION('',(0.,0.,-1.));
#13357 = PCURVE('',#1134,#13358);
#13358 = DEFINITIONAL_REPRESENTATION('',(#13359),#13363);
#13359 = LINE('',#13360,#13361);
#13360 = CARTESIAN_POINT('',(6.28318530718,-0.));
#13361 = VECTOR('',#13362,1.);
#13362 = DIRECTION('',(0.,1.));
#13363 = ( GEOMETRIC_REPRESENTATION_CONTEXT(2) 
PARAMETRIC_REPRESENTATION_CONTEXT() REPRESENTATION_CONTEXT('2D SPACE',''
  ) );
#13364 = PCURVE('',#1134,#13365);
#13365 = DEFINITIONAL_REPRESENTATION('',(#13366),#13370);
#13366 = LINE('',#13367,#13368);
#13367 = CARTESIAN_POINT('',(0.,-0.));
#13368 = VECTOR('',#13369,1.);
#13369 = DIRECTION('',(0.,1.));
#13370 = ( GEOMETRIC_REPRESENTATION_CONTEXT(2) 
PARAMETRIC_REPRESENTATION_CONTEXT() REPRESENTATION_CONTEXT('2D SPACE',''
  ) );
#13371 = ORIENTED_EDGE('',*,*,#7719,.T.);
#13372 = ORIENTED_EDGE('',*,*,#13351,.T.);
#13373 = ADVANCED_FACE('',(#13374),#1169,.F.);
#13374 = FACE_BOUND('',#13375,.F.);
#13375 = EDGE_LOOP('',(#13376,#13377,#13398,#13399));
#13376 = ORIENTED_EDGE('',*,*,#1148,.F.);
#13377 = ORIENTED_EDGE('',*,*,#13378,.F.);
#13378 = EDGE_CURVE('',#7750,#1149,#13379,.T.);
#13379 = SEAM_CURVE('',#13380,(#13384,#13391),.PCURVE_S1.);
#13380 = LINE('',#13381,#13382);
#13381 = CARTESIAN_POINT('',(-40.55,-88.9,6.));
#13382 = VECTOR('',#13383,1.);
#13383 = DIRECTION('',(0.,0.,-1.));
#13384 = PCURVE('',#1169,#13385);
#13385 = DEFINITIONAL_REPRESENTATION('',(#13386),#13390);
#13386 = LINE('',#13387,#13388);
#13387 = CARTESIAN_POINT('',(6.28318530718,-0.));
#13388 = VECTOR('',#13389,1.);
#13389 = DIRECTION('',(0.,1.));
#13390 = ( GEOMETRIC_REPRESENTATION_CONTEXT(2) 
PARAMETRIC_REPRESENTATION_CONTEXT() REPRESENTATION_CONTEXT('2D SPACE',''
  ) );
#13391 = PCURVE('',#1169,#13392);
#13392 = DEFINITIONAL_REPRESENTATION('',(#13393),#13397);
#13393 = LINE('',#13394,#13395);
#13394 = CARTESIAN_POINT('',(0.,-0.));
#13395 = VECTOR('',#13396,1.);
#13396 = DIRECTION('',(0.,1.));
#13397 = ( GEOMETRIC_REPRESENTATION_CONTEXT(2) 
PARAMETRIC_REPRESENTATION_CONTEXT() REPRESENTATION_CONTEXT('2D SPACE',''
  ) );
#13398 = ORIENTED_EDGE('',*,*,#7749,.T.);
#13399 = ORIENTED_EDGE('',*,*,#13378,.T.);
#13400 = ADVANCED_FACE('',(#13401),#1204,.F.);
#13401 = FACE_BOUND('',#13402,.F.);
#13402 = EDGE_LOOP('',(#13403,#13404,#13425,#13426));
#13403 = ORIENTED_EDGE('',*,*,#1183,.F.);
#13404 = ORIENTED_EDGE('',*,*,#13405,.F.);
#13405 = EDGE_CURVE('',#7780,#1184,#13406,.T.);
#13406 = SEAM_CURVE('',#13407,(#13411,#13418),.PCURVE_S1.);
#13407 = LINE('',#13408,#13409);
#13408 = CARTESIAN_POINT('',(-27.85,-88.9,6.));
#13409 = VECTOR('',#13410,1.);
#13410 = DIRECTION('',(0.,0.,-1.));
#13411 = PCURVE('',#1204,#13412);
#13412 = DEFINITIONAL_REPRESENTATION('',(#13413),#13417);
#13413 = LINE('',#13414,#13415);
#13414 = CARTESIAN_POINT('',(6.28318530718,-0.));
#13415 = VECTOR('',#13416,1.);
#13416 = DIRECTION('',(0.,1.));
#13417 = ( GEOMETRIC_REPRESENTATION_CONTEXT(2) 
PARAMETRIC_REPRESENTATION_CONTEXT() REPRESENTATION_CONTEXT('2D SPACE',''
  ) );
#13418 = PCURVE('',#1204,#13419);
#13419 = DEFINITIONAL_REPRESENTATION('',(#13420),#13424);
#13420 = LINE('',#13421,#13422);
#13421 = CARTESIAN_POINT('',(0.,-0.));
#13422 = VECTOR('',#13423,1.);
#13423 = DIRECTION('',(0.,1.));
#13424 = ( GEOMETRIC_REPRESENTATION_CONTEXT(2) 
PARAMETRIC_REPRESENTATION_CONTEXT() REPRESENTATION_CONTEXT('2D SPACE',''
  ) );
#13425 = ORIENTED_EDGE('',*,*,#7779,.T.);
#13426 = ORIENTED_EDGE('',*,*,#13405,.T.);
#13427 = ADVANCED_FACE('',(#13428),#1239,.F.);
#13428 = FACE_BOUND('',#13429,.F.);
#13429 = EDGE_LOOP('',(#13430,#13431,#13452,#13453));
#13430 = ORIENTED_EDGE('',*,*,#1218,.F.);
#13431 = ORIENTED_EDGE('',*,*,#13432,.F.);
#13432 = EDGE_CURVE('',#7810,#1219,#13433,.T.);
#13433 = SEAM_CURVE('',#13434,(#13438,#13445),.PCURVE_S1.);
#13434 = LINE('',#13435,#13436);
#13435 = CARTESIAN_POINT('',(-15.15,-88.9,6.));
#13436 = VECTOR('',#13437,1.);
#13437 = DIRECTION('',(0.,0.,-1.));
#13438 = PCURVE('',#1239,#13439);
#13439 = DEFINITIONAL_REPRESENTATION('',(#13440),#13444);
#13440 = LINE('',#13441,#13442);
#13441 = CARTESIAN_POINT('',(6.28318530718,-0.));
#13442 = VECTOR('',#13443,1.);
#13443 = DIRECTION('',(0.,1.));
#13444 = ( GEOMETRIC_REPRESENTATION_CONTEXT(2) 
PARAMETRIC_REPRESENTATION_CONTEXT() REPRESENTATION_CONTEXT('2D SPACE',''
  ) );
#13445 = PCURVE('',#1239,#13446);
#13446 = DEFINITIONAL_REPRESENTATION('',(#13447),#13451);
#13447 = LINE('',#13448,#13449);
#13448 = CARTESIAN_POINT('',(0.,-0.));
#13449 = VECTOR('',#13450,1.);
#13450 = DIRECTION('',(0.,1.));
#13451 = ( GEOMETRIC_REPRESENTATION_CONTEXT(2) 
PARAMETRIC_REPRESENTATION_CONTEXT() REPRESENTATION_CONTEXT('2D SPACE',''
  ) );
#13452 = ORIENTED_EDGE('',*,*,#7809,.T.);
#13453 = ORIENTED_EDGE('',*,*,#13432,.T.);
#13454 = ADVANCED_FACE('',(#13455),#1274,.F.);
#13455 = FACE_BOUND('',#13456,.F.);
#13456 = EDGE_LOOP('',(#13457,#13458,#13479,#13480));
#13457 = ORIENTED_EDGE('',*,*,#1253,.F.);
#13458 = ORIENTED_EDGE('',*,*,#13459,.F.);
#13459 = EDGE_CURVE('',#7840,#1254,#13460,.T.);
#13460 = SEAM_CURVE('',#13461,(#13465,#13472),.PCURVE_S1.);
#13461 = LINE('',#13462,#13463);
#13462 = CARTESIAN_POINT('',(-91.35,-63.5,6.));
#13463 = VECTOR('',#13464,1.);
#13464 = DIRECTION('',(0.,0.,-1.));
#13465 = PCURVE('',#1274,#13466);
#13466 = DEFINITIONAL_REPRESENTATION('',(#13467),#13471);
#13467 = LINE('',#13468,#13469);
#13468 = CARTESIAN_POINT('',(6.28318530718,-0.));
#13469 = VECTOR('',#13470,1.);
#13470 = DIRECTION('',(0.,1.));
#13471 = ( GEOMETRIC_REPRESENTATION_CONTEXT(2) 
PARAMETRIC_REPRESENTATION_CONTEXT() REPRESENTATION_CONTEXT('2D SPACE',''
  ) );
#13472 = PCURVE('',#1274,#13473);
#13473 = DEFINITIONAL_REPRESENTATION('',(#13474),#13478);
#13474 = LINE('',#13475,#13476);
#13475 = CARTESIAN_POINT('',(0.,-0.));
#13476 = VECTOR('',#13477,1.);
#13477 = DIRECTION('',(0.,1.));
#13478 = ( GEOMETRIC_REPRESENTATION_CONTEXT(2) 
PARAMETRIC_REPRESENTATION_CONTEXT() REPRESENTATION_CONTEXT('2D SPACE',''
  ) );
#13479 = ORIENTED_EDGE('',*,*,#7839,.T.);
#13480 = ORIENTED_EDGE('',*,*,#13459,.T.);
#13481 = ADVANCED_FACE('',(#13482),#1309,.F.);
#13482 = FACE_BOUND('',#13483,.F.);
#13483 = EDGE_LOOP('',(#13484,#13485,#13506,#13507));
#13484 = ORIENTED_EDGE('',*,*,#1288,.F.);
#13485 = ORIENTED_EDGE('',*,*,#13486,.F.);
#13486 = EDGE_CURVE('',#7870,#1289,#13487,.T.);
#13487 = SEAM_CURVE('',#13488,(#13492,#13499),.PCURVE_S1.);
#13488 = LINE('',#13489,#13490);
#13489 = CARTESIAN_POINT('',(-91.35,-50.8,6.));
#13490 = VECTOR('',#13491,1.);
#13491 = DIRECTION('',(0.,0.,-1.));
#13492 = PCURVE('',#1309,#13493);
#13493 = DEFINITIONAL_REPRESENTATION('',(#13494),#13498);
#13494 = LINE('',#13495,#13496);
#13495 = CARTESIAN_POINT('',(6.28318530718,-0.));
#13496 = VECTOR('',#13497,1.);
#13497 = DIRECTION('',(0.,1.));
#13498 = ( GEOMETRIC_REPRESENTATION_CONTEXT(2) 
PARAMETRIC_REPRESENTATION_CONTEXT() REPRESENTATION_CONTEXT('2D SPACE',''
  ) );
#13499 = PCURVE('',#1309,#13500);
#13500 = DEFINITIONAL_REPRESENTATION('',(#13501),#13505);
#13501 = LINE('',#13502,#13503);
#13502 = CARTESIAN_POINT('',(0.,-0.));
#13503 = VECTOR('',#13504,1.);
#13504 = DIRECTION('',(0.,1.));
#13505 = ( GEOMETRIC_REPRESENTATION_CONTEXT(2) 
PARAMETRIC_REPRESENTATION_CONTEXT() REPRESENTATION_CONTEXT('2D SPACE',''
  ) );
#13506 = ORIENTED_EDGE('',*,*,#7869,.T.);
#13507 = ORIENTED_EDGE('',*,*,#13486,.T.);
#13508 = ADVANCED_FACE('',(#13509),#1344,.F.);
#13509 = FACE_BOUND('',#13510,.F.);
#13510 = EDGE_LOOP('',(#13511,#13512,#13533,#13534));
#13511 = ORIENTED_EDGE('',*,*,#1323,.F.);
#13512 = ORIENTED_EDGE('',*,*,#13513,.F.);
#13513 = EDGE_CURVE('',#7900,#1324,#13514,.T.);
#13514 = SEAM_CURVE('',#13515,(#13519,#13526),.PCURVE_S1.);
#13515 = LINE('',#13516,#13517);
#13516 = CARTESIAN_POINT('',(-78.65,-63.5,6.));
#13517 = VECTOR('',#13518,1.);
#13518 = DIRECTION('',(0.,0.,-1.));
#13519 = PCURVE('',#1344,#13520);
#13520 = DEFINITIONAL_REPRESENTATION('',(#13521),#13525);
#13521 = LINE('',#13522,#13523);
#13522 = CARTESIAN_POINT('',(6.28318530718,-0.));
#13523 = VECTOR('',#13524,1.);
#13524 = DIRECTION('',(0.,1.));
#13525 = ( GEOMETRIC_REPRESENTATION_CONTEXT(2) 
PARAMETRIC_REPRESENTATION_CONTEXT() REPRESENTATION_CONTEXT('2D SPACE',''
  ) );
#13526 = PCURVE('',#1344,#13527);
#13527 = DEFINITIONAL_REPRESENTATION('',(#13528),#13532);
#13528 = LINE('',#13529,#13530);
#13529 = CARTESIAN_POINT('',(0.,-0.));
#13530 = VECTOR('',#13531,1.);
#13531 = DIRECTION('',(0.,1.));
#13532 = ( GEOMETRIC_REPRESENTATION_CONTEXT(2) 
PARAMETRIC_REPRESENTATION_CONTEXT() REPRESENTATION_CONTEXT('2D SPACE',''
  ) );
#13533 = ORIENTED_EDGE('',*,*,#7899,.T.);
#13534 = ORIENTED_EDGE('',*,*,#13513,.T.);
#13535 = ADVANCED_FACE('',(#13536),#1379,.F.);
#13536 = FACE_BOUND('',#13537,.F.);
#13537 = EDGE_LOOP('',(#13538,#13539,#13560,#13561));
#13538 = ORIENTED_EDGE('',*,*,#1358,.F.);
#13539 = ORIENTED_EDGE('',*,*,#13540,.F.);
#13540 = EDGE_CURVE('',#7930,#1359,#13541,.T.);
#13541 = SEAM_CURVE('',#13542,(#13546,#13553),.PCURVE_S1.);
#13542 = LINE('',#13543,#13544);
#13543 = CARTESIAN_POINT('',(-78.65,-50.8,6.));
#13544 = VECTOR('',#13545,1.);
#13545 = DIRECTION('',(0.,0.,-1.));
#13546 = PCURVE('',#1379,#13547);
#13547 = DEFINITIONAL_REPRESENTATION('',(#13548),#13552);
#13548 = LINE('',#13549,#13550);
#13549 = CARTESIAN_POINT('',(6.28318530718,-0.));
#13550 = VECTOR('',#13551,1.);
#13551 = DIRECTION('',(0.,1.));
#13552 = ( GEOMETRIC_REPRESENTATION_CONTEXT(2) 
PARAMETRIC_REPRESENTATION_CONTEXT() REPRESENTATION_CONTEXT('2D SPACE',''
  ) );
#13553 = PCURVE('',#1379,#13554);
#13554 = DEFINITIONAL_REPRESENTATION('',(#13555),#13559);
#13555 = LINE('',#13556,#13557);
#13556 = CARTESIAN_POINT('',(0.,-0.));
#13557 = VECTOR('',#13558,1.);
#13558 = DIRECTION('',(0.,1.));
#13559 = ( GEOMETRIC_REPRESENTATION_CONTEXT(2) 
PARAMETRIC_REPRESENTATION_CONTEXT() REPRESENTATION_CONTEXT('2D SPACE',''
  ) );
#13560 = ORIENTED_EDGE('',*,*,#7929,.T.);
#13561 = ORIENTED_EDGE('',*,*,#13540,.T.);
#13562 = ADVANCED_FACE('',(#13563),#1414,.F.);
#13563 = FACE_BOUND('',#13564,.F.);
#13564 = EDGE_LOOP('',(#13565,#13566,#13587,#13588));
#13565 = ORIENTED_EDGE('',*,*,#1393,.F.);
#13566 = ORIENTED_EDGE('',*,*,#13567,.F.);
#13567 = EDGE_CURVE('',#7960,#1394,#13568,.T.);
#13568 = SEAM_CURVE('',#13569,(#13573,#13580),.PCURVE_S1.);
#13569 = LINE('',#13570,#13571);
#13570 = CARTESIAN_POINT('',(-91.35,-38.1,6.));
#13571 = VECTOR('',#13572,1.);
#13572 = DIRECTION('',(0.,0.,-1.));
#13573 = PCURVE('',#1414,#13574);
#13574 = DEFINITIONAL_REPRESENTATION('',(#13575),#13579);
#13575 = LINE('',#13576,#13577);
#13576 = CARTESIAN_POINT('',(6.28318530718,-0.));
#13577 = VECTOR('',#13578,1.);
#13578 = DIRECTION('',(0.,1.));
#13579 = ( GEOMETRIC_REPRESENTATION_CONTEXT(2) 
PARAMETRIC_REPRESENTATION_CONTEXT() REPRESENTATION_CONTEXT('2D SPACE',''
  ) );
#13580 = PCURVE('',#1414,#13581);
#13581 = DEFINITIONAL_REPRESENTATION('',(#13582),#13586);
#13582 = LINE('',#13583,#13584);
#13583 = CARTESIAN_POINT('',(0.,-0.));
#13584 = VECTOR('',#13585,1.);
#13585 = DIRECTION('',(0.,1.));
#13586 = ( GEOMETRIC_REPRESENTATION_CONTEXT(2) 
PARAMETRIC_REPRESENTATION_CONTEXT() REPRESENTATION_CONTEXT('2D SPACE',''
  ) );
#13587 = ORIENTED_EDGE('',*,*,#7959,.T.);
#13588 = ORIENTED_EDGE('',*,*,#13567,.T.);
#13589 = ADVANCED_FACE('',(#13590),#1449,.F.);
#13590 = FACE_BOUND('',#13591,.F.);
#13591 = EDGE_LOOP('',(#13592,#13593,#13614,#13615));
#13592 = ORIENTED_EDGE('',*,*,#1428,.F.);
#13593 = ORIENTED_EDGE('',*,*,#13594,.F.);
#13594 = EDGE_CURVE('',#7990,#1429,#13595,.T.);
#13595 = SEAM_CURVE('',#13596,(#13600,#13607),.PCURVE_S1.);
#13596 = LINE('',#13597,#13598);
#13597 = CARTESIAN_POINT('',(-78.65,-38.1,6.));
#13598 = VECTOR('',#13599,1.);
#13599 = DIRECTION('',(0.,0.,-1.));
#13600 = PCURVE('',#1449,#13601);
#13601 = DEFINITIONAL_REPRESENTATION('',(#13602),#13606);
#13602 = LINE('',#13603,#13604);
#13603 = CARTESIAN_POINT('',(6.28318530718,-0.));
#13604 = VECTOR('',#13605,1.);
#13605 = DIRECTION('',(0.,1.));
#13606 = ( GEOMETRIC_REPRESENTATION_CONTEXT(2) 
PARAMETRIC_REPRESENTATION_CONTEXT() REPRESENTATION_CONTEXT('2D SPACE',''
  ) );
#13607 = PCURVE('',#1449,#13608);
#13608 = DEFINITIONAL_REPRESENTATION('',(#13609),#13613);
#13609 = LINE('',#13610,#13611);
#13610 = CARTESIAN_POINT('',(0.,-0.));
#13611 = VECTOR('',#13612,1.);
#13612 = DIRECTION('',(0.,1.));
#13613 = ( GEOMETRIC_REPRESENTATION_CONTEXT(2) 
PARAMETRIC_REPRESENTATION_CONTEXT() REPRESENTATION_CONTEXT('2D SPACE',''
  ) );
#13614 = ORIENTED_EDGE('',*,*,#7989,.T.);
#13615 = ORIENTED_EDGE('',*,*,#13594,.T.);
#13616 = ADVANCED_FACE('',(#13617),#1484,.F.);
#13617 = FACE_BOUND('',#13618,.F.);
#13618 = EDGE_LOOP('',(#13619,#13620,#13641,#13642));
#13619 = ORIENTED_EDGE('',*,*,#1463,.F.);
#13620 = ORIENTED_EDGE('',*,*,#13621,.F.);
#13621 = EDGE_CURVE('',#8020,#1464,#13622,.T.);
#13622 = SEAM_CURVE('',#13623,(#13627,#13634),.PCURVE_S1.);
#13623 = LINE('',#13624,#13625);
#13624 = CARTESIAN_POINT('',(-65.95,-63.5,6.));
#13625 = VECTOR('',#13626,1.);
#13626 = DIRECTION('',(0.,0.,-1.));
#13627 = PCURVE('',#1484,#13628);
#13628 = DEFINITIONAL_REPRESENTATION('',(#13629),#13633);
#13629 = LINE('',#13630,#13631);
#13630 = CARTESIAN_POINT('',(6.28318530718,-0.));
#13631 = VECTOR('',#13632,1.);
#13632 = DIRECTION('',(0.,1.));
#13633 = ( GEOMETRIC_REPRESENTATION_CONTEXT(2) 
PARAMETRIC_REPRESENTATION_CONTEXT() REPRESENTATION_CONTEXT('2D SPACE',''
  ) );
#13634 = PCURVE('',#1484,#13635);
#13635 = DEFINITIONAL_REPRESENTATION('',(#13636),#13640);
#13636 = LINE('',#13637,#13638);
#13637 = CARTESIAN_POINT('',(0.,-0.));
#13638 = VECTOR('',#13639,1.);
#13639 = DIRECTION('',(0.,1.));
#13640 = ( GEOMETRIC_REPRESENTATION_CONTEXT(2) 
PARAMETRIC_REPRESENTATION_CONTEXT() REPRESENTATION_CONTEXT('2D SPACE',''
  ) );
#13641 = ORIENTED_EDGE('',*,*,#8019,.T.);
#13642 = ORIENTED_EDGE('',*,*,#13621,.T.);
#13643 = ADVANCED_FACE('',(#13644),#1519,.F.);
#13644 = FACE_BOUND('',#13645,.F.);
#13645 = EDGE_LOOP('',(#13646,#13647,#13668,#13669));
#13646 = ORIENTED_EDGE('',*,*,#1498,.F.);
#13647 = ORIENTED_EDGE('',*,*,#13648,.F.);
#13648 = EDGE_CURVE('',#8050,#1499,#13649,.T.);
#13649 = SEAM_CURVE('',#13650,(#13654,#13661),.PCURVE_S1.);
#13650 = LINE('',#13651,#13652);
#13651 = CARTESIAN_POINT('',(-65.95,-50.8,6.));
#13652 = VECTOR('',#13653,1.);
#13653 = DIRECTION('',(0.,0.,-1.));
#13654 = PCURVE('',#1519,#13655);
#13655 = DEFINITIONAL_REPRESENTATION('',(#13656),#13660);
#13656 = LINE('',#13657,#13658);
#13657 = CARTESIAN_POINT('',(6.28318530718,-0.));
#13658 = VECTOR('',#13659,1.);
#13659 = DIRECTION('',(0.,1.));
#13660 = ( GEOMETRIC_REPRESENTATION_CONTEXT(2) 
PARAMETRIC_REPRESENTATION_CONTEXT() REPRESENTATION_CONTEXT('2D SPACE',''
  ) );
#13661 = PCURVE('',#1519,#13662);
#13662 = DEFINITIONAL_REPRESENTATION('',(#13663),#13667);
#13663 = LINE('',#13664,#13665);
#13664 = CARTESIAN_POINT('',(0.,-0.));
#13665 = VECTOR('',#13666,1.);
#13666 = DIRECTION('',(0.,1.));
#13667 = ( GEOMETRIC_REPRESENTATION_CONTEXT(2) 
PARAMETRIC_REPRESENTATION_CONTEXT() REPRESENTATION_CONTEXT('2D SPACE',''
  ) );
#13668 = ORIENTED_EDGE('',*,*,#8049,.T.);
#13669 = ORIENTED_EDGE('',*,*,#13648,.T.);
#13670 = ADVANCED_FACE('',(#13671),#1554,.F.);
#13671 = FACE_BOUND('',#13672,.F.);
#13672 = EDGE_LOOP('',(#13673,#13674,#13695,#13696));
#13673 = ORIENTED_EDGE('',*,*,#1533,.F.);
#13674 = ORIENTED_EDGE('',*,*,#13675,.F.);
#13675 = EDGE_CURVE('',#8080,#1534,#13676,.T.);
#13676 = SEAM_CURVE('',#13677,(#13681,#13688),.PCURVE_S1.);
#13677 = LINE('',#13678,#13679);
#13678 = CARTESIAN_POINT('',(-65.95,-38.1,6.));
#13679 = VECTOR('',#13680,1.);
#13680 = DIRECTION('',(0.,0.,-1.));
#13681 = PCURVE('',#1554,#13682);
#13682 = DEFINITIONAL_REPRESENTATION('',(#13683),#13687);
#13683 = LINE('',#13684,#13685);
#13684 = CARTESIAN_POINT('',(6.28318530718,-0.));
#13685 = VECTOR('',#13686,1.);
#13686 = DIRECTION('',(0.,1.));
#13687 = ( GEOMETRIC_REPRESENTATION_CONTEXT(2) 
PARAMETRIC_REPRESENTATION_CONTEXT() REPRESENTATION_CONTEXT('2D SPACE',''
  ) );
#13688 = PCURVE('',#1554,#13689);
#13689 = DEFINITIONAL_REPRESENTATION('',(#13690),#13694);
#13690 = LINE('',#13691,#13692);
#13691 = CARTESIAN_POINT('',(0.,-0.));
#13692 = VECTOR('',#13693,1.);
#13693 = DIRECTION('',(0.,1.));
#13694 = ( GEOMETRIC_REPRESENTATION_CONTEXT(2) 
PARAMETRIC_REPRESENTATION_CONTEXT() REPRESENTATION_CONTEXT('2D SPACE',''
  ) );
#13695 = ORIENTED_EDGE('',*,*,#8079,.T.);
#13696 = ORIENTED_EDGE('',*,*,#13675,.T.);
#13697 = ADVANCED_FACE('',(#13698),#1589,.F.);
#13698 = FACE_BOUND('',#13699,.F.);
#13699 = EDGE_LOOP('',(#13700,#13701,#13722,#13723));
#13700 = ORIENTED_EDGE('',*,*,#1568,.F.);
#13701 = ORIENTED_EDGE('',*,*,#13702,.F.);
#13702 = EDGE_CURVE('',#8110,#1569,#13703,.T.);
#13703 = SEAM_CURVE('',#13704,(#13708,#13715),.PCURVE_S1.);
#13704 = LINE('',#13705,#13706);
#13705 = CARTESIAN_POINT('',(-91.35,-25.4,6.));
#13706 = VECTOR('',#13707,1.);
#13707 = DIRECTION('',(0.,0.,-1.));
#13708 = PCURVE('',#1589,#13709);
#13709 = DEFINITIONAL_REPRESENTATION('',(#13710),#13714);
#13710 = LINE('',#13711,#13712);
#13711 = CARTESIAN_POINT('',(6.28318530718,-0.));
#13712 = VECTOR('',#13713,1.);
#13713 = DIRECTION('',(0.,1.));
#13714 = ( GEOMETRIC_REPRESENTATION_CONTEXT(2) 
PARAMETRIC_REPRESENTATION_CONTEXT() REPRESENTATION_CONTEXT('2D SPACE',''
  ) );
#13715 = PCURVE('',#1589,#13716);
#13716 = DEFINITIONAL_REPRESENTATION('',(#13717),#13721);
#13717 = LINE('',#13718,#13719);
#13718 = CARTESIAN_POINT('',(0.,-0.));
#13719 = VECTOR('',#13720,1.);
#13720 = DIRECTION('',(0.,1.));
#13721 = ( GEOMETRIC_REPRESENTATION_CONTEXT(2) 
PARAMETRIC_REPRESENTATION_CONTEXT() REPRESENTATION_CONTEXT('2D SPACE',''
  ) );
#13722 = ORIENTED_EDGE('',*,*,#8109,.T.);
#13723 = ORIENTED_EDGE('',*,*,#13702,.T.);
#13724 = ADVANCED_FACE('',(#13725),#1624,.F.);
#13725 = FACE_BOUND('',#13726,.F.);
#13726 = EDGE_LOOP('',(#13727,#13728,#13749,#13750));
#13727 = ORIENTED_EDGE('',*,*,#1603,.F.);
#13728 = ORIENTED_EDGE('',*,*,#13729,.F.);
#13729 = EDGE_CURVE('',#8140,#1604,#13730,.T.);
#13730 = SEAM_CURVE('',#13731,(#13735,#13742),.PCURVE_S1.);
#13731 = LINE('',#13732,#13733);
#13732 = CARTESIAN_POINT('',(-78.65,-25.4,6.));
#13733 = VECTOR('',#13734,1.);
#13734 = DIRECTION('',(0.,0.,-1.));
#13735 = PCURVE('',#1624,#13736);
#13736 = DEFINITIONAL_REPRESENTATION('',(#13737),#13741);
#13737 = LINE('',#13738,#13739);
#13738 = CARTESIAN_POINT('',(6.28318530718,-0.));
#13739 = VECTOR('',#13740,1.);
#13740 = DIRECTION('',(0.,1.));
#13741 = ( GEOMETRIC_REPRESENTATION_CONTEXT(2) 
PARAMETRIC_REPRESENTATION_CONTEXT() REPRESENTATION_CONTEXT('2D SPACE',''
  ) );
#13742 = PCURVE('',#1624,#13743);
#13743 = DEFINITIONAL_REPRESENTATION('',(#13744),#13748);
#13744 = LINE('',#13745,#13746);
#13745 = CARTESIAN_POINT('',(0.,-0.));
#13746 = VECTOR('',#13747,1.);
#13747 = DIRECTION('',(0.,1.));
#13748 = ( GEOMETRIC_REPRESENTATION_CONTEXT(2) 
PARAMETRIC_REPRESENTATION_CONTEXT() REPRESENTATION_CONTEXT('2D SPACE',''
  ) );
#13749 = ORIENTED_EDGE('',*,*,#8139,.T.);
#13750 = ORIENTED_EDGE('',*,*,#13729,.T.);
#13751 = ADVANCED_FACE('',(#13752),#1659,.F.);
#13752 = FACE_BOUND('',#13753,.F.);
#13753 = EDGE_LOOP('',(#13754,#13755,#13776,#13777));
#13754 = ORIENTED_EDGE('',*,*,#1638,.F.);
#13755 = ORIENTED_EDGE('',*,*,#13756,.F.);
#13756 = EDGE_CURVE('',#8170,#1639,#13757,.T.);
#13757 = SEAM_CURVE('',#13758,(#13762,#13769),.PCURVE_S1.);
#13758 = LINE('',#13759,#13760);
#13759 = CARTESIAN_POINT('',(-91.35,-12.7,6.));
#13760 = VECTOR('',#13761,1.);
#13761 = DIRECTION('',(0.,0.,-1.));
#13762 = PCURVE('',#1659,#13763);
#13763 = DEFINITIONAL_REPRESENTATION('',(#13764),#13768);
#13764 = LINE('',#13765,#13766);
#13765 = CARTESIAN_POINT('',(6.28318530718,-0.));
#13766 = VECTOR('',#13767,1.);
#13767 = DIRECTION('',(0.,1.));
#13768 = ( GEOMETRIC_REPRESENTATION_CONTEXT(2) 
PARAMETRIC_REPRESENTATION_CONTEXT() REPRESENTATION_CONTEXT('2D SPACE',''
  ) );
#13769 = PCURVE('',#1659,#13770);
#13770 = DEFINITIONAL_REPRESENTATION('',(#13771),#13775);
#13771 = LINE('',#13772,#13773);
#13772 = CARTESIAN_POINT('',(0.,-0.));
#13773 = VECTOR('',#13774,1.);
#13774 = DIRECTION('',(0.,1.));
#13775 = ( GEOMETRIC_REPRESENTATION_CONTEXT(2) 
PARAMETRIC_REPRESENTATION_CONTEXT() REPRESENTATION_CONTEXT('2D SPACE',''
  ) );
#13776 = ORIENTED_EDGE('',*,*,#8169,.T.);
#13777 = ORIENTED_EDGE('',*,*,#13756,.T.);
#13778 = ADVANCED_FACE('',(#13779),#1694,.F.);
#13779 = FACE_BOUND('',#13780,.F.);
#13780 = EDGE_LOOP('',(#13781,#13782,#13803,#13804));
#13781 = ORIENTED_EDGE('',*,*,#1673,.F.);
#13782 = ORIENTED_EDGE('',*,*,#13783,.F.);
#13783 = EDGE_CURVE('',#8200,#1674,#13784,.T.);
#13784 = SEAM_CURVE('',#13785,(#13789,#13796),.PCURVE_S1.);
#13785 = LINE('',#13786,#13787);
#13786 = CARTESIAN_POINT('',(-78.65,-12.7,6.));
#13787 = VECTOR('',#13788,1.);
#13788 = DIRECTION('',(0.,0.,-1.));
#13789 = PCURVE('',#1694,#13790);
#13790 = DEFINITIONAL_REPRESENTATION('',(#13791),#13795);
#13791 = LINE('',#13792,#13793);
#13792 = CARTESIAN_POINT('',(6.28318530718,-0.));
#13793 = VECTOR('',#13794,1.);
#13794 = DIRECTION('',(0.,1.));
#13795 = ( GEOMETRIC_REPRESENTATION_CONTEXT(2) 
PARAMETRIC_REPRESENTATION_CONTEXT() REPRESENTATION_CONTEXT('2D SPACE',''
  ) );
#13796 = PCURVE('',#1694,#13797);
#13797 = DEFINITIONAL_REPRESENTATION('',(#13798),#13802);
#13798 = LINE('',#13799,#13800);
#13799 = CARTESIAN_POINT('',(0.,-0.));
#13800 = VECTOR('',#13801,1.);
#13801 = DIRECTION('',(0.,1.));
#13802 = ( GEOMETRIC_REPRESENTATION_CONTEXT(2) 
PARAMETRIC_REPRESENTATION_CONTEXT() REPRESENTATION_CONTEXT('2D SPACE',''
  ) );
#13803 = ORIENTED_EDGE('',*,*,#8199,.T.);
#13804 = ORIENTED_EDGE('',*,*,#13783,.T.);
#13805 = ADVANCED_FACE('',(#13806),#1729,.F.);
#13806 = FACE_BOUND('',#13807,.F.);
#13807 = EDGE_LOOP('',(#13808,#13809,#13830,#13831));
#13808 = ORIENTED_EDGE('',*,*,#1708,.F.);
#13809 = ORIENTED_EDGE('',*,*,#13810,.F.);
#13810 = EDGE_CURVE('',#8230,#1709,#13811,.T.);
#13811 = SEAM_CURVE('',#13812,(#13816,#13823),.PCURVE_S1.);
#13812 = LINE('',#13813,#13814);
#13813 = CARTESIAN_POINT('',(-65.95,-25.4,6.));
#13814 = VECTOR('',#13815,1.);
#13815 = DIRECTION('',(0.,0.,-1.));
#13816 = PCURVE('',#1729,#13817);
#13817 = DEFINITIONAL_REPRESENTATION('',(#13818),#13822);
#13818 = LINE('',#13819,#13820);
#13819 = CARTESIAN_POINT('',(6.28318530718,-0.));
#13820 = VECTOR('',#13821,1.);
#13821 = DIRECTION('',(0.,1.));
#13822 = ( GEOMETRIC_REPRESENTATION_CONTEXT(2) 
PARAMETRIC_REPRESENTATION_CONTEXT() REPRESENTATION_CONTEXT('2D SPACE',''
  ) );
#13823 = PCURVE('',#1729,#13824);
#13824 = DEFINITIONAL_REPRESENTATION('',(#13825),#13829);
#13825 = LINE('',#13826,#13827);
#13826 = CARTESIAN_POINT('',(0.,-0.));
#13827 = VECTOR('',#13828,1.);
#13828 = DIRECTION('',(0.,1.));
#13829 = ( GEOMETRIC_REPRESENTATION_CONTEXT(2) 
PARAMETRIC_REPRESENTATION_CONTEXT() REPRESENTATION_CONTEXT('2D SPACE',''
  ) );
#13830 = ORIENTED_EDGE('',*,*,#8229,.T.);
#13831 = ORIENTED_EDGE('',*,*,#13810,.T.);
#13832 = ADVANCED_FACE('',(#13833),#1764,.F.);
#13833 = FACE_BOUND('',#13834,.F.);
#13834 = EDGE_LOOP('',(#13835,#13836,#13857,#13858));
#13835 = ORIENTED_EDGE('',*,*,#1743,.F.);
#13836 = ORIENTED_EDGE('',*,*,#13837,.F.);
#13837 = EDGE_CURVE('',#8260,#1744,#13838,.T.);
#13838 = SEAM_CURVE('',#13839,(#13843,#13850),.PCURVE_S1.);
#13839 = LINE('',#13840,#13841);
#13840 = CARTESIAN_POINT('',(-65.95,-12.7,6.));
#13841 = VECTOR('',#13842,1.);
#13842 = DIRECTION('',(0.,0.,-1.));
#13843 = PCURVE('',#1764,#13844);
#13844 = DEFINITIONAL_REPRESENTATION('',(#13845),#13849);
#13845 = LINE('',#13846,#13847);
#13846 = CARTESIAN_POINT('',(6.28318530718,-0.));
#13847 = VECTOR('',#13848,1.);
#13848 = DIRECTION('',(0.,1.));
#13849 = ( GEOMETRIC_REPRESENTATION_CONTEXT(2) 
PARAMETRIC_REPRESENTATION_CONTEXT() REPRESENTATION_CONTEXT('2D SPACE',''
  ) );
#13850 = PCURVE('',#1764,#13851);
#13851 = DEFINITIONAL_REPRESENTATION('',(#13852),#13856);
#13852 = LINE('',#13853,#13854);
#13853 = CARTESIAN_POINT('',(0.,-0.));
#13854 = VECTOR('',#13855,1.);
#13855 = DIRECTION('',(0.,1.));
#13856 = ( GEOMETRIC_REPRESENTATION_CONTEXT(2) 
PARAMETRIC_REPRESENTATION_CONTEXT() REPRESENTATION_CONTEXT('2D SPACE',''
  ) );
#13857 = ORIENTED_EDGE('',*,*,#8259,.T.);
#13858 = ORIENTED_EDGE('',*,*,#13837,.T.);
#13859 = ADVANCED_FACE('',(#13860),#1799,.F.);
#13860 = FACE_BOUND('',#13861,.F.);
#13861 = EDGE_LOOP('',(#13862,#13863,#13884,#13885));
#13862 = ORIENTED_EDGE('',*,*,#1778,.F.);
#13863 = ORIENTED_EDGE('',*,*,#13864,.F.);
#13864 = EDGE_CURVE('',#8290,#1779,#13865,.T.);
#13865 = SEAM_CURVE('',#13866,(#13870,#13877),.PCURVE_S1.);
#13866 = LINE('',#13867,#13868);
#13867 = CARTESIAN_POINT('',(-2.45,-127.,6.));
#13868 = VECTOR('',#13869,1.);
#13869 = DIRECTION('',(0.,0.,-1.));
#13870 = PCURVE('',#1799,#13871);
#13871 = DEFINITIONAL_REPRESENTATION('',(#13872),#13876);
#13872 = LINE('',#13873,#13874);
#13873 = CARTESIAN_POINT('',(6.28318530718,-0.));
#13874 = VECTOR('',#13875,1.);
#13875 = DIRECTION('',(0.,1.));
#13876 = ( GEOMETRIC_REPRESENTATION_CONTEXT(2) 
PARAMETRIC_REPRESENTATION_CONTEXT() REPRESENTATION_CONTEXT('2D SPACE',''
  ) );
#13877 = PCURVE('',#1799,#13878);
#13878 = DEFINITIONAL_REPRESENTATION('',(#13879),#13883);
#13879 = LINE('',#13880,#13881);
#13880 = CARTESIAN_POINT('',(0.,-0.));
#13881 = VECTOR('',#13882,1.);
#13882 = DIRECTION('',(0.,1.));
#13883 = ( GEOMETRIC_REPRESENTATION_CONTEXT(2) 
PARAMETRIC_REPRESENTATION_CONTEXT() REPRESENTATION_CONTEXT('2D SPACE',''
  ) );
#13884 = ORIENTED_EDGE('',*,*,#8289,.T.);
#13885 = ORIENTED_EDGE('',*,*,#13864,.T.);
#13886 = ADVANCED_FACE('',(#13887),#1834,.F.);
#13887 = FACE_BOUND('',#13888,.F.);
#13888 = EDGE_LOOP('',(#13889,#13890,#13911,#13912));
#13889 = ORIENTED_EDGE('',*,*,#1813,.F.);
#13890 = ORIENTED_EDGE('',*,*,#13891,.F.);
#13891 = EDGE_CURVE('',#8320,#1814,#13892,.T.);
#13892 = SEAM_CURVE('',#13893,(#13897,#13904),.PCURVE_S1.);
#13893 = LINE('',#13894,#13895);
#13894 = CARTESIAN_POINT('',(-2.45,-114.3,6.));
#13895 = VECTOR('',#13896,1.);
#13896 = DIRECTION('',(0.,0.,-1.));
#13897 = PCURVE('',#1834,#13898);
#13898 = DEFINITIONAL_REPRESENTATION('',(#13899),#13903);
#13899 = LINE('',#13900,#13901);
#13900 = CARTESIAN_POINT('',(6.28318530718,-0.));
#13901 = VECTOR('',#13902,1.);
#13902 = DIRECTION('',(0.,1.));
#13903 = ( GEOMETRIC_REPRESENTATION_CONTEXT(2) 
PARAMETRIC_REPRESENTATION_CONTEXT() REPRESENTATION_CONTEXT('2D SPACE',''
  ) );
#13904 = PCURVE('',#1834,#13905);
#13905 = DEFINITIONAL_REPRESENTATION('',(#13906),#13910);
#13906 = LINE('',#13907,#13908);
#13907 = CARTESIAN_POINT('',(0.,-0.));
#13908 = VECTOR('',#13909,1.);
#13909 = DIRECTION('',(0.,1.));
#13910 = ( GEOMETRIC_REPRESENTATION_CONTEXT(2) 
PARAMETRIC_REPRESENTATION_CONTEXT() REPRESENTATION_CONTEXT('2D SPACE',''
  ) );
#13911 = ORIENTED_EDGE('',*,*,#8319,.T.);
#13912 = ORIENTED_EDGE('',*,*,#13891,.T.);
#13913 = ADVANCED_FACE('',(#13914),#1869,.F.);
#13914 = FACE_BOUND('',#13915,.F.);
#13915 = EDGE_LOOP('',(#13916,#13917,#13938,#13939));
#13916 = ORIENTED_EDGE('',*,*,#1848,.F.);
#13917 = ORIENTED_EDGE('',*,*,#13918,.F.);
#13918 = EDGE_CURVE('',#8350,#1849,#13919,.T.);
#13919 = SEAM_CURVE('',#13920,(#13924,#13931),.PCURVE_S1.);
#13920 = LINE('',#13921,#13922);
#13921 = CARTESIAN_POINT('',(10.25,-127.,6.));
#13922 = VECTOR('',#13923,1.);
#13923 = DIRECTION('',(0.,0.,-1.));
#13924 = PCURVE('',#1869,#13925);
#13925 = DEFINITIONAL_REPRESENTATION('',(#13926),#13930);
#13926 = LINE('',#13927,#13928);
#13927 = CARTESIAN_POINT('',(6.28318530718,-0.));
#13928 = VECTOR('',#13929,1.);
#13929 = DIRECTION('',(0.,1.));
#13930 = ( GEOMETRIC_REPRESENTATION_CONTEXT(2) 
PARAMETRIC_REPRESENTATION_CONTEXT() REPRESENTATION_CONTEXT('2D SPACE',''
  ) );
#13931 = PCURVE('',#1869,#13932);
#13932 = DEFINITIONAL_REPRESENTATION('',(#13933),#13937);
#13933 = LINE('',#13934,#13935);
#13934 = CARTESIAN_POINT('',(0.,-0.));
#13935 = VECTOR('',#13936,1.);
#13936 = DIRECTION('',(0.,1.));
#13937 = ( GEOMETRIC_REPRESENTATION_CONTEXT(2) 
PARAMETRIC_REPRESENTATION_CONTEXT() REPRESENTATION_CONTEXT('2D SPACE',''
  ) );
#13938 = ORIENTED_EDGE('',*,*,#8349,.T.);
#13939 = ORIENTED_EDGE('',*,*,#13918,.T.);
#13940 = ADVANCED_FACE('',(#13941),#1904,.F.);
#13941 = FACE_BOUND('',#13942,.F.);
#13942 = EDGE_LOOP('',(#13943,#13944,#13965,#13966));
#13943 = ORIENTED_EDGE('',*,*,#1883,.F.);
#13944 = ORIENTED_EDGE('',*,*,#13945,.F.);
#13945 = EDGE_CURVE('',#8380,#1884,#13946,.T.);
#13946 = SEAM_CURVE('',#13947,(#13951,#13958),.PCURVE_S1.);
#13947 = LINE('',#13948,#13949);
#13948 = CARTESIAN_POINT('',(10.25,-114.3,6.));
#13949 = VECTOR('',#13950,1.);
#13950 = DIRECTION('',(0.,0.,-1.));
#13951 = PCURVE('',#1904,#13952);
#13952 = DEFINITIONAL_REPRESENTATION('',(#13953),#13957);
#13953 = LINE('',#13954,#13955);
#13954 = CARTESIAN_POINT('',(6.28318530718,-0.));
#13955 = VECTOR('',#13956,1.);
#13956 = DIRECTION('',(0.,1.));
#13957 = ( GEOMETRIC_REPRESENTATION_CONTEXT(2) 
PARAMETRIC_REPRESENTATION_CONTEXT() REPRESENTATION_CONTEXT('2D SPACE',''
  ) );
#13958 = PCURVE('',#1904,#13959);
#13959 = DEFINITIONAL_REPRESENTATION('',(#13960),#13964);
#13960 = LINE('',#13961,#13962);
#13961 = CARTESIAN_POINT('',(0.,-0.));
#13962 = VECTOR('',#13963,1.);
#13963 = DIRECTION('',(0.,1.));
#13964 = ( GEOMETRIC_REPRESENTATION_CONTEXT(2) 
PARAMETRIC_REPRESENTATION_CONTEXT() REPRESENTATION_CONTEXT('2D SPACE',''
  ) );
#13965 = ORIENTED_EDGE('',*,*,#8379,.T.);
#13966 = ORIENTED_EDGE('',*,*,#13945,.T.);
#13967 = ADVANCED_FACE('',(#13968),#1939,.F.);
#13968 = FACE_BOUND('',#13969,.F.);
#13969 = EDGE_LOOP('',(#13970,#13971,#13992,#13993));
#13970 = ORIENTED_EDGE('',*,*,#1918,.F.);
#13971 = ORIENTED_EDGE('',*,*,#13972,.F.);
#13972 = EDGE_CURVE('',#8410,#1919,#13973,.T.);
#13973 = SEAM_CURVE('',#13974,(#13978,#13985),.PCURVE_S1.);
#13974 = LINE('',#13975,#13976);
#13975 = CARTESIAN_POINT('',(-2.45,-101.6,6.));
#13976 = VECTOR('',#13977,1.);
#13977 = DIRECTION('',(0.,0.,-1.));
#13978 = PCURVE('',#1939,#13979);
#13979 = DEFINITIONAL_REPRESENTATION('',(#13980),#13984);
#13980 = LINE('',#13981,#13982);
#13981 = CARTESIAN_POINT('',(6.28318530718,-0.));
#13982 = VECTOR('',#13983,1.);
#13983 = DIRECTION('',(0.,1.));
#13984 = ( GEOMETRIC_REPRESENTATION_CONTEXT(2) 
PARAMETRIC_REPRESENTATION_CONTEXT() REPRESENTATION_CONTEXT('2D SPACE',''
  ) );
#13985 = PCURVE('',#1939,#13986);
#13986 = DEFINITIONAL_REPRESENTATION('',(#13987),#13991);
#13987 = LINE('',#13988,#13989);
#13988 = CARTESIAN_POINT('',(0.,-0.));
#13989 = VECTOR('',#13990,1.);
#13990 = DIRECTION('',(0.,1.));
#13991 = ( GEOMETRIC_REPRESENTATION_CONTEXT(2) 
PARAMETRIC_REPRESENTATION_CONTEXT() REPRESENTATION_CONTEXT('2D SPACE',''
  ) );
#13992 = ORIENTED_EDGE('',*,*,#8409,.T.);
#13993 = ORIENTED_EDGE('',*,*,#13972,.T.);
#13994 = ADVANCED_FACE('',(#13995),#1974,.F.);
#13995 = FACE_BOUND('',#13996,.F.);
#13996 = EDGE_LOOP('',(#13997,#13998,#14019,#14020));
#13997 = ORIENTED_EDGE('',*,*,#1953,.F.);
#13998 = ORIENTED_EDGE('',*,*,#13999,.F.);
#13999 = EDGE_CURVE('',#8440,#1954,#14000,.T.);
#14000 = SEAM_CURVE('',#14001,(#14005,#14012),.PCURVE_S1.);
#14001 = LINE('',#14002,#14003);
#14002 = CARTESIAN_POINT('',(10.25,-101.6,6.));
#14003 = VECTOR('',#14004,1.);
#14004 = DIRECTION('',(0.,0.,-1.));
#14005 = PCURVE('',#1974,#14006);
#14006 = DEFINITIONAL_REPRESENTATION('',(#14007),#14011);
#14007 = LINE('',#14008,#14009);
#14008 = CARTESIAN_POINT('',(6.28318530718,-0.));
#14009 = VECTOR('',#14010,1.);
#14010 = DIRECTION('',(0.,1.));
#14011 = ( GEOMETRIC_REPRESENTATION_CONTEXT(2) 
PARAMETRIC_REPRESENTATION_CONTEXT() REPRESENTATION_CONTEXT('2D SPACE',''
  ) );
#14012 = PCURVE('',#1974,#14013);
#14013 = DEFINITIONAL_REPRESENTATION('',(#14014),#14018);
#14014 = LINE('',#14015,#14016);
#14015 = CARTESIAN_POINT('',(0.,-0.));
#14016 = VECTOR('',#14017,1.);
#14017 = DIRECTION('',(0.,1.));
#14018 = ( GEOMETRIC_REPRESENTATION_CONTEXT(2) 
PARAMETRIC_REPRESENTATION_CONTEXT() REPRESENTATION_CONTEXT('2D SPACE',''
  ) );
#14019 = ORIENTED_EDGE('',*,*,#8439,.T.);
#14020 = ORIENTED_EDGE('',*,*,#13999,.T.);
#14021 = ADVANCED_FACE('',(#14022),#2009,.F.);
#14022 = FACE_BOUND('',#14023,.F.);
#14023 = EDGE_LOOP('',(#14024,#14025,#14046,#14047));
#14024 = ORIENTED_EDGE('',*,*,#1988,.F.);
#14025 = ORIENTED_EDGE('',*,*,#14026,.F.);
#14026 = EDGE_CURVE('',#8470,#1989,#14027,.T.);
#14027 = SEAM_CURVE('',#14028,(#14032,#14039),.PCURVE_S1.);
#14028 = LINE('',#14029,#14030);
#14029 = CARTESIAN_POINT('',(22.95,-127.,6.));
#14030 = VECTOR('',#14031,1.);
#14031 = DIRECTION('',(0.,0.,-1.));
#14032 = PCURVE('',#2009,#14033);
#14033 = DEFINITIONAL_REPRESENTATION('',(#14034),#14038);
#14034 = LINE('',#14035,#14036);
#14035 = CARTESIAN_POINT('',(6.28318530718,-0.));
#14036 = VECTOR('',#14037,1.);
#14037 = DIRECTION('',(0.,1.));
#14038 = ( GEOMETRIC_REPRESENTATION_CONTEXT(2) 
PARAMETRIC_REPRESENTATION_CONTEXT() REPRESENTATION_CONTEXT('2D SPACE',''
  ) );
#14039 = PCURVE('',#2009,#14040);
#14040 = DEFINITIONAL_REPRESENTATION('',(#14041),#14045);
#14041 = LINE('',#14042,#14043);
#14042 = CARTESIAN_POINT('',(0.,-0.));
#14043 = VECTOR('',#14044,1.);
#14044 = DIRECTION('',(0.,1.));
#14045 = ( GEOMETRIC_REPRESENTATION_CONTEXT(2) 
PARAMETRIC_REPRESENTATION_CONTEXT() REPRESENTATION_CONTEXT('2D SPACE',''
  ) );
#14046 = ORIENTED_EDGE('',*,*,#8469,.T.);
#14047 = ORIENTED_EDGE('',*,*,#14026,.T.);
#14048 = ADVANCED_FACE('',(#14049),#2044,.F.);
#14049 = FACE_BOUND('',#14050,.F.);
#14050 = EDGE_LOOP('',(#14051,#14052,#14073,#14074));
#14051 = ORIENTED_EDGE('',*,*,#2023,.F.);
#14052 = ORIENTED_EDGE('',*,*,#14053,.F.);
#14053 = EDGE_CURVE('',#8500,#2024,#14054,.T.);
#14054 = SEAM_CURVE('',#14055,(#14059,#14066),.PCURVE_S1.);
#14055 = LINE('',#14056,#14057);
#14056 = CARTESIAN_POINT('',(22.95,-114.3,6.));
#14057 = VECTOR('',#14058,1.);
#14058 = DIRECTION('',(0.,0.,-1.));
#14059 = PCURVE('',#2044,#14060);
#14060 = DEFINITIONAL_REPRESENTATION('',(#14061),#14065);
#14061 = LINE('',#14062,#14063);
#14062 = CARTESIAN_POINT('',(6.28318530718,-0.));
#14063 = VECTOR('',#14064,1.);
#14064 = DIRECTION('',(0.,1.));
#14065 = ( GEOMETRIC_REPRESENTATION_CONTEXT(2) 
PARAMETRIC_REPRESENTATION_CONTEXT() REPRESENTATION_CONTEXT('2D SPACE',''
  ) );
#14066 = PCURVE('',#2044,#14067);
#14067 = DEFINITIONAL_REPRESENTATION('',(#14068),#14072);
#14068 = LINE('',#14069,#14070);
#14069 = CARTESIAN_POINT('',(0.,-0.));
#14070 = VECTOR('',#14071,1.);
#14071 = DIRECTION('',(0.,1.));
#14072 = ( GEOMETRIC_REPRESENTATION_CONTEXT(2) 
PARAMETRIC_REPRESENTATION_CONTEXT() REPRESENTATION_CONTEXT('2D SPACE',''
  ) );
#14073 = ORIENTED_EDGE('',*,*,#8499,.T.);
#14074 = ORIENTED_EDGE('',*,*,#14053,.T.);
#14075 = ADVANCED_FACE('',(#14076),#2079,.F.);
#14076 = FACE_BOUND('',#14077,.F.);
#14077 = EDGE_LOOP('',(#14078,#14079,#14100,#14101));
#14078 = ORIENTED_EDGE('',*,*,#2058,.F.);
#14079 = ORIENTED_EDGE('',*,*,#14080,.F.);
#14080 = EDGE_CURVE('',#8530,#2059,#14081,.T.);
#14081 = SEAM_CURVE('',#14082,(#14086,#14093),.PCURVE_S1.);
#14082 = LINE('',#14083,#14084);
#14083 = CARTESIAN_POINT('',(35.65,-127.,6.));
#14084 = VECTOR('',#14085,1.);
#14085 = DIRECTION('',(0.,0.,-1.));
#14086 = PCURVE('',#2079,#14087);
#14087 = DEFINITIONAL_REPRESENTATION('',(#14088),#14092);
#14088 = LINE('',#14089,#14090);
#14089 = CARTESIAN_POINT('',(6.28318530718,-0.));
#14090 = VECTOR('',#14091,1.);
#14091 = DIRECTION('',(0.,1.));
#14092 = ( GEOMETRIC_REPRESENTATION_CONTEXT(2) 
PARAMETRIC_REPRESENTATION_CONTEXT() REPRESENTATION_CONTEXT('2D SPACE',''
  ) );
#14093 = PCURVE('',#2079,#14094);
#14094 = DEFINITIONAL_REPRESENTATION('',(#14095),#14099);
#14095 = LINE('',#14096,#14097);
#14096 = CARTESIAN_POINT('',(0.,-0.));
#14097 = VECTOR('',#14098,1.);
#14098 = DIRECTION('',(0.,1.));
#14099 = ( GEOMETRIC_REPRESENTATION_CONTEXT(2) 
PARAMETRIC_REPRESENTATION_CONTEXT() REPRESENTATION_CONTEXT('2D SPACE',''
  ) );
#14100 = ORIENTED_EDGE('',*,*,#8529,.T.);
#14101 = ORIENTED_EDGE('',*,*,#14080,.T.);
#14102 = ADVANCED_FACE('',(#14103),#2114,.F.);
#14103 = FACE_BOUND('',#14104,.F.);
#14104 = EDGE_LOOP('',(#14105,#14106,#14127,#14128));
#14105 = ORIENTED_EDGE('',*,*,#2093,.F.);
#14106 = ORIENTED_EDGE('',*,*,#14107,.F.);
#14107 = EDGE_CURVE('',#8560,#2094,#14108,.T.);
#14108 = SEAM_CURVE('',#14109,(#14113,#14120),.PCURVE_S1.);
#14109 = LINE('',#14110,#14111);
#14110 = CARTESIAN_POINT('',(35.65,-114.3,6.));
#14111 = VECTOR('',#14112,1.);
#14112 = DIRECTION('',(0.,0.,-1.));
#14113 = PCURVE('',#2114,#14114);
#14114 = DEFINITIONAL_REPRESENTATION('',(#14115),#14119);
#14115 = LINE('',#14116,#14117);
#14116 = CARTESIAN_POINT('',(6.28318530718,-0.));
#14117 = VECTOR('',#14118,1.);
#14118 = DIRECTION('',(0.,1.));
#14119 = ( GEOMETRIC_REPRESENTATION_CONTEXT(2) 
PARAMETRIC_REPRESENTATION_CONTEXT() REPRESENTATION_CONTEXT('2D SPACE',''
  ) );
#14120 = PCURVE('',#2114,#14121);
#14121 = DEFINITIONAL_REPRESENTATION('',(#14122),#14126);
#14122 = LINE('',#14123,#14124);
#14123 = CARTESIAN_POINT('',(0.,-0.));
#14124 = VECTOR('',#14125,1.);
#14125 = DIRECTION('',(0.,1.));
#14126 = ( GEOMETRIC_REPRESENTATION_CONTEXT(2) 
PARAMETRIC_REPRESENTATION_CONTEXT() REPRESENTATION_CONTEXT('2D SPACE',''
  ) );
#14127 = ORIENTED_EDGE('',*,*,#8559,.T.);
#14128 = ORIENTED_EDGE('',*,*,#14107,.T.);
#14129 = ADVANCED_FACE('',(#14130),#2149,.F.);
#14130 = FACE_BOUND('',#14131,.F.);
#14131 = EDGE_LOOP('',(#14132,#14133,#14154,#14155));
#14132 = ORIENTED_EDGE('',*,*,#2128,.F.);
#14133 = ORIENTED_EDGE('',*,*,#14134,.F.);
#14134 = EDGE_CURVE('',#8590,#2129,#14135,.T.);
#14135 = SEAM_CURVE('',#14136,(#14140,#14147),.PCURVE_S1.);
#14136 = LINE('',#14137,#14138);
#14137 = CARTESIAN_POINT('',(22.95,-101.6,6.));
#14138 = VECTOR('',#14139,1.);
#14139 = DIRECTION('',(0.,0.,-1.));
#14140 = PCURVE('',#2149,#14141);
#14141 = DEFINITIONAL_REPRESENTATION('',(#14142),#14146);
#14142 = LINE('',#14143,#14144);
#14143 = CARTESIAN_POINT('',(6.28318530718,-0.));
#14144 = VECTOR('',#14145,1.);
#14145 = DIRECTION('',(0.,1.));
#14146 = ( GEOMETRIC_REPRESENTATION_CONTEXT(2) 
PARAMETRIC_REPRESENTATION_CONTEXT() REPRESENTATION_CONTEXT('2D SPACE',''
  ) );
#14147 = PCURVE('',#2149,#14148);
#14148 = DEFINITIONAL_REPRESENTATION('',(#14149),#14153);
#14149 = LINE('',#14150,#14151);
#14150 = CARTESIAN_POINT('',(0.,-0.));
#14151 = VECTOR('',#14152,1.);
#14152 = DIRECTION('',(0.,1.));
#14153 = ( GEOMETRIC_REPRESENTATION_CONTEXT(2) 
PARAMETRIC_REPRESENTATION_CONTEXT() REPRESENTATION_CONTEXT('2D SPACE',''
  ) );
#14154 = ORIENTED_EDGE('',*,*,#8589,.T.);
#14155 = ORIENTED_EDGE('',*,*,#14134,.T.);
#14156 = ADVANCED_FACE('',(#14157),#2184,.F.);
#14157 = FACE_BOUND('',#14158,.F.);
#14158 = EDGE_LOOP('',(#14159,#14160,#14181,#14182));
#14159 = ORIENTED_EDGE('',*,*,#2163,.F.);
#14160 = ORIENTED_EDGE('',*,*,#14161,.F.);
#14161 = EDGE_CURVE('',#8620,#2164,#14162,.T.);
#14162 = SEAM_CURVE('',#14163,(#14167,#14174),.PCURVE_S1.);
#14163 = LINE('',#14164,#14165);
#14164 = CARTESIAN_POINT('',(35.65,-101.6,6.));
#14165 = VECTOR('',#14166,1.);
#14166 = DIRECTION('',(0.,0.,-1.));
#14167 = PCURVE('',#2184,#14168);
#14168 = DEFINITIONAL_REPRESENTATION('',(#14169),#14173);
#14169 = LINE('',#14170,#14171);
#14170 = CARTESIAN_POINT('',(6.28318530718,-0.));
#14171 = VECTOR('',#14172,1.);
#14172 = DIRECTION('',(0.,1.));
#14173 = ( GEOMETRIC_REPRESENTATION_CONTEXT(2) 
PARAMETRIC_REPRESENTATION_CONTEXT() REPRESENTATION_CONTEXT('2D SPACE',''
  ) );
#14174 = PCURVE('',#2184,#14175);
#14175 = DEFINITIONAL_REPRESENTATION('',(#14176),#14180);
#14176 = LINE('',#14177,#14178);
#14177 = CARTESIAN_POINT('',(0.,-0.));
#14178 = VECTOR('',#14179,1.);
#14179 = DIRECTION('',(0.,1.));
#14180 = ( GEOMETRIC_REPRESENTATION_CONTEXT(2) 
PARAMETRIC_REPRESENTATION_CONTEXT() REPRESENTATION_CONTEXT('2D SPACE',''
  ) );
#14181 = ORIENTED_EDGE('',*,*,#8619,.T.);
#14182 = ORIENTED_EDGE('',*,*,#14161,.T.);
#14183 = ADVANCED_FACE('',(#14184),#2219,.F.);
#14184 = FACE_BOUND('',#14185,.F.);
#14185 = EDGE_LOOP('',(#14186,#14187,#14208,#14209));
#14186 = ORIENTED_EDGE('',*,*,#2198,.F.);
#14187 = ORIENTED_EDGE('',*,*,#14188,.F.);
#14188 = EDGE_CURVE('',#8650,#2199,#14189,.T.);
#14189 = SEAM_CURVE('',#14190,(#14194,#14201),.PCURVE_S1.);
#14190 = LINE('',#14191,#14192);
#14191 = CARTESIAN_POINT('',(-2.45,-88.9,6.));
#14192 = VECTOR('',#14193,1.);
#14193 = DIRECTION('',(0.,0.,-1.));
#14194 = PCURVE('',#2219,#14195);
#14195 = DEFINITIONAL_REPRESENTATION('',(#14196),#14200);
#14196 = LINE('',#14197,#14198);
#14197 = CARTESIAN_POINT('',(6.28318530718,-0.));
#14198 = VECTOR('',#14199,1.);
#14199 = DIRECTION('',(0.,1.));
#14200 = ( GEOMETRIC_REPRESENTATION_CONTEXT(2) 
PARAMETRIC_REPRESENTATION_CONTEXT() REPRESENTATION_CONTEXT('2D SPACE',''
  ) );
#14201 = PCURVE('',#2219,#14202);
#14202 = DEFINITIONAL_REPRESENTATION('',(#14203),#14207);
#14203 = LINE('',#14204,#14205);
#14204 = CARTESIAN_POINT('',(0.,-0.));
#14205 = VECTOR('',#14206,1.);
#14206 = DIRECTION('',(0.,1.));
#14207 = ( GEOMETRIC_REPRESENTATION_CONTEXT(2) 
PARAMETRIC_REPRESENTATION_CONTEXT() REPRESENTATION_CONTEXT('2D SPACE',''
  ) );
#14208 = ORIENTED_EDGE('',*,*,#8649,.T.);
#14209 = ORIENTED_EDGE('',*,*,#14188,.T.);
#14210 = ADVANCED_FACE('',(#14211),#2254,.F.);
#14211 = FACE_BOUND('',#14212,.F.);
#14212 = EDGE_LOOP('',(#14213,#14214,#14235,#14236));
#14213 = ORIENTED_EDGE('',*,*,#2233,.F.);
#14214 = ORIENTED_EDGE('',*,*,#14215,.F.);
#14215 = EDGE_CURVE('',#8680,#2234,#14216,.T.);
#14216 = SEAM_CURVE('',#14217,(#14221,#14228),.PCURVE_S1.);
#14217 = LINE('',#14218,#14219);
#14218 = CARTESIAN_POINT('',(10.25,-88.9,6.));
#14219 = VECTOR('',#14220,1.);
#14220 = DIRECTION('',(0.,0.,-1.));
#14221 = PCURVE('',#2254,#14222);
#14222 = DEFINITIONAL_REPRESENTATION('',(#14223),#14227);
#14223 = LINE('',#14224,#14225);
#14224 = CARTESIAN_POINT('',(6.28318530718,-0.));
#14225 = VECTOR('',#14226,1.);
#14226 = DIRECTION('',(0.,1.));
#14227 = ( GEOMETRIC_REPRESENTATION_CONTEXT(2) 
PARAMETRIC_REPRESENTATION_CONTEXT() REPRESENTATION_CONTEXT('2D SPACE',''
  ) );
#14228 = PCURVE('',#2254,#14229);
#14229 = DEFINITIONAL_REPRESENTATION('',(#14230),#14234);
#14230 = LINE('',#14231,#14232);
#14231 = CARTESIAN_POINT('',(0.,-0.));
#14232 = VECTOR('',#14233,1.);
#14233 = DIRECTION('',(0.,1.));
#14234 = ( GEOMETRIC_REPRESENTATION_CONTEXT(2) 
PARAMETRIC_REPRESENTATION_CONTEXT() REPRESENTATION_CONTEXT('2D SPACE',''
  ) );
#14235 = ORIENTED_EDGE('',*,*,#8679,.T.);
#14236 = ORIENTED_EDGE('',*,*,#14215,.T.);
#14237 = ADVANCED_FACE('',(#14238),#2289,.F.);
#14238 = FACE_BOUND('',#14239,.F.);
#14239 = EDGE_LOOP('',(#14240,#14241,#14262,#14263));
#14240 = ORIENTED_EDGE('',*,*,#2268,.F.);
#14241 = ORIENTED_EDGE('',*,*,#14242,.F.);
#14242 = EDGE_CURVE('',#8710,#2269,#14243,.T.);
#14243 = SEAM_CURVE('',#14244,(#14248,#14255),.PCURVE_S1.);
#14244 = LINE('',#14245,#14246);
#14245 = CARTESIAN_POINT('',(22.95,-88.9,6.));
#14246 = VECTOR('',#14247,1.);
#14247 = DIRECTION('',(0.,0.,-1.));
#14248 = PCURVE('',#2289,#14249);
#14249 = DEFINITIONAL_REPRESENTATION('',(#14250),#14254);
#14250 = LINE('',#14251,#14252);
#14251 = CARTESIAN_POINT('',(6.28318530718,-0.));
#14252 = VECTOR('',#14253,1.);
#14253 = DIRECTION('',(0.,1.));
#14254 = ( GEOMETRIC_REPRESENTATION_CONTEXT(2) 
PARAMETRIC_REPRESENTATION_CONTEXT() REPRESENTATION_CONTEXT('2D SPACE',''
  ) );
#14255 = PCURVE('',#2289,#14256);
#14256 = DEFINITIONAL_REPRESENTATION('',(#14257),#14261);
#14257 = LINE('',#14258,#14259);
#14258 = CARTESIAN_POINT('',(0.,-0.));
#14259 = VECTOR('',#14260,1.);
#14260 = DIRECTION('',(0.,1.));
#14261 = ( GEOMETRIC_REPRESENTATION_CONTEXT(2) 
PARAMETRIC_REPRESENTATION_CONTEXT() REPRESENTATION_CONTEXT('2D SPACE',''
  ) );
#14262 = ORIENTED_EDGE('',*,*,#8709,.T.);
#14263 = ORIENTED_EDGE('',*,*,#14242,.T.);
#14264 = ADVANCED_FACE('',(#14265),#2324,.F.);
#14265 = FACE_BOUND('',#14266,.F.);
#14266 = EDGE_LOOP('',(#14267,#14268,#14289,#14290));
#14267 = ORIENTED_EDGE('',*,*,#2303,.F.);
#14268 = ORIENTED_EDGE('',*,*,#14269,.F.);
#14269 = EDGE_CURVE('',#8740,#2304,#14270,.T.);
#14270 = SEAM_CURVE('',#14271,(#14275,#14282),.PCURVE_S1.);
#14271 = LINE('',#14272,#14273);
#14272 = CARTESIAN_POINT('',(35.65,-88.9,6.));
#14273 = VECTOR('',#14274,1.);
#14274 = DIRECTION('',(0.,0.,-1.));
#14275 = PCURVE('',#2324,#14276);
#14276 = DEFINITIONAL_REPRESENTATION('',(#14277),#14281);
#14277 = LINE('',#14278,#14279);
#14278 = CARTESIAN_POINT('',(6.28318530718,-0.));
#14279 = VECTOR('',#14280,1.);
#14280 = DIRECTION('',(0.,1.));
#14281 = ( GEOMETRIC_REPRESENTATION_CONTEXT(2) 
PARAMETRIC_REPRESENTATION_CONTEXT() REPRESENTATION_CONTEXT('2D SPACE',''
  ) );
#14282 = PCURVE('',#2324,#14283);
#14283 = DEFINITIONAL_REPRESENTATION('',(#14284),#14288);
#14284 = LINE('',#14285,#14286);
#14285 = CARTESIAN_POINT('',(0.,-0.));
#14286 = VECTOR('',#14287,1.);
#14287 = DIRECTION('',(0.,1.));
#14288 = ( GEOMETRIC_REPRESENTATION_CONTEXT(2) 
PARAMETRIC_REPRESENTATION_CONTEXT() REPRESENTATION_CONTEXT('2D SPACE',''
  ) );
#14289 = ORIENTED_EDGE('',*,*,#8739,.T.);
#14290 = ORIENTED_EDGE('',*,*,#14269,.T.);
#14291 = ADVANCED_FACE('',(#14292),#2359,.F.);
#14292 = FACE_BOUND('',#14293,.F.);
#14293 = EDGE_LOOP('',(#14294,#14295,#14316,#14317));
#14294 = ORIENTED_EDGE('',*,*,#2338,.F.);
#14295 = ORIENTED_EDGE('',*,*,#14296,.F.);
#14296 = EDGE_CURVE('',#8770,#2339,#14297,.T.);
#14297 = SEAM_CURVE('',#14298,(#14302,#14309),.PCURVE_S1.);
#14298 = LINE('',#14299,#14300);
#14299 = CARTESIAN_POINT('',(48.35,-127.,6.));
#14300 = VECTOR('',#14301,1.);
#14301 = DIRECTION('',(0.,0.,-1.));
#14302 = PCURVE('',#2359,#14303);
#14303 = DEFINITIONAL_REPRESENTATION('',(#14304),#14308);
#14304 = LINE('',#14305,#14306);
#14305 = CARTESIAN_POINT('',(6.28318530718,-0.));
#14306 = VECTOR('',#14307,1.);
#14307 = DIRECTION('',(0.,1.));
#14308 = ( GEOMETRIC_REPRESENTATION_CONTEXT(2) 
PARAMETRIC_REPRESENTATION_CONTEXT() REPRESENTATION_CONTEXT('2D SPACE',''
  ) );
#14309 = PCURVE('',#2359,#14310);
#14310 = DEFINITIONAL_REPRESENTATION('',(#14311),#14315);
#14311 = LINE('',#14312,#14313);
#14312 = CARTESIAN_POINT('',(0.,-0.));
#14313 = VECTOR('',#14314,1.);
#14314 = DIRECTION('',(0.,1.));
#14315 = ( GEOMETRIC_REPRESENTATION_CONTEXT(2) 
PARAMETRIC_REPRESENTATION_CONTEXT() REPRESENTATION_CONTEXT('2D SPACE',''
  ) );
#14316 = ORIENTED_EDGE('',*,*,#8769,.T.);
#14317 = ORIENTED_EDGE('',*,*,#14296,.T.);
#14318 = ADVANCED_FACE('',(#14319),#2394,.F.);
#14319 = FACE_BOUND('',#14320,.F.);
#14320 = EDGE_LOOP('',(#14321,#14322,#14343,#14344));
#14321 = ORIENTED_EDGE('',*,*,#2373,.F.);
#14322 = ORIENTED_EDGE('',*,*,#14323,.F.);
#14323 = EDGE_CURVE('',#8800,#2374,#14324,.T.);
#14324 = SEAM_CURVE('',#14325,(#14329,#14336),.PCURVE_S1.);
#14325 = LINE('',#14326,#14327);
#14326 = CARTESIAN_POINT('',(48.35,-114.3,6.));
#14327 = VECTOR('',#14328,1.);
#14328 = DIRECTION('',(0.,0.,-1.));
#14329 = PCURVE('',#2394,#14330);
#14330 = DEFINITIONAL_REPRESENTATION('',(#14331),#14335);
#14331 = LINE('',#14332,#14333);
#14332 = CARTESIAN_POINT('',(6.28318530718,-0.));
#14333 = VECTOR('',#14334,1.);
#14334 = DIRECTION('',(0.,1.));
#14335 = ( GEOMETRIC_REPRESENTATION_CONTEXT(2) 
PARAMETRIC_REPRESENTATION_CONTEXT() REPRESENTATION_CONTEXT('2D SPACE',''
  ) );
#14336 = PCURVE('',#2394,#14337);
#14337 = DEFINITIONAL_REPRESENTATION('',(#14338),#14342);
#14338 = LINE('',#14339,#14340);
#14339 = CARTESIAN_POINT('',(0.,-0.));
#14340 = VECTOR('',#14341,1.);
#14341 = DIRECTION('',(0.,1.));
#14342 = ( GEOMETRIC_REPRESENTATION_CONTEXT(2) 
PARAMETRIC_REPRESENTATION_CONTEXT() REPRESENTATION_CONTEXT('2D SPACE',''
  ) );
#14343 = ORIENTED_EDGE('',*,*,#8799,.T.);
#14344 = ORIENTED_EDGE('',*,*,#14323,.T.);
#14345 = ADVANCED_FACE('',(#14346),#2429,.F.);
#14346 = FACE_BOUND('',#14347,.F.);
#14347 = EDGE_LOOP('',(#14348,#14349,#14370,#14371));
#14348 = ORIENTED_EDGE('',*,*,#2408,.F.);
#14349 = ORIENTED_EDGE('',*,*,#14350,.F.);
#14350 = EDGE_CURVE('',#8830,#2409,#14351,.T.);
#14351 = SEAM_CURVE('',#14352,(#14356,#14363),.PCURVE_S1.);
#14352 = LINE('',#14353,#14354);
#14353 = CARTESIAN_POINT('',(61.05,-127.,6.));
#14354 = VECTOR('',#14355,1.);
#14355 = DIRECTION('',(0.,0.,-1.));
#14356 = PCURVE('',#2429,#14357);
#14357 = DEFINITIONAL_REPRESENTATION('',(#14358),#14362);
#14358 = LINE('',#14359,#14360);
#14359 = CARTESIAN_POINT('',(6.28318530718,-0.));
#14360 = VECTOR('',#14361,1.);
#14361 = DIRECTION('',(0.,1.));
#14362 = ( GEOMETRIC_REPRESENTATION_CONTEXT(2) 
PARAMETRIC_REPRESENTATION_CONTEXT() REPRESENTATION_CONTEXT('2D SPACE',''
  ) );
#14363 = PCURVE('',#2429,#14364);
#14364 = DEFINITIONAL_REPRESENTATION('',(#14365),#14369);
#14365 = LINE('',#14366,#14367);
#14366 = CARTESIAN_POINT('',(0.,-0.));
#14367 = VECTOR('',#14368,1.);
#14368 = DIRECTION('',(0.,1.));
#14369 = ( GEOMETRIC_REPRESENTATION_CONTEXT(2) 
PARAMETRIC_REPRESENTATION_CONTEXT() REPRESENTATION_CONTEXT('2D SPACE',''
  ) );
#14370 = ORIENTED_EDGE('',*,*,#8829,.T.);
#14371 = ORIENTED_EDGE('',*,*,#14350,.T.);
#14372 = ADVANCED_FACE('',(#14373),#2464,.F.);
#14373 = FACE_BOUND('',#14374,.F.);
#14374 = EDGE_LOOP('',(#14375,#14376,#14397,#14398));
#14375 = ORIENTED_EDGE('',*,*,#2443,.F.);
#14376 = ORIENTED_EDGE('',*,*,#14377,.F.);
#14377 = EDGE_CURVE('',#8860,#2444,#14378,.T.);
#14378 = SEAM_CURVE('',#14379,(#14383,#14390),.PCURVE_S1.);
#14379 = LINE('',#14380,#14381);
#14380 = CARTESIAN_POINT('',(48.35,-101.6,6.));
#14381 = VECTOR('',#14382,1.);
#14382 = DIRECTION('',(0.,0.,-1.));
#14383 = PCURVE('',#2464,#14384);
#14384 = DEFINITIONAL_REPRESENTATION('',(#14385),#14389);
#14385 = LINE('',#14386,#14387);
#14386 = CARTESIAN_POINT('',(6.28318530718,-0.));
#14387 = VECTOR('',#14388,1.);
#14388 = DIRECTION('',(0.,1.));
#14389 = ( GEOMETRIC_REPRESENTATION_CONTEXT(2) 
PARAMETRIC_REPRESENTATION_CONTEXT() REPRESENTATION_CONTEXT('2D SPACE',''
  ) );
#14390 = PCURVE('',#2464,#14391);
#14391 = DEFINITIONAL_REPRESENTATION('',(#14392),#14396);
#14392 = LINE('',#14393,#14394);
#14393 = CARTESIAN_POINT('',(0.,-0.));
#14394 = VECTOR('',#14395,1.);
#14395 = DIRECTION('',(0.,1.));
#14396 = ( GEOMETRIC_REPRESENTATION_CONTEXT(2) 
PARAMETRIC_REPRESENTATION_CONTEXT() REPRESENTATION_CONTEXT('2D SPACE',''
  ) );
#14397 = ORIENTED_EDGE('',*,*,#8859,.T.);
#14398 = ORIENTED_EDGE('',*,*,#14377,.T.);
#14399 = ADVANCED_FACE('',(#14400),#2499,.F.);
#14400 = FACE_BOUND('',#14401,.F.);
#14401 = EDGE_LOOP('',(#14402,#14403,#14424,#14425));
#14402 = ORIENTED_EDGE('',*,*,#2478,.F.);
#14403 = ORIENTED_EDGE('',*,*,#14404,.F.);
#14404 = EDGE_CURVE('',#8890,#2479,#14405,.T.);
#14405 = SEAM_CURVE('',#14406,(#14410,#14417),.PCURVE_S1.);
#14406 = LINE('',#14407,#14408);
#14407 = CARTESIAN_POINT('',(73.75,-127.,6.));
#14408 = VECTOR('',#14409,1.);
#14409 = DIRECTION('',(0.,0.,-1.));
#14410 = PCURVE('',#2499,#14411);
#14411 = DEFINITIONAL_REPRESENTATION('',(#14412),#14416);
#14412 = LINE('',#14413,#14414);
#14413 = CARTESIAN_POINT('',(6.28318530718,-0.));
#14414 = VECTOR('',#14415,1.);
#14415 = DIRECTION('',(0.,1.));
#14416 = ( GEOMETRIC_REPRESENTATION_CONTEXT(2) 
PARAMETRIC_REPRESENTATION_CONTEXT() REPRESENTATION_CONTEXT('2D SPACE',''
  ) );
#14417 = PCURVE('',#2499,#14418);
#14418 = DEFINITIONAL_REPRESENTATION('',(#14419),#14423);
#14419 = LINE('',#14420,#14421);
#14420 = CARTESIAN_POINT('',(0.,-0.));
#14421 = VECTOR('',#14422,1.);
#14422 = DIRECTION('',(0.,1.));
#14423 = ( GEOMETRIC_REPRESENTATION_CONTEXT(2) 
PARAMETRIC_REPRESENTATION_CONTEXT() REPRESENTATION_CONTEXT('2D SPACE',''
  ) );
#14424 = ORIENTED_EDGE('',*,*,#8889,.T.);
#14425 = ORIENTED_EDGE('',*,*,#14404,.T.);
#14426 = ADVANCED_FACE('',(#14427),#2534,.F.);
#14427 = FACE_BOUND('',#14428,.F.);
#14428 = EDGE_LOOP('',(#14429,#14430,#14451,#14452));
#14429 = ORIENTED_EDGE('',*,*,#2513,.F.);
#14430 = ORIENTED_EDGE('',*,*,#14431,.F.);
#14431 = EDGE_CURVE('',#8920,#2514,#14432,.T.);
#14432 = SEAM_CURVE('',#14433,(#14437,#14444),.PCURVE_S1.);
#14433 = LINE('',#14434,#14435);
#14434 = CARTESIAN_POINT('',(86.45,-127.,6.));
#14435 = VECTOR('',#14436,1.);
#14436 = DIRECTION('',(0.,0.,-1.));
#14437 = PCURVE('',#2534,#14438);
#14438 = DEFINITIONAL_REPRESENTATION('',(#14439),#14443);
#14439 = LINE('',#14440,#14441);
#14440 = CARTESIAN_POINT('',(6.28318530718,-0.));
#14441 = VECTOR('',#14442,1.);
#14442 = DIRECTION('',(0.,1.));
#14443 = ( GEOMETRIC_REPRESENTATION_CONTEXT(2) 
PARAMETRIC_REPRESENTATION_CONTEXT() REPRESENTATION_CONTEXT('2D SPACE',''
  ) );
#14444 = PCURVE('',#2534,#14445);
#14445 = DEFINITIONAL_REPRESENTATION('',(#14446),#14450);
#14446 = LINE('',#14447,#14448);
#14447 = CARTESIAN_POINT('',(0.,-0.));
#14448 = VECTOR('',#14449,1.);
#14449 = DIRECTION('',(0.,1.));
#14450 = ( GEOMETRIC_REPRESENTATION_CONTEXT(2) 
PARAMETRIC_REPRESENTATION_CONTEXT() REPRESENTATION_CONTEXT('2D SPACE',''
  ) );
#14451 = ORIENTED_EDGE('',*,*,#8919,.T.);
#14452 = ORIENTED_EDGE('',*,*,#14431,.T.);
#14453 = ADVANCED_FACE('',(#14454),#2569,.F.);
#14454 = FACE_BOUND('',#14455,.F.);
#14455 = EDGE_LOOP('',(#14456,#14457,#14478,#14479));
#14456 = ORIENTED_EDGE('',*,*,#2548,.F.);
#14457 = ORIENTED_EDGE('',*,*,#14458,.F.);
#14458 = EDGE_CURVE('',#8950,#2549,#14459,.T.);
#14459 = SEAM_CURVE('',#14460,(#14464,#14471),.PCURVE_S1.);
#14460 = LINE('',#14461,#14462);
#14461 = CARTESIAN_POINT('',(86.45,-114.3,6.));
#14462 = VECTOR('',#14463,1.);
#14463 = DIRECTION('',(0.,0.,-1.));
#14464 = PCURVE('',#2569,#14465);
#14465 = DEFINITIONAL_REPRESENTATION('',(#14466),#14470);
#14466 = LINE('',#14467,#14468);
#14467 = CARTESIAN_POINT('',(6.28318530718,-0.));
#14468 = VECTOR('',#14469,1.);
#14469 = DIRECTION('',(0.,1.));
#14470 = ( GEOMETRIC_REPRESENTATION_CONTEXT(2) 
PARAMETRIC_REPRESENTATION_CONTEXT() REPRESENTATION_CONTEXT('2D SPACE',''
  ) );
#14471 = PCURVE('',#2569,#14472);
#14472 = DEFINITIONAL_REPRESENTATION('',(#14473),#14477);
#14473 = LINE('',#14474,#14475);
#14474 = CARTESIAN_POINT('',(0.,-0.));
#14475 = VECTOR('',#14476,1.);
#14476 = DIRECTION('',(0.,1.));
#14477 = ( GEOMETRIC_REPRESENTATION_CONTEXT(2) 
PARAMETRIC_REPRESENTATION_CONTEXT() REPRESENTATION_CONTEXT('2D SPACE',''
  ) );
#14478 = ORIENTED_EDGE('',*,*,#8949,.T.);
#14479 = ORIENTED_EDGE('',*,*,#14458,.T.);
#14480 = ADVANCED_FACE('',(#14481),#2604,.F.);
#14481 = FACE_BOUND('',#14482,.F.);
#14482 = EDGE_LOOP('',(#14483,#14484,#14505,#14506));
#14483 = ORIENTED_EDGE('',*,*,#2583,.F.);
#14484 = ORIENTED_EDGE('',*,*,#14485,.F.);
#14485 = EDGE_CURVE('',#8980,#2584,#14486,.T.);
#14486 = SEAM_CURVE('',#14487,(#14491,#14498),.PCURVE_S1.);
#14487 = LINE('',#14488,#14489);
#14488 = CARTESIAN_POINT('',(67.,-108.,6.));
#14489 = VECTOR('',#14490,1.);
#14490 = DIRECTION('',(0.,0.,-1.));
#14491 = PCURVE('',#2604,#14492);
#14492 = DEFINITIONAL_REPRESENTATION('',(#14493),#14497);
#14493 = LINE('',#14494,#14495);
#14494 = CARTESIAN_POINT('',(6.28318530718,-0.));
#14495 = VECTOR('',#14496,1.);
#14496 = DIRECTION('',(0.,1.));
#14497 = ( GEOMETRIC_REPRESENTATION_CONTEXT(2) 
PARAMETRIC_REPRESENTATION_CONTEXT() REPRESENTATION_CONTEXT('2D SPACE',''
  ) );
#14498 = PCURVE('',#2604,#14499);
#14499 = DEFINITIONAL_REPRESENTATION('',(#14500),#14504);
#14500 = LINE('',#14501,#14502);
#14501 = CARTESIAN_POINT('',(0.,-0.));
#14502 = VECTOR('',#14503,1.);
#14503 = DIRECTION('',(0.,1.));
#14504 = ( GEOMETRIC_REPRESENTATION_CONTEXT(2) 
PARAMETRIC_REPRESENTATION_CONTEXT() REPRESENTATION_CONTEXT('2D SPACE',''
  ) );
#14505 = ORIENTED_EDGE('',*,*,#8979,.T.);
#14506 = ORIENTED_EDGE('',*,*,#14485,.T.);
#14507 = ADVANCED_FACE('',(#14508),#2639,.F.);
#14508 = FACE_BOUND('',#14509,.F.);
#14509 = EDGE_LOOP('',(#14510,#14511,#14532,#14533));
#14510 = ORIENTED_EDGE('',*,*,#2618,.F.);
#14511 = ORIENTED_EDGE('',*,*,#14512,.F.);
#14512 = EDGE_CURVE('',#9010,#2619,#14513,.T.);
#14513 = SEAM_CURVE('',#14514,(#14518,#14525),.PCURVE_S1.);
#14514 = LINE('',#14515,#14516);
#14515 = CARTESIAN_POINT('',(86.45,-101.6,6.));
#14516 = VECTOR('',#14517,1.);
#14517 = DIRECTION('',(0.,0.,-1.));
#14518 = PCURVE('',#2639,#14519);
#14519 = DEFINITIONAL_REPRESENTATION('',(#14520),#14524);
#14520 = LINE('',#14521,#14522);
#14521 = CARTESIAN_POINT('',(6.28318530718,-0.));
#14522 = VECTOR('',#14523,1.);
#14523 = DIRECTION('',(0.,1.));
#14524 = ( GEOMETRIC_REPRESENTATION_CONTEXT(2) 
PARAMETRIC_REPRESENTATION_CONTEXT() REPRESENTATION_CONTEXT('2D SPACE',''
  ) );
#14525 = PCURVE('',#2639,#14526);
#14526 = DEFINITIONAL_REPRESENTATION('',(#14527),#14531);
#14527 = LINE('',#14528,#14529);
#14528 = CARTESIAN_POINT('',(0.,-0.));
#14529 = VECTOR('',#14530,1.);
#14530 = DIRECTION('',(0.,1.));
#14531 = ( GEOMETRIC_REPRESENTATION_CONTEXT(2) 
PARAMETRIC_REPRESENTATION_CONTEXT() REPRESENTATION_CONTEXT('2D SPACE',''
  ) );
#14532 = ORIENTED_EDGE('',*,*,#9009,.T.);
#14533 = ORIENTED_EDGE('',*,*,#14512,.T.);
#14534 = ADVANCED_FACE('',(#14535),#2674,.F.);
#14535 = FACE_BOUND('',#14536,.F.);
#14536 = EDGE_LOOP('',(#14537,#14538,#14559,#14560));
#14537 = ORIENTED_EDGE('',*,*,#2653,.F.);
#14538 = ORIENTED_EDGE('',*,*,#14539,.F.);
#14539 = EDGE_CURVE('',#9040,#2654,#14540,.T.);
#14540 = SEAM_CURVE('',#14541,(#14545,#14552),.PCURVE_S1.);
#14541 = LINE('',#14542,#14543);
#14542 = CARTESIAN_POINT('',(48.35,-88.9,6.));
#14543 = VECTOR('',#14544,1.);
#14544 = DIRECTION('',(0.,0.,-1.));
#14545 = PCURVE('',#2674,#14546);
#14546 = DEFINITIONAL_REPRESENTATION('',(#14547),#14551);
#14547 = LINE('',#14548,#14549);
#14548 = CARTESIAN_POINT('',(6.28318530718,-0.));
#14549 = VECTOR('',#14550,1.);
#14550 = DIRECTION('',(0.,1.));
#14551 = ( GEOMETRIC_REPRESENTATION_CONTEXT(2) 
PARAMETRIC_REPRESENTATION_CONTEXT() REPRESENTATION_CONTEXT('2D SPACE',''
  ) );
#14552 = PCURVE('',#2674,#14553);
#14553 = DEFINITIONAL_REPRESENTATION('',(#14554),#14558);
#14554 = LINE('',#14555,#14556);
#14555 = CARTESIAN_POINT('',(0.,-0.));
#14556 = VECTOR('',#14557,1.);
#14557 = DIRECTION('',(0.,1.));
#14558 = ( GEOMETRIC_REPRESENTATION_CONTEXT(2) 
PARAMETRIC_REPRESENTATION_CONTEXT() REPRESENTATION_CONTEXT('2D SPACE',''
  ) );
#14559 = ORIENTED_EDGE('',*,*,#9039,.T.);
#14560 = ORIENTED_EDGE('',*,*,#14539,.T.);
#14561 = ADVANCED_FACE('',(#14562),#2709,.F.);
#14562 = FACE_BOUND('',#14563,.F.);
#14563 = EDGE_LOOP('',(#14564,#14565,#14586,#14587));
#14564 = ORIENTED_EDGE('',*,*,#2688,.F.);
#14565 = ORIENTED_EDGE('',*,*,#14566,.F.);
#14566 = EDGE_CURVE('',#9070,#2689,#14567,.T.);
#14567 = SEAM_CURVE('',#14568,(#14572,#14579),.PCURVE_S1.);
#14568 = LINE('',#14569,#14570);
#14569 = CARTESIAN_POINT('',(61.05,-88.9,6.));
#14570 = VECTOR('',#14571,1.);
#14571 = DIRECTION('',(0.,0.,-1.));
#14572 = PCURVE('',#2709,#14573);
#14573 = DEFINITIONAL_REPRESENTATION('',(#14574),#14578);
#14574 = LINE('',#14575,#14576);
#14575 = CARTESIAN_POINT('',(6.28318530718,-0.));
#14576 = VECTOR('',#14577,1.);
#14577 = DIRECTION('',(0.,1.));
#14578 = ( GEOMETRIC_REPRESENTATION_CONTEXT(2) 
PARAMETRIC_REPRESENTATION_CONTEXT() REPRESENTATION_CONTEXT('2D SPACE',''
  ) );
#14579 = PCURVE('',#2709,#14580);
#14580 = DEFINITIONAL_REPRESENTATION('',(#14581),#14585);
#14581 = LINE('',#14582,#14583);
#14582 = CARTESIAN_POINT('',(0.,-0.));
#14583 = VECTOR('',#14584,1.);
#14584 = DIRECTION('',(0.,1.));
#14585 = ( GEOMETRIC_REPRESENTATION_CONTEXT(2) 
PARAMETRIC_REPRESENTATION_CONTEXT() REPRESENTATION_CONTEXT('2D SPACE',''
  ) );
#14586 = ORIENTED_EDGE('',*,*,#9069,.T.);
#14587 = ORIENTED_EDGE('',*,*,#14566,.T.);
#14588 = ADVANCED_FACE('',(#14589),#2744,.F.);
#14589 = FACE_BOUND('',#14590,.F.);
#14590 = EDGE_LOOP('',(#14591,#14592,#14613,#14614));
#14591 = ORIENTED_EDGE('',*,*,#2723,.F.);
#14592 = ORIENTED_EDGE('',*,*,#14593,.F.);
#14593 = EDGE_CURVE('',#9100,#2724,#14594,.T.);
#14594 = SEAM_CURVE('',#14595,(#14599,#14606),.PCURVE_S1.);
#14595 = LINE('',#14596,#14597);
#14596 = CARTESIAN_POINT('',(61.05,-76.2,6.));
#14597 = VECTOR('',#14598,1.);
#14598 = DIRECTION('',(0.,0.,-1.));
#14599 = PCURVE('',#2744,#14600);
#14600 = DEFINITIONAL_REPRESENTATION('',(#14601),#14605);
#14601 = LINE('',#14602,#14603);
#14602 = CARTESIAN_POINT('',(6.28318530718,-0.));
#14603 = VECTOR('',#14604,1.);
#14604 = DIRECTION('',(0.,1.));
#14605 = ( GEOMETRIC_REPRESENTATION_CONTEXT(2) 
PARAMETRIC_REPRESENTATION_CONTEXT() REPRESENTATION_CONTEXT('2D SPACE',''
  ) );
#14606 = PCURVE('',#2744,#14607);
#14607 = DEFINITIONAL_REPRESENTATION('',(#14608),#14612);
#14608 = LINE('',#14609,#14610);
#14609 = CARTESIAN_POINT('',(0.,-0.));
#14610 = VECTOR('',#14611,1.);
#14611 = DIRECTION('',(0.,1.));
#14612 = ( GEOMETRIC_REPRESENTATION_CONTEXT(2) 
PARAMETRIC_REPRESENTATION_CONTEXT() REPRESENTATION_CONTEXT('2D SPACE',''
  ) );
#14613 = ORIENTED_EDGE('',*,*,#9099,.T.);
#14614 = ORIENTED_EDGE('',*,*,#14593,.T.);
#14615 = ADVANCED_FACE('',(#14616),#2779,.F.);
#14616 = FACE_BOUND('',#14617,.F.);
#14617 = EDGE_LOOP('',(#14618,#14619,#14640,#14641));
#14618 = ORIENTED_EDGE('',*,*,#2758,.F.);
#14619 = ORIENTED_EDGE('',*,*,#14620,.F.);
#14620 = EDGE_CURVE('',#9130,#2759,#14621,.T.);
#14621 = SEAM_CURVE('',#14622,(#14626,#14633),.PCURVE_S1.);
#14622 = LINE('',#14623,#14624);
#14623 = CARTESIAN_POINT('',(73.75,-88.9,6.));
#14624 = VECTOR('',#14625,1.);
#14625 = DIRECTION('',(0.,0.,-1.));
#14626 = PCURVE('',#2779,#14627);
#14627 = DEFINITIONAL_REPRESENTATION('',(#14628),#14632);
#14628 = LINE('',#14629,#14630);
#14629 = CARTESIAN_POINT('',(6.28318530718,-0.));
#14630 = VECTOR('',#14631,1.);
#14631 = DIRECTION('',(0.,1.));
#14632 = ( GEOMETRIC_REPRESENTATION_CONTEXT(2) 
PARAMETRIC_REPRESENTATION_CONTEXT() REPRESENTATION_CONTEXT('2D SPACE',''
  ) );
#14633 = PCURVE('',#2779,#14634);
#14634 = DEFINITIONAL_REPRESENTATION('',(#14635),#14639);
#14635 = LINE('',#14636,#14637);
#14636 = CARTESIAN_POINT('',(0.,-0.));
#14637 = VECTOR('',#14638,1.);
#14638 = DIRECTION('',(0.,1.));
#14639 = ( GEOMETRIC_REPRESENTATION_CONTEXT(2) 
PARAMETRIC_REPRESENTATION_CONTEXT() REPRESENTATION_CONTEXT('2D SPACE',''
  ) );
#14640 = ORIENTED_EDGE('',*,*,#9129,.T.);
#14641 = ORIENTED_EDGE('',*,*,#14620,.T.);
#14642 = ADVANCED_FACE('',(#14643),#2814,.F.);
#14643 = FACE_BOUND('',#14644,.F.);
#14644 = EDGE_LOOP('',(#14645,#14646,#14667,#14668));
#14645 = ORIENTED_EDGE('',*,*,#2793,.F.);
#14646 = ORIENTED_EDGE('',*,*,#14647,.F.);
#14647 = EDGE_CURVE('',#9160,#2794,#14648,.T.);
#14648 = SEAM_CURVE('',#14649,(#14653,#14660),.PCURVE_S1.);
#14649 = LINE('',#14650,#14651);
#14650 = CARTESIAN_POINT('',(86.45,-88.9,6.));
#14651 = VECTOR('',#14652,1.);
#14652 = DIRECTION('',(0.,0.,-1.));
#14653 = PCURVE('',#2814,#14654);
#14654 = DEFINITIONAL_REPRESENTATION('',(#14655),#14659);
#14655 = LINE('',#14656,#14657);
#14656 = CARTESIAN_POINT('',(6.28318530718,-0.));
#14657 = VECTOR('',#14658,1.);
#14658 = DIRECTION('',(0.,1.));
#14659 = ( GEOMETRIC_REPRESENTATION_CONTEXT(2) 
PARAMETRIC_REPRESENTATION_CONTEXT() REPRESENTATION_CONTEXT('2D SPACE',''
  ) );
#14660 = PCURVE('',#2814,#14661);
#14661 = DEFINITIONAL_REPRESENTATION('',(#14662),#14666);
#14662 = LINE('',#14663,#14664);
#14663 = CARTESIAN_POINT('',(0.,-0.));
#14664 = VECTOR('',#14665,1.);
#14665 = DIRECTION('',(0.,1.));
#14666 = ( GEOMETRIC_REPRESENTATION_CONTEXT(2) 
PARAMETRIC_REPRESENTATION_CONTEXT() REPRESENTATION_CONTEXT('2D SPACE',''
  ) );
#14667 = ORIENTED_EDGE('',*,*,#9159,.T.);
#14668 = ORIENTED_EDGE('',*,*,#14647,.T.);
#14669 = ADVANCED_FACE('',(#14670),#2849,.F.);
#14670 = FACE_BOUND('',#14671,.F.);
#14671 = EDGE_LOOP('',(#14672,#14673,#14694,#14695));
#14672 = ORIENTED_EDGE('',*,*,#2828,.F.);
#14673 = ORIENTED_EDGE('',*,*,#14674,.F.);
#14674 = EDGE_CURVE('',#9190,#2829,#14675,.T.);
#14675 = SEAM_CURVE('',#14676,(#14680,#14687),.PCURVE_S1.);
#14676 = LINE('',#14677,#14678);
#14677 = CARTESIAN_POINT('',(73.75,-76.2,6.));
#14678 = VECTOR('',#14679,1.);
#14679 = DIRECTION('',(0.,0.,-1.));
#14680 = PCURVE('',#2849,#14681);
#14681 = DEFINITIONAL_REPRESENTATION('',(#14682),#14686);
#14682 = LINE('',#14683,#14684);
#14683 = CARTESIAN_POINT('',(6.28318530718,-0.));
#14684 = VECTOR('',#14685,1.);
#14685 = DIRECTION('',(0.,1.));
#14686 = ( GEOMETRIC_REPRESENTATION_CONTEXT(2) 
PARAMETRIC_REPRESENTATION_CONTEXT() REPRESENTATION_CONTEXT('2D SPACE',''
  ) );
#14687 = PCURVE('',#2849,#14688);
#14688 = DEFINITIONAL_REPRESENTATION('',(#14689),#14693);
#14689 = LINE('',#14690,#14691);
#14690 = CARTESIAN_POINT('',(0.,-0.));
#14691 = VECTOR('',#14692,1.);
#14692 = DIRECTION('',(0.,1.));
#14693 = ( GEOMETRIC_REPRESENTATION_CONTEXT(2) 
PARAMETRIC_REPRESENTATION_CONTEXT() REPRESENTATION_CONTEXT('2D SPACE',''
  ) );
#14694 = ORIENTED_EDGE('',*,*,#9189,.T.);
#14695 = ORIENTED_EDGE('',*,*,#14674,.T.);
#14696 = ADVANCED_FACE('',(#14697),#2884,.F.);
#14697 = FACE_BOUND('',#14698,.F.);
#14698 = EDGE_LOOP('',(#14699,#14700,#14721,#14722));
#14699 = ORIENTED_EDGE('',*,*,#2863,.F.);
#14700 = ORIENTED_EDGE('',*,*,#14701,.F.);
#14701 = EDGE_CURVE('',#9220,#2864,#14702,.T.);
#14702 = SEAM_CURVE('',#14703,(#14707,#14714),.PCURVE_S1.);
#14703 = LINE('',#14704,#14705);
#14704 = CARTESIAN_POINT('',(86.45,-76.2,6.));
#14705 = VECTOR('',#14706,1.);
#14706 = DIRECTION('',(0.,0.,-1.));
#14707 = PCURVE('',#2884,#14708);
#14708 = DEFINITIONAL_REPRESENTATION('',(#14709),#14713);
#14709 = LINE('',#14710,#14711);
#14710 = CARTESIAN_POINT('',(6.28318530718,-0.));
#14711 = VECTOR('',#14712,1.);
#14712 = DIRECTION('',(0.,1.));
#14713 = ( GEOMETRIC_REPRESENTATION_CONTEXT(2) 
PARAMETRIC_REPRESENTATION_CONTEXT() REPRESENTATION_CONTEXT('2D SPACE',''
  ) );
#14714 = PCURVE('',#2884,#14715);
#14715 = DEFINITIONAL_REPRESENTATION('',(#14716),#14720);
#14716 = LINE('',#14717,#14718);
#14717 = CARTESIAN_POINT('',(0.,-0.));
#14718 = VECTOR('',#14719,1.);
#14719 = DIRECTION('',(0.,1.));
#14720 = ( GEOMETRIC_REPRESENTATION_CONTEXT(2) 
PARAMETRIC_REPRESENTATION_CONTEXT() REPRESENTATION_CONTEXT('2D SPACE',''
  ) );
#14721 = ORIENTED_EDGE('',*,*,#9219,.T.);
#14722 = ORIENTED_EDGE('',*,*,#14701,.T.);
#14723 = ADVANCED_FACE('',(#14724),#2919,.F.);
#14724 = FACE_BOUND('',#14725,.F.);
#14725 = EDGE_LOOP('',(#14726,#14727,#14748,#14749));
#14726 = ORIENTED_EDGE('',*,*,#2898,.F.);
#14727 = ORIENTED_EDGE('',*,*,#14728,.F.);
#14728 = EDGE_CURVE('',#9250,#2899,#14729,.T.);
#14729 = SEAM_CURVE('',#14730,(#14734,#14741),.PCURVE_S1.);
#14730 = LINE('',#14731,#14732);
#14731 = CARTESIAN_POINT('',(61.05,-63.5,6.));
#14732 = VECTOR('',#14733,1.);
#14733 = DIRECTION('',(0.,0.,-1.));
#14734 = PCURVE('',#2919,#14735);
#14735 = DEFINITIONAL_REPRESENTATION('',(#14736),#14740);
#14736 = LINE('',#14737,#14738);
#14737 = CARTESIAN_POINT('',(6.28318530718,-0.));
#14738 = VECTOR('',#14739,1.);
#14739 = DIRECTION('',(0.,1.));
#14740 = ( GEOMETRIC_REPRESENTATION_CONTEXT(2) 
PARAMETRIC_REPRESENTATION_CONTEXT() REPRESENTATION_CONTEXT('2D SPACE',''
  ) );
#14741 = PCURVE('',#2919,#14742);
#14742 = DEFINITIONAL_REPRESENTATION('',(#14743),#14747);
#14743 = LINE('',#14744,#14745);
#14744 = CARTESIAN_POINT('',(0.,-0.));
#14745 = VECTOR('',#14746,1.);
#14746 = DIRECTION('',(0.,1.));
#14747 = ( GEOMETRIC_REPRESENTATION_CONTEXT(2) 
PARAMETRIC_REPRESENTATION_CONTEXT() REPRESENTATION_CONTEXT('2D SPACE',''
  ) );
#14748 = ORIENTED_EDGE('',*,*,#9249,.T.);
#14749 = ORIENTED_EDGE('',*,*,#14728,.T.);
#14750 = ADVANCED_FACE('',(#14751),#2954,.F.);
#14751 = FACE_BOUND('',#14752,.F.);
#14752 = EDGE_LOOP('',(#14753,#14754,#14775,#14776));
#14753 = ORIENTED_EDGE('',*,*,#2933,.F.);
#14754 = ORIENTED_EDGE('',*,*,#14755,.F.);
#14755 = EDGE_CURVE('',#9280,#2934,#14756,.T.);
#14756 = SEAM_CURVE('',#14757,(#14761,#14768),.PCURVE_S1.);
#14757 = LINE('',#14758,#14759);
#14758 = CARTESIAN_POINT('',(61.05,-50.8,6.));
#14759 = VECTOR('',#14760,1.);
#14760 = DIRECTION('',(0.,0.,-1.));
#14761 = PCURVE('',#2954,#14762);
#14762 = DEFINITIONAL_REPRESENTATION('',(#14763),#14767);
#14763 = LINE('',#14764,#14765);
#14764 = CARTESIAN_POINT('',(6.28318530718,-0.));
#14765 = VECTOR('',#14766,1.);
#14766 = DIRECTION('',(0.,1.));
#14767 = ( GEOMETRIC_REPRESENTATION_CONTEXT(2) 
PARAMETRIC_REPRESENTATION_CONTEXT() REPRESENTATION_CONTEXT('2D SPACE',''
  ) );
#14768 = PCURVE('',#2954,#14769);
#14769 = DEFINITIONAL_REPRESENTATION('',(#14770),#14774);
#14770 = LINE('',#14771,#14772);
#14771 = CARTESIAN_POINT('',(0.,-0.));
#14772 = VECTOR('',#14773,1.);
#14773 = DIRECTION('',(0.,1.));
#14774 = ( GEOMETRIC_REPRESENTATION_CONTEXT(2) 
PARAMETRIC_REPRESENTATION_CONTEXT() REPRESENTATION_CONTEXT('2D SPACE',''
  ) );
#14775 = ORIENTED_EDGE('',*,*,#9279,.T.);
#14776 = ORIENTED_EDGE('',*,*,#14755,.T.);
#14777 = ADVANCED_FACE('',(#14778),#2989,.F.);
#14778 = FACE_BOUND('',#14779,.F.);
#14779 = EDGE_LOOP('',(#14780,#14781,#14802,#14803));
#14780 = ORIENTED_EDGE('',*,*,#2968,.F.);
#14781 = ORIENTED_EDGE('',*,*,#14782,.F.);
#14782 = EDGE_CURVE('',#9310,#2969,#14783,.T.);
#14783 = SEAM_CURVE('',#14784,(#14788,#14795),.PCURVE_S1.);
#14784 = LINE('',#14785,#14786);
#14785 = CARTESIAN_POINT('',(61.05,-38.1,6.));
#14786 = VECTOR('',#14787,1.);
#14787 = DIRECTION('',(0.,0.,-1.));
#14788 = PCURVE('',#2989,#14789);
#14789 = DEFINITIONAL_REPRESENTATION('',(#14790),#14794);
#14790 = LINE('',#14791,#14792);
#14791 = CARTESIAN_POINT('',(6.28318530718,-0.));
#14792 = VECTOR('',#14793,1.);
#14793 = DIRECTION('',(0.,1.));
#14794 = ( GEOMETRIC_REPRESENTATION_CONTEXT(2) 
PARAMETRIC_REPRESENTATION_CONTEXT() REPRESENTATION_CONTEXT('2D SPACE',''
  ) );
#14795 = PCURVE('',#2989,#14796);
#14796 = DEFINITIONAL_REPRESENTATION('',(#14797),#14801);
#14797 = LINE('',#14798,#14799);
#14798 = CARTESIAN_POINT('',(0.,-0.));
#14799 = VECTOR('',#14800,1.);
#14800 = DIRECTION('',(0.,1.));
#14801 = ( GEOMETRIC_REPRESENTATION_CONTEXT(2) 
PARAMETRIC_REPRESENTATION_CONTEXT() REPRESENTATION_CONTEXT('2D SPACE',''
  ) );
#14802 = ORIENTED_EDGE('',*,*,#9309,.T.);
#14803 = ORIENTED_EDGE('',*,*,#14782,.T.);
#14804 = ADVANCED_FACE('',(#14805),#3024,.F.);
#14805 = FACE_BOUND('',#14806,.F.);
#14806 = EDGE_LOOP('',(#14807,#14808,#14829,#14830));
#14807 = ORIENTED_EDGE('',*,*,#3003,.F.);
#14808 = ORIENTED_EDGE('',*,*,#14809,.F.);
#14809 = EDGE_CURVE('',#9340,#3004,#14810,.T.);
#14810 = SEAM_CURVE('',#14811,(#14815,#14822),.PCURVE_S1.);
#14811 = LINE('',#14812,#14813);
#14812 = CARTESIAN_POINT('',(73.75,-63.5,6.));
#14813 = VECTOR('',#14814,1.);
#14814 = DIRECTION('',(0.,0.,-1.));
#14815 = PCURVE('',#3024,#14816);
#14816 = DEFINITIONAL_REPRESENTATION('',(#14817),#14821);
#14817 = LINE('',#14818,#14819);
#14818 = CARTESIAN_POINT('',(6.28318530718,-0.));
#14819 = VECTOR('',#14820,1.);
#14820 = DIRECTION('',(0.,1.));
#14821 = ( GEOMETRIC_REPRESENTATION_CONTEXT(2) 
PARAMETRIC_REPRESENTATION_CONTEXT() REPRESENTATION_CONTEXT('2D SPACE',''
  ) );
#14822 = PCURVE('',#3024,#14823);
#14823 = DEFINITIONAL_REPRESENTATION('',(#14824),#14828);
#14824 = LINE('',#14825,#14826);
#14825 = CARTESIAN_POINT('',(0.,-0.));
#14826 = VECTOR('',#14827,1.);
#14827 = DIRECTION('',(0.,1.));
#14828 = ( GEOMETRIC_REPRESENTATION_CONTEXT(2) 
PARAMETRIC_REPRESENTATION_CONTEXT() REPRESENTATION_CONTEXT('2D SPACE',''
  ) );
#14829 = ORIENTED_EDGE('',*,*,#9339,.T.);
#14830 = ORIENTED_EDGE('',*,*,#14809,.T.);
#14831 = ADVANCED_FACE('',(#14832),#3059,.F.);
#14832 = FACE_BOUND('',#14833,.F.);
#14833 = EDGE_LOOP('',(#14834,#14835,#14856,#14857));
#14834 = ORIENTED_EDGE('',*,*,#3038,.F.);
#14835 = ORIENTED_EDGE('',*,*,#14836,.F.);
#14836 = EDGE_CURVE('',#9370,#3039,#14837,.T.);
#14837 = SEAM_CURVE('',#14838,(#14842,#14849),.PCURVE_S1.);
#14838 = LINE('',#14839,#14840);
#14839 = CARTESIAN_POINT('',(73.75,-50.8,6.));
#14840 = VECTOR('',#14841,1.);
#14841 = DIRECTION('',(0.,0.,-1.));
#14842 = PCURVE('',#3059,#14843);
#14843 = DEFINITIONAL_REPRESENTATION('',(#14844),#14848);
#14844 = LINE('',#14845,#14846);
#14845 = CARTESIAN_POINT('',(6.28318530718,-0.));
#14846 = VECTOR('',#14847,1.);
#14847 = DIRECTION('',(0.,1.));
#14848 = ( GEOMETRIC_REPRESENTATION_CONTEXT(2) 
PARAMETRIC_REPRESENTATION_CONTEXT() REPRESENTATION_CONTEXT('2D SPACE',''
  ) );
#14849 = PCURVE('',#3059,#14850);
#14850 = DEFINITIONAL_REPRESENTATION('',(#14851),#14855);
#14851 = LINE('',#14852,#14853);
#14852 = CARTESIAN_POINT('',(0.,-0.));
#14853 = VECTOR('',#14854,1.);
#14854 = DIRECTION('',(0.,1.));
#14855 = ( GEOMETRIC_REPRESENTATION_CONTEXT(2) 
PARAMETRIC_REPRESENTATION_CONTEXT() REPRESENTATION_CONTEXT('2D SPACE',''
  ) );
#14856 = ORIENTED_EDGE('',*,*,#9369,.T.);
#14857 = ORIENTED_EDGE('',*,*,#14836,.T.);
#14858 = ADVANCED_FACE('',(#14859),#3094,.F.);
#14859 = FACE_BOUND('',#14860,.F.);
#14860 = EDGE_LOOP('',(#14861,#14862,#14883,#14884));
#14861 = ORIENTED_EDGE('',*,*,#3073,.F.);
#14862 = ORIENTED_EDGE('',*,*,#14863,.F.);
#14863 = EDGE_CURVE('',#9400,#3074,#14864,.T.);
#14864 = SEAM_CURVE('',#14865,(#14869,#14876),.PCURVE_S1.);
#14865 = LINE('',#14866,#14867);
#14866 = CARTESIAN_POINT('',(86.45,-63.5,6.));
#14867 = VECTOR('',#14868,1.);
#14868 = DIRECTION('',(0.,0.,-1.));
#14869 = PCURVE('',#3094,#14870);
#14870 = DEFINITIONAL_REPRESENTATION('',(#14871),#14875);
#14871 = LINE('',#14872,#14873);
#14872 = CARTESIAN_POINT('',(6.28318530718,-0.));
#14873 = VECTOR('',#14874,1.);
#14874 = DIRECTION('',(0.,1.));
#14875 = ( GEOMETRIC_REPRESENTATION_CONTEXT(2) 
PARAMETRIC_REPRESENTATION_CONTEXT() REPRESENTATION_CONTEXT('2D SPACE',''
  ) );
#14876 = PCURVE('',#3094,#14877);
#14877 = DEFINITIONAL_REPRESENTATION('',(#14878),#14882);
#14878 = LINE('',#14879,#14880);
#14879 = CARTESIAN_POINT('',(0.,-0.));
#14880 = VECTOR('',#14881,1.);
#14881 = DIRECTION('',(0.,1.));
#14882 = ( GEOMETRIC_REPRESENTATION_CONTEXT(2) 
PARAMETRIC_REPRESENTATION_CONTEXT() REPRESENTATION_CONTEXT('2D SPACE',''
  ) );
#14883 = ORIENTED_EDGE('',*,*,#9399,.T.);
#14884 = ORIENTED_EDGE('',*,*,#14863,.T.);
#14885 = ADVANCED_FACE('',(#14886),#3129,.F.);
#14886 = FACE_BOUND('',#14887,.F.);
#14887 = EDGE_LOOP('',(#14888,#14889,#14910,#14911));
#14888 = ORIENTED_EDGE('',*,*,#3108,.F.);
#14889 = ORIENTED_EDGE('',*,*,#14890,.F.);
#14890 = EDGE_CURVE('',#9430,#3109,#14891,.T.);
#14891 = SEAM_CURVE('',#14892,(#14896,#14903),.PCURVE_S1.);
#14892 = LINE('',#14893,#14894);
#14893 = CARTESIAN_POINT('',(86.45,-50.8,6.));
#14894 = VECTOR('',#14895,1.);
#14895 = DIRECTION('',(0.,0.,-1.));
#14896 = PCURVE('',#3129,#14897);
#14897 = DEFINITIONAL_REPRESENTATION('',(#14898),#14902);
#14898 = LINE('',#14899,#14900);
#14899 = CARTESIAN_POINT('',(6.28318530718,-0.));
#14900 = VECTOR('',#14901,1.);
#14901 = DIRECTION('',(0.,1.));
#14902 = ( GEOMETRIC_REPRESENTATION_CONTEXT(2) 
PARAMETRIC_REPRESENTATION_CONTEXT() REPRESENTATION_CONTEXT('2D SPACE',''
  ) );
#14903 = PCURVE('',#3129,#14904);
#14904 = DEFINITIONAL_REPRESENTATION('',(#14905),#14909);
#14905 = LINE('',#14906,#14907);
#14906 = CARTESIAN_POINT('',(0.,-0.));
#14907 = VECTOR('',#14908,1.);
#14908 = DIRECTION('',(0.,1.));
#14909 = ( GEOMETRIC_REPRESENTATION_CONTEXT(2) 
PARAMETRIC_REPRESENTATION_CONTEXT() REPRESENTATION_CONTEXT('2D SPACE',''
  ) );
#14910 = ORIENTED_EDGE('',*,*,#9429,.T.);
#14911 = ORIENTED_EDGE('',*,*,#14890,.T.);
#14912 = ADVANCED_FACE('',(#14913),#3164,.F.);
#14913 = FACE_BOUND('',#14914,.F.);
#14914 = EDGE_LOOP('',(#14915,#14916,#14937,#14938));
#14915 = ORIENTED_EDGE('',*,*,#3143,.F.);
#14916 = ORIENTED_EDGE('',*,*,#14917,.F.);
#14917 = EDGE_CURVE('',#9460,#3144,#14918,.T.);
#14918 = SEAM_CURVE('',#14919,(#14923,#14930),.PCURVE_S1.);
#14919 = LINE('',#14920,#14921);
#14920 = CARTESIAN_POINT('',(73.75,-38.1,6.));
#14921 = VECTOR('',#14922,1.);
#14922 = DIRECTION('',(0.,0.,-1.));
#14923 = PCURVE('',#3164,#14924);
#14924 = DEFINITIONAL_REPRESENTATION('',(#14925),#14929);
#14925 = LINE('',#14926,#14927);
#14926 = CARTESIAN_POINT('',(6.28318530718,-0.));
#14927 = VECTOR('',#14928,1.);
#14928 = DIRECTION('',(0.,1.));
#14929 = ( GEOMETRIC_REPRESENTATION_CONTEXT(2) 
PARAMETRIC_REPRESENTATION_CONTEXT() REPRESENTATION_CONTEXT('2D SPACE',''
  ) );
#14930 = PCURVE('',#3164,#14931);
#14931 = DEFINITIONAL_REPRESENTATION('',(#14932),#14936);
#14932 = LINE('',#14933,#14934);
#14933 = CARTESIAN_POINT('',(0.,-0.));
#14934 = VECTOR('',#14935,1.);
#14935 = DIRECTION('',(0.,1.));
#14936 = ( GEOMETRIC_REPRESENTATION_CONTEXT(2) 
PARAMETRIC_REPRESENTATION_CONTEXT() REPRESENTATION_CONTEXT('2D SPACE',''
  ) );
#14937 = ORIENTED_EDGE('',*,*,#9459,.T.);
#14938 = ORIENTED_EDGE('',*,*,#14917,.T.);
#14939 = ADVANCED_FACE('',(#14940),#3199,.F.);
#14940 = FACE_BOUND('',#14941,.F.);
#14941 = EDGE_LOOP('',(#14942,#14943,#14964,#14965));
#14942 = ORIENTED_EDGE('',*,*,#3178,.F.);
#14943 = ORIENTED_EDGE('',*,*,#14944,.F.);
#14944 = EDGE_CURVE('',#9490,#3179,#14945,.T.);
#14945 = SEAM_CURVE('',#14946,(#14950,#14957),.PCURVE_S1.);
#14946 = LINE('',#14947,#14948);
#14947 = CARTESIAN_POINT('',(86.45,-38.1,6.));
#14948 = VECTOR('',#14949,1.);
#14949 = DIRECTION('',(0.,0.,-1.));
#14950 = PCURVE('',#3199,#14951);
#14951 = DEFINITIONAL_REPRESENTATION('',(#14952),#14956);
#14952 = LINE('',#14953,#14954);
#14953 = CARTESIAN_POINT('',(6.28318530718,-0.));
#14954 = VECTOR('',#14955,1.);
#14955 = DIRECTION('',(0.,1.));
#14956 = ( GEOMETRIC_REPRESENTATION_CONTEXT(2) 
PARAMETRIC_REPRESENTATION_CONTEXT() REPRESENTATION_CONTEXT('2D SPACE',''
  ) );
#14957 = PCURVE('',#3199,#14958);
#14958 = DEFINITIONAL_REPRESENTATION('',(#14959),#14963);
#14959 = LINE('',#14960,#14961);
#14960 = CARTESIAN_POINT('',(0.,-0.));
#14961 = VECTOR('',#14962,1.);
#14962 = DIRECTION('',(0.,1.));
#14963 = ( GEOMETRIC_REPRESENTATION_CONTEXT(2) 
PARAMETRIC_REPRESENTATION_CONTEXT() REPRESENTATION_CONTEXT('2D SPACE',''
  ) );
#14964 = ORIENTED_EDGE('',*,*,#9489,.T.);
#14965 = ORIENTED_EDGE('',*,*,#14944,.T.);
#14966 = ADVANCED_FACE('',(#14967),#3234,.F.);
#14967 = FACE_BOUND('',#14968,.F.);
#14968 = EDGE_LOOP('',(#14969,#14970,#14991,#14992));
#14969 = ORIENTED_EDGE('',*,*,#3213,.F.);
#14970 = ORIENTED_EDGE('',*,*,#14971,.F.);
#14971 = EDGE_CURVE('',#9520,#3214,#14972,.T.);
#14972 = SEAM_CURVE('',#14973,(#14977,#14984),.PCURVE_S1.);
#14973 = LINE('',#14974,#14975);
#14974 = CARTESIAN_POINT('',(61.05,-25.4,6.));
#14975 = VECTOR('',#14976,1.);
#14976 = DIRECTION('',(0.,0.,-1.));
#14977 = PCURVE('',#3234,#14978);
#14978 = DEFINITIONAL_REPRESENTATION('',(#14979),#14983);
#14979 = LINE('',#14980,#14981);
#14980 = CARTESIAN_POINT('',(6.28318530718,-0.));
#14981 = VECTOR('',#14982,1.);
#14982 = DIRECTION('',(0.,1.));
#14983 = ( GEOMETRIC_REPRESENTATION_CONTEXT(2) 
PARAMETRIC_REPRESENTATION_CONTEXT() REPRESENTATION_CONTEXT('2D SPACE',''
  ) );
#14984 = PCURVE('',#3234,#14985);
#14985 = DEFINITIONAL_REPRESENTATION('',(#14986),#14990);
#14986 = LINE('',#14987,#14988);
#14987 = CARTESIAN_POINT('',(0.,-0.));
#14988 = VECTOR('',#14989,1.);
#14989 = DIRECTION('',(0.,1.));
#14990 = ( GEOMETRIC_REPRESENTATION_CONTEXT(2) 
PARAMETRIC_REPRESENTATION_CONTEXT() REPRESENTATION_CONTEXT('2D SPACE',''
  ) );
#14991 = ORIENTED_EDGE('',*,*,#9519,.T.);
#14992 = ORIENTED_EDGE('',*,*,#14971,.T.);
#14993 = ADVANCED_FACE('',(#14994),#3269,.F.);
#14994 = FACE_BOUND('',#14995,.F.);
#14995 = EDGE_LOOP('',(#14996,#14997,#15018,#15019));
#14996 = ORIENTED_EDGE('',*,*,#3248,.F.);
#14997 = ORIENTED_EDGE('',*,*,#14998,.F.);
#14998 = EDGE_CURVE('',#9550,#3249,#14999,.T.);
#14999 = SEAM_CURVE('',#15000,(#15004,#15011),.PCURVE_S1.);
#15000 = LINE('',#15001,#15002);
#15001 = CARTESIAN_POINT('',(61.05,-12.7,6.));
#15002 = VECTOR('',#15003,1.);
#15003 = DIRECTION('',(0.,0.,-1.));
#15004 = PCURVE('',#3269,#15005);
#15005 = DEFINITIONAL_REPRESENTATION('',(#15006),#15010);
#15006 = LINE('',#15007,#15008);
#15007 = CARTESIAN_POINT('',(6.28318530718,-0.));
#15008 = VECTOR('',#15009,1.);
#15009 = DIRECTION('',(0.,1.));
#15010 = ( GEOMETRIC_REPRESENTATION_CONTEXT(2) 
PARAMETRIC_REPRESENTATION_CONTEXT() REPRESENTATION_CONTEXT('2D SPACE',''
  ) );
#15011 = PCURVE('',#3269,#15012);
#15012 = DEFINITIONAL_REPRESENTATION('',(#15013),#15017);
#15013 = LINE('',#15014,#15015);
#15014 = CARTESIAN_POINT('',(0.,-0.));
#15015 = VECTOR('',#15016,1.);
#15016 = DIRECTION('',(0.,1.));
#15017 = ( GEOMETRIC_REPRESENTATION_CONTEXT(2) 
PARAMETRIC_REPRESENTATION_CONTEXT() REPRESENTATION_CONTEXT('2D SPACE',''
  ) );
#15018 = ORIENTED_EDGE('',*,*,#9549,.T.);
#15019 = ORIENTED_EDGE('',*,*,#14998,.T.);
#15020 = ADVANCED_FACE('',(#15021),#3304,.F.);
#15021 = FACE_BOUND('',#15022,.F.);
#15022 = EDGE_LOOP('',(#15023,#15024,#15045,#15046));
#15023 = ORIENTED_EDGE('',*,*,#3283,.F.);
#15024 = ORIENTED_EDGE('',*,*,#15025,.F.);
#15025 = EDGE_CURVE('',#9580,#3284,#15026,.T.);
#15026 = SEAM_CURVE('',#15027,(#15031,#15038),.PCURVE_S1.);
#15027 = LINE('',#15028,#15029);
#15028 = CARTESIAN_POINT('',(73.75,-25.4,6.));
#15029 = VECTOR('',#15030,1.);
#15030 = DIRECTION('',(0.,0.,-1.));
#15031 = PCURVE('',#3304,#15032);
#15032 = DEFINITIONAL_REPRESENTATION('',(#15033),#15037);
#15033 = LINE('',#15034,#15035);
#15034 = CARTESIAN_POINT('',(6.28318530718,-0.));
#15035 = VECTOR('',#15036,1.);
#15036 = DIRECTION('',(0.,1.));
#15037 = ( GEOMETRIC_REPRESENTATION_CONTEXT(2) 
PARAMETRIC_REPRESENTATION_CONTEXT() REPRESENTATION_CONTEXT('2D SPACE',''
  ) );
#15038 = PCURVE('',#3304,#15039);
#15039 = DEFINITIONAL_REPRESENTATION('',(#15040),#15044);
#15040 = LINE('',#15041,#15042);
#15041 = CARTESIAN_POINT('',(0.,-0.));
#15042 = VECTOR('',#15043,1.);
#15043 = DIRECTION('',(0.,1.));
#15044 = ( GEOMETRIC_REPRESENTATION_CONTEXT(2) 
PARAMETRIC_REPRESENTATION_CONTEXT() REPRESENTATION_CONTEXT('2D SPACE',''
  ) );
#15045 = ORIENTED_EDGE('',*,*,#9579,.T.);
#15046 = ORIENTED_EDGE('',*,*,#15025,.T.);
#15047 = ADVANCED_FACE('',(#15048),#3339,.F.);
#15048 = FACE_BOUND('',#15049,.F.);
#15049 = EDGE_LOOP('',(#15050,#15051,#15072,#15073));
#15050 = ORIENTED_EDGE('',*,*,#3318,.F.);
#15051 = ORIENTED_EDGE('',*,*,#15052,.F.);
#15052 = EDGE_CURVE('',#9610,#3319,#15053,.T.);
#15053 = SEAM_CURVE('',#15054,(#15058,#15065),.PCURVE_S1.);
#15054 = LINE('',#15055,#15056);
#15055 = CARTESIAN_POINT('',(86.45,-25.4,6.));
#15056 = VECTOR('',#15057,1.);
#15057 = DIRECTION('',(0.,0.,-1.));
#15058 = PCURVE('',#3339,#15059);
#15059 = DEFINITIONAL_REPRESENTATION('',(#15060),#15064);
#15060 = LINE('',#15061,#15062);
#15061 = CARTESIAN_POINT('',(6.28318530718,-0.));
#15062 = VECTOR('',#15063,1.);
#15063 = DIRECTION('',(0.,1.));
#15064 = ( GEOMETRIC_REPRESENTATION_CONTEXT(2) 
PARAMETRIC_REPRESENTATION_CONTEXT() REPRESENTATION_CONTEXT('2D SPACE',''
  ) );
#15065 = PCURVE('',#3339,#15066);
#15066 = DEFINITIONAL_REPRESENTATION('',(#15067),#15071);
#15067 = LINE('',#15068,#15069);
#15068 = CARTESIAN_POINT('',(0.,-0.));
#15069 = VECTOR('',#15070,1.);
#15070 = DIRECTION('',(0.,1.));
#15071 = ( GEOMETRIC_REPRESENTATION_CONTEXT(2) 
PARAMETRIC_REPRESENTATION_CONTEXT() REPRESENTATION_CONTEXT('2D SPACE',''
  ) );
#15072 = ORIENTED_EDGE('',*,*,#9609,.T.);
#15073 = ORIENTED_EDGE('',*,*,#15052,.T.);
#15074 = ADVANCED_FACE('',(#15075),#3374,.F.);
#15075 = FACE_BOUND('',#15076,.F.);
#15076 = EDGE_LOOP('',(#15077,#15078,#15099,#15100));
#15077 = ORIENTED_EDGE('',*,*,#3353,.F.);
#15078 = ORIENTED_EDGE('',*,*,#15079,.F.);
#15079 = EDGE_CURVE('',#9640,#3354,#15080,.T.);
#15080 = SEAM_CURVE('',#15081,(#15085,#15092),.PCURVE_S1.);
#15081 = LINE('',#15082,#15083);
#15082 = CARTESIAN_POINT('',(73.75,-12.7,6.));
#15083 = VECTOR('',#15084,1.);
#15084 = DIRECTION('',(0.,0.,-1.));
#15085 = PCURVE('',#3374,#15086);
#15086 = DEFINITIONAL_REPRESENTATION('',(#15087),#15091);
#15087 = LINE('',#15088,#15089);
#15088 = CARTESIAN_POINT('',(6.28318530718,-0.));
#15089 = VECTOR('',#15090,1.);
#15090 = DIRECTION('',(0.,1.));
#15091 = ( GEOMETRIC_REPRESENTATION_CONTEXT(2) 
PARAMETRIC_REPRESENTATION_CONTEXT() REPRESENTATION_CONTEXT('2D SPACE',''
  ) );
#15092 = PCURVE('',#3374,#15093);
#15093 = DEFINITIONAL_REPRESENTATION('',(#15094),#15098);
#15094 = LINE('',#15095,#15096);
#15095 = CARTESIAN_POINT('',(0.,-0.));
#15096 = VECTOR('',#15097,1.);
#15097 = DIRECTION('',(0.,1.));
#15098 = ( GEOMETRIC_REPRESENTATION_CONTEXT(2) 
PARAMETRIC_REPRESENTATION_CONTEXT() REPRESENTATION_CONTEXT('2D SPACE',''
  ) );
#15099 = ORIENTED_EDGE('',*,*,#9639,.T.);
#15100 = ORIENTED_EDGE('',*,*,#15079,.T.);
#15101 = ADVANCED_FACE('',(#15102),#3409,.F.);
#15102 = FACE_BOUND('',#15103,.F.);
#15103 = EDGE_LOOP('',(#15104,#15105,#15126,#15127));
#15104 = ORIENTED_EDGE('',*,*,#3388,.F.);
#15105 = ORIENTED_EDGE('',*,*,#15106,.F.);
#15106 = EDGE_CURVE('',#9670,#3389,#15107,.T.);
#15107 = SEAM_CURVE('',#15108,(#15112,#15119),.PCURVE_S1.);
#15108 = LINE('',#15109,#15110);
#15109 = CARTESIAN_POINT('',(86.45,-12.7,6.));
#15110 = VECTOR('',#15111,1.);
#15111 = DIRECTION('',(0.,0.,-1.));
#15112 = PCURVE('',#3409,#15113);
#15113 = DEFINITIONAL_REPRESENTATION('',(#15114),#15118);
#15114 = LINE('',#15115,#15116);
#15115 = CARTESIAN_POINT('',(6.28318530718,-0.));
#15116 = VECTOR('',#15117,1.);
#15117 = DIRECTION('',(0.,1.));
#15118 = ( GEOMETRIC_REPRESENTATION_CONTEXT(2) 
PARAMETRIC_REPRESENTATION_CONTEXT() REPRESENTATION_CONTEXT('2D SPACE',''
  ) );
#15119 = PCURVE('',#3409,#15120);
#15120 = DEFINITIONAL_REPRESENTATION('',(#15121),#15125);
#15121 = LINE('',#15122,#15123);
#15122 = CARTESIAN_POINT('',(0.,-0.));
#15123 = VECTOR('',#15124,1.);
#15124 = DIRECTION('',(0.,1.));
#15125 = ( GEOMETRIC_REPRESENTATION_CONTEXT(2) 
PARAMETRIC_REPRESENTATION_CONTEXT() REPRESENTATION_CONTEXT('2D SPACE',''
  ) );
#15126 = ORIENTED_EDGE('',*,*,#9669,.T.);
#15127 = ORIENTED_EDGE('',*,*,#15106,.T.);
#15128 = ADVANCED_FACE('',(#15129),#3444,.F.);
#15129 = FACE_BOUND('',#15130,.F.);
#15130 = EDGE_LOOP('',(#15131,#15132,#15153,#15154));
#15131 = ORIENTED_EDGE('',*,*,#3423,.F.);
#15132 = ORIENTED_EDGE('',*,*,#15133,.F.);
#15133 = EDGE_CURVE('',#9700,#3424,#15134,.T.);
#15134 = SEAM_CURVE('',#15135,(#15139,#15146),.PCURVE_S1.);
#15135 = LINE('',#15136,#15137);
#15136 = CARTESIAN_POINT('',(-91.35,-6.000769315822E-16,6.));
#15137 = VECTOR('',#15138,1.);
#15138 = DIRECTION('',(0.,0.,-1.));
#15139 = PCURVE('',#3444,#15140);
#15140 = DEFINITIONAL_REPRESENTATION('',(#15141),#15145);
#15141 = LINE('',#15142,#15143);
#15142 = CARTESIAN_POINT('',(6.28318530718,-0.));
#15143 = VECTOR('',#15144,1.);
#15144 = DIRECTION('',(0.,1.));
#15145 = ( GEOMETRIC_REPRESENTATION_CONTEXT(2) 
PARAMETRIC_REPRESENTATION_CONTEXT() REPRESENTATION_CONTEXT('2D SPACE',''
  ) );
#15146 = PCURVE('',#3444,#15147);
#15147 = DEFINITIONAL_REPRESENTATION('',(#15148),#15152);
#15148 = LINE('',#15149,#15150);
#15149 = CARTESIAN_POINT('',(0.,-0.));
#15150 = VECTOR('',#15151,1.);
#15151 = DIRECTION('',(0.,1.));
#15152 = ( GEOMETRIC_REPRESENTATION_CONTEXT(2) 
PARAMETRIC_REPRESENTATION_CONTEXT() REPRESENTATION_CONTEXT('2D SPACE',''
  ) );
#15153 = ORIENTED_EDGE('',*,*,#9699,.T.);
#15154 = ORIENTED_EDGE('',*,*,#15133,.T.);
#15155 = ADVANCED_FACE('',(#15156),#3479,.F.);
#15156 = FACE_BOUND('',#15157,.F.);
#15157 = EDGE_LOOP('',(#15158,#15159,#15180,#15181));
#15158 = ORIENTED_EDGE('',*,*,#3458,.F.);
#15159 = ORIENTED_EDGE('',*,*,#15160,.F.);
#15160 = EDGE_CURVE('',#9730,#3459,#15161,.T.);
#15161 = SEAM_CURVE('',#15162,(#15166,#15173),.PCURVE_S1.);
#15162 = LINE('',#15163,#15164);
#15163 = CARTESIAN_POINT('',(-91.35,12.7,6.));
#15164 = VECTOR('',#15165,1.);
#15165 = DIRECTION('',(0.,0.,-1.));
#15166 = PCURVE('',#3479,#15167);
#15167 = DEFINITIONAL_REPRESENTATION('',(#15168),#15172);
#15168 = LINE('',#15169,#15170);
#15169 = CARTESIAN_POINT('',(6.28318530718,-0.));
#15170 = VECTOR('',#15171,1.);
#15171 = DIRECTION('',(0.,1.));
#15172 = ( GEOMETRIC_REPRESENTATION_CONTEXT(2) 
PARAMETRIC_REPRESENTATION_CONTEXT() REPRESENTATION_CONTEXT('2D SPACE',''
  ) );
#15173 = PCURVE('',#3479,#15174);
#15174 = DEFINITIONAL_REPRESENTATION('',(#15175),#15179);
#15175 = LINE('',#15176,#15177);
#15176 = CARTESIAN_POINT('',(0.,-0.));
#15177 = VECTOR('',#15178,1.);
#15178 = DIRECTION('',(0.,1.));
#15179 = ( GEOMETRIC_REPRESENTATION_CONTEXT(2) 
PARAMETRIC_REPRESENTATION_CONTEXT() REPRESENTATION_CONTEXT('2D SPACE',''
  ) );
#15180 = ORIENTED_EDGE('',*,*,#9729,.T.);
#15181 = ORIENTED_EDGE('',*,*,#15160,.T.);
#15182 = ADVANCED_FACE('',(#15183),#3514,.F.);
#15183 = FACE_BOUND('',#15184,.F.);
#15184 = EDGE_LOOP('',(#15185,#15186,#15207,#15208));
#15185 = ORIENTED_EDGE('',*,*,#3493,.F.);
#15186 = ORIENTED_EDGE('',*,*,#15187,.F.);
#15187 = EDGE_CURVE('',#9760,#3494,#15188,.T.);
#15188 = SEAM_CURVE('',#15189,(#15193,#15200),.PCURVE_S1.);
#15189 = LINE('',#15190,#15191);
#15190 = CARTESIAN_POINT('',(-78.65,-6.000769315822E-16,6.));
#15191 = VECTOR('',#15192,1.);
#15192 = DIRECTION('',(0.,0.,-1.));
#15193 = PCURVE('',#3514,#15194);
#15194 = DEFINITIONAL_REPRESENTATION('',(#15195),#15199);
#15195 = LINE('',#15196,#15197);
#15196 = CARTESIAN_POINT('',(6.28318530718,-0.));
#15197 = VECTOR('',#15198,1.);
#15198 = DIRECTION('',(0.,1.));
#15199 = ( GEOMETRIC_REPRESENTATION_CONTEXT(2) 
PARAMETRIC_REPRESENTATION_CONTEXT() REPRESENTATION_CONTEXT('2D SPACE',''
  ) );
#15200 = PCURVE('',#3514,#15201);
#15201 = DEFINITIONAL_REPRESENTATION('',(#15202),#15206);
#15202 = LINE('',#15203,#15204);
#15203 = CARTESIAN_POINT('',(0.,-0.));
#15204 = VECTOR('',#15205,1.);
#15205 = DIRECTION('',(0.,1.));
#15206 = ( GEOMETRIC_REPRESENTATION_CONTEXT(2) 
PARAMETRIC_REPRESENTATION_CONTEXT() REPRESENTATION_CONTEXT('2D SPACE',''
  ) );
#15207 = ORIENTED_EDGE('',*,*,#9759,.T.);
#15208 = ORIENTED_EDGE('',*,*,#15187,.T.);
#15209 = ADVANCED_FACE('',(#15210),#3549,.F.);
#15210 = FACE_BOUND('',#15211,.F.);
#15211 = EDGE_LOOP('',(#15212,#15213,#15234,#15235));
#15212 = ORIENTED_EDGE('',*,*,#3528,.F.);
#15213 = ORIENTED_EDGE('',*,*,#15214,.F.);
#15214 = EDGE_CURVE('',#9790,#3529,#15215,.T.);
#15215 = SEAM_CURVE('',#15216,(#15220,#15227),.PCURVE_S1.);
#15216 = LINE('',#15217,#15218);
#15217 = CARTESIAN_POINT('',(-78.65,12.7,6.));
#15218 = VECTOR('',#15219,1.);
#15219 = DIRECTION('',(0.,0.,-1.));
#15220 = PCURVE('',#3549,#15221);
#15221 = DEFINITIONAL_REPRESENTATION('',(#15222),#15226);
#15222 = LINE('',#15223,#15224);
#15223 = CARTESIAN_POINT('',(6.28318530718,-0.));
#15224 = VECTOR('',#15225,1.);
#15225 = DIRECTION('',(0.,1.));
#15226 = ( GEOMETRIC_REPRESENTATION_CONTEXT(2) 
PARAMETRIC_REPRESENTATION_CONTEXT() REPRESENTATION_CONTEXT('2D SPACE',''
  ) );
#15227 = PCURVE('',#3549,#15228);
#15228 = DEFINITIONAL_REPRESENTATION('',(#15229),#15233);
#15229 = LINE('',#15230,#15231);
#15230 = CARTESIAN_POINT('',(0.,-0.));
#15231 = VECTOR('',#15232,1.);
#15232 = DIRECTION('',(0.,1.));
#15233 = ( GEOMETRIC_REPRESENTATION_CONTEXT(2) 
PARAMETRIC_REPRESENTATION_CONTEXT() REPRESENTATION_CONTEXT('2D SPACE',''
  ) );
#15234 = ORIENTED_EDGE('',*,*,#9789,.T.);
#15235 = ORIENTED_EDGE('',*,*,#15214,.T.);
#15236 = ADVANCED_FACE('',(#15237),#3584,.F.);
#15237 = FACE_BOUND('',#15238,.F.);
#15238 = EDGE_LOOP('',(#15239,#15240,#15261,#15262));
#15239 = ORIENTED_EDGE('',*,*,#3563,.F.);
#15240 = ORIENTED_EDGE('',*,*,#15241,.F.);
#15241 = EDGE_CURVE('',#9820,#3564,#15242,.T.);
#15242 = SEAM_CURVE('',#15243,(#15247,#15254),.PCURVE_S1.);
#15243 = LINE('',#15244,#15245);
#15244 = CARTESIAN_POINT('',(-91.35,25.4,6.));
#15245 = VECTOR('',#15246,1.);
#15246 = DIRECTION('',(0.,0.,-1.));
#15247 = PCURVE('',#3584,#15248);
#15248 = DEFINITIONAL_REPRESENTATION('',(#15249),#15253);
#15249 = LINE('',#15250,#15251);
#15250 = CARTESIAN_POINT('',(6.28318530718,-0.));
#15251 = VECTOR('',#15252,1.);
#15252 = DIRECTION('',(0.,1.));
#15253 = ( GEOMETRIC_REPRESENTATION_CONTEXT(2) 
PARAMETRIC_REPRESENTATION_CONTEXT() REPRESENTATION_CONTEXT('2D SPACE',''
  ) );
#15254 = PCURVE('',#3584,#15255);
#15255 = DEFINITIONAL_REPRESENTATION('',(#15256),#15260);
#15256 = LINE('',#15257,#15258);
#15257 = CARTESIAN_POINT('',(0.,-0.));
#15258 = VECTOR('',#15259,1.);
#15259 = DIRECTION('',(0.,1.));
#15260 = ( GEOMETRIC_REPRESENTATION_CONTEXT(2) 
PARAMETRIC_REPRESENTATION_CONTEXT() REPRESENTATION_CONTEXT('2D SPACE',''
  ) );
#15261 = ORIENTED_EDGE('',*,*,#9819,.T.);
#15262 = ORIENTED_EDGE('',*,*,#15241,.T.);
#15263 = ADVANCED_FACE('',(#15264),#3619,.F.);
#15264 = FACE_BOUND('',#15265,.F.);
#15265 = EDGE_LOOP('',(#15266,#15267,#15288,#15289));
#15266 = ORIENTED_EDGE('',*,*,#3598,.F.);
#15267 = ORIENTED_EDGE('',*,*,#15268,.F.);
#15268 = EDGE_CURVE('',#9850,#3599,#15269,.T.);
#15269 = SEAM_CURVE('',#15270,(#15274,#15281),.PCURVE_S1.);
#15270 = LINE('',#15271,#15272);
#15271 = CARTESIAN_POINT('',(-78.65,25.4,6.));
#15272 = VECTOR('',#15273,1.);
#15273 = DIRECTION('',(0.,0.,-1.));
#15274 = PCURVE('',#3619,#15275);
#15275 = DEFINITIONAL_REPRESENTATION('',(#15276),#15280);
#15276 = LINE('',#15277,#15278);
#15277 = CARTESIAN_POINT('',(6.28318530718,-0.));
#15278 = VECTOR('',#15279,1.);
#15279 = DIRECTION('',(0.,1.));
#15280 = ( GEOMETRIC_REPRESENTATION_CONTEXT(2) 
PARAMETRIC_REPRESENTATION_CONTEXT() REPRESENTATION_CONTEXT('2D SPACE',''
  ) );
#15281 = PCURVE('',#3619,#15282);
#15282 = DEFINITIONAL_REPRESENTATION('',(#15283),#15287);
#15283 = LINE('',#15284,#15285);
#15284 = CARTESIAN_POINT('',(0.,-0.));
#15285 = VECTOR('',#15286,1.);
#15286 = DIRECTION('',(0.,1.));
#15287 = ( GEOMETRIC_REPRESENTATION_CONTEXT(2) 
PARAMETRIC_REPRESENTATION_CONTEXT() REPRESENTATION_CONTEXT('2D SPACE',''
  ) );
#15288 = ORIENTED_EDGE('',*,*,#9849,.T.);
#15289 = ORIENTED_EDGE('',*,*,#15268,.T.);
#15290 = ADVANCED_FACE('',(#15291),#3654,.F.);
#15291 = FACE_BOUND('',#15292,.F.);
#15292 = EDGE_LOOP('',(#15293,#15294,#15315,#15316));
#15293 = ORIENTED_EDGE('',*,*,#3633,.F.);
#15294 = ORIENTED_EDGE('',*,*,#15295,.F.);
#15295 = EDGE_CURVE('',#9880,#3634,#15296,.T.);
#15296 = SEAM_CURVE('',#15297,(#15301,#15308),.PCURVE_S1.);
#15297 = LINE('',#15298,#15299);
#15298 = CARTESIAN_POINT('',(-65.95,-6.000769315822E-16,6.));
#15299 = VECTOR('',#15300,1.);
#15300 = DIRECTION('',(0.,0.,-1.));
#15301 = PCURVE('',#3654,#15302);
#15302 = DEFINITIONAL_REPRESENTATION('',(#15303),#15307);
#15303 = LINE('',#15304,#15305);
#15304 = CARTESIAN_POINT('',(6.28318530718,-0.));
#15305 = VECTOR('',#15306,1.);
#15306 = DIRECTION('',(0.,1.));
#15307 = ( GEOMETRIC_REPRESENTATION_CONTEXT(2) 
PARAMETRIC_REPRESENTATION_CONTEXT() REPRESENTATION_CONTEXT('2D SPACE',''
  ) );
#15308 = PCURVE('',#3654,#15309);
#15309 = DEFINITIONAL_REPRESENTATION('',(#15310),#15314);
#15310 = LINE('',#15311,#15312);
#15311 = CARTESIAN_POINT('',(0.,-0.));
#15312 = VECTOR('',#15313,1.);
#15313 = DIRECTION('',(0.,1.));
#15314 = ( GEOMETRIC_REPRESENTATION_CONTEXT(2) 
PARAMETRIC_REPRESENTATION_CONTEXT() REPRESENTATION_CONTEXT('2D SPACE',''
  ) );
#15315 = ORIENTED_EDGE('',*,*,#9879,.T.);
#15316 = ORIENTED_EDGE('',*,*,#15295,.T.);
#15317 = ADVANCED_FACE('',(#15318),#3689,.F.);
#15318 = FACE_BOUND('',#15319,.F.);
#15319 = EDGE_LOOP('',(#15320,#15321,#15342,#15343));
#15320 = ORIENTED_EDGE('',*,*,#3668,.F.);
#15321 = ORIENTED_EDGE('',*,*,#15322,.F.);
#15322 = EDGE_CURVE('',#9910,#3669,#15323,.T.);
#15323 = SEAM_CURVE('',#15324,(#15328,#15335),.PCURVE_S1.);
#15324 = LINE('',#15325,#15326);
#15325 = CARTESIAN_POINT('',(-65.95,12.7,6.));
#15326 = VECTOR('',#15327,1.);
#15327 = DIRECTION('',(0.,0.,-1.));
#15328 = PCURVE('',#3689,#15329);
#15329 = DEFINITIONAL_REPRESENTATION('',(#15330),#15334);
#15330 = LINE('',#15331,#15332);
#15331 = CARTESIAN_POINT('',(6.28318530718,-0.));
#15332 = VECTOR('',#15333,1.);
#15333 = DIRECTION('',(0.,1.));
#15334 = ( GEOMETRIC_REPRESENTATION_CONTEXT(2) 
PARAMETRIC_REPRESENTATION_CONTEXT() REPRESENTATION_CONTEXT('2D SPACE',''
  ) );
#15335 = PCURVE('',#3689,#15336);
#15336 = DEFINITIONAL_REPRESENTATION('',(#15337),#15341);
#15337 = LINE('',#15338,#15339);
#15338 = CARTESIAN_POINT('',(0.,-0.));
#15339 = VECTOR('',#15340,1.);
#15340 = DIRECTION('',(0.,1.));
#15341 = ( GEOMETRIC_REPRESENTATION_CONTEXT(2) 
PARAMETRIC_REPRESENTATION_CONTEXT() REPRESENTATION_CONTEXT('2D SPACE',''
  ) );
#15342 = ORIENTED_EDGE('',*,*,#9909,.T.);
#15343 = ORIENTED_EDGE('',*,*,#15322,.T.);
#15344 = ADVANCED_FACE('',(#15345),#3724,.F.);
#15345 = FACE_BOUND('',#15346,.F.);
#15346 = EDGE_LOOP('',(#15347,#15348,#15369,#15370));
#15347 = ORIENTED_EDGE('',*,*,#3703,.F.);
#15348 = ORIENTED_EDGE('',*,*,#15349,.F.);
#15349 = EDGE_CURVE('',#9940,#3704,#15350,.T.);
#15350 = SEAM_CURVE('',#15351,(#15355,#15362),.PCURVE_S1.);
#15351 = LINE('',#15352,#15353);
#15352 = CARTESIAN_POINT('',(-65.95,25.4,6.));
#15353 = VECTOR('',#15354,1.);
#15354 = DIRECTION('',(0.,0.,-1.));
#15355 = PCURVE('',#3724,#15356);
#15356 = DEFINITIONAL_REPRESENTATION('',(#15357),#15361);
#15357 = LINE('',#15358,#15359);
#15358 = CARTESIAN_POINT('',(6.28318530718,-0.));
#15359 = VECTOR('',#15360,1.);
#15360 = DIRECTION('',(0.,1.));
#15361 = ( GEOMETRIC_REPRESENTATION_CONTEXT(2) 
PARAMETRIC_REPRESENTATION_CONTEXT() REPRESENTATION_CONTEXT('2D SPACE',''
  ) );
#15362 = PCURVE('',#3724,#15363);
#15363 = DEFINITIONAL_REPRESENTATION('',(#15364),#15368);
#15364 = LINE('',#15365,#15366);
#15365 = CARTESIAN_POINT('',(0.,-0.));
#15366 = VECTOR('',#15367,1.);
#15367 = DIRECTION('',(0.,1.));
#15368 = ( GEOMETRIC_REPRESENTATION_CONTEXT(2) 
PARAMETRIC_REPRESENTATION_CONTEXT() REPRESENTATION_CONTEXT('2D SPACE',''
  ) );
#15369 = ORIENTED_EDGE('',*,*,#9939,.T.);
#15370 = ORIENTED_EDGE('',*,*,#15349,.T.);
#15371 = ADVANCED_FACE('',(#15372),#3759,.F.);
#15372 = FACE_BOUND('',#15373,.F.);
#15373 = EDGE_LOOP('',(#15374,#15375,#15396,#15397));
#15374 = ORIENTED_EDGE('',*,*,#3738,.F.);
#15375 = ORIENTED_EDGE('',*,*,#15376,.F.);
#15376 = EDGE_CURVE('',#9970,#3739,#15377,.T.);
#15377 = SEAM_CURVE('',#15378,(#15382,#15389),.PCURVE_S1.);
#15378 = LINE('',#15379,#15380);
#15379 = CARTESIAN_POINT('',(-91.35,38.1,6.));
#15380 = VECTOR('',#15381,1.);
#15381 = DIRECTION('',(0.,0.,-1.));
#15382 = PCURVE('',#3759,#15383);
#15383 = DEFINITIONAL_REPRESENTATION('',(#15384),#15388);
#15384 = LINE('',#15385,#15386);
#15385 = CARTESIAN_POINT('',(6.28318530718,-0.));
#15386 = VECTOR('',#15387,1.);
#15387 = DIRECTION('',(0.,1.));
#15388 = ( GEOMETRIC_REPRESENTATION_CONTEXT(2) 
PARAMETRIC_REPRESENTATION_CONTEXT() REPRESENTATION_CONTEXT('2D SPACE',''
  ) );
#15389 = PCURVE('',#3759,#15390);
#15390 = DEFINITIONAL_REPRESENTATION('',(#15391),#15395);
#15391 = LINE('',#15392,#15393);
#15392 = CARTESIAN_POINT('',(0.,-0.));
#15393 = VECTOR('',#15394,1.);
#15394 = DIRECTION('',(0.,1.));
#15395 = ( GEOMETRIC_REPRESENTATION_CONTEXT(2) 
PARAMETRIC_REPRESENTATION_CONTEXT() REPRESENTATION_CONTEXT('2D SPACE',''
  ) );
#15396 = ORIENTED_EDGE('',*,*,#9969,.T.);
#15397 = ORIENTED_EDGE('',*,*,#15376,.T.);
#15398 = ADVANCED_FACE('',(#15399),#3794,.F.);
#15399 = FACE_BOUND('',#15400,.F.);
#15400 = EDGE_LOOP('',(#15401,#15402,#15423,#15424));
#15401 = ORIENTED_EDGE('',*,*,#3773,.F.);
#15402 = ORIENTED_EDGE('',*,*,#15403,.F.);
#15403 = EDGE_CURVE('',#10000,#3774,#15404,.T.);
#15404 = SEAM_CURVE('',#15405,(#15409,#15416),.PCURVE_S1.);
#15405 = LINE('',#15406,#15407);
#15406 = CARTESIAN_POINT('',(-78.65,38.1,6.));
#15407 = VECTOR('',#15408,1.);
#15408 = DIRECTION('',(0.,0.,-1.));
#15409 = PCURVE('',#3794,#15410);
#15410 = DEFINITIONAL_REPRESENTATION('',(#15411),#15415);
#15411 = LINE('',#15412,#15413);
#15412 = CARTESIAN_POINT('',(6.28318530718,-0.));
#15413 = VECTOR('',#15414,1.);
#15414 = DIRECTION('',(0.,1.));
#15415 = ( GEOMETRIC_REPRESENTATION_CONTEXT(2) 
PARAMETRIC_REPRESENTATION_CONTEXT() REPRESENTATION_CONTEXT('2D SPACE',''
  ) );
#15416 = PCURVE('',#3794,#15417);
#15417 = DEFINITIONAL_REPRESENTATION('',(#15418),#15422);
#15418 = LINE('',#15419,#15420);
#15419 = CARTESIAN_POINT('',(0.,-0.));
#15420 = VECTOR('',#15421,1.);
#15421 = DIRECTION('',(0.,1.));
#15422 = ( GEOMETRIC_REPRESENTATION_CONTEXT(2) 
PARAMETRIC_REPRESENTATION_CONTEXT() REPRESENTATION_CONTEXT('2D SPACE',''
  ) );
#15423 = ORIENTED_EDGE('',*,*,#9999,.T.);
#15424 = ORIENTED_EDGE('',*,*,#15403,.T.);
#15425 = ADVANCED_FACE('',(#15426),#3829,.F.);
#15426 = FACE_BOUND('',#15427,.F.);
#15427 = EDGE_LOOP('',(#15428,#15429,#15450,#15451));
#15428 = ORIENTED_EDGE('',*,*,#3808,.F.);
#15429 = ORIENTED_EDGE('',*,*,#15430,.F.);
#15430 = EDGE_CURVE('',#10030,#3809,#15431,.T.);
#15431 = SEAM_CURVE('',#15432,(#15436,#15443),.PCURVE_S1.);
#15432 = LINE('',#15433,#15434);
#15433 = CARTESIAN_POINT('',(-91.35,50.8,6.));
#15434 = VECTOR('',#15435,1.);
#15435 = DIRECTION('',(0.,0.,-1.));
#15436 = PCURVE('',#3829,#15437);
#15437 = DEFINITIONAL_REPRESENTATION('',(#15438),#15442);
#15438 = LINE('',#15439,#15440);
#15439 = CARTESIAN_POINT('',(6.28318530718,-0.));
#15440 = VECTOR('',#15441,1.);
#15441 = DIRECTION('',(0.,1.));
#15442 = ( GEOMETRIC_REPRESENTATION_CONTEXT(2) 
PARAMETRIC_REPRESENTATION_CONTEXT() REPRESENTATION_CONTEXT('2D SPACE',''
  ) );
#15443 = PCURVE('',#3829,#15444);
#15444 = DEFINITIONAL_REPRESENTATION('',(#15445),#15449);
#15445 = LINE('',#15446,#15447);
#15446 = CARTESIAN_POINT('',(0.,-0.));
#15447 = VECTOR('',#15448,1.);
#15448 = DIRECTION('',(0.,1.));
#15449 = ( GEOMETRIC_REPRESENTATION_CONTEXT(2) 
PARAMETRIC_REPRESENTATION_CONTEXT() REPRESENTATION_CONTEXT('2D SPACE',''
  ) );
#15450 = ORIENTED_EDGE('',*,*,#10029,.T.);
#15451 = ORIENTED_EDGE('',*,*,#15430,.T.);
#15452 = ADVANCED_FACE('',(#15453),#3864,.F.);
#15453 = FACE_BOUND('',#15454,.F.);
#15454 = EDGE_LOOP('',(#15455,#15456,#15477,#15478));
#15455 = ORIENTED_EDGE('',*,*,#3843,.F.);
#15456 = ORIENTED_EDGE('',*,*,#15457,.F.);
#15457 = EDGE_CURVE('',#10060,#3844,#15458,.T.);
#15458 = SEAM_CURVE('',#15459,(#15463,#15470),.PCURVE_S1.);
#15459 = LINE('',#15460,#15461);
#15460 = CARTESIAN_POINT('',(-91.35,63.5,6.));
#15461 = VECTOR('',#15462,1.);
#15462 = DIRECTION('',(0.,0.,-1.));
#15463 = PCURVE('',#3864,#15464);
#15464 = DEFINITIONAL_REPRESENTATION('',(#15465),#15469);
#15465 = LINE('',#15466,#15467);
#15466 = CARTESIAN_POINT('',(6.28318530718,-0.));
#15467 = VECTOR('',#15468,1.);
#15468 = DIRECTION('',(0.,1.));
#15469 = ( GEOMETRIC_REPRESENTATION_CONTEXT(2) 
PARAMETRIC_REPRESENTATION_CONTEXT() REPRESENTATION_CONTEXT('2D SPACE',''
  ) );
#15470 = PCURVE('',#3864,#15471);
#15471 = DEFINITIONAL_REPRESENTATION('',(#15472),#15476);
#15472 = LINE('',#15473,#15474);
#15473 = CARTESIAN_POINT('',(0.,-0.));
#15474 = VECTOR('',#15475,1.);
#15475 = DIRECTION('',(0.,1.));
#15476 = ( GEOMETRIC_REPRESENTATION_CONTEXT(2) 
PARAMETRIC_REPRESENTATION_CONTEXT() REPRESENTATION_CONTEXT('2D SPACE',''
  ) );
#15477 = ORIENTED_EDGE('',*,*,#10059,.T.);
#15478 = ORIENTED_EDGE('',*,*,#15457,.T.);
#15479 = ADVANCED_FACE('',(#15480),#3899,.F.);
#15480 = FACE_BOUND('',#15481,.F.);
#15481 = EDGE_LOOP('',(#15482,#15483,#15504,#15505));
#15482 = ORIENTED_EDGE('',*,*,#3878,.F.);
#15483 = ORIENTED_EDGE('',*,*,#15484,.F.);
#15484 = EDGE_CURVE('',#10090,#3879,#15485,.T.);
#15485 = SEAM_CURVE('',#15486,(#15490,#15497),.PCURVE_S1.);
#15486 = LINE('',#15487,#15488);
#15487 = CARTESIAN_POINT('',(-78.65,50.8,6.));
#15488 = VECTOR('',#15489,1.);
#15489 = DIRECTION('',(0.,0.,-1.));
#15490 = PCURVE('',#3899,#15491);
#15491 = DEFINITIONAL_REPRESENTATION('',(#15492),#15496);
#15492 = LINE('',#15493,#15494);
#15493 = CARTESIAN_POINT('',(6.28318530718,-0.));
#15494 = VECTOR('',#15495,1.);
#15495 = DIRECTION('',(0.,1.));
#15496 = ( GEOMETRIC_REPRESENTATION_CONTEXT(2) 
PARAMETRIC_REPRESENTATION_CONTEXT() REPRESENTATION_CONTEXT('2D SPACE',''
  ) );
#15497 = PCURVE('',#3899,#15498);
#15498 = DEFINITIONAL_REPRESENTATION('',(#15499),#15503);
#15499 = LINE('',#15500,#15501);
#15500 = CARTESIAN_POINT('',(0.,-0.));
#15501 = VECTOR('',#15502,1.);
#15502 = DIRECTION('',(0.,1.));
#15503 = ( GEOMETRIC_REPRESENTATION_CONTEXT(2) 
PARAMETRIC_REPRESENTATION_CONTEXT() REPRESENTATION_CONTEXT('2D SPACE',''
  ) );
#15504 = ORIENTED_EDGE('',*,*,#10089,.T.);
#15505 = ORIENTED_EDGE('',*,*,#15484,.T.);
#15506 = ADVANCED_FACE('',(#15507),#3934,.F.);
#15507 = FACE_BOUND('',#15508,.F.);
#15508 = EDGE_LOOP('',(#15509,#15510,#15531,#15532));
#15509 = ORIENTED_EDGE('',*,*,#3913,.F.);
#15510 = ORIENTED_EDGE('',*,*,#15511,.F.);
#15511 = EDGE_CURVE('',#10120,#3914,#15512,.T.);
#15512 = SEAM_CURVE('',#15513,(#15517,#15524),.PCURVE_S1.);
#15513 = LINE('',#15514,#15515);
#15514 = CARTESIAN_POINT('',(-78.65,63.5,6.));
#15515 = VECTOR('',#15516,1.);
#15516 = DIRECTION('',(0.,0.,-1.));
#15517 = PCURVE('',#3934,#15518);
#15518 = DEFINITIONAL_REPRESENTATION('',(#15519),#15523);
#15519 = LINE('',#15520,#15521);
#15520 = CARTESIAN_POINT('',(6.28318530718,-0.));
#15521 = VECTOR('',#15522,1.);
#15522 = DIRECTION('',(0.,1.));
#15523 = ( GEOMETRIC_REPRESENTATION_CONTEXT(2) 
PARAMETRIC_REPRESENTATION_CONTEXT() REPRESENTATION_CONTEXT('2D SPACE',''
  ) );
#15524 = PCURVE('',#3934,#15525);
#15525 = DEFINITIONAL_REPRESENTATION('',(#15526),#15530);
#15526 = LINE('',#15527,#15528);
#15527 = CARTESIAN_POINT('',(0.,-0.));
#15528 = VECTOR('',#15529,1.);
#15529 = DIRECTION('',(0.,1.));
#15530 = ( GEOMETRIC_REPRESENTATION_CONTEXT(2) 
PARAMETRIC_REPRESENTATION_CONTEXT() REPRESENTATION_CONTEXT('2D SPACE',''
  ) );
#15531 = ORIENTED_EDGE('',*,*,#10119,.T.);
#15532 = ORIENTED_EDGE('',*,*,#15511,.T.);
#15533 = ADVANCED_FACE('',(#15534),#3969,.F.);
#15534 = FACE_BOUND('',#15535,.F.);
#15535 = EDGE_LOOP('',(#15536,#15537,#15558,#15559));
#15536 = ORIENTED_EDGE('',*,*,#3948,.F.);
#15537 = ORIENTED_EDGE('',*,*,#15538,.F.);
#15538 = EDGE_CURVE('',#10150,#3949,#15539,.T.);
#15539 = SEAM_CURVE('',#15540,(#15544,#15551),.PCURVE_S1.);
#15540 = LINE('',#15541,#15542);
#15541 = CARTESIAN_POINT('',(-65.95,38.1,6.));
#15542 = VECTOR('',#15543,1.);
#15543 = DIRECTION('',(0.,0.,-1.));
#15544 = PCURVE('',#3969,#15545);
#15545 = DEFINITIONAL_REPRESENTATION('',(#15546),#15550);
#15546 = LINE('',#15547,#15548);
#15547 = CARTESIAN_POINT('',(6.28318530718,-0.));
#15548 = VECTOR('',#15549,1.);
#15549 = DIRECTION('',(0.,1.));
#15550 = ( GEOMETRIC_REPRESENTATION_CONTEXT(2) 
PARAMETRIC_REPRESENTATION_CONTEXT() REPRESENTATION_CONTEXT('2D SPACE',''
  ) );
#15551 = PCURVE('',#3969,#15552);
#15552 = DEFINITIONAL_REPRESENTATION('',(#15553),#15557);
#15553 = LINE('',#15554,#15555);
#15554 = CARTESIAN_POINT('',(0.,-0.));
#15555 = VECTOR('',#15556,1.);
#15556 = DIRECTION('',(0.,1.));
#15557 = ( GEOMETRIC_REPRESENTATION_CONTEXT(2) 
PARAMETRIC_REPRESENTATION_CONTEXT() REPRESENTATION_CONTEXT('2D SPACE',''
  ) );
#15558 = ORIENTED_EDGE('',*,*,#10149,.T.);
#15559 = ORIENTED_EDGE('',*,*,#15538,.T.);
#15560 = ADVANCED_FACE('',(#15561),#4004,.F.);
#15561 = FACE_BOUND('',#15562,.F.);
#15562 = EDGE_LOOP('',(#15563,#15564,#15585,#15586));
#15563 = ORIENTED_EDGE('',*,*,#3983,.F.);
#15564 = ORIENTED_EDGE('',*,*,#15565,.F.);
#15565 = EDGE_CURVE('',#10180,#3984,#15566,.T.);
#15566 = SEAM_CURVE('',#15567,(#15571,#15578),.PCURVE_S1.);
#15567 = LINE('',#15568,#15569);
#15568 = CARTESIAN_POINT('',(-65.95,50.8,6.));
#15569 = VECTOR('',#15570,1.);
#15570 = DIRECTION('',(0.,0.,-1.));
#15571 = PCURVE('',#4004,#15572);
#15572 = DEFINITIONAL_REPRESENTATION('',(#15573),#15577);
#15573 = LINE('',#15574,#15575);
#15574 = CARTESIAN_POINT('',(6.28318530718,-0.));
#15575 = VECTOR('',#15576,1.);
#15576 = DIRECTION('',(0.,1.));
#15577 = ( GEOMETRIC_REPRESENTATION_CONTEXT(2) 
PARAMETRIC_REPRESENTATION_CONTEXT() REPRESENTATION_CONTEXT('2D SPACE',''
  ) );
#15578 = PCURVE('',#4004,#15579);
#15579 = DEFINITIONAL_REPRESENTATION('',(#15580),#15584);
#15580 = LINE('',#15581,#15582);
#15581 = CARTESIAN_POINT('',(0.,-0.));
#15582 = VECTOR('',#15583,1.);
#15583 = DIRECTION('',(0.,1.));
#15584 = ( GEOMETRIC_REPRESENTATION_CONTEXT(2) 
PARAMETRIC_REPRESENTATION_CONTEXT() REPRESENTATION_CONTEXT('2D SPACE',''
  ) );
#15585 = ORIENTED_EDGE('',*,*,#10179,.T.);
#15586 = ORIENTED_EDGE('',*,*,#15565,.T.);
#15587 = ADVANCED_FACE('',(#15588),#4039,.F.);
#15588 = FACE_BOUND('',#15589,.F.);
#15589 = EDGE_LOOP('',(#15590,#15591,#15612,#15613));
#15590 = ORIENTED_EDGE('',*,*,#4018,.F.);
#15591 = ORIENTED_EDGE('',*,*,#15592,.F.);
#15592 = EDGE_CURVE('',#10210,#4019,#15593,.T.);
#15593 = SEAM_CURVE('',#15594,(#15598,#15605),.PCURVE_S1.);
#15594 = LINE('',#15595,#15596);
#15595 = CARTESIAN_POINT('',(-65.95,63.5,6.));
#15596 = VECTOR('',#15597,1.);
#15597 = DIRECTION('',(0.,0.,-1.));
#15598 = PCURVE('',#4039,#15599);
#15599 = DEFINITIONAL_REPRESENTATION('',(#15600),#15604);
#15600 = LINE('',#15601,#15602);
#15601 = CARTESIAN_POINT('',(6.28318530718,-0.));
#15602 = VECTOR('',#15603,1.);
#15603 = DIRECTION('',(0.,1.));
#15604 = ( GEOMETRIC_REPRESENTATION_CONTEXT(2) 
PARAMETRIC_REPRESENTATION_CONTEXT() REPRESENTATION_CONTEXT('2D SPACE',''
  ) );
#15605 = PCURVE('',#4039,#15606);
#15606 = DEFINITIONAL_REPRESENTATION('',(#15607),#15611);
#15607 = LINE('',#15608,#15609);
#15608 = CARTESIAN_POINT('',(0.,-0.));
#15609 = VECTOR('',#15610,1.);
#15610 = DIRECTION('',(0.,1.));
#15611 = ( GEOMETRIC_REPRESENTATION_CONTEXT(2) 
PARAMETRIC_REPRESENTATION_CONTEXT() REPRESENTATION_CONTEXT('2D SPACE',''
  ) );
#15612 = ORIENTED_EDGE('',*,*,#10209,.T.);
#15613 = ORIENTED_EDGE('',*,*,#15592,.T.);
#15614 = ADVANCED_FACE('',(#15615),#4074,.F.);
#15615 = FACE_BOUND('',#15616,.F.);
#15616 = EDGE_LOOP('',(#15617,#15618,#15639,#15640));
#15617 = ORIENTED_EDGE('',*,*,#4053,.F.);
#15618 = ORIENTED_EDGE('',*,*,#15619,.F.);
#15619 = EDGE_CURVE('',#10240,#4054,#15620,.T.);
#15620 = SEAM_CURVE('',#15621,(#15625,#15632),.PCURVE_S1.);
#15621 = LINE('',#15622,#15623);
#15622 = CARTESIAN_POINT('',(-91.35,76.2,6.));
#15623 = VECTOR('',#15624,1.);
#15624 = DIRECTION('',(0.,0.,-1.));
#15625 = PCURVE('',#4074,#15626);
#15626 = DEFINITIONAL_REPRESENTATION('',(#15627),#15631);
#15627 = LINE('',#15628,#15629);
#15628 = CARTESIAN_POINT('',(6.28318530718,-0.));
#15629 = VECTOR('',#15630,1.);
#15630 = DIRECTION('',(0.,1.));
#15631 = ( GEOMETRIC_REPRESENTATION_CONTEXT(2) 
PARAMETRIC_REPRESENTATION_CONTEXT() REPRESENTATION_CONTEXT('2D SPACE',''
  ) );
#15632 = PCURVE('',#4074,#15633);
#15633 = DEFINITIONAL_REPRESENTATION('',(#15634),#15638);
#15634 = LINE('',#15635,#15636);
#15635 = CARTESIAN_POINT('',(0.,-0.));
#15636 = VECTOR('',#15637,1.);
#15637 = DIRECTION('',(0.,1.));
#15638 = ( GEOMETRIC_REPRESENTATION_CONTEXT(2) 
PARAMETRIC_REPRESENTATION_CONTEXT() REPRESENTATION_CONTEXT('2D SPACE',''
  ) );
#15639 = ORIENTED_EDGE('',*,*,#10239,.T.);
#15640 = ORIENTED_EDGE('',*,*,#15619,.T.);
#15641 = ADVANCED_FACE('',(#15642),#4109,.F.);
#15642 = FACE_BOUND('',#15643,.F.);
#15643 = EDGE_LOOP('',(#15644,#15645,#15666,#15667));
#15644 = ORIENTED_EDGE('',*,*,#4088,.F.);
#15645 = ORIENTED_EDGE('',*,*,#15646,.F.);
#15646 = EDGE_CURVE('',#10270,#4089,#15647,.T.);
#15647 = SEAM_CURVE('',#15648,(#15652,#15659),.PCURVE_S1.);
#15648 = LINE('',#15649,#15650);
#15649 = CARTESIAN_POINT('',(-78.65,76.2,6.));
#15650 = VECTOR('',#15651,1.);
#15651 = DIRECTION('',(0.,0.,-1.));
#15652 = PCURVE('',#4109,#15653);
#15653 = DEFINITIONAL_REPRESENTATION('',(#15654),#15658);
#15654 = LINE('',#15655,#15656);
#15655 = CARTESIAN_POINT('',(6.28318530718,-0.));
#15656 = VECTOR('',#15657,1.);
#15657 = DIRECTION('',(0.,1.));
#15658 = ( GEOMETRIC_REPRESENTATION_CONTEXT(2) 
PARAMETRIC_REPRESENTATION_CONTEXT() REPRESENTATION_CONTEXT('2D SPACE',''
  ) );
#15659 = PCURVE('',#4109,#15660);
#15660 = DEFINITIONAL_REPRESENTATION('',(#15661),#15665);
#15661 = LINE('',#15662,#15663);
#15662 = CARTESIAN_POINT('',(0.,-0.));
#15663 = VECTOR('',#15664,1.);
#15664 = DIRECTION('',(0.,1.));
#15665 = ( GEOMETRIC_REPRESENTATION_CONTEXT(2) 
PARAMETRIC_REPRESENTATION_CONTEXT() REPRESENTATION_CONTEXT('2D SPACE',''
  ) );
#15666 = ORIENTED_EDGE('',*,*,#10269,.T.);
#15667 = ORIENTED_EDGE('',*,*,#15646,.T.);
#15668 = ADVANCED_FACE('',(#15669),#4144,.F.);
#15669 = FACE_BOUND('',#15670,.F.);
#15670 = EDGE_LOOP('',(#15671,#15672,#15693,#15694));
#15671 = ORIENTED_EDGE('',*,*,#4123,.F.);
#15672 = ORIENTED_EDGE('',*,*,#15673,.F.);
#15673 = EDGE_CURVE('',#10300,#4124,#15674,.T.);
#15674 = SEAM_CURVE('',#15675,(#15679,#15686),.PCURVE_S1.);
#15675 = LINE('',#15676,#15677);
#15676 = CARTESIAN_POINT('',(-91.35,88.9,6.));
#15677 = VECTOR('',#15678,1.);
#15678 = DIRECTION('',(0.,0.,-1.));
#15679 = PCURVE('',#4144,#15680);
#15680 = DEFINITIONAL_REPRESENTATION('',(#15681),#15685);
#15681 = LINE('',#15682,#15683);
#15682 = CARTESIAN_POINT('',(6.28318530718,-0.));
#15683 = VECTOR('',#15684,1.);
#15684 = DIRECTION('',(0.,1.));
#15685 = ( GEOMETRIC_REPRESENTATION_CONTEXT(2) 
PARAMETRIC_REPRESENTATION_CONTEXT() REPRESENTATION_CONTEXT('2D SPACE',''
  ) );
#15686 = PCURVE('',#4144,#15687);
#15687 = DEFINITIONAL_REPRESENTATION('',(#15688),#15692);
#15688 = LINE('',#15689,#15690);
#15689 = CARTESIAN_POINT('',(0.,-0.));
#15690 = VECTOR('',#15691,1.);
#15691 = DIRECTION('',(0.,1.));
#15692 = ( GEOMETRIC_REPRESENTATION_CONTEXT(2) 
PARAMETRIC_REPRESENTATION_CONTEXT() REPRESENTATION_CONTEXT('2D SPACE',''
  ) );
#15693 = ORIENTED_EDGE('',*,*,#10299,.T.);
#15694 = ORIENTED_EDGE('',*,*,#15673,.T.);
#15695 = ADVANCED_FACE('',(#15696),#4179,.F.);
#15696 = FACE_BOUND('',#15697,.F.);
#15697 = EDGE_LOOP('',(#15698,#15699,#15720,#15721));
#15698 = ORIENTED_EDGE('',*,*,#4158,.F.);
#15699 = ORIENTED_EDGE('',*,*,#15700,.F.);
#15700 = EDGE_CURVE('',#10330,#4159,#15701,.T.);
#15701 = SEAM_CURVE('',#15702,(#15706,#15713),.PCURVE_S1.);
#15702 = LINE('',#15703,#15704);
#15703 = CARTESIAN_POINT('',(-65.95,76.2,6.));
#15704 = VECTOR('',#15705,1.);
#15705 = DIRECTION('',(0.,0.,-1.));
#15706 = PCURVE('',#4179,#15707);
#15707 = DEFINITIONAL_REPRESENTATION('',(#15708),#15712);
#15708 = LINE('',#15709,#15710);
#15709 = CARTESIAN_POINT('',(6.28318530718,-0.));
#15710 = VECTOR('',#15711,1.);
#15711 = DIRECTION('',(0.,1.));
#15712 = ( GEOMETRIC_REPRESENTATION_CONTEXT(2) 
PARAMETRIC_REPRESENTATION_CONTEXT() REPRESENTATION_CONTEXT('2D SPACE',''
  ) );
#15713 = PCURVE('',#4179,#15714);
#15714 = DEFINITIONAL_REPRESENTATION('',(#15715),#15719);
#15715 = LINE('',#15716,#15717);
#15716 = CARTESIAN_POINT('',(0.,-0.));
#15717 = VECTOR('',#15718,1.);
#15718 = DIRECTION('',(0.,1.));
#15719 = ( GEOMETRIC_REPRESENTATION_CONTEXT(2) 
PARAMETRIC_REPRESENTATION_CONTEXT() REPRESENTATION_CONTEXT('2D SPACE',''
  ) );
#15720 = ORIENTED_EDGE('',*,*,#10329,.T.);
#15721 = ORIENTED_EDGE('',*,*,#15700,.T.);
#15722 = ADVANCED_FACE('',(#15723),#4214,.F.);
#15723 = FACE_BOUND('',#15724,.F.);
#15724 = EDGE_LOOP('',(#15725,#15726,#15747,#15748));
#15725 = ORIENTED_EDGE('',*,*,#4193,.F.);
#15726 = ORIENTED_EDGE('',*,*,#15727,.F.);
#15727 = EDGE_CURVE('',#10360,#4194,#15728,.T.);
#15728 = SEAM_CURVE('',#15729,(#15733,#15740),.PCURVE_S1.);
#15729 = LINE('',#15730,#15731);
#15730 = CARTESIAN_POINT('',(-65.95,88.9,6.));
#15731 = VECTOR('',#15732,1.);
#15732 = DIRECTION('',(0.,0.,-1.));
#15733 = PCURVE('',#4214,#15734);
#15734 = DEFINITIONAL_REPRESENTATION('',(#15735),#15739);
#15735 = LINE('',#15736,#15737);
#15736 = CARTESIAN_POINT('',(6.28318530718,-0.));
#15737 = VECTOR('',#15738,1.);
#15738 = DIRECTION('',(0.,1.));
#15739 = ( GEOMETRIC_REPRESENTATION_CONTEXT(2) 
PARAMETRIC_REPRESENTATION_CONTEXT() REPRESENTATION_CONTEXT('2D SPACE',''
  ) );
#15740 = PCURVE('',#4214,#15741);
#15741 = DEFINITIONAL_REPRESENTATION('',(#15742),#15746);
#15742 = LINE('',#15743,#15744);
#15743 = CARTESIAN_POINT('',(0.,-0.));
#15744 = VECTOR('',#15745,1.);
#15745 = DIRECTION('',(0.,1.));
#15746 = ( GEOMETRIC_REPRESENTATION_CONTEXT(2) 
PARAMETRIC_REPRESENTATION_CONTEXT() REPRESENTATION_CONTEXT('2D SPACE',''
  ) );
#15747 = ORIENTED_EDGE('',*,*,#10359,.T.);
#15748 = ORIENTED_EDGE('',*,*,#15727,.T.);
#15749 = ADVANCED_FACE('',(#15750),#4249,.F.);
#15750 = FACE_BOUND('',#15751,.F.);
#15751 = EDGE_LOOP('',(#15752,#15753,#15774,#15775));
#15752 = ORIENTED_EDGE('',*,*,#4228,.F.);
#15753 = ORIENTED_EDGE('',*,*,#15754,.F.);
#15754 = EDGE_CURVE('',#10390,#4229,#15755,.T.);
#15755 = SEAM_CURVE('',#15756,(#15760,#15767),.PCURVE_S1.);
#15756 = LINE('',#15757,#15758);
#15757 = CARTESIAN_POINT('',(-53.25,88.9,6.));
#15758 = VECTOR('',#15759,1.);
#15759 = DIRECTION('',(0.,0.,-1.));
#15760 = PCURVE('',#4249,#15761);
#15761 = DEFINITIONAL_REPRESENTATION('',(#15762),#15766);
#15762 = LINE('',#15763,#15764);
#15763 = CARTESIAN_POINT('',(6.28318530718,-0.));
#15764 = VECTOR('',#15765,1.);
#15765 = DIRECTION('',(0.,1.));
#15766 = ( GEOMETRIC_REPRESENTATION_CONTEXT(2) 
PARAMETRIC_REPRESENTATION_CONTEXT() REPRESENTATION_CONTEXT('2D SPACE',''
  ) );
#15767 = PCURVE('',#4249,#15768);
#15768 = DEFINITIONAL_REPRESENTATION('',(#15769),#15773);
#15769 = LINE('',#15770,#15771);
#15770 = CARTESIAN_POINT('',(0.,-0.));
#15771 = VECTOR('',#15772,1.);
#15772 = DIRECTION('',(0.,1.));
#15773 = ( GEOMETRIC_REPRESENTATION_CONTEXT(2) 
PARAMETRIC_REPRESENTATION_CONTEXT() REPRESENTATION_CONTEXT('2D SPACE',''
  ) );
#15774 = ORIENTED_EDGE('',*,*,#10389,.T.);
#15775 = ORIENTED_EDGE('',*,*,#15754,.T.);
#15776 = ADVANCED_FACE('',(#15777),#4282,.F.);
#15777 = FACE_BOUND('',#15778,.T.);
#15778 = EDGE_LOOP('',(#15779,#15780,#15801,#15802));
#15779 = ORIENTED_EDGE('',*,*,#10419,.T.);
#15780 = ORIENTED_EDGE('',*,*,#15781,.T.);
#15781 = EDGE_CURVE('',#10422,#4266,#15782,.T.);
#15782 = SURFACE_CURVE('',#15783,(#15787,#15794),.PCURVE_S1.);
#15783 = LINE('',#15784,#15785);
#15784 = CARTESIAN_POINT('',(-86.,100.,290.0000003));
#15785 = VECTOR('',#15786,1.);
#15786 = DIRECTION('',(0.,0.,-1.));
#15787 = PCURVE('',#4282,#15788);
#15788 = DEFINITIONAL_REPRESENTATION('',(#15789),#15793);
#15789 = LINE('',#15790,#15791);
#15790 = CARTESIAN_POINT('',(-0.,0.));
#15791 = VECTOR('',#15792,1.);
#15792 = DIRECTION('',(-0.,-1.));
#15793 = ( GEOMETRIC_REPRESENTATION_CONTEXT(2) 
PARAMETRIC_REPRESENTATION_CONTEXT() REPRESENTATION_CONTEXT('2D SPACE',''
  ) );
#15794 = PCURVE('',#4362,#15795);
#15795 = DEFINITIONAL_REPRESENTATION('',(#15796),#15800);
#15796 = LINE('',#15797,#15798);
#15797 = CARTESIAN_POINT('',(22.,0.));
#15798 = VECTOR('',#15799,1.);
#15799 = DIRECTION('',(0.,-1.));
#15800 = ( GEOMETRIC_REPRESENTATION_CONTEXT(2) 
PARAMETRIC_REPRESENTATION_CONTEXT() REPRESENTATION_CONTEXT('2D SPACE',''
  ) );
#15801 = ORIENTED_EDGE('',*,*,#4263,.F.);
#15802 = ORIENTED_EDGE('',*,*,#15803,.F.);
#15803 = EDGE_CURVE('',#10420,#4264,#15804,.T.);
#15804 = SURFACE_CURVE('',#15805,(#15809,#15816),.PCURVE_S1.);
#15805 = LINE('',#15806,#15807);
#15806 = CARTESIAN_POINT('',(-86.,116.,290.0000003));
#15807 = VECTOR('',#15808,1.);
#15808 = DIRECTION('',(0.,0.,-1.));
#15809 = PCURVE('',#4282,#15810);
#15810 = DEFINITIONAL_REPRESENTATION('',(#15811),#15815);
#15811 = LINE('',#15812,#15813);
#15812 = CARTESIAN_POINT('',(-3.14159265359,0.));
#15813 = VECTOR('',#15814,1.);
#15814 = DIRECTION('',(-0.,-1.));
#15815 = ( GEOMETRIC_REPRESENTATION_CONTEXT(2) 
PARAMETRIC_REPRESENTATION_CONTEXT() REPRESENTATION_CONTEXT('2D SPACE',''
  ) );
#15816 = PCURVE('',#4309,#15817);
#15817 = DEFINITIONAL_REPRESENTATION('',(#15818),#15822);
#15818 = LINE('',#15819,#15820);
#15819 = CARTESIAN_POINT('',(0.,-0.));
#15820 = VECTOR('',#15821,1.);
#15821 = DIRECTION('',(0.,-1.));
#15822 = ( GEOMETRIC_REPRESENTATION_CONTEXT(2) 
PARAMETRIC_REPRESENTATION_CONTEXT() REPRESENTATION_CONTEXT('2D SPACE',''
  ) );
#15823 = ADVANCED_FACE('',(#15824),#4309,.T.);
#15824 = FACE_BOUND('',#15825,.T.);
#15825 = EDGE_LOOP('',(#15826,#15827,#15828,#15829));
#15826 = ORIENTED_EDGE('',*,*,#10445,.F.);
#15827 = ORIENTED_EDGE('',*,*,#15803,.T.);
#15828 = ORIENTED_EDGE('',*,*,#4294,.T.);
#15829 = ORIENTED_EDGE('',*,*,#15830,.F.);
#15830 = EDGE_CURVE('',#10446,#4295,#15831,.T.);
#15831 = SURFACE_CURVE('',#15832,(#15836,#15843),.PCURVE_S1.);
#15832 = LINE('',#15833,#15834);
#15833 = CARTESIAN_POINT('',(-64.,116.,290.0000003));
#15834 = VECTOR('',#15835,1.);
#15835 = DIRECTION('',(0.,0.,-1.));
#15836 = PCURVE('',#4309,#15837);
#15837 = DEFINITIONAL_REPRESENTATION('',(#15838),#15842);
#15838 = LINE('',#15839,#15840);
#15839 = CARTESIAN_POINT('',(22.,0.));
#15840 = VECTOR('',#15841,1.);
#15841 = DIRECTION('',(0.,-1.));
#15842 = ( GEOMETRIC_REPRESENTATION_CONTEXT(2) 
PARAMETRIC_REPRESENTATION_CONTEXT() REPRESENTATION_CONTEXT('2D SPACE',''
  ) );
#15843 = PCURVE('',#4337,#15844);
#15844 = DEFINITIONAL_REPRESENTATION('',(#15845),#15849);
#15845 = LINE('',#15846,#15847);
#15846 = CARTESIAN_POINT('',(-0.,0.));
#15847 = VECTOR('',#15848,1.);
#15848 = DIRECTION('',(-0.,-1.));
#15849 = ( GEOMETRIC_REPRESENTATION_CONTEXT(2) 
PARAMETRIC_REPRESENTATION_CONTEXT() REPRESENTATION_CONTEXT('2D SPACE',''
  ) );
#15850 = ADVANCED_FACE('',(#15851),#4362,.T.);
#15851 = FACE_BOUND('',#15852,.T.);
#15852 = EDGE_LOOP('',(#15853,#15854,#15875,#15876));
#15853 = ORIENTED_EDGE('',*,*,#10490,.F.);
#15854 = ORIENTED_EDGE('',*,*,#15855,.T.);
#15855 = EDGE_CURVE('',#10467,#4321,#15856,.T.);
#15856 = SURFACE_CURVE('',#15857,(#15861,#15868),.PCURVE_S1.);
#15857 = LINE('',#15858,#15859);
#15858 = CARTESIAN_POINT('',(-64.,100.,290.0000003));
#15859 = VECTOR('',#15860,1.);
#15860 = DIRECTION('',(0.,0.,-1.));
#15861 = PCURVE('',#4362,#15862);
#15862 = DEFINITIONAL_REPRESENTATION('',(#15863),#15867);
#15863 = LINE('',#15864,#15865);
#15864 = CARTESIAN_POINT('',(0.,0.));
#15865 = VECTOR('',#15866,1.);
#15866 = DIRECTION('',(0.,-1.));
#15867 = ( GEOMETRIC_REPRESENTATION_CONTEXT(2) 
PARAMETRIC_REPRESENTATION_CONTEXT() REPRESENTATION_CONTEXT('2D SPACE',''
  ) );
#15868 = PCURVE('',#4337,#15869);
#15869 = DEFINITIONAL_REPRESENTATION('',(#15870),#15874);
#15870 = LINE('',#15871,#15872);
#15871 = CARTESIAN_POINT('',(-3.14159265359,0.));
#15872 = VECTOR('',#15873,1.);
#15873 = DIRECTION('',(-0.,-1.));
#15874 = ( GEOMETRIC_REPRESENTATION_CONTEXT(2) 
PARAMETRIC_REPRESENTATION_CONTEXT() REPRESENTATION_CONTEXT('2D SPACE',''
  ) );
#15875 = ORIENTED_EDGE('',*,*,#4349,.T.);
#15876 = ORIENTED_EDGE('',*,*,#15781,.F.);
#15877 = ADVANCED_FACE('',(#15878),#4337,.F.);
#15878 = FACE_BOUND('',#15879,.T.);
#15879 = EDGE_LOOP('',(#15880,#15881,#15882,#15883));
#15880 = ORIENTED_EDGE('',*,*,#10466,.T.);
#15881 = ORIENTED_EDGE('',*,*,#15830,.T.);
#15882 = ORIENTED_EDGE('',*,*,#4320,.F.);
#15883 = ORIENTED_EDGE('',*,*,#15855,.F.);
#15884 = ADVANCED_FACE('',(#15885),#4396,.F.);
#15885 = FACE_BOUND('',#15886,.F.);
#15886 = EDGE_LOOP('',(#15887,#15888,#15909,#15910));
#15887 = ORIENTED_EDGE('',*,*,#4375,.F.);
#15888 = ORIENTED_EDGE('',*,*,#15889,.F.);
#15889 = EDGE_CURVE('',#10512,#4376,#15890,.T.);
#15890 = SEAM_CURVE('',#15891,(#15895,#15902),.PCURVE_S1.);
#15891 = LINE('',#15892,#15893);
#15892 = CARTESIAN_POINT('',(-91.35,127.,6.));
#15893 = VECTOR('',#15894,1.);
#15894 = DIRECTION('',(0.,0.,-1.));
#15895 = PCURVE('',#4396,#15896);
#15896 = DEFINITIONAL_REPRESENTATION('',(#15897),#15901);
#15897 = LINE('',#15898,#15899);
#15898 = CARTESIAN_POINT('',(6.28318530718,-0.));
#15899 = VECTOR('',#15900,1.);
#15900 = DIRECTION('',(0.,1.));
#15901 = ( GEOMETRIC_REPRESENTATION_CONTEXT(2) 
PARAMETRIC_REPRESENTATION_CONTEXT() REPRESENTATION_CONTEXT('2D SPACE',''
  ) );
#15902 = PCURVE('',#4396,#15903);
#15903 = DEFINITIONAL_REPRESENTATION('',(#15904),#15908);
#15904 = LINE('',#15905,#15906);
#15905 = CARTESIAN_POINT('',(0.,-0.));
#15906 = VECTOR('',#15907,1.);
#15907 = DIRECTION('',(0.,1.));
#15908 = ( GEOMETRIC_REPRESENTATION_CONTEXT(2) 
PARAMETRIC_REPRESENTATION_CONTEXT() REPRESENTATION_CONTEXT('2D SPACE',''
  ) );
#15909 = ORIENTED_EDGE('',*,*,#10511,.T.);
#15910 = ORIENTED_EDGE('',*,*,#15889,.T.);
#15911 = ADVANCED_FACE('',(#15912),#4431,.F.);
#15912 = FACE_BOUND('',#15913,.F.);
#15913 = EDGE_LOOP('',(#15914,#15915,#15936,#15937));
#15914 = ORIENTED_EDGE('',*,*,#4410,.F.);
#15915 = ORIENTED_EDGE('',*,*,#15916,.F.);
#15916 = EDGE_CURVE('',#10542,#4411,#15917,.T.);
#15917 = SEAM_CURVE('',#15918,(#15922,#15929),.PCURVE_S1.);
#15918 = LINE('',#15919,#15920);
#15919 = CARTESIAN_POINT('',(-53.25,101.6,6.));
#15920 = VECTOR('',#15921,1.);
#15921 = DIRECTION('',(0.,0.,-1.));
#15922 = PCURVE('',#4431,#15923);
#15923 = DEFINITIONAL_REPRESENTATION('',(#15924),#15928);
#15924 = LINE('',#15925,#15926);
#15925 = CARTESIAN_POINT('',(6.28318530718,-0.));
#15926 = VECTOR('',#15927,1.);
#15927 = DIRECTION('',(0.,1.));
#15928 = ( GEOMETRIC_REPRESENTATION_CONTEXT(2) 
PARAMETRIC_REPRESENTATION_CONTEXT() REPRESENTATION_CONTEXT('2D SPACE',''
  ) );
#15929 = PCURVE('',#4431,#15930);
#15930 = DEFINITIONAL_REPRESENTATION('',(#15931),#15935);
#15931 = LINE('',#15932,#15933);
#15932 = CARTESIAN_POINT('',(0.,-0.));
#15933 = VECTOR('',#15934,1.);
#15934 = DIRECTION('',(0.,1.));
#15935 = ( GEOMETRIC_REPRESENTATION_CONTEXT(2) 
PARAMETRIC_REPRESENTATION_CONTEXT() REPRESENTATION_CONTEXT('2D SPACE',''
  ) );
#15936 = ORIENTED_EDGE('',*,*,#10541,.T.);
#15937 = ORIENTED_EDGE('',*,*,#15916,.T.);
#15938 = ADVANCED_FACE('',(#15939),#4466,.F.);
#15939 = FACE_BOUND('',#15940,.F.);
#15940 = EDGE_LOOP('',(#15941,#15942,#15963,#15964));
#15941 = ORIENTED_EDGE('',*,*,#4445,.F.);
#15942 = ORIENTED_EDGE('',*,*,#15943,.F.);
#15943 = EDGE_CURVE('',#10572,#4446,#15944,.T.);
#15944 = SEAM_CURVE('',#15945,(#15949,#15956),.PCURVE_S1.);
#15945 = LINE('',#15946,#15947);
#15946 = CARTESIAN_POINT('',(-65.95,127.,6.));
#15947 = VECTOR('',#15948,1.);
#15948 = DIRECTION('',(0.,0.,-1.));
#15949 = PCURVE('',#4466,#15950);
#15950 = DEFINITIONAL_REPRESENTATION('',(#15951),#15955);
#15951 = LINE('',#15952,#15953);
#15952 = CARTESIAN_POINT('',(6.28318530718,-0.));
#15953 = VECTOR('',#15954,1.);
#15954 = DIRECTION('',(0.,1.));
#15955 = ( GEOMETRIC_REPRESENTATION_CONTEXT(2) 
PARAMETRIC_REPRESENTATION_CONTEXT() REPRESENTATION_CONTEXT('2D SPACE',''
  ) );
#15956 = PCURVE('',#4466,#15957);
#15957 = DEFINITIONAL_REPRESENTATION('',(#15958),#15962);
#15958 = LINE('',#15959,#15960);
#15959 = CARTESIAN_POINT('',(0.,-0.));
#15960 = VECTOR('',#15961,1.);
#15961 = DIRECTION('',(0.,1.));
#15962 = ( GEOMETRIC_REPRESENTATION_CONTEXT(2) 
PARAMETRIC_REPRESENTATION_CONTEXT() REPRESENTATION_CONTEXT('2D SPACE',''
  ) );
#15963 = ORIENTED_EDGE('',*,*,#10571,.T.);
#15964 = ORIENTED_EDGE('',*,*,#15943,.T.);
#15965 = ADVANCED_FACE('',(#15966),#4501,.F.);
#15966 = FACE_BOUND('',#15967,.F.);
#15967 = EDGE_LOOP('',(#15968,#15969,#15990,#15991));
#15968 = ORIENTED_EDGE('',*,*,#4480,.F.);
#15969 = ORIENTED_EDGE('',*,*,#15970,.F.);
#15970 = EDGE_CURVE('',#10602,#4481,#15971,.T.);
#15971 = SEAM_CURVE('',#15972,(#15976,#15983),.PCURVE_S1.);
#15972 = LINE('',#15973,#15974);
#15973 = CARTESIAN_POINT('',(-53.25,114.3,6.));
#15974 = VECTOR('',#15975,1.);
#15975 = DIRECTION('',(0.,0.,-1.));
#15976 = PCURVE('',#4501,#15977);
#15977 = DEFINITIONAL_REPRESENTATION('',(#15978),#15982);
#15978 = LINE('',#15979,#15980);
#15979 = CARTESIAN_POINT('',(6.28318530718,-0.));
#15980 = VECTOR('',#15981,1.);
#15981 = DIRECTION('',(0.,1.));
#15982 = ( GEOMETRIC_REPRESENTATION_CONTEXT(2) 
PARAMETRIC_REPRESENTATION_CONTEXT() REPRESENTATION_CONTEXT('2D SPACE',''
  ) );
#15983 = PCURVE('',#4501,#15984);
#15984 = DEFINITIONAL_REPRESENTATION('',(#15985),#15989);
#15985 = LINE('',#15986,#15987);
#15986 = CARTESIAN_POINT('',(0.,-0.));
#15987 = VECTOR('',#15988,1.);
#15988 = DIRECTION('',(0.,1.));
#15989 = ( GEOMETRIC_REPRESENTATION_CONTEXT(2) 
PARAMETRIC_REPRESENTATION_CONTEXT() REPRESENTATION_CONTEXT('2D SPACE',''
  ) );
#15990 = ORIENTED_EDGE('',*,*,#10601,.T.);
#15991 = ORIENTED_EDGE('',*,*,#15970,.T.);
#15992 = ADVANCED_FACE('',(#15993),#4536,.F.);
#15993 = FACE_BOUND('',#15994,.F.);
#15994 = EDGE_LOOP('',(#15995,#15996,#16017,#16018));
#15995 = ORIENTED_EDGE('',*,*,#4515,.F.);
#15996 = ORIENTED_EDGE('',*,*,#15997,.F.);
#15997 = EDGE_CURVE('',#10632,#4516,#15998,.T.);
#15998 = SEAM_CURVE('',#15999,(#16003,#16010),.PCURVE_S1.);
#15999 = LINE('',#16000,#16001);
#16000 = CARTESIAN_POINT('',(-53.25,127.,6.));
#16001 = VECTOR('',#16002,1.);
#16002 = DIRECTION('',(0.,0.,-1.));
#16003 = PCURVE('',#4536,#16004);
#16004 = DEFINITIONAL_REPRESENTATION('',(#16005),#16009);
#16005 = LINE('',#16006,#16007);
#16006 = CARTESIAN_POINT('',(6.28318530718,-0.));
#16007 = VECTOR('',#16008,1.);
#16008 = DIRECTION('',(0.,1.));
#16009 = ( GEOMETRIC_REPRESENTATION_CONTEXT(2) 
PARAMETRIC_REPRESENTATION_CONTEXT() REPRESENTATION_CONTEXT('2D SPACE',''
  ) );
#16010 = PCURVE('',#4536,#16011);
#16011 = DEFINITIONAL_REPRESENTATION('',(#16012),#16016);
#16012 = LINE('',#16013,#16014);
#16013 = CARTESIAN_POINT('',(0.,-0.));
#16014 = VECTOR('',#16015,1.);
#16015 = DIRECTION('',(0.,1.));
#16016 = ( GEOMETRIC_REPRESENTATION_CONTEXT(2) 
PARAMETRIC_REPRESENTATION_CONTEXT() REPRESENTATION_CONTEXT('2D SPACE',''
  ) );
#16017 = ORIENTED_EDGE('',*,*,#10631,.T.);
#16018 = ORIENTED_EDGE('',*,*,#15997,.T.);
#16019 = ADVANCED_FACE('',(#16020),#4571,.F.);
#16020 = FACE_BOUND('',#16021,.F.);
#16021 = EDGE_LOOP('',(#16022,#16023,#16044,#16045));
#16022 = ORIENTED_EDGE('',*,*,#4550,.F.);
#16023 = ORIENTED_EDGE('',*,*,#16024,.F.);
#16024 = EDGE_CURVE('',#10662,#4551,#16025,.T.);
#16025 = SEAM_CURVE('',#16026,(#16030,#16037),.PCURVE_S1.);
#16026 = LINE('',#16027,#16028);
#16027 = CARTESIAN_POINT('',(-40.55,88.9,6.));
#16028 = VECTOR('',#16029,1.);
#16029 = DIRECTION('',(0.,0.,-1.));
#16030 = PCURVE('',#4571,#16031);
#16031 = DEFINITIONAL_REPRESENTATION('',(#16032),#16036);
#16032 = LINE('',#16033,#16034);
#16033 = CARTESIAN_POINT('',(6.28318530718,-0.));
#16034 = VECTOR('',#16035,1.);
#16035 = DIRECTION('',(0.,1.));
#16036 = ( GEOMETRIC_REPRESENTATION_CONTEXT(2) 
PARAMETRIC_REPRESENTATION_CONTEXT() REPRESENTATION_CONTEXT('2D SPACE',''
  ) );
#16037 = PCURVE('',#4571,#16038);
#16038 = DEFINITIONAL_REPRESENTATION('',(#16039),#16043);
#16039 = LINE('',#16040,#16041);
#16040 = CARTESIAN_POINT('',(0.,-0.));
#16041 = VECTOR('',#16042,1.);
#16042 = DIRECTION('',(0.,1.));
#16043 = ( GEOMETRIC_REPRESENTATION_CONTEXT(2) 
PARAMETRIC_REPRESENTATION_CONTEXT() REPRESENTATION_CONTEXT('2D SPACE',''
  ) );
#16044 = ORIENTED_EDGE('',*,*,#10661,.T.);
#16045 = ORIENTED_EDGE('',*,*,#16024,.T.);
#16046 = ADVANCED_FACE('',(#16047),#4606,.F.);
#16047 = FACE_BOUND('',#16048,.F.);
#16048 = EDGE_LOOP('',(#16049,#16050,#16071,#16072));
#16049 = ORIENTED_EDGE('',*,*,#4585,.F.);
#16050 = ORIENTED_EDGE('',*,*,#16051,.F.);
#16051 = EDGE_CURVE('',#10692,#4586,#16052,.T.);
#16052 = SEAM_CURVE('',#16053,(#16057,#16064),.PCURVE_S1.);
#16053 = LINE('',#16054,#16055);
#16054 = CARTESIAN_POINT('',(-27.85,88.9,6.));
#16055 = VECTOR('',#16056,1.);
#16056 = DIRECTION('',(0.,0.,-1.));
#16057 = PCURVE('',#4606,#16058);
#16058 = DEFINITIONAL_REPRESENTATION('',(#16059),#16063);
#16059 = LINE('',#16060,#16061);
#16060 = CARTESIAN_POINT('',(6.28318530718,-0.));
#16061 = VECTOR('',#16062,1.);
#16062 = DIRECTION('',(0.,1.));
#16063 = ( GEOMETRIC_REPRESENTATION_CONTEXT(2) 
PARAMETRIC_REPRESENTATION_CONTEXT() REPRESENTATION_CONTEXT('2D SPACE',''
  ) );
#16064 = PCURVE('',#4606,#16065);
#16065 = DEFINITIONAL_REPRESENTATION('',(#16066),#16070);
#16066 = LINE('',#16067,#16068);
#16067 = CARTESIAN_POINT('',(0.,-0.));
#16068 = VECTOR('',#16069,1.);
#16069 = DIRECTION('',(0.,1.));
#16070 = ( GEOMETRIC_REPRESENTATION_CONTEXT(2) 
PARAMETRIC_REPRESENTATION_CONTEXT() REPRESENTATION_CONTEXT('2D SPACE',''
  ) );
#16071 = ORIENTED_EDGE('',*,*,#10691,.T.);
#16072 = ORIENTED_EDGE('',*,*,#16051,.T.);
#16073 = ADVANCED_FACE('',(#16074),#4641,.F.);
#16074 = FACE_BOUND('',#16075,.F.);
#16075 = EDGE_LOOP('',(#16076,#16077,#16098,#16099));
#16076 = ORIENTED_EDGE('',*,*,#4620,.F.);
#16077 = ORIENTED_EDGE('',*,*,#16078,.F.);
#16078 = EDGE_CURVE('',#10722,#4621,#16079,.T.);
#16079 = SEAM_CURVE('',#16080,(#16084,#16091),.PCURVE_S1.);
#16080 = LINE('',#16081,#16082);
#16081 = CARTESIAN_POINT('',(-15.15,88.9,6.));
#16082 = VECTOR('',#16083,1.);
#16083 = DIRECTION('',(0.,0.,-1.));
#16084 = PCURVE('',#4641,#16085);
#16085 = DEFINITIONAL_REPRESENTATION('',(#16086),#16090);
#16086 = LINE('',#16087,#16088);
#16087 = CARTESIAN_POINT('',(6.28318530718,-0.));
#16088 = VECTOR('',#16089,1.);
#16089 = DIRECTION('',(0.,1.));
#16090 = ( GEOMETRIC_REPRESENTATION_CONTEXT(2) 
PARAMETRIC_REPRESENTATION_CONTEXT() REPRESENTATION_CONTEXT('2D SPACE',''
  ) );
#16091 = PCURVE('',#4641,#16092);
#16092 = DEFINITIONAL_REPRESENTATION('',(#16093),#16097);
#16093 = LINE('',#16094,#16095);
#16094 = CARTESIAN_POINT('',(0.,-0.));
#16095 = VECTOR('',#16096,1.);
#16096 = DIRECTION('',(0.,1.));
#16097 = ( GEOMETRIC_REPRESENTATION_CONTEXT(2) 
PARAMETRIC_REPRESENTATION_CONTEXT() REPRESENTATION_CONTEXT('2D SPACE',''
  ) );
#16098 = ORIENTED_EDGE('',*,*,#10721,.T.);
#16099 = ORIENTED_EDGE('',*,*,#16078,.T.);
#16100 = ADVANCED_FACE('',(#16101),#4676,.F.);
#16101 = FACE_BOUND('',#16102,.F.);
#16102 = EDGE_LOOP('',(#16103,#16104,#16125,#16126));
#16103 = ORIENTED_EDGE('',*,*,#4655,.F.);
#16104 = ORIENTED_EDGE('',*,*,#16105,.F.);
#16105 = EDGE_CURVE('',#10752,#4656,#16106,.T.);
#16106 = SEAM_CURVE('',#16107,(#16111,#16118),.PCURVE_S1.);
#16107 = LINE('',#16108,#16109);
#16108 = CARTESIAN_POINT('',(-40.55,101.6,6.));
#16109 = VECTOR('',#16110,1.);
#16110 = DIRECTION('',(0.,0.,-1.));
#16111 = PCURVE('',#4676,#16112);
#16112 = DEFINITIONAL_REPRESENTATION('',(#16113),#16117);
#16113 = LINE('',#16114,#16115);
#16114 = CARTESIAN_POINT('',(6.28318530718,-0.));
#16115 = VECTOR('',#16116,1.);
#16116 = DIRECTION('',(0.,1.));
#16117 = ( GEOMETRIC_REPRESENTATION_CONTEXT(2) 
PARAMETRIC_REPRESENTATION_CONTEXT() REPRESENTATION_CONTEXT('2D SPACE',''
  ) );
#16118 = PCURVE('',#4676,#16119);
#16119 = DEFINITIONAL_REPRESENTATION('',(#16120),#16124);
#16120 = LINE('',#16121,#16122);
#16121 = CARTESIAN_POINT('',(0.,-0.));
#16122 = VECTOR('',#16123,1.);
#16123 = DIRECTION('',(0.,1.));
#16124 = ( GEOMETRIC_REPRESENTATION_CONTEXT(2) 
PARAMETRIC_REPRESENTATION_CONTEXT() REPRESENTATION_CONTEXT('2D SPACE',''
  ) );
#16125 = ORIENTED_EDGE('',*,*,#10751,.T.);
#16126 = ORIENTED_EDGE('',*,*,#16105,.T.);
#16127 = ADVANCED_FACE('',(#16128),#4711,.F.);
#16128 = FACE_BOUND('',#16129,.F.);
#16129 = EDGE_LOOP('',(#16130,#16131,#16152,#16153));
#16130 = ORIENTED_EDGE('',*,*,#4690,.F.);
#16131 = ORIENTED_EDGE('',*,*,#16132,.F.);
#16132 = EDGE_CURVE('',#10782,#4691,#16133,.T.);
#16133 = SEAM_CURVE('',#16134,(#16138,#16145),.PCURVE_S1.);
#16134 = LINE('',#16135,#16136);
#16135 = CARTESIAN_POINT('',(-27.85,101.6,6.));
#16136 = VECTOR('',#16137,1.);
#16137 = DIRECTION('',(0.,0.,-1.));
#16138 = PCURVE('',#4711,#16139);
#16139 = DEFINITIONAL_REPRESENTATION('',(#16140),#16144);
#16140 = LINE('',#16141,#16142);
#16141 = CARTESIAN_POINT('',(6.28318530718,-0.));
#16142 = VECTOR('',#16143,1.);
#16143 = DIRECTION('',(0.,1.));
#16144 = ( GEOMETRIC_REPRESENTATION_CONTEXT(2) 
PARAMETRIC_REPRESENTATION_CONTEXT() REPRESENTATION_CONTEXT('2D SPACE',''
  ) );
#16145 = PCURVE('',#4711,#16146);
#16146 = DEFINITIONAL_REPRESENTATION('',(#16147),#16151);
#16147 = LINE('',#16148,#16149);
#16148 = CARTESIAN_POINT('',(0.,-0.));
#16149 = VECTOR('',#16150,1.);
#16150 = DIRECTION('',(0.,1.));
#16151 = ( GEOMETRIC_REPRESENTATION_CONTEXT(2) 
PARAMETRIC_REPRESENTATION_CONTEXT() REPRESENTATION_CONTEXT('2D SPACE',''
  ) );
#16152 = ORIENTED_EDGE('',*,*,#10781,.T.);
#16153 = ORIENTED_EDGE('',*,*,#16132,.T.);
#16154 = ADVANCED_FACE('',(#16155),#4746,.F.);
#16155 = FACE_BOUND('',#16156,.F.);
#16156 = EDGE_LOOP('',(#16157,#16158,#16179,#16180));
#16157 = ORIENTED_EDGE('',*,*,#4725,.F.);
#16158 = ORIENTED_EDGE('',*,*,#16159,.F.);
#16159 = EDGE_CURVE('',#10812,#4726,#16160,.T.);
#16160 = SEAM_CURVE('',#16161,(#16165,#16172),.PCURVE_S1.);
#16161 = LINE('',#16162,#16163);
#16162 = CARTESIAN_POINT('',(-40.55,114.3,6.));
#16163 = VECTOR('',#16164,1.);
#16164 = DIRECTION('',(0.,0.,-1.));
#16165 = PCURVE('',#4746,#16166);
#16166 = DEFINITIONAL_REPRESENTATION('',(#16167),#16171);
#16167 = LINE('',#16168,#16169);
#16168 = CARTESIAN_POINT('',(6.28318530718,-0.));
#16169 = VECTOR('',#16170,1.);
#16170 = DIRECTION('',(0.,1.));
#16171 = ( GEOMETRIC_REPRESENTATION_CONTEXT(2) 
PARAMETRIC_REPRESENTATION_CONTEXT() REPRESENTATION_CONTEXT('2D SPACE',''
  ) );
#16172 = PCURVE('',#4746,#16173);
#16173 = DEFINITIONAL_REPRESENTATION('',(#16174),#16178);
#16174 = LINE('',#16175,#16176);
#16175 = CARTESIAN_POINT('',(0.,-0.));
#16176 = VECTOR('',#16177,1.);
#16177 = DIRECTION('',(0.,1.));
#16178 = ( GEOMETRIC_REPRESENTATION_CONTEXT(2) 
PARAMETRIC_REPRESENTATION_CONTEXT() REPRESENTATION_CONTEXT('2D SPACE',''
  ) );
#16179 = ORIENTED_EDGE('',*,*,#10811,.T.);
#16180 = ORIENTED_EDGE('',*,*,#16159,.T.);
#16181 = ADVANCED_FACE('',(#16182),#4781,.F.);
#16182 = FACE_BOUND('',#16183,.F.);
#16183 = EDGE_LOOP('',(#16184,#16185,#16206,#16207));
#16184 = ORIENTED_EDGE('',*,*,#4760,.F.);
#16185 = ORIENTED_EDGE('',*,*,#16186,.F.);
#16186 = EDGE_CURVE('',#10842,#4761,#16187,.T.);
#16187 = SEAM_CURVE('',#16188,(#16192,#16199),.PCURVE_S1.);
#16188 = LINE('',#16189,#16190);
#16189 = CARTESIAN_POINT('',(-40.55,127.,6.));
#16190 = VECTOR('',#16191,1.);
#16191 = DIRECTION('',(0.,0.,-1.));
#16192 = PCURVE('',#4781,#16193);
#16193 = DEFINITIONAL_REPRESENTATION('',(#16194),#16198);
#16194 = LINE('',#16195,#16196);
#16195 = CARTESIAN_POINT('',(6.28318530718,-0.));
#16196 = VECTOR('',#16197,1.);
#16197 = DIRECTION('',(0.,1.));
#16198 = ( GEOMETRIC_REPRESENTATION_CONTEXT(2) 
PARAMETRIC_REPRESENTATION_CONTEXT() REPRESENTATION_CONTEXT('2D SPACE',''
  ) );
#16199 = PCURVE('',#4781,#16200);
#16200 = DEFINITIONAL_REPRESENTATION('',(#16201),#16205);
#16201 = LINE('',#16202,#16203);
#16202 = CARTESIAN_POINT('',(0.,-0.));
#16203 = VECTOR('',#16204,1.);
#16204 = DIRECTION('',(0.,1.));
#16205 = ( GEOMETRIC_REPRESENTATION_CONTEXT(2) 
PARAMETRIC_REPRESENTATION_CONTEXT() REPRESENTATION_CONTEXT('2D SPACE',''
  ) );
#16206 = ORIENTED_EDGE('',*,*,#10841,.T.);
#16207 = ORIENTED_EDGE('',*,*,#16186,.T.);
#16208 = ADVANCED_FACE('',(#16209),#4816,.F.);
#16209 = FACE_BOUND('',#16210,.F.);
#16210 = EDGE_LOOP('',(#16211,#16212,#16233,#16234));
#16211 = ORIENTED_EDGE('',*,*,#4795,.F.);
#16212 = ORIENTED_EDGE('',*,*,#16213,.F.);
#16213 = EDGE_CURVE('',#10872,#4796,#16214,.T.);
#16214 = SEAM_CURVE('',#16215,(#16219,#16226),.PCURVE_S1.);
#16215 = LINE('',#16216,#16217);
#16216 = CARTESIAN_POINT('',(-27.85,114.3,6.));
#16217 = VECTOR('',#16218,1.);
#16218 = DIRECTION('',(0.,0.,-1.));
#16219 = PCURVE('',#4816,#16220);
#16220 = DEFINITIONAL_REPRESENTATION('',(#16221),#16225);
#16221 = LINE('',#16222,#16223);
#16222 = CARTESIAN_POINT('',(6.28318530718,-0.));
#16223 = VECTOR('',#16224,1.);
#16224 = DIRECTION('',(0.,1.));
#16225 = ( GEOMETRIC_REPRESENTATION_CONTEXT(2) 
PARAMETRIC_REPRESENTATION_CONTEXT() REPRESENTATION_CONTEXT('2D SPACE',''
  ) );
#16226 = PCURVE('',#4816,#16227);
#16227 = DEFINITIONAL_REPRESENTATION('',(#16228),#16232);
#16228 = LINE('',#16229,#16230);
#16229 = CARTESIAN_POINT('',(0.,-0.));
#16230 = VECTOR('',#16231,1.);
#16231 = DIRECTION('',(0.,1.));
#16232 = ( GEOMETRIC_REPRESENTATION_CONTEXT(2) 
PARAMETRIC_REPRESENTATION_CONTEXT() REPRESENTATION_CONTEXT('2D SPACE',''
  ) );
#16233 = ORIENTED_EDGE('',*,*,#10871,.T.);
#16234 = ORIENTED_EDGE('',*,*,#16213,.T.);
#16235 = ADVANCED_FACE('',(#16236),#4851,.F.);
#16236 = FACE_BOUND('',#16237,.F.);
#16237 = EDGE_LOOP('',(#16238,#16239,#16260,#16261));
#16238 = ORIENTED_EDGE('',*,*,#4830,.F.);
#16239 = ORIENTED_EDGE('',*,*,#16240,.F.);
#16240 = EDGE_CURVE('',#10902,#4831,#16241,.T.);
#16241 = SEAM_CURVE('',#16242,(#16246,#16253),.PCURVE_S1.);
#16242 = LINE('',#16243,#16244);
#16243 = CARTESIAN_POINT('',(-27.85,127.,6.));
#16244 = VECTOR('',#16245,1.);
#16245 = DIRECTION('',(0.,0.,-1.));
#16246 = PCURVE('',#4851,#16247);
#16247 = DEFINITIONAL_REPRESENTATION('',(#16248),#16252);
#16248 = LINE('',#16249,#16250);
#16249 = CARTESIAN_POINT('',(6.28318530718,-0.));
#16250 = VECTOR('',#16251,1.);
#16251 = DIRECTION('',(0.,1.));
#16252 = ( GEOMETRIC_REPRESENTATION_CONTEXT(2) 
PARAMETRIC_REPRESENTATION_CONTEXT() REPRESENTATION_CONTEXT('2D SPACE',''
  ) );
#16253 = PCURVE('',#4851,#16254);
#16254 = DEFINITIONAL_REPRESENTATION('',(#16255),#16259);
#16255 = LINE('',#16256,#16257);
#16256 = CARTESIAN_POINT('',(0.,-0.));
#16257 = VECTOR('',#16258,1.);
#16258 = DIRECTION('',(0.,1.));
#16259 = ( GEOMETRIC_REPRESENTATION_CONTEXT(2) 
PARAMETRIC_REPRESENTATION_CONTEXT() REPRESENTATION_CONTEXT('2D SPACE',''
  ) );
#16260 = ORIENTED_EDGE('',*,*,#10901,.T.);
#16261 = ORIENTED_EDGE('',*,*,#16240,.T.);
#16262 = ADVANCED_FACE('',(#16263),#4886,.F.);
#16263 = FACE_BOUND('',#16264,.F.);
#16264 = EDGE_LOOP('',(#16265,#16266,#16287,#16288));
#16265 = ORIENTED_EDGE('',*,*,#4865,.F.);
#16266 = ORIENTED_EDGE('',*,*,#16267,.F.);
#16267 = EDGE_CURVE('',#10932,#4866,#16268,.T.);
#16268 = SEAM_CURVE('',#16269,(#16273,#16280),.PCURVE_S1.);
#16269 = LINE('',#16270,#16271);
#16270 = CARTESIAN_POINT('',(-15.15,101.6,6.));
#16271 = VECTOR('',#16272,1.);
#16272 = DIRECTION('',(0.,0.,-1.));
#16273 = PCURVE('',#4886,#16274);
#16274 = DEFINITIONAL_REPRESENTATION('',(#16275),#16279);
#16275 = LINE('',#16276,#16277);
#16276 = CARTESIAN_POINT('',(6.28318530718,-0.));
#16277 = VECTOR('',#16278,1.);
#16278 = DIRECTION('',(0.,1.));
#16279 = ( GEOMETRIC_REPRESENTATION_CONTEXT(2) 
PARAMETRIC_REPRESENTATION_CONTEXT() REPRESENTATION_CONTEXT('2D SPACE',''
  ) );
#16280 = PCURVE('',#4886,#16281);
#16281 = DEFINITIONAL_REPRESENTATION('',(#16282),#16286);
#16282 = LINE('',#16283,#16284);
#16283 = CARTESIAN_POINT('',(0.,-0.));
#16284 = VECTOR('',#16285,1.);
#16285 = DIRECTION('',(0.,1.));
#16286 = ( GEOMETRIC_REPRESENTATION_CONTEXT(2) 
PARAMETRIC_REPRESENTATION_CONTEXT() REPRESENTATION_CONTEXT('2D SPACE',''
  ) );
#16287 = ORIENTED_EDGE('',*,*,#10931,.T.);
#16288 = ORIENTED_EDGE('',*,*,#16267,.T.);
#16289 = ADVANCED_FACE('',(#16290),#4921,.F.);
#16290 = FACE_BOUND('',#16291,.F.);
#16291 = EDGE_LOOP('',(#16292,#16293,#16314,#16315));
#16292 = ORIENTED_EDGE('',*,*,#4900,.F.);
#16293 = ORIENTED_EDGE('',*,*,#16294,.F.);
#16294 = EDGE_CURVE('',#10962,#4901,#16295,.T.);
#16295 = SEAM_CURVE('',#16296,(#16300,#16307),.PCURVE_S1.);
#16296 = LINE('',#16297,#16298);
#16297 = CARTESIAN_POINT('',(-15.15,114.3,6.));
#16298 = VECTOR('',#16299,1.);
#16299 = DIRECTION('',(0.,0.,-1.));
#16300 = PCURVE('',#4921,#16301);
#16301 = DEFINITIONAL_REPRESENTATION('',(#16302),#16306);
#16302 = LINE('',#16303,#16304);
#16303 = CARTESIAN_POINT('',(6.28318530718,-0.));
#16304 = VECTOR('',#16305,1.);
#16305 = DIRECTION('',(0.,1.));
#16306 = ( GEOMETRIC_REPRESENTATION_CONTEXT(2) 
PARAMETRIC_REPRESENTATION_CONTEXT() REPRESENTATION_CONTEXT('2D SPACE',''
  ) );
#16307 = PCURVE('',#4921,#16308);
#16308 = DEFINITIONAL_REPRESENTATION('',(#16309),#16313);
#16309 = LINE('',#16310,#16311);
#16310 = CARTESIAN_POINT('',(0.,-0.));
#16311 = VECTOR('',#16312,1.);
#16312 = DIRECTION('',(0.,1.));
#16313 = ( GEOMETRIC_REPRESENTATION_CONTEXT(2) 
PARAMETRIC_REPRESENTATION_CONTEXT() REPRESENTATION_CONTEXT('2D SPACE',''
  ) );
#16314 = ORIENTED_EDGE('',*,*,#10961,.T.);
#16315 = ORIENTED_EDGE('',*,*,#16294,.T.);
#16316 = ADVANCED_FACE('',(#16317),#4956,.F.);
#16317 = FACE_BOUND('',#16318,.F.);
#16318 = EDGE_LOOP('',(#16319,#16320,#16341,#16342));
#16319 = ORIENTED_EDGE('',*,*,#4935,.F.);
#16320 = ORIENTED_EDGE('',*,*,#16321,.F.);
#16321 = EDGE_CURVE('',#10992,#4936,#16322,.T.);
#16322 = SEAM_CURVE('',#16323,(#16327,#16334),.PCURVE_S1.);
#16323 = LINE('',#16324,#16325);
#16324 = CARTESIAN_POINT('',(-15.15,127.,6.));
#16325 = VECTOR('',#16326,1.);
#16326 = DIRECTION('',(0.,0.,-1.));
#16327 = PCURVE('',#4956,#16328);
#16328 = DEFINITIONAL_REPRESENTATION('',(#16329),#16333);
#16329 = LINE('',#16330,#16331);
#16330 = CARTESIAN_POINT('',(6.28318530718,-0.));
#16331 = VECTOR('',#16332,1.);
#16332 = DIRECTION('',(0.,1.));
#16333 = ( GEOMETRIC_REPRESENTATION_CONTEXT(2) 
PARAMETRIC_REPRESENTATION_CONTEXT() REPRESENTATION_CONTEXT('2D SPACE',''
  ) );
#16334 = PCURVE('',#4956,#16335);
#16335 = DEFINITIONAL_REPRESENTATION('',(#16336),#16340);
#16336 = LINE('',#16337,#16338);
#16337 = CARTESIAN_POINT('',(0.,-0.));
#16338 = VECTOR('',#16339,1.);
#16339 = DIRECTION('',(0.,1.));
#16340 = ( GEOMETRIC_REPRESENTATION_CONTEXT(2) 
PARAMETRIC_REPRESENTATION_CONTEXT() REPRESENTATION_CONTEXT('2D SPACE',''
  ) );
#16341 = ORIENTED_EDGE('',*,*,#10991,.T.);
#16342 = ORIENTED_EDGE('',*,*,#16321,.T.);
#16343 = ADVANCED_FACE('',(#16344),#4989,.F.);
#16344 = FACE_BOUND('',#16345,.T.);
#16345 = EDGE_LOOP('',(#16346,#16347,#16368,#16369));
#16346 = ORIENTED_EDGE('',*,*,#11021,.T.);
#16347 = ORIENTED_EDGE('',*,*,#16348,.T.);
#16348 = EDGE_CURVE('',#11024,#4973,#16349,.T.);
#16349 = SURFACE_CURVE('',#16350,(#16354,#16361),.PCURVE_S1.);
#16350 = LINE('',#16351,#16352);
#16351 = CARTESIAN_POINT('',(45.,-30.,290.0000002));
#16352 = VECTOR('',#16353,1.);
#16353 = DIRECTION('',(0.,0.,-1.));
#16354 = PCURVE('',#4989,#16355);
#16355 = DEFINITIONAL_REPRESENTATION('',(#16356),#16360);
#16356 = LINE('',#16357,#16358);
#16357 = CARTESIAN_POINT('',(-0.,0.));
#16358 = VECTOR('',#16359,1.);
#16359 = DIRECTION('',(-0.,-1.));
#16360 = ( GEOMETRIC_REPRESENTATION_CONTEXT(2) 
PARAMETRIC_REPRESENTATION_CONTEXT() REPRESENTATION_CONTEXT('2D SPACE',''
  ) );
#16361 = PCURVE('',#5069,#16362);
#16362 = DEFINITIONAL_REPRESENTATION('',(#16363),#16367);
#16363 = LINE('',#16364,#16365);
#16364 = CARTESIAN_POINT('',(60.,0.));
#16365 = VECTOR('',#16366,1.);
#16366 = DIRECTION('',(0.,-1.));
#16367 = ( GEOMETRIC_REPRESENTATION_CONTEXT(2) 
PARAMETRIC_REPRESENTATION_CONTEXT() REPRESENTATION_CONTEXT('2D SPACE',''
  ) );
#16368 = ORIENTED_EDGE('',*,*,#4970,.F.);
#16369 = ORIENTED_EDGE('',*,*,#16370,.F.);
#16370 = EDGE_CURVE('',#11022,#4971,#16371,.T.);
#16371 = SURFACE_CURVE('',#16372,(#16376,#16383),.PCURVE_S1.);
#16372 = LINE('',#16373,#16374);
#16373 = CARTESIAN_POINT('',(-45.,-30.,290.0000002));
#16374 = VECTOR('',#16375,1.);
#16375 = DIRECTION('',(0.,0.,-1.));
#16376 = PCURVE('',#4989,#16377);
#16377 = DEFINITIONAL_REPRESENTATION('',(#16378),#16382);
#16378 = LINE('',#16379,#16380);
#16379 = CARTESIAN_POINT('',(-3.14159265359,0.));
#16380 = VECTOR('',#16381,1.);
#16381 = DIRECTION('',(-0.,-1.));
#16382 = ( GEOMETRIC_REPRESENTATION_CONTEXT(2) 
PARAMETRIC_REPRESENTATION_CONTEXT() REPRESENTATION_CONTEXT('2D SPACE',''
  ) );
#16383 = PCURVE('',#5016,#16384);
#16384 = DEFINITIONAL_REPRESENTATION('',(#16385),#16389);
#16385 = LINE('',#16386,#16387);
#16386 = CARTESIAN_POINT('',(-3.552713678801E-15,-0.));
#16387 = VECTOR('',#16388,1.);
#16388 = DIRECTION('',(0.,-1.));
#16389 = ( GEOMETRIC_REPRESENTATION_CONTEXT(2) 
PARAMETRIC_REPRESENTATION_CONTEXT() REPRESENTATION_CONTEXT('2D SPACE',''
  ) );
#16390 = ADVANCED_FACE('',(#16391),#5016,.T.);
#16391 = FACE_BOUND('',#16392,.T.);
#16392 = EDGE_LOOP('',(#16393,#16394,#16395,#16396));
#16393 = ORIENTED_EDGE('',*,*,#11047,.F.);
#16394 = ORIENTED_EDGE('',*,*,#16370,.T.);
#16395 = ORIENTED_EDGE('',*,*,#5001,.T.);
#16396 = ORIENTED_EDGE('',*,*,#16397,.F.);
#16397 = EDGE_CURVE('',#11048,#5002,#16398,.T.);
#16398 = SURFACE_CURVE('',#16399,(#16403,#16410),.PCURVE_S1.);
#16399 = LINE('',#16400,#16401);
#16400 = CARTESIAN_POINT('',(-45.,30.,290.0000002));
#16401 = VECTOR('',#16402,1.);
#16402 = DIRECTION('',(0.,0.,-1.));
#16403 = PCURVE('',#5016,#16404);
#16404 = DEFINITIONAL_REPRESENTATION('',(#16405),#16409);
#16405 = LINE('',#16406,#16407);
#16406 = CARTESIAN_POINT('',(60.,0.));
#16407 = VECTOR('',#16408,1.);
#16408 = DIRECTION('',(0.,-1.));
#16409 = ( GEOMETRIC_REPRESENTATION_CONTEXT(2) 
PARAMETRIC_REPRESENTATION_CONTEXT() REPRESENTATION_CONTEXT('2D SPACE',''
  ) );
#16410 = PCURVE('',#5044,#16411);
#16411 = DEFINITIONAL_REPRESENTATION('',(#16412),#16416);
#16412 = LINE('',#16413,#16414);
#16413 = CARTESIAN_POINT('',(-0.,0.));
#16414 = VECTOR('',#16415,1.);
#16415 = DIRECTION('',(-0.,-1.));
#16416 = ( GEOMETRIC_REPRESENTATION_CONTEXT(2) 
PARAMETRIC_REPRESENTATION_CONTEXT() REPRESENTATION_CONTEXT('2D SPACE',''
  ) );
#16417 = ADVANCED_FACE('',(#16418),#5069,.T.);
#16418 = FACE_BOUND('',#16419,.T.);
#16419 = EDGE_LOOP('',(#16420,#16421,#16442,#16443));
#16420 = ORIENTED_EDGE('',*,*,#11092,.F.);
#16421 = ORIENTED_EDGE('',*,*,#16422,.T.);
#16422 = EDGE_CURVE('',#11069,#5028,#16423,.T.);
#16423 = SURFACE_CURVE('',#16424,(#16428,#16435),.PCURVE_S1.);
#16424 = LINE('',#16425,#16426);
#16425 = CARTESIAN_POINT('',(45.,30.,290.0000002));
#16426 = VECTOR('',#16427,1.);
#16427 = DIRECTION('',(0.,0.,-1.));
#16428 = PCURVE('',#5069,#16429);
#16429 = DEFINITIONAL_REPRESENTATION('',(#16430),#16434);
#16430 = LINE('',#16431,#16432);
#16431 = CARTESIAN_POINT('',(-3.552713678801E-15,0.));
#16432 = VECTOR('',#16433,1.);
#16433 = DIRECTION('',(0.,-1.));
#16434 = ( GEOMETRIC_REPRESENTATION_CONTEXT(2) 
PARAMETRIC_REPRESENTATION_CONTEXT() REPRESENTATION_CONTEXT('2D SPACE',''
  ) );
#16435 = PCURVE('',#5044,#16436);
#16436 = DEFINITIONAL_REPRESENTATION('',(#16437),#16441);
#16437 = LINE('',#16438,#16439);
#16438 = CARTESIAN_POINT('',(-3.14159265359,0.));
#16439 = VECTOR('',#16440,1.);
#16440 = DIRECTION('',(-0.,-1.));
#16441 = ( GEOMETRIC_REPRESENTATION_CONTEXT(2) 
PARAMETRIC_REPRESENTATION_CONTEXT() REPRESENTATION_CONTEXT('2D SPACE',''
  ) );
#16442 = ORIENTED_EDGE('',*,*,#5056,.T.);
#16443 = ORIENTED_EDGE('',*,*,#16348,.F.);
#16444 = ADVANCED_FACE('',(#16445),#5044,.F.);
#16445 = FACE_BOUND('',#16446,.T.);
#16446 = EDGE_LOOP('',(#16447,#16448,#16449,#16450));
#16447 = ORIENTED_EDGE('',*,*,#11068,.T.);
#16448 = ORIENTED_EDGE('',*,*,#16397,.T.);
#16449 = ORIENTED_EDGE('',*,*,#5027,.F.);
#16450 = ORIENTED_EDGE('',*,*,#16422,.F.);
#16451 = ADVANCED_FACE('',(#16452),#5103,.F.);
#16452 = FACE_BOUND('',#16453,.F.);
#16453 = EDGE_LOOP('',(#16454,#16455,#16476,#16477));
#16454 = ORIENTED_EDGE('',*,*,#5082,.F.);
#16455 = ORIENTED_EDGE('',*,*,#16456,.F.);
#16456 = EDGE_CURVE('',#11114,#5083,#16457,.T.);
#16457 = SEAM_CURVE('',#16458,(#16462,#16469),.PCURVE_S1.);
#16458 = LINE('',#16459,#16460);
#16459 = CARTESIAN_POINT('',(61.05,-6.000769315822E-16,6.));
#16460 = VECTOR('',#16461,1.);
#16461 = DIRECTION('',(0.,0.,-1.));
#16462 = PCURVE('',#5103,#16463);
#16463 = DEFINITIONAL_REPRESENTATION('',(#16464),#16468);
#16464 = LINE('',#16465,#16466);
#16465 = CARTESIAN_POINT('',(6.28318530718,-0.));
#16466 = VECTOR('',#16467,1.);
#16467 = DIRECTION('',(0.,1.));
#16468 = ( GEOMETRIC_REPRESENTATION_CONTEXT(2) 
PARAMETRIC_REPRESENTATION_CONTEXT() REPRESENTATION_CONTEXT('2D SPACE',''
  ) );
#16469 = PCURVE('',#5103,#16470);
#16470 = DEFINITIONAL_REPRESENTATION('',(#16471),#16475);
#16471 = LINE('',#16472,#16473);
#16472 = CARTESIAN_POINT('',(0.,-0.));
#16473 = VECTOR('',#16474,1.);
#16474 = DIRECTION('',(0.,1.));
#16475 = ( GEOMETRIC_REPRESENTATION_CONTEXT(2) 
PARAMETRIC_REPRESENTATION_CONTEXT() REPRESENTATION_CONTEXT('2D SPACE',''
  ) );
#16476 = ORIENTED_EDGE('',*,*,#11113,.T.);
#16477 = ORIENTED_EDGE('',*,*,#16456,.T.);
#16478 = ADVANCED_FACE('',(#16479),#5138,.F.);
#16479 = FACE_BOUND('',#16480,.F.);
#16480 = EDGE_LOOP('',(#16481,#16482,#16503,#16504));
#16481 = ORIENTED_EDGE('',*,*,#5117,.F.);
#16482 = ORIENTED_EDGE('',*,*,#16483,.F.);
#16483 = EDGE_CURVE('',#11144,#5118,#16484,.T.);
#16484 = SEAM_CURVE('',#16485,(#16489,#16496),.PCURVE_S1.);
#16485 = LINE('',#16486,#16487);
#16486 = CARTESIAN_POINT('',(61.05,12.7,6.));
#16487 = VECTOR('',#16488,1.);
#16488 = DIRECTION('',(0.,0.,-1.));
#16489 = PCURVE('',#5138,#16490);
#16490 = DEFINITIONAL_REPRESENTATION('',(#16491),#16495);
#16491 = LINE('',#16492,#16493);
#16492 = CARTESIAN_POINT('',(6.28318530718,-0.));
#16493 = VECTOR('',#16494,1.);
#16494 = DIRECTION('',(0.,1.));
#16495 = ( GEOMETRIC_REPRESENTATION_CONTEXT(2) 
PARAMETRIC_REPRESENTATION_CONTEXT() REPRESENTATION_CONTEXT('2D SPACE',''
  ) );
#16496 = PCURVE('',#5138,#16497);
#16497 = DEFINITIONAL_REPRESENTATION('',(#16498),#16502);
#16498 = LINE('',#16499,#16500);
#16499 = CARTESIAN_POINT('',(0.,-0.));
#16500 = VECTOR('',#16501,1.);
#16501 = DIRECTION('',(0.,1.));
#16502 = ( GEOMETRIC_REPRESENTATION_CONTEXT(2) 
PARAMETRIC_REPRESENTATION_CONTEXT() REPRESENTATION_CONTEXT('2D SPACE',''
  ) );
#16503 = ORIENTED_EDGE('',*,*,#11143,.T.);
#16504 = ORIENTED_EDGE('',*,*,#16483,.T.);
#16505 = ADVANCED_FACE('',(#16506),#5173,.F.);
#16506 = FACE_BOUND('',#16507,.F.);
#16507 = EDGE_LOOP('',(#16508,#16509,#16530,#16531));
#16508 = ORIENTED_EDGE('',*,*,#5152,.F.);
#16509 = ORIENTED_EDGE('',*,*,#16510,.F.);
#16510 = EDGE_CURVE('',#11174,#5153,#16511,.T.);
#16511 = SEAM_CURVE('',#16512,(#16516,#16523),.PCURVE_S1.);
#16512 = LINE('',#16513,#16514);
#16513 = CARTESIAN_POINT('',(61.05,25.4,6.));
#16514 = VECTOR('',#16515,1.);
#16515 = DIRECTION('',(0.,0.,-1.));
#16516 = PCURVE('',#5173,#16517);
#16517 = DEFINITIONAL_REPRESENTATION('',(#16518),#16522);
#16518 = LINE('',#16519,#16520);
#16519 = CARTESIAN_POINT('',(6.28318530718,-0.));
#16520 = VECTOR('',#16521,1.);
#16521 = DIRECTION('',(0.,1.));
#16522 = ( GEOMETRIC_REPRESENTATION_CONTEXT(2) 
PARAMETRIC_REPRESENTATION_CONTEXT() REPRESENTATION_CONTEXT('2D SPACE',''
  ) );
#16523 = PCURVE('',#5173,#16524);
#16524 = DEFINITIONAL_REPRESENTATION('',(#16525),#16529);
#16525 = LINE('',#16526,#16527);
#16526 = CARTESIAN_POINT('',(0.,-0.));
#16527 = VECTOR('',#16528,1.);
#16528 = DIRECTION('',(0.,1.));
#16529 = ( GEOMETRIC_REPRESENTATION_CONTEXT(2) 
PARAMETRIC_REPRESENTATION_CONTEXT() REPRESENTATION_CONTEXT('2D SPACE',''
  ) );
#16530 = ORIENTED_EDGE('',*,*,#11173,.T.);
#16531 = ORIENTED_EDGE('',*,*,#16510,.T.);
#16532 = ADVANCED_FACE('',(#16533),#5208,.F.);
#16533 = FACE_BOUND('',#16534,.F.);
#16534 = EDGE_LOOP('',(#16535,#16536,#16557,#16558));
#16535 = ORIENTED_EDGE('',*,*,#5187,.F.);
#16536 = ORIENTED_EDGE('',*,*,#16537,.F.);
#16537 = EDGE_CURVE('',#11204,#5188,#16538,.T.);
#16538 = SEAM_CURVE('',#16539,(#16543,#16550),.PCURVE_S1.);
#16539 = LINE('',#16540,#16541);
#16540 = CARTESIAN_POINT('',(73.75,-6.000769315822E-16,6.));
#16541 = VECTOR('',#16542,1.);
#16542 = DIRECTION('',(0.,0.,-1.));
#16543 = PCURVE('',#5208,#16544);
#16544 = DEFINITIONAL_REPRESENTATION('',(#16545),#16549);
#16545 = LINE('',#16546,#16547);
#16546 = CARTESIAN_POINT('',(6.28318530718,-0.));
#16547 = VECTOR('',#16548,1.);
#16548 = DIRECTION('',(0.,1.));
#16549 = ( GEOMETRIC_REPRESENTATION_CONTEXT(2) 
PARAMETRIC_REPRESENTATION_CONTEXT() REPRESENTATION_CONTEXT('2D SPACE',''
  ) );
#16550 = PCURVE('',#5208,#16551);
#16551 = DEFINITIONAL_REPRESENTATION('',(#16552),#16556);
#16552 = LINE('',#16553,#16554);
#16553 = CARTESIAN_POINT('',(0.,-0.));
#16554 = VECTOR('',#16555,1.);
#16555 = DIRECTION('',(0.,1.));
#16556 = ( GEOMETRIC_REPRESENTATION_CONTEXT(2) 
PARAMETRIC_REPRESENTATION_CONTEXT() REPRESENTATION_CONTEXT('2D SPACE',''
  ) );
#16557 = ORIENTED_EDGE('',*,*,#11203,.T.);
#16558 = ORIENTED_EDGE('',*,*,#16537,.T.);
#16559 = ADVANCED_FACE('',(#16560),#5243,.F.);
#16560 = FACE_BOUND('',#16561,.F.);
#16561 = EDGE_LOOP('',(#16562,#16563,#16584,#16585));
#16562 = ORIENTED_EDGE('',*,*,#5222,.F.);
#16563 = ORIENTED_EDGE('',*,*,#16564,.F.);
#16564 = EDGE_CURVE('',#11234,#5223,#16565,.T.);
#16565 = SEAM_CURVE('',#16566,(#16570,#16577),.PCURVE_S1.);
#16566 = LINE('',#16567,#16568);
#16567 = CARTESIAN_POINT('',(73.75,12.7,6.));
#16568 = VECTOR('',#16569,1.);
#16569 = DIRECTION('',(0.,0.,-1.));
#16570 = PCURVE('',#5243,#16571);
#16571 = DEFINITIONAL_REPRESENTATION('',(#16572),#16576);
#16572 = LINE('',#16573,#16574);
#16573 = CARTESIAN_POINT('',(6.28318530718,-0.));
#16574 = VECTOR('',#16575,1.);
#16575 = DIRECTION('',(0.,1.));
#16576 = ( GEOMETRIC_REPRESENTATION_CONTEXT(2) 
PARAMETRIC_REPRESENTATION_CONTEXT() REPRESENTATION_CONTEXT('2D SPACE',''
  ) );
#16577 = PCURVE('',#5243,#16578);
#16578 = DEFINITIONAL_REPRESENTATION('',(#16579),#16583);
#16579 = LINE('',#16580,#16581);
#16580 = CARTESIAN_POINT('',(0.,-0.));
#16581 = VECTOR('',#16582,1.);
#16582 = DIRECTION('',(0.,1.));
#16583 = ( GEOMETRIC_REPRESENTATION_CONTEXT(2) 
PARAMETRIC_REPRESENTATION_CONTEXT() REPRESENTATION_CONTEXT('2D SPACE',''
  ) );
#16584 = ORIENTED_EDGE('',*,*,#11233,.T.);
#16585 = ORIENTED_EDGE('',*,*,#16564,.T.);
#16586 = ADVANCED_FACE('',(#16587),#5278,.F.);
#16587 = FACE_BOUND('',#16588,.F.);
#16588 = EDGE_LOOP('',(#16589,#16590,#16611,#16612));
#16589 = ORIENTED_EDGE('',*,*,#5257,.F.);
#16590 = ORIENTED_EDGE('',*,*,#16591,.F.);
#16591 = EDGE_CURVE('',#11264,#5258,#16592,.T.);
#16592 = SEAM_CURVE('',#16593,(#16597,#16604),.PCURVE_S1.);
#16593 = LINE('',#16594,#16595);
#16594 = CARTESIAN_POINT('',(86.45,-6.000769315822E-16,6.));
#16595 = VECTOR('',#16596,1.);
#16596 = DIRECTION('',(0.,0.,-1.));
#16597 = PCURVE('',#5278,#16598);
#16598 = DEFINITIONAL_REPRESENTATION('',(#16599),#16603);
#16599 = LINE('',#16600,#16601);
#16600 = CARTESIAN_POINT('',(6.28318530718,-0.));
#16601 = VECTOR('',#16602,1.);
#16602 = DIRECTION('',(0.,1.));
#16603 = ( GEOMETRIC_REPRESENTATION_CONTEXT(2) 
PARAMETRIC_REPRESENTATION_CONTEXT() REPRESENTATION_CONTEXT('2D SPACE',''
  ) );
#16604 = PCURVE('',#5278,#16605);
#16605 = DEFINITIONAL_REPRESENTATION('',(#16606),#16610);
#16606 = LINE('',#16607,#16608);
#16607 = CARTESIAN_POINT('',(0.,-0.));
#16608 = VECTOR('',#16609,1.);
#16609 = DIRECTION('',(0.,1.));
#16610 = ( GEOMETRIC_REPRESENTATION_CONTEXT(2) 
PARAMETRIC_REPRESENTATION_CONTEXT() REPRESENTATION_CONTEXT('2D SPACE',''
  ) );
#16611 = ORIENTED_EDGE('',*,*,#11263,.T.);
#16612 = ORIENTED_EDGE('',*,*,#16591,.T.);
#16613 = ADVANCED_FACE('',(#16614),#5313,.F.);
#16614 = FACE_BOUND('',#16615,.F.);
#16615 = EDGE_LOOP('',(#16616,#16617,#16638,#16639));
#16616 = ORIENTED_EDGE('',*,*,#5292,.F.);
#16617 = ORIENTED_EDGE('',*,*,#16618,.F.);
#16618 = EDGE_CURVE('',#11294,#5293,#16619,.T.);
#16619 = SEAM_CURVE('',#16620,(#16624,#16631),.PCURVE_S1.);
#16620 = LINE('',#16621,#16622);
#16621 = CARTESIAN_POINT('',(86.45,12.7,6.));
#16622 = VECTOR('',#16623,1.);
#16623 = DIRECTION('',(0.,0.,-1.));
#16624 = PCURVE('',#5313,#16625);
#16625 = DEFINITIONAL_REPRESENTATION('',(#16626),#16630);
#16626 = LINE('',#16627,#16628);
#16627 = CARTESIAN_POINT('',(6.28318530718,-0.));
#16628 = VECTOR('',#16629,1.);
#16629 = DIRECTION('',(0.,1.));
#16630 = ( GEOMETRIC_REPRESENTATION_CONTEXT(2) 
PARAMETRIC_REPRESENTATION_CONTEXT() REPRESENTATION_CONTEXT('2D SPACE',''
  ) );
#16631 = PCURVE('',#5313,#16632);
#16632 = DEFINITIONAL_REPRESENTATION('',(#16633),#16637);
#16633 = LINE('',#16634,#16635);
#16634 = CARTESIAN_POINT('',(0.,-0.));
#16635 = VECTOR('',#16636,1.);
#16636 = DIRECTION('',(0.,1.));
#16637 = ( GEOMETRIC_REPRESENTATION_CONTEXT(2) 
PARAMETRIC_REPRESENTATION_CONTEXT() REPRESENTATION_CONTEXT('2D SPACE',''
  ) );
#16638 = ORIENTED_EDGE('',*,*,#11293,.T.);
#16639 = ORIENTED_EDGE('',*,*,#16618,.T.);
#16640 = ADVANCED_FACE('',(#16641),#5348,.F.);
#16641 = FACE_BOUND('',#16642,.F.);
#16642 = EDGE_LOOP('',(#16643,#16644,#16665,#16666));
#16643 = ORIENTED_EDGE('',*,*,#5327,.F.);
#16644 = ORIENTED_EDGE('',*,*,#16645,.F.);
#16645 = EDGE_CURVE('',#11324,#5328,#16646,.T.);
#16646 = SEAM_CURVE('',#16647,(#16651,#16658),.PCURVE_S1.);
#16647 = LINE('',#16648,#16649);
#16648 = CARTESIAN_POINT('',(73.75,25.4,6.));
#16649 = VECTOR('',#16650,1.);
#16650 = DIRECTION('',(0.,0.,-1.));
#16651 = PCURVE('',#5348,#16652);
#16652 = DEFINITIONAL_REPRESENTATION('',(#16653),#16657);
#16653 = LINE('',#16654,#16655);
#16654 = CARTESIAN_POINT('',(6.28318530718,-0.));
#16655 = VECTOR('',#16656,1.);
#16656 = DIRECTION('',(0.,1.));
#16657 = ( GEOMETRIC_REPRESENTATION_CONTEXT(2) 
PARAMETRIC_REPRESENTATION_CONTEXT() REPRESENTATION_CONTEXT('2D SPACE',''
  ) );
#16658 = PCURVE('',#5348,#16659);
#16659 = DEFINITIONAL_REPRESENTATION('',(#16660),#16664);
#16660 = LINE('',#16661,#16662);
#16661 = CARTESIAN_POINT('',(0.,-0.));
#16662 = VECTOR('',#16663,1.);
#16663 = DIRECTION('',(0.,1.));
#16664 = ( GEOMETRIC_REPRESENTATION_CONTEXT(2) 
PARAMETRIC_REPRESENTATION_CONTEXT() REPRESENTATION_CONTEXT('2D SPACE',''
  ) );
#16665 = ORIENTED_EDGE('',*,*,#11323,.T.);
#16666 = ORIENTED_EDGE('',*,*,#16645,.T.);
#16667 = ADVANCED_FACE('',(#16668),#5383,.F.);
#16668 = FACE_BOUND('',#16669,.F.);
#16669 = EDGE_LOOP('',(#16670,#16671,#16692,#16693));
#16670 = ORIENTED_EDGE('',*,*,#5362,.F.);
#16671 = ORIENTED_EDGE('',*,*,#16672,.F.);
#16672 = EDGE_CURVE('',#11354,#5363,#16673,.T.);
#16673 = SEAM_CURVE('',#16674,(#16678,#16685),.PCURVE_S1.);
#16674 = LINE('',#16675,#16676);
#16675 = CARTESIAN_POINT('',(86.45,25.4,6.));
#16676 = VECTOR('',#16677,1.);
#16677 = DIRECTION('',(0.,0.,-1.));
#16678 = PCURVE('',#5383,#16679);
#16679 = DEFINITIONAL_REPRESENTATION('',(#16680),#16684);
#16680 = LINE('',#16681,#16682);
#16681 = CARTESIAN_POINT('',(6.28318530718,-0.));
#16682 = VECTOR('',#16683,1.);
#16683 = DIRECTION('',(0.,1.));
#16684 = ( GEOMETRIC_REPRESENTATION_CONTEXT(2) 
PARAMETRIC_REPRESENTATION_CONTEXT() REPRESENTATION_CONTEXT('2D SPACE',''
  ) );
#16685 = PCURVE('',#5383,#16686);
#16686 = DEFINITIONAL_REPRESENTATION('',(#16687),#16691);
#16687 = LINE('',#16688,#16689);
#16688 = CARTESIAN_POINT('',(0.,-0.));
#16689 = VECTOR('',#16690,1.);
#16690 = DIRECTION('',(0.,1.));
#16691 = ( GEOMETRIC_REPRESENTATION_CONTEXT(2) 
PARAMETRIC_REPRESENTATION_CONTEXT() REPRESENTATION_CONTEXT('2D SPACE',''
  ) );
#16692 = ORIENTED_EDGE('',*,*,#11353,.T.);
#16693 = ORIENTED_EDGE('',*,*,#16672,.T.);
#16694 = ADVANCED_FACE('',(#16695),#5418,.F.);
#16695 = FACE_BOUND('',#16696,.F.);
#16696 = EDGE_LOOP('',(#16697,#16698,#16719,#16720));
#16697 = ORIENTED_EDGE('',*,*,#5397,.F.);
#16698 = ORIENTED_EDGE('',*,*,#16699,.F.);
#16699 = EDGE_CURVE('',#11384,#5398,#16700,.T.);
#16700 = SEAM_CURVE('',#16701,(#16705,#16712),.PCURVE_S1.);
#16701 = LINE('',#16702,#16703);
#16702 = CARTESIAN_POINT('',(61.05,38.1,6.));
#16703 = VECTOR('',#16704,1.);
#16704 = DIRECTION('',(0.,0.,-1.));
#16705 = PCURVE('',#5418,#16706);
#16706 = DEFINITIONAL_REPRESENTATION('',(#16707),#16711);
#16707 = LINE('',#16708,#16709);
#16708 = CARTESIAN_POINT('',(6.28318530718,-0.));
#16709 = VECTOR('',#16710,1.);
#16710 = DIRECTION('',(0.,1.));
#16711 = ( GEOMETRIC_REPRESENTATION_CONTEXT(2) 
PARAMETRIC_REPRESENTATION_CONTEXT() REPRESENTATION_CONTEXT('2D SPACE',''
  ) );
#16712 = PCURVE('',#5418,#16713);
#16713 = DEFINITIONAL_REPRESENTATION('',(#16714),#16718);
#16714 = LINE('',#16715,#16716);
#16715 = CARTESIAN_POINT('',(0.,-0.));
#16716 = VECTOR('',#16717,1.);
#16717 = DIRECTION('',(0.,1.));
#16718 = ( GEOMETRIC_REPRESENTATION_CONTEXT(2) 
PARAMETRIC_REPRESENTATION_CONTEXT() REPRESENTATION_CONTEXT('2D SPACE',''
  ) );
#16719 = ORIENTED_EDGE('',*,*,#11383,.T.);
#16720 = ORIENTED_EDGE('',*,*,#16699,.T.);
#16721 = ADVANCED_FACE('',(#16722),#5453,.F.);
#16722 = FACE_BOUND('',#16723,.F.);
#16723 = EDGE_LOOP('',(#16724,#16725,#16746,#16747));
#16724 = ORIENTED_EDGE('',*,*,#5432,.F.);
#16725 = ORIENTED_EDGE('',*,*,#16726,.F.);
#16726 = EDGE_CURVE('',#11414,#5433,#16727,.T.);
#16727 = SEAM_CURVE('',#16728,(#16732,#16739),.PCURVE_S1.);
#16728 = LINE('',#16729,#16730);
#16729 = CARTESIAN_POINT('',(61.05,50.8,6.));
#16730 = VECTOR('',#16731,1.);
#16731 = DIRECTION('',(0.,0.,-1.));
#16732 = PCURVE('',#5453,#16733);
#16733 = DEFINITIONAL_REPRESENTATION('',(#16734),#16738);
#16734 = LINE('',#16735,#16736);
#16735 = CARTESIAN_POINT('',(6.28318530718,-0.));
#16736 = VECTOR('',#16737,1.);
#16737 = DIRECTION('',(0.,1.));
#16738 = ( GEOMETRIC_REPRESENTATION_CONTEXT(2) 
PARAMETRIC_REPRESENTATION_CONTEXT() REPRESENTATION_CONTEXT('2D SPACE',''
  ) );
#16739 = PCURVE('',#5453,#16740);
#16740 = DEFINITIONAL_REPRESENTATION('',(#16741),#16745);
#16741 = LINE('',#16742,#16743);
#16742 = CARTESIAN_POINT('',(0.,-0.));
#16743 = VECTOR('',#16744,1.);
#16744 = DIRECTION('',(0.,1.));
#16745 = ( GEOMETRIC_REPRESENTATION_CONTEXT(2) 
PARAMETRIC_REPRESENTATION_CONTEXT() REPRESENTATION_CONTEXT('2D SPACE',''
  ) );
#16746 = ORIENTED_EDGE('',*,*,#11413,.T.);
#16747 = ORIENTED_EDGE('',*,*,#16726,.T.);
#16748 = ADVANCED_FACE('',(#16749),#5488,.F.);
#16749 = FACE_BOUND('',#16750,.F.);
#16750 = EDGE_LOOP('',(#16751,#16752,#16773,#16774));
#16751 = ORIENTED_EDGE('',*,*,#5467,.F.);
#16752 = ORIENTED_EDGE('',*,*,#16753,.F.);
#16753 = EDGE_CURVE('',#11444,#5468,#16754,.T.);
#16754 = SEAM_CURVE('',#16755,(#16759,#16766),.PCURVE_S1.);
#16755 = LINE('',#16756,#16757);
#16756 = CARTESIAN_POINT('',(61.05,63.5,6.));
#16757 = VECTOR('',#16758,1.);
#16758 = DIRECTION('',(0.,0.,-1.));
#16759 = PCURVE('',#5488,#16760);
#16760 = DEFINITIONAL_REPRESENTATION('',(#16761),#16765);
#16761 = LINE('',#16762,#16763);
#16762 = CARTESIAN_POINT('',(6.28318530718,-0.));
#16763 = VECTOR('',#16764,1.);
#16764 = DIRECTION('',(0.,1.));
#16765 = ( GEOMETRIC_REPRESENTATION_CONTEXT(2) 
PARAMETRIC_REPRESENTATION_CONTEXT() REPRESENTATION_CONTEXT('2D SPACE',''
  ) );
#16766 = PCURVE('',#5488,#16767);
#16767 = DEFINITIONAL_REPRESENTATION('',(#16768),#16772);
#16768 = LINE('',#16769,#16770);
#16769 = CARTESIAN_POINT('',(0.,-0.));
#16770 = VECTOR('',#16771,1.);
#16771 = DIRECTION('',(0.,1.));
#16772 = ( GEOMETRIC_REPRESENTATION_CONTEXT(2) 
PARAMETRIC_REPRESENTATION_CONTEXT() REPRESENTATION_CONTEXT('2D SPACE',''
  ) );
#16773 = ORIENTED_EDGE('',*,*,#11443,.T.);
#16774 = ORIENTED_EDGE('',*,*,#16753,.T.);
#16775 = ADVANCED_FACE('',(#16776),#5523,.F.);
#16776 = FACE_BOUND('',#16777,.F.);
#16777 = EDGE_LOOP('',(#16778,#16779,#16800,#16801));
#16778 = ORIENTED_EDGE('',*,*,#5502,.F.);
#16779 = ORIENTED_EDGE('',*,*,#16780,.F.);
#16780 = EDGE_CURVE('',#11474,#5503,#16781,.T.);
#16781 = SEAM_CURVE('',#16782,(#16786,#16793),.PCURVE_S1.);
#16782 = LINE('',#16783,#16784);
#16783 = CARTESIAN_POINT('',(73.75,38.1,6.));
#16784 = VECTOR('',#16785,1.);
#16785 = DIRECTION('',(0.,0.,-1.));
#16786 = PCURVE('',#5523,#16787);
#16787 = DEFINITIONAL_REPRESENTATION('',(#16788),#16792);
#16788 = LINE('',#16789,#16790);
#16789 = CARTESIAN_POINT('',(6.28318530718,-0.));
#16790 = VECTOR('',#16791,1.);
#16791 = DIRECTION('',(0.,1.));
#16792 = ( GEOMETRIC_REPRESENTATION_CONTEXT(2) 
PARAMETRIC_REPRESENTATION_CONTEXT() REPRESENTATION_CONTEXT('2D SPACE',''
  ) );
#16793 = PCURVE('',#5523,#16794);
#16794 = DEFINITIONAL_REPRESENTATION('',(#16795),#16799);
#16795 = LINE('',#16796,#16797);
#16796 = CARTESIAN_POINT('',(0.,-0.));
#16797 = VECTOR('',#16798,1.);
#16798 = DIRECTION('',(0.,1.));
#16799 = ( GEOMETRIC_REPRESENTATION_CONTEXT(2) 
PARAMETRIC_REPRESENTATION_CONTEXT() REPRESENTATION_CONTEXT('2D SPACE',''
  ) );
#16800 = ORIENTED_EDGE('',*,*,#11473,.T.);
#16801 = ORIENTED_EDGE('',*,*,#16780,.T.);
#16802 = ADVANCED_FACE('',(#16803),#5558,.F.);
#16803 = FACE_BOUND('',#16804,.F.);
#16804 = EDGE_LOOP('',(#16805,#16806,#16827,#16828));
#16805 = ORIENTED_EDGE('',*,*,#5537,.F.);
#16806 = ORIENTED_EDGE('',*,*,#16807,.F.);
#16807 = EDGE_CURVE('',#11504,#5538,#16808,.T.);
#16808 = SEAM_CURVE('',#16809,(#16813,#16820),.PCURVE_S1.);
#16809 = LINE('',#16810,#16811);
#16810 = CARTESIAN_POINT('',(86.45,38.1,6.));
#16811 = VECTOR('',#16812,1.);
#16812 = DIRECTION('',(0.,0.,-1.));
#16813 = PCURVE('',#5558,#16814);
#16814 = DEFINITIONAL_REPRESENTATION('',(#16815),#16819);
#16815 = LINE('',#16816,#16817);
#16816 = CARTESIAN_POINT('',(6.28318530718,-0.));
#16817 = VECTOR('',#16818,1.);
#16818 = DIRECTION('',(0.,1.));
#16819 = ( GEOMETRIC_REPRESENTATION_CONTEXT(2) 
PARAMETRIC_REPRESENTATION_CONTEXT() REPRESENTATION_CONTEXT('2D SPACE',''
  ) );
#16820 = PCURVE('',#5558,#16821);
#16821 = DEFINITIONAL_REPRESENTATION('',(#16822),#16826);
#16822 = LINE('',#16823,#16824);
#16823 = CARTESIAN_POINT('',(0.,-0.));
#16824 = VECTOR('',#16825,1.);
#16825 = DIRECTION('',(0.,1.));
#16826 = ( GEOMETRIC_REPRESENTATION_CONTEXT(2) 
PARAMETRIC_REPRESENTATION_CONTEXT() REPRESENTATION_CONTEXT('2D SPACE',''
  ) );
#16827 = ORIENTED_EDGE('',*,*,#11503,.T.);
#16828 = ORIENTED_EDGE('',*,*,#16807,.T.);
#16829 = ADVANCED_FACE('',(#16830),#5593,.F.);
#16830 = FACE_BOUND('',#16831,.F.);
#16831 = EDGE_LOOP('',(#16832,#16833,#16854,#16855));
#16832 = ORIENTED_EDGE('',*,*,#5572,.F.);
#16833 = ORIENTED_EDGE('',*,*,#16834,.F.);
#16834 = EDGE_CURVE('',#11534,#5573,#16835,.T.);
#16835 = SEAM_CURVE('',#16836,(#16840,#16847),.PCURVE_S1.);
#16836 = LINE('',#16837,#16838);
#16837 = CARTESIAN_POINT('',(73.75,50.8,6.));
#16838 = VECTOR('',#16839,1.);
#16839 = DIRECTION('',(0.,0.,-1.));
#16840 = PCURVE('',#5593,#16841);
#16841 = DEFINITIONAL_REPRESENTATION('',(#16842),#16846);
#16842 = LINE('',#16843,#16844);
#16843 = CARTESIAN_POINT('',(6.28318530718,-0.));
#16844 = VECTOR('',#16845,1.);
#16845 = DIRECTION('',(0.,1.));
#16846 = ( GEOMETRIC_REPRESENTATION_CONTEXT(2) 
PARAMETRIC_REPRESENTATION_CONTEXT() REPRESENTATION_CONTEXT('2D SPACE',''
  ) );
#16847 = PCURVE('',#5593,#16848);
#16848 = DEFINITIONAL_REPRESENTATION('',(#16849),#16853);
#16849 = LINE('',#16850,#16851);
#16850 = CARTESIAN_POINT('',(0.,-0.));
#16851 = VECTOR('',#16852,1.);
#16852 = DIRECTION('',(0.,1.));
#16853 = ( GEOMETRIC_REPRESENTATION_CONTEXT(2) 
PARAMETRIC_REPRESENTATION_CONTEXT() REPRESENTATION_CONTEXT('2D SPACE',''
  ) );
#16854 = ORIENTED_EDGE('',*,*,#11533,.T.);
#16855 = ORIENTED_EDGE('',*,*,#16834,.T.);
#16856 = ADVANCED_FACE('',(#16857),#5628,.F.);
#16857 = FACE_BOUND('',#16858,.F.);
#16858 = EDGE_LOOP('',(#16859,#16860,#16881,#16882));
#16859 = ORIENTED_EDGE('',*,*,#5607,.F.);
#16860 = ORIENTED_EDGE('',*,*,#16861,.F.);
#16861 = EDGE_CURVE('',#11564,#5608,#16862,.T.);
#16862 = SEAM_CURVE('',#16863,(#16867,#16874),.PCURVE_S1.);
#16863 = LINE('',#16864,#16865);
#16864 = CARTESIAN_POINT('',(73.75,63.5,6.));
#16865 = VECTOR('',#16866,1.);
#16866 = DIRECTION('',(0.,0.,-1.));
#16867 = PCURVE('',#5628,#16868);
#16868 = DEFINITIONAL_REPRESENTATION('',(#16869),#16873);
#16869 = LINE('',#16870,#16871);
#16870 = CARTESIAN_POINT('',(6.28318530718,-0.));
#16871 = VECTOR('',#16872,1.);
#16872 = DIRECTION('',(0.,1.));
#16873 = ( GEOMETRIC_REPRESENTATION_CONTEXT(2) 
PARAMETRIC_REPRESENTATION_CONTEXT() REPRESENTATION_CONTEXT('2D SPACE',''
  ) );
#16874 = PCURVE('',#5628,#16875);
#16875 = DEFINITIONAL_REPRESENTATION('',(#16876),#16880);
#16876 = LINE('',#16877,#16878);
#16877 = CARTESIAN_POINT('',(0.,-0.));
#16878 = VECTOR('',#16879,1.);
#16879 = DIRECTION('',(0.,1.));
#16880 = ( GEOMETRIC_REPRESENTATION_CONTEXT(2) 
PARAMETRIC_REPRESENTATION_CONTEXT() REPRESENTATION_CONTEXT('2D SPACE',''
  ) );
#16881 = ORIENTED_EDGE('',*,*,#11563,.T.);
#16882 = ORIENTED_EDGE('',*,*,#16861,.T.);
#16883 = ADVANCED_FACE('',(#16884),#5663,.F.);
#16884 = FACE_BOUND('',#16885,.F.);
#16885 = EDGE_LOOP('',(#16886,#16887,#16908,#16909));
#16886 = ORIENTED_EDGE('',*,*,#5642,.F.);
#16887 = ORIENTED_EDGE('',*,*,#16888,.F.);
#16888 = EDGE_CURVE('',#11594,#5643,#16889,.T.);
#16889 = SEAM_CURVE('',#16890,(#16894,#16901),.PCURVE_S1.);
#16890 = LINE('',#16891,#16892);
#16891 = CARTESIAN_POINT('',(86.45,50.8,6.));
#16892 = VECTOR('',#16893,1.);
#16893 = DIRECTION('',(0.,0.,-1.));
#16894 = PCURVE('',#5663,#16895);
#16895 = DEFINITIONAL_REPRESENTATION('',(#16896),#16900);
#16896 = LINE('',#16897,#16898);
#16897 = CARTESIAN_POINT('',(6.28318530718,-0.));
#16898 = VECTOR('',#16899,1.);
#16899 = DIRECTION('',(0.,1.));
#16900 = ( GEOMETRIC_REPRESENTATION_CONTEXT(2) 
PARAMETRIC_REPRESENTATION_CONTEXT() REPRESENTATION_CONTEXT('2D SPACE',''
  ) );
#16901 = PCURVE('',#5663,#16902);
#16902 = DEFINITIONAL_REPRESENTATION('',(#16903),#16907);
#16903 = LINE('',#16904,#16905);
#16904 = CARTESIAN_POINT('',(0.,-0.));
#16905 = VECTOR('',#16906,1.);
#16906 = DIRECTION('',(0.,1.));
#16907 = ( GEOMETRIC_REPRESENTATION_CONTEXT(2) 
PARAMETRIC_REPRESENTATION_CONTEXT() REPRESENTATION_CONTEXT('2D SPACE',''
  ) );
#16908 = ORIENTED_EDGE('',*,*,#11593,.T.);
#16909 = ORIENTED_EDGE('',*,*,#16888,.T.);
#16910 = ADVANCED_FACE('',(#16911),#5698,.F.);
#16911 = FACE_BOUND('',#16912,.F.);
#16912 = EDGE_LOOP('',(#16913,#16914,#16935,#16936));
#16913 = ORIENTED_EDGE('',*,*,#5677,.F.);
#16914 = ORIENTED_EDGE('',*,*,#16915,.F.);
#16915 = EDGE_CURVE('',#11624,#5678,#16916,.T.);
#16916 = SEAM_CURVE('',#16917,(#16921,#16928),.PCURVE_S1.);
#16917 = LINE('',#16918,#16919);
#16918 = CARTESIAN_POINT('',(86.45,63.5,6.));
#16919 = VECTOR('',#16920,1.);
#16920 = DIRECTION('',(0.,0.,-1.));
#16921 = PCURVE('',#5698,#16922);
#16922 = DEFINITIONAL_REPRESENTATION('',(#16923),#16927);
#16923 = LINE('',#16924,#16925);
#16924 = CARTESIAN_POINT('',(6.28318530718,-0.));
#16925 = VECTOR('',#16926,1.);
#16926 = DIRECTION('',(0.,1.));
#16927 = ( GEOMETRIC_REPRESENTATION_CONTEXT(2) 
PARAMETRIC_REPRESENTATION_CONTEXT() REPRESENTATION_CONTEXT('2D SPACE',''
  ) );
#16928 = PCURVE('',#5698,#16929);
#16929 = DEFINITIONAL_REPRESENTATION('',(#16930),#16934);
#16930 = LINE('',#16931,#16932);
#16931 = CARTESIAN_POINT('',(0.,-0.));
#16932 = VECTOR('',#16933,1.);
#16933 = DIRECTION('',(0.,1.));
#16934 = ( GEOMETRIC_REPRESENTATION_CONTEXT(2) 
PARAMETRIC_REPRESENTATION_CONTEXT() REPRESENTATION_CONTEXT('2D SPACE',''
  ) );
#16935 = ORIENTED_EDGE('',*,*,#11623,.T.);
#16936 = ORIENTED_EDGE('',*,*,#16915,.T.);
#16937 = ADVANCED_FACE('',(#16938),#5733,.F.);
#16938 = FACE_BOUND('',#16939,.F.);
#16939 = EDGE_LOOP('',(#16940,#16941,#16962,#16963));
#16940 = ORIENTED_EDGE('',*,*,#5712,.F.);
#16941 = ORIENTED_EDGE('',*,*,#16942,.F.);
#16942 = EDGE_CURVE('',#11654,#5713,#16943,.T.);
#16943 = SEAM_CURVE('',#16944,(#16948,#16955),.PCURVE_S1.);
#16944 = LINE('',#16945,#16946);
#16945 = CARTESIAN_POINT('',(-2.45,88.9,6.));
#16946 = VECTOR('',#16947,1.);
#16947 = DIRECTION('',(0.,0.,-1.));
#16948 = PCURVE('',#5733,#16949);
#16949 = DEFINITIONAL_REPRESENTATION('',(#16950),#16954);
#16950 = LINE('',#16951,#16952);
#16951 = CARTESIAN_POINT('',(6.28318530718,-0.));
#16952 = VECTOR('',#16953,1.);
#16953 = DIRECTION('',(0.,1.));
#16954 = ( GEOMETRIC_REPRESENTATION_CONTEXT(2) 
PARAMETRIC_REPRESENTATION_CONTEXT() REPRESENTATION_CONTEXT('2D SPACE',''
  ) );
#16955 = PCURVE('',#5733,#16956);
#16956 = DEFINITIONAL_REPRESENTATION('',(#16957),#16961);
#16957 = LINE('',#16958,#16959);
#16958 = CARTESIAN_POINT('',(0.,-0.));
#16959 = VECTOR('',#16960,1.);
#16960 = DIRECTION('',(0.,1.));
#16961 = ( GEOMETRIC_REPRESENTATION_CONTEXT(2) 
PARAMETRIC_REPRESENTATION_CONTEXT() REPRESENTATION_CONTEXT('2D SPACE',''
  ) );
#16962 = ORIENTED_EDGE('',*,*,#11653,.T.);
#16963 = ORIENTED_EDGE('',*,*,#16942,.T.);
#16964 = ADVANCED_FACE('',(#16965),#5768,.F.);
#16965 = FACE_BOUND('',#16966,.F.);
#16966 = EDGE_LOOP('',(#16967,#16968,#16989,#16990));
#16967 = ORIENTED_EDGE('',*,*,#5747,.F.);
#16968 = ORIENTED_EDGE('',*,*,#16969,.F.);
#16969 = EDGE_CURVE('',#11684,#5748,#16970,.T.);
#16970 = SEAM_CURVE('',#16971,(#16975,#16982),.PCURVE_S1.);
#16971 = LINE('',#16972,#16973);
#16972 = CARTESIAN_POINT('',(10.25,88.9,6.));
#16973 = VECTOR('',#16974,1.);
#16974 = DIRECTION('',(0.,0.,-1.));
#16975 = PCURVE('',#5768,#16976);
#16976 = DEFINITIONAL_REPRESENTATION('',(#16977),#16981);
#16977 = LINE('',#16978,#16979);
#16978 = CARTESIAN_POINT('',(6.28318530718,-0.));
#16979 = VECTOR('',#16980,1.);
#16980 = DIRECTION('',(0.,1.));
#16981 = ( GEOMETRIC_REPRESENTATION_CONTEXT(2) 
PARAMETRIC_REPRESENTATION_CONTEXT() REPRESENTATION_CONTEXT('2D SPACE',''
  ) );
#16982 = PCURVE('',#5768,#16983);
#16983 = DEFINITIONAL_REPRESENTATION('',(#16984),#16988);
#16984 = LINE('',#16985,#16986);
#16985 = CARTESIAN_POINT('',(0.,-0.));
#16986 = VECTOR('',#16987,1.);
#16987 = DIRECTION('',(0.,1.));
#16988 = ( GEOMETRIC_REPRESENTATION_CONTEXT(2) 
PARAMETRIC_REPRESENTATION_CONTEXT() REPRESENTATION_CONTEXT('2D SPACE',''
  ) );
#16989 = ORIENTED_EDGE('',*,*,#11683,.T.);
#16990 = ORIENTED_EDGE('',*,*,#16969,.T.);
#16991 = ADVANCED_FACE('',(#16992),#5803,.F.);
#16992 = FACE_BOUND('',#16993,.F.);
#16993 = EDGE_LOOP('',(#16994,#16995,#17016,#17017));
#16994 = ORIENTED_EDGE('',*,*,#5782,.F.);
#16995 = ORIENTED_EDGE('',*,*,#16996,.F.);
#16996 = EDGE_CURVE('',#11714,#5783,#16997,.T.);
#16997 = SEAM_CURVE('',#16998,(#17002,#17009),.PCURVE_S1.);
#16998 = LINE('',#16999,#17000);
#16999 = CARTESIAN_POINT('',(22.95,88.9,6.));
#17000 = VECTOR('',#17001,1.);
#17001 = DIRECTION('',(0.,0.,-1.));
#17002 = PCURVE('',#5803,#17003);
#17003 = DEFINITIONAL_REPRESENTATION('',(#17004),#17008);
#17004 = LINE('',#17005,#17006);
#17005 = CARTESIAN_POINT('',(6.28318530718,-0.));
#17006 = VECTOR('',#17007,1.);
#17007 = DIRECTION('',(0.,1.));
#17008 = ( GEOMETRIC_REPRESENTATION_CONTEXT(2) 
PARAMETRIC_REPRESENTATION_CONTEXT() REPRESENTATION_CONTEXT('2D SPACE',''
  ) );
#17009 = PCURVE('',#5803,#17010);
#17010 = DEFINITIONAL_REPRESENTATION('',(#17011),#17015);
#17011 = LINE('',#17012,#17013);
#17012 = CARTESIAN_POINT('',(0.,-0.));
#17013 = VECTOR('',#17014,1.);
#17014 = DIRECTION('',(0.,1.));
#17015 = ( GEOMETRIC_REPRESENTATION_CONTEXT(2) 
PARAMETRIC_REPRESENTATION_CONTEXT() REPRESENTATION_CONTEXT('2D SPACE',''
  ) );
#17016 = ORIENTED_EDGE('',*,*,#11713,.T.);
#17017 = ORIENTED_EDGE('',*,*,#16996,.T.);
#17018 = ADVANCED_FACE('',(#17019),#5838,.F.);
#17019 = FACE_BOUND('',#17020,.F.);
#17020 = EDGE_LOOP('',(#17021,#17022,#17043,#17044));
#17021 = ORIENTED_EDGE('',*,*,#5817,.F.);
#17022 = ORIENTED_EDGE('',*,*,#17023,.F.);
#17023 = EDGE_CURVE('',#11744,#5818,#17024,.T.);
#17024 = SEAM_CURVE('',#17025,(#17029,#17036),.PCURVE_S1.);
#17025 = LINE('',#17026,#17027);
#17026 = CARTESIAN_POINT('',(35.65,88.9,6.));
#17027 = VECTOR('',#17028,1.);
#17028 = DIRECTION('',(0.,0.,-1.));
#17029 = PCURVE('',#5838,#17030);
#17030 = DEFINITIONAL_REPRESENTATION('',(#17031),#17035);
#17031 = LINE('',#17032,#17033);
#17032 = CARTESIAN_POINT('',(6.28318530718,-0.));
#17033 = VECTOR('',#17034,1.);
#17034 = DIRECTION('',(0.,1.));
#17035 = ( GEOMETRIC_REPRESENTATION_CONTEXT(2) 
PARAMETRIC_REPRESENTATION_CONTEXT() REPRESENTATION_CONTEXT('2D SPACE',''
  ) );
#17036 = PCURVE('',#5838,#17037);
#17037 = DEFINITIONAL_REPRESENTATION('',(#17038),#17042);
#17038 = LINE('',#17039,#17040);
#17039 = CARTESIAN_POINT('',(0.,-0.));
#17040 = VECTOR('',#17041,1.);
#17041 = DIRECTION('',(0.,1.));
#17042 = ( GEOMETRIC_REPRESENTATION_CONTEXT(2) 
PARAMETRIC_REPRESENTATION_CONTEXT() REPRESENTATION_CONTEXT('2D SPACE',''
  ) );
#17043 = ORIENTED_EDGE('',*,*,#11743,.T.);
#17044 = ORIENTED_EDGE('',*,*,#17023,.T.);
#17045 = ADVANCED_FACE('',(#17046),#5873,.F.);
#17046 = FACE_BOUND('',#17047,.F.);
#17047 = EDGE_LOOP('',(#17048,#17049,#17070,#17071));
#17048 = ORIENTED_EDGE('',*,*,#5852,.F.);
#17049 = ORIENTED_EDGE('',*,*,#17050,.F.);
#17050 = EDGE_CURVE('',#11774,#5853,#17051,.T.);
#17051 = SEAM_CURVE('',#17052,(#17056,#17063),.PCURVE_S1.);
#17052 = LINE('',#17053,#17054);
#17053 = CARTESIAN_POINT('',(-2.45,101.6,6.));
#17054 = VECTOR('',#17055,1.);
#17055 = DIRECTION('',(0.,0.,-1.));
#17056 = PCURVE('',#5873,#17057);
#17057 = DEFINITIONAL_REPRESENTATION('',(#17058),#17062);
#17058 = LINE('',#17059,#17060);
#17059 = CARTESIAN_POINT('',(6.28318530718,-0.));
#17060 = VECTOR('',#17061,1.);
#17061 = DIRECTION('',(0.,1.));
#17062 = ( GEOMETRIC_REPRESENTATION_CONTEXT(2) 
PARAMETRIC_REPRESENTATION_CONTEXT() REPRESENTATION_CONTEXT('2D SPACE',''
  ) );
#17063 = PCURVE('',#5873,#17064);
#17064 = DEFINITIONAL_REPRESENTATION('',(#17065),#17069);
#17065 = LINE('',#17066,#17067);
#17066 = CARTESIAN_POINT('',(0.,-0.));
#17067 = VECTOR('',#17068,1.);
#17068 = DIRECTION('',(0.,1.));
#17069 = ( GEOMETRIC_REPRESENTATION_CONTEXT(2) 
PARAMETRIC_REPRESENTATION_CONTEXT() REPRESENTATION_CONTEXT('2D SPACE',''
  ) );
#17070 = ORIENTED_EDGE('',*,*,#11773,.T.);
#17071 = ORIENTED_EDGE('',*,*,#17050,.T.);
#17072 = ADVANCED_FACE('',(#17073),#5908,.F.);
#17073 = FACE_BOUND('',#17074,.F.);
#17074 = EDGE_LOOP('',(#17075,#17076,#17097,#17098));
#17075 = ORIENTED_EDGE('',*,*,#5887,.F.);
#17076 = ORIENTED_EDGE('',*,*,#17077,.F.);
#17077 = EDGE_CURVE('',#11804,#5888,#17078,.T.);
#17078 = SEAM_CURVE('',#17079,(#17083,#17090),.PCURVE_S1.);
#17079 = LINE('',#17080,#17081);
#17080 = CARTESIAN_POINT('',(10.25,101.6,6.));
#17081 = VECTOR('',#17082,1.);
#17082 = DIRECTION('',(0.,0.,-1.));
#17083 = PCURVE('',#5908,#17084);
#17084 = DEFINITIONAL_REPRESENTATION('',(#17085),#17089);
#17085 = LINE('',#17086,#17087);
#17086 = CARTESIAN_POINT('',(6.28318530718,-0.));
#17087 = VECTOR('',#17088,1.);
#17088 = DIRECTION('',(0.,1.));
#17089 = ( GEOMETRIC_REPRESENTATION_CONTEXT(2) 
PARAMETRIC_REPRESENTATION_CONTEXT() REPRESENTATION_CONTEXT('2D SPACE',''
  ) );
#17090 = PCURVE('',#5908,#17091);
#17091 = DEFINITIONAL_REPRESENTATION('',(#17092),#17096);
#17092 = LINE('',#17093,#17094);
#17093 = CARTESIAN_POINT('',(0.,-0.));
#17094 = VECTOR('',#17095,1.);
#17095 = DIRECTION('',(0.,1.));
#17096 = ( GEOMETRIC_REPRESENTATION_CONTEXT(2) 
PARAMETRIC_REPRESENTATION_CONTEXT() REPRESENTATION_CONTEXT('2D SPACE',''
  ) );
#17097 = ORIENTED_EDGE('',*,*,#11803,.T.);
#17098 = ORIENTED_EDGE('',*,*,#17077,.T.);
#17099 = ADVANCED_FACE('',(#17100),#5943,.F.);
#17100 = FACE_BOUND('',#17101,.F.);
#17101 = EDGE_LOOP('',(#17102,#17103,#17124,#17125));
#17102 = ORIENTED_EDGE('',*,*,#5922,.F.);
#17103 = ORIENTED_EDGE('',*,*,#17104,.F.);
#17104 = EDGE_CURVE('',#11834,#5923,#17105,.T.);
#17105 = SEAM_CURVE('',#17106,(#17110,#17117),.PCURVE_S1.);
#17106 = LINE('',#17107,#17108);
#17107 = CARTESIAN_POINT('',(-2.45,114.3,6.));
#17108 = VECTOR('',#17109,1.);
#17109 = DIRECTION('',(0.,0.,-1.));
#17110 = PCURVE('',#5943,#17111);
#17111 = DEFINITIONAL_REPRESENTATION('',(#17112),#17116);
#17112 = LINE('',#17113,#17114);
#17113 = CARTESIAN_POINT('',(6.28318530718,-0.));
#17114 = VECTOR('',#17115,1.);
#17115 = DIRECTION('',(0.,1.));
#17116 = ( GEOMETRIC_REPRESENTATION_CONTEXT(2) 
PARAMETRIC_REPRESENTATION_CONTEXT() REPRESENTATION_CONTEXT('2D SPACE',''
  ) );
#17117 = PCURVE('',#5943,#17118);
#17118 = DEFINITIONAL_REPRESENTATION('',(#17119),#17123);
#17119 = LINE('',#17120,#17121);
#17120 = CARTESIAN_POINT('',(0.,-0.));
#17121 = VECTOR('',#17122,1.);
#17122 = DIRECTION('',(0.,1.));
#17123 = ( GEOMETRIC_REPRESENTATION_CONTEXT(2) 
PARAMETRIC_REPRESENTATION_CONTEXT() REPRESENTATION_CONTEXT('2D SPACE',''
  ) );
#17124 = ORIENTED_EDGE('',*,*,#11833,.T.);
#17125 = ORIENTED_EDGE('',*,*,#17104,.T.);
#17126 = ADVANCED_FACE('',(#17127),#5978,.F.);
#17127 = FACE_BOUND('',#17128,.F.);
#17128 = EDGE_LOOP('',(#17129,#17130,#17151,#17152));
#17129 = ORIENTED_EDGE('',*,*,#5957,.F.);
#17130 = ORIENTED_EDGE('',*,*,#17131,.F.);
#17131 = EDGE_CURVE('',#11864,#5958,#17132,.T.);
#17132 = SEAM_CURVE('',#17133,(#17137,#17144),.PCURVE_S1.);
#17133 = LINE('',#17134,#17135);
#17134 = CARTESIAN_POINT('',(-2.45,127.,6.));
#17135 = VECTOR('',#17136,1.);
#17136 = DIRECTION('',(0.,0.,-1.));
#17137 = PCURVE('',#5978,#17138);
#17138 = DEFINITIONAL_REPRESENTATION('',(#17139),#17143);
#17139 = LINE('',#17140,#17141);
#17140 = CARTESIAN_POINT('',(6.28318530718,-0.));
#17141 = VECTOR('',#17142,1.);
#17142 = DIRECTION('',(0.,1.));
#17143 = ( GEOMETRIC_REPRESENTATION_CONTEXT(2) 
PARAMETRIC_REPRESENTATION_CONTEXT() REPRESENTATION_CONTEXT('2D SPACE',''
  ) );
#17144 = PCURVE('',#5978,#17145);
#17145 = DEFINITIONAL_REPRESENTATION('',(#17146),#17150);
#17146 = LINE('',#17147,#17148);
#17147 = CARTESIAN_POINT('',(0.,-0.));
#17148 = VECTOR('',#17149,1.);
#17149 = DIRECTION('',(0.,1.));
#17150 = ( GEOMETRIC_REPRESENTATION_CONTEXT(2) 
PARAMETRIC_REPRESENTATION_CONTEXT() REPRESENTATION_CONTEXT('2D SPACE',''
  ) );
#17151 = ORIENTED_EDGE('',*,*,#11863,.T.);
#17152 = ORIENTED_EDGE('',*,*,#17131,.T.);
#17153 = ADVANCED_FACE('',(#17154),#6013,.F.);
#17154 = FACE_BOUND('',#17155,.F.);
#17155 = EDGE_LOOP('',(#17156,#17157,#17178,#17179));
#17156 = ORIENTED_EDGE('',*,*,#5992,.F.);
#17157 = ORIENTED_EDGE('',*,*,#17158,.F.);
#17158 = EDGE_CURVE('',#11894,#5993,#17159,.T.);
#17159 = SEAM_CURVE('',#17160,(#17164,#17171),.PCURVE_S1.);
#17160 = LINE('',#17161,#17162);
#17161 = CARTESIAN_POINT('',(10.25,114.3,6.));
#17162 = VECTOR('',#17163,1.);
#17163 = DIRECTION('',(0.,0.,-1.));
#17164 = PCURVE('',#6013,#17165);
#17165 = DEFINITIONAL_REPRESENTATION('',(#17166),#17170);
#17166 = LINE('',#17167,#17168);
#17167 = CARTESIAN_POINT('',(6.28318530718,-0.));
#17168 = VECTOR('',#17169,1.);
#17169 = DIRECTION('',(0.,1.));
#17170 = ( GEOMETRIC_REPRESENTATION_CONTEXT(2) 
PARAMETRIC_REPRESENTATION_CONTEXT() REPRESENTATION_CONTEXT('2D SPACE',''
  ) );
#17171 = PCURVE('',#6013,#17172);
#17172 = DEFINITIONAL_REPRESENTATION('',(#17173),#17177);
#17173 = LINE('',#17174,#17175);
#17174 = CARTESIAN_POINT('',(0.,-0.));
#17175 = VECTOR('',#17176,1.);
#17176 = DIRECTION('',(0.,1.));
#17177 = ( GEOMETRIC_REPRESENTATION_CONTEXT(2) 
PARAMETRIC_REPRESENTATION_CONTEXT() REPRESENTATION_CONTEXT('2D SPACE',''
  ) );
#17178 = ORIENTED_EDGE('',*,*,#11893,.T.);
#17179 = ORIENTED_EDGE('',*,*,#17158,.T.);
#17180 = ADVANCED_FACE('',(#17181),#6048,.F.);
#17181 = FACE_BOUND('',#17182,.F.);
#17182 = EDGE_LOOP('',(#17183,#17184,#17205,#17206));
#17183 = ORIENTED_EDGE('',*,*,#6027,.F.);
#17184 = ORIENTED_EDGE('',*,*,#17185,.F.);
#17185 = EDGE_CURVE('',#11924,#6028,#17186,.T.);
#17186 = SEAM_CURVE('',#17187,(#17191,#17198),.PCURVE_S1.);
#17187 = LINE('',#17188,#17189);
#17188 = CARTESIAN_POINT('',(10.25,127.,6.));
#17189 = VECTOR('',#17190,1.);
#17190 = DIRECTION('',(0.,0.,-1.));
#17191 = PCURVE('',#6048,#17192);
#17192 = DEFINITIONAL_REPRESENTATION('',(#17193),#17197);
#17193 = LINE('',#17194,#17195);
#17194 = CARTESIAN_POINT('',(6.28318530718,-0.));
#17195 = VECTOR('',#17196,1.);
#17196 = DIRECTION('',(0.,1.));
#17197 = ( GEOMETRIC_REPRESENTATION_CONTEXT(2) 
PARAMETRIC_REPRESENTATION_CONTEXT() REPRESENTATION_CONTEXT('2D SPACE',''
  ) );
#17198 = PCURVE('',#6048,#17199);
#17199 = DEFINITIONAL_REPRESENTATION('',(#17200),#17204);
#17200 = LINE('',#17201,#17202);
#17201 = CARTESIAN_POINT('',(0.,-0.));
#17202 = VECTOR('',#17203,1.);
#17203 = DIRECTION('',(0.,1.));
#17204 = ( GEOMETRIC_REPRESENTATION_CONTEXT(2) 
PARAMETRIC_REPRESENTATION_CONTEXT() REPRESENTATION_CONTEXT('2D SPACE',''
  ) );
#17205 = ORIENTED_EDGE('',*,*,#11923,.T.);
#17206 = ORIENTED_EDGE('',*,*,#17185,.T.);
#17207 = ADVANCED_FACE('',(#17208),#6083,.F.);
#17208 = FACE_BOUND('',#17209,.F.);
#17209 = EDGE_LOOP('',(#17210,#17211,#17232,#17233));
#17210 = ORIENTED_EDGE('',*,*,#6062,.F.);
#17211 = ORIENTED_EDGE('',*,*,#17212,.F.);
#17212 = EDGE_CURVE('',#11954,#6063,#17213,.T.);
#17213 = SEAM_CURVE('',#17214,(#17218,#17225),.PCURVE_S1.);
#17214 = LINE('',#17215,#17216);
#17215 = CARTESIAN_POINT('',(22.95,101.6,6.));
#17216 = VECTOR('',#17217,1.);
#17217 = DIRECTION('',(0.,0.,-1.));
#17218 = PCURVE('',#6083,#17219);
#17219 = DEFINITIONAL_REPRESENTATION('',(#17220),#17224);
#17220 = LINE('',#17221,#17222);
#17221 = CARTESIAN_POINT('',(6.28318530718,-0.));
#17222 = VECTOR('',#17223,1.);
#17223 = DIRECTION('',(0.,1.));
#17224 = ( GEOMETRIC_REPRESENTATION_CONTEXT(2) 
PARAMETRIC_REPRESENTATION_CONTEXT() REPRESENTATION_CONTEXT('2D SPACE',''
  ) );
#17225 = PCURVE('',#6083,#17226);
#17226 = DEFINITIONAL_REPRESENTATION('',(#17227),#17231);
#17227 = LINE('',#17228,#17229);
#17228 = CARTESIAN_POINT('',(0.,-0.));
#17229 = VECTOR('',#17230,1.);
#17230 = DIRECTION('',(0.,1.));
#17231 = ( GEOMETRIC_REPRESENTATION_CONTEXT(2) 
PARAMETRIC_REPRESENTATION_CONTEXT() REPRESENTATION_CONTEXT('2D SPACE',''
  ) );
#17232 = ORIENTED_EDGE('',*,*,#11953,.T.);
#17233 = ORIENTED_EDGE('',*,*,#17212,.T.);
#17234 = ADVANCED_FACE('',(#17235),#6118,.F.);
#17235 = FACE_BOUND('',#17236,.F.);
#17236 = EDGE_LOOP('',(#17237,#17238,#17259,#17260));
#17237 = ORIENTED_EDGE('',*,*,#6097,.F.);
#17238 = ORIENTED_EDGE('',*,*,#17239,.F.);
#17239 = EDGE_CURVE('',#11984,#6098,#17240,.T.);
#17240 = SEAM_CURVE('',#17241,(#17245,#17252),.PCURVE_S1.);
#17241 = LINE('',#17242,#17243);
#17242 = CARTESIAN_POINT('',(35.65,101.6,6.));
#17243 = VECTOR('',#17244,1.);
#17244 = DIRECTION('',(0.,0.,-1.));
#17245 = PCURVE('',#6118,#17246);
#17246 = DEFINITIONAL_REPRESENTATION('',(#17247),#17251);
#17247 = LINE('',#17248,#17249);
#17248 = CARTESIAN_POINT('',(6.28318530718,-0.));
#17249 = VECTOR('',#17250,1.);
#17250 = DIRECTION('',(0.,1.));
#17251 = ( GEOMETRIC_REPRESENTATION_CONTEXT(2) 
PARAMETRIC_REPRESENTATION_CONTEXT() REPRESENTATION_CONTEXT('2D SPACE',''
  ) );
#17252 = PCURVE('',#6118,#17253);
#17253 = DEFINITIONAL_REPRESENTATION('',(#17254),#17258);
#17254 = LINE('',#17255,#17256);
#17255 = CARTESIAN_POINT('',(0.,-0.));
#17256 = VECTOR('',#17257,1.);
#17257 = DIRECTION('',(0.,1.));
#17258 = ( GEOMETRIC_REPRESENTATION_CONTEXT(2) 
PARAMETRIC_REPRESENTATION_CONTEXT() REPRESENTATION_CONTEXT('2D SPACE',''
  ) );
#17259 = ORIENTED_EDGE('',*,*,#11983,.T.);
#17260 = ORIENTED_EDGE('',*,*,#17239,.T.);
#17261 = ADVANCED_FACE('',(#17262),#6153,.F.);
#17262 = FACE_BOUND('',#17263,.F.);
#17263 = EDGE_LOOP('',(#17264,#17265,#17286,#17287));
#17264 = ORIENTED_EDGE('',*,*,#6132,.F.);
#17265 = ORIENTED_EDGE('',*,*,#17266,.F.);
#17266 = EDGE_CURVE('',#12014,#6133,#17267,.T.);
#17267 = SEAM_CURVE('',#17268,(#17272,#17279),.PCURVE_S1.);
#17268 = LINE('',#17269,#17270);
#17269 = CARTESIAN_POINT('',(22.95,114.3,6.));
#17270 = VECTOR('',#17271,1.);
#17271 = DIRECTION('',(0.,0.,-1.));
#17272 = PCURVE('',#6153,#17273);
#17273 = DEFINITIONAL_REPRESENTATION('',(#17274),#17278);
#17274 = LINE('',#17275,#17276);
#17275 = CARTESIAN_POINT('',(6.28318530718,-0.));
#17276 = VECTOR('',#17277,1.);
#17277 = DIRECTION('',(0.,1.));
#17278 = ( GEOMETRIC_REPRESENTATION_CONTEXT(2) 
PARAMETRIC_REPRESENTATION_CONTEXT() REPRESENTATION_CONTEXT('2D SPACE',''
  ) );
#17279 = PCURVE('',#6153,#17280);
#17280 = DEFINITIONAL_REPRESENTATION('',(#17281),#17285);
#17281 = LINE('',#17282,#17283);
#17282 = CARTESIAN_POINT('',(0.,-0.));
#17283 = VECTOR('',#17284,1.);
#17284 = DIRECTION('',(0.,1.));
#17285 = ( GEOMETRIC_REPRESENTATION_CONTEXT(2) 
PARAMETRIC_REPRESENTATION_CONTEXT() REPRESENTATION_CONTEXT('2D SPACE',''
  ) );
#17286 = ORIENTED_EDGE('',*,*,#12013,.T.);
#17287 = ORIENTED_EDGE('',*,*,#17266,.T.);
#17288 = ADVANCED_FACE('',(#17289),#6188,.F.);
#17289 = FACE_BOUND('',#17290,.F.);
#17290 = EDGE_LOOP('',(#17291,#17292,#17313,#17314));
#17291 = ORIENTED_EDGE('',*,*,#6167,.F.);
#17292 = ORIENTED_EDGE('',*,*,#17293,.F.);
#17293 = EDGE_CURVE('',#12044,#6168,#17294,.T.);
#17294 = SEAM_CURVE('',#17295,(#17299,#17306),.PCURVE_S1.);
#17295 = LINE('',#17296,#17297);
#17296 = CARTESIAN_POINT('',(22.95,127.,6.));
#17297 = VECTOR('',#17298,1.);
#17298 = DIRECTION('',(0.,0.,-1.));
#17299 = PCURVE('',#6188,#17300);
#17300 = DEFINITIONAL_REPRESENTATION('',(#17301),#17305);
#17301 = LINE('',#17302,#17303);
#17302 = CARTESIAN_POINT('',(6.28318530718,-0.));
#17303 = VECTOR('',#17304,1.);
#17304 = DIRECTION('',(0.,1.));
#17305 = ( GEOMETRIC_REPRESENTATION_CONTEXT(2) 
PARAMETRIC_REPRESENTATION_CONTEXT() REPRESENTATION_CONTEXT('2D SPACE',''
  ) );
#17306 = PCURVE('',#6188,#17307);
#17307 = DEFINITIONAL_REPRESENTATION('',(#17308),#17312);
#17308 = LINE('',#17309,#17310);
#17309 = CARTESIAN_POINT('',(0.,-0.));
#17310 = VECTOR('',#17311,1.);
#17311 = DIRECTION('',(0.,1.));
#17312 = ( GEOMETRIC_REPRESENTATION_CONTEXT(2) 
PARAMETRIC_REPRESENTATION_CONTEXT() REPRESENTATION_CONTEXT('2D SPACE',''
  ) );
#17313 = ORIENTED_EDGE('',*,*,#12043,.T.);
#17314 = ORIENTED_EDGE('',*,*,#17293,.T.);
#17315 = ADVANCED_FACE('',(#17316),#6223,.F.);
#17316 = FACE_BOUND('',#17317,.F.);
#17317 = EDGE_LOOP('',(#17318,#17319,#17340,#17341));
#17318 = ORIENTED_EDGE('',*,*,#6202,.F.);
#17319 = ORIENTED_EDGE('',*,*,#17320,.F.);
#17320 = EDGE_CURVE('',#12074,#6203,#17321,.T.);
#17321 = SEAM_CURVE('',#17322,(#17326,#17333),.PCURVE_S1.);
#17322 = LINE('',#17323,#17324);
#17323 = CARTESIAN_POINT('',(35.65,114.3,6.));
#17324 = VECTOR('',#17325,1.);
#17325 = DIRECTION('',(0.,0.,-1.));
#17326 = PCURVE('',#6223,#17327);
#17327 = DEFINITIONAL_REPRESENTATION('',(#17328),#17332);
#17328 = LINE('',#17329,#17330);
#17329 = CARTESIAN_POINT('',(6.28318530718,-0.));
#17330 = VECTOR('',#17331,1.);
#17331 = DIRECTION('',(0.,1.));
#17332 = ( GEOMETRIC_REPRESENTATION_CONTEXT(2) 
PARAMETRIC_REPRESENTATION_CONTEXT() REPRESENTATION_CONTEXT('2D SPACE',''
  ) );
#17333 = PCURVE('',#6223,#17334);
#17334 = DEFINITIONAL_REPRESENTATION('',(#17335),#17339);
#17335 = LINE('',#17336,#17337);
#17336 = CARTESIAN_POINT('',(0.,-0.));
#17337 = VECTOR('',#17338,1.);
#17338 = DIRECTION('',(0.,1.));
#17339 = ( GEOMETRIC_REPRESENTATION_CONTEXT(2) 
PARAMETRIC_REPRESENTATION_CONTEXT() REPRESENTATION_CONTEXT('2D SPACE',''
  ) );
#17340 = ORIENTED_EDGE('',*,*,#12073,.T.);
#17341 = ORIENTED_EDGE('',*,*,#17320,.T.);
#17342 = ADVANCED_FACE('',(#17343),#6258,.F.);
#17343 = FACE_BOUND('',#17344,.F.);
#17344 = EDGE_LOOP('',(#17345,#17346,#17367,#17368));
#17345 = ORIENTED_EDGE('',*,*,#6237,.F.);
#17346 = ORIENTED_EDGE('',*,*,#17347,.F.);
#17347 = EDGE_CURVE('',#12104,#6238,#17348,.T.);
#17348 = SEAM_CURVE('',#17349,(#17353,#17360),.PCURVE_S1.);
#17349 = LINE('',#17350,#17351);
#17350 = CARTESIAN_POINT('',(35.65,127.,6.));
#17351 = VECTOR('',#17352,1.);
#17352 = DIRECTION('',(0.,0.,-1.));
#17353 = PCURVE('',#6258,#17354);
#17354 = DEFINITIONAL_REPRESENTATION('',(#17355),#17359);
#17355 = LINE('',#17356,#17357);
#17356 = CARTESIAN_POINT('',(6.28318530718,-0.));
#17357 = VECTOR('',#17358,1.);
#17358 = DIRECTION('',(0.,1.));
#17359 = ( GEOMETRIC_REPRESENTATION_CONTEXT(2) 
PARAMETRIC_REPRESENTATION_CONTEXT() REPRESENTATION_CONTEXT('2D SPACE',''
  ) );
#17360 = PCURVE('',#6258,#17361);
#17361 = DEFINITIONAL_REPRESENTATION('',(#17362),#17366);
#17362 = LINE('',#17363,#17364);
#17363 = CARTESIAN_POINT('',(0.,-0.));
#17364 = VECTOR('',#17365,1.);
#17365 = DIRECTION('',(0.,1.));
#17366 = ( GEOMETRIC_REPRESENTATION_CONTEXT(2) 
PARAMETRIC_REPRESENTATION_CONTEXT() REPRESENTATION_CONTEXT('2D SPACE',''
  ) );
#17367 = ORIENTED_EDGE('',*,*,#12103,.T.);
#17368 = ORIENTED_EDGE('',*,*,#17347,.T.);
#17369 = ADVANCED_FACE('',(#17370),#6293,.F.);
#17370 = FACE_BOUND('',#17371,.F.);
#17371 = EDGE_LOOP('',(#17372,#17373,#17394,#17395));
#17372 = ORIENTED_EDGE('',*,*,#6272,.F.);
#17373 = ORIENTED_EDGE('',*,*,#17374,.F.);
#17374 = EDGE_CURVE('',#12134,#6273,#17375,.T.);
#17375 = SEAM_CURVE('',#17376,(#17380,#17387),.PCURVE_S1.);
#17376 = LINE('',#17377,#17378);
#17377 = CARTESIAN_POINT('',(61.05,76.2,6.));
#17378 = VECTOR('',#17379,1.);
#17379 = DIRECTION('',(0.,0.,-1.));
#17380 = PCURVE('',#6293,#17381);
#17381 = DEFINITIONAL_REPRESENTATION('',(#17382),#17386);
#17382 = LINE('',#17383,#17384);
#17383 = CARTESIAN_POINT('',(6.28318530718,-0.));
#17384 = VECTOR('',#17385,1.);
#17385 = DIRECTION('',(0.,1.));
#17386 = ( GEOMETRIC_REPRESENTATION_CONTEXT(2) 
PARAMETRIC_REPRESENTATION_CONTEXT() REPRESENTATION_CONTEXT('2D SPACE',''
  ) );
#17387 = PCURVE('',#6293,#17388);
#17388 = DEFINITIONAL_REPRESENTATION('',(#17389),#17393);
#17389 = LINE('',#17390,#17391);
#17390 = CARTESIAN_POINT('',(0.,-0.));
#17391 = VECTOR('',#17392,1.);
#17392 = DIRECTION('',(0.,1.));
#17393 = ( GEOMETRIC_REPRESENTATION_CONTEXT(2) 
PARAMETRIC_REPRESENTATION_CONTEXT() REPRESENTATION_CONTEXT('2D SPACE',''
  ) );
#17394 = ORIENTED_EDGE('',*,*,#12133,.T.);
#17395 = ORIENTED_EDGE('',*,*,#17374,.T.);
#17396 = ADVANCED_FACE('',(#17397),#6328,.F.);
#17397 = FACE_BOUND('',#17398,.F.);
#17398 = EDGE_LOOP('',(#17399,#17400,#17421,#17422));
#17399 = ORIENTED_EDGE('',*,*,#6307,.F.);
#17400 = ORIENTED_EDGE('',*,*,#17401,.F.);
#17401 = EDGE_CURVE('',#12164,#6308,#17402,.T.);
#17402 = SEAM_CURVE('',#17403,(#17407,#17414),.PCURVE_S1.);
#17403 = LINE('',#17404,#17405);
#17404 = CARTESIAN_POINT('',(48.35,88.9,6.));
#17405 = VECTOR('',#17406,1.);
#17406 = DIRECTION('',(0.,0.,-1.));
#17407 = PCURVE('',#6328,#17408);
#17408 = DEFINITIONAL_REPRESENTATION('',(#17409),#17413);
#17409 = LINE('',#17410,#17411);
#17410 = CARTESIAN_POINT('',(6.28318530718,-0.));
#17411 = VECTOR('',#17412,1.);
#17412 = DIRECTION('',(0.,1.));
#17413 = ( GEOMETRIC_REPRESENTATION_CONTEXT(2) 
PARAMETRIC_REPRESENTATION_CONTEXT() REPRESENTATION_CONTEXT('2D SPACE',''
  ) );
#17414 = PCURVE('',#6328,#17415);
#17415 = DEFINITIONAL_REPRESENTATION('',(#17416),#17420);
#17416 = LINE('',#17417,#17418);
#17417 = CARTESIAN_POINT('',(0.,-0.));
#17418 = VECTOR('',#17419,1.);
#17419 = DIRECTION('',(0.,1.));
#17420 = ( GEOMETRIC_REPRESENTATION_CONTEXT(2) 
PARAMETRIC_REPRESENTATION_CONTEXT() REPRESENTATION_CONTEXT('2D SPACE',''
  ) );
#17421 = ORIENTED_EDGE('',*,*,#12163,.T.);
#17422 = ORIENTED_EDGE('',*,*,#17401,.T.);
#17423 = ADVANCED_FACE('',(#17424),#6363,.F.);
#17424 = FACE_BOUND('',#17425,.F.);
#17425 = EDGE_LOOP('',(#17426,#17427,#17448,#17449));
#17426 = ORIENTED_EDGE('',*,*,#6342,.F.);
#17427 = ORIENTED_EDGE('',*,*,#17428,.F.);
#17428 = EDGE_CURVE('',#12194,#6343,#17429,.T.);
#17429 = SEAM_CURVE('',#17430,(#17434,#17441),.PCURVE_S1.);
#17430 = LINE('',#17431,#17432);
#17431 = CARTESIAN_POINT('',(61.05,88.9,6.));
#17432 = VECTOR('',#17433,1.);
#17433 = DIRECTION('',(0.,0.,-1.));
#17434 = PCURVE('',#6363,#17435);
#17435 = DEFINITIONAL_REPRESENTATION('',(#17436),#17440);
#17436 = LINE('',#17437,#17438);
#17437 = CARTESIAN_POINT('',(6.28318530718,-0.));
#17438 = VECTOR('',#17439,1.);
#17439 = DIRECTION('',(0.,1.));
#17440 = ( GEOMETRIC_REPRESENTATION_CONTEXT(2) 
PARAMETRIC_REPRESENTATION_CONTEXT() REPRESENTATION_CONTEXT('2D SPACE',''
  ) );
#17441 = PCURVE('',#6363,#17442);
#17442 = DEFINITIONAL_REPRESENTATION('',(#17443),#17447);
#17443 = LINE('',#17444,#17445);
#17444 = CARTESIAN_POINT('',(0.,-0.));
#17445 = VECTOR('',#17446,1.);
#17446 = DIRECTION('',(0.,1.));
#17447 = ( GEOMETRIC_REPRESENTATION_CONTEXT(2) 
PARAMETRIC_REPRESENTATION_CONTEXT() REPRESENTATION_CONTEXT('2D SPACE',''
  ) );
#17448 = ORIENTED_EDGE('',*,*,#12193,.T.);
#17449 = ORIENTED_EDGE('',*,*,#17428,.T.);
#17450 = ADVANCED_FACE('',(#17451),#6398,.F.);
#17451 = FACE_BOUND('',#17452,.F.);
#17452 = EDGE_LOOP('',(#17453,#17454,#17475,#17476));
#17453 = ORIENTED_EDGE('',*,*,#6377,.F.);
#17454 = ORIENTED_EDGE('',*,*,#17455,.F.);
#17455 = EDGE_CURVE('',#12224,#6378,#17456,.T.);
#17456 = SEAM_CURVE('',#17457,(#17461,#17468),.PCURVE_S1.);
#17457 = LINE('',#17458,#17459);
#17458 = CARTESIAN_POINT('',(73.75,76.2,6.));
#17459 = VECTOR('',#17460,1.);
#17460 = DIRECTION('',(0.,0.,-1.));
#17461 = PCURVE('',#6398,#17462);
#17462 = DEFINITIONAL_REPRESENTATION('',(#17463),#17467);
#17463 = LINE('',#17464,#17465);
#17464 = CARTESIAN_POINT('',(6.28318530718,-0.));
#17465 = VECTOR('',#17466,1.);
#17466 = DIRECTION('',(0.,1.));
#17467 = ( GEOMETRIC_REPRESENTATION_CONTEXT(2) 
PARAMETRIC_REPRESENTATION_CONTEXT() REPRESENTATION_CONTEXT('2D SPACE',''
  ) );
#17468 = PCURVE('',#6398,#17469);
#17469 = DEFINITIONAL_REPRESENTATION('',(#17470),#17474);
#17470 = LINE('',#17471,#17472);
#17471 = CARTESIAN_POINT('',(0.,-0.));
#17472 = VECTOR('',#17473,1.);
#17473 = DIRECTION('',(0.,1.));
#17474 = ( GEOMETRIC_REPRESENTATION_CONTEXT(2) 
PARAMETRIC_REPRESENTATION_CONTEXT() REPRESENTATION_CONTEXT('2D SPACE',''
  ) );
#17475 = ORIENTED_EDGE('',*,*,#12223,.T.);
#17476 = ORIENTED_EDGE('',*,*,#17455,.T.);
#17477 = ADVANCED_FACE('',(#17478),#6433,.F.);
#17478 = FACE_BOUND('',#17479,.F.);
#17479 = EDGE_LOOP('',(#17480,#17481,#17502,#17503));
#17480 = ORIENTED_EDGE('',*,*,#6412,.F.);
#17481 = ORIENTED_EDGE('',*,*,#17482,.F.);
#17482 = EDGE_CURVE('',#12254,#6413,#17483,.T.);
#17483 = SEAM_CURVE('',#17484,(#17488,#17495),.PCURVE_S1.);
#17484 = LINE('',#17485,#17486);
#17485 = CARTESIAN_POINT('',(86.45,76.2,6.));
#17486 = VECTOR('',#17487,1.);
#17487 = DIRECTION('',(0.,0.,-1.));
#17488 = PCURVE('',#6433,#17489);
#17489 = DEFINITIONAL_REPRESENTATION('',(#17490),#17494);
#17490 = LINE('',#17491,#17492);
#17491 = CARTESIAN_POINT('',(6.28318530718,-0.));
#17492 = VECTOR('',#17493,1.);
#17493 = DIRECTION('',(0.,1.));
#17494 = ( GEOMETRIC_REPRESENTATION_CONTEXT(2) 
PARAMETRIC_REPRESENTATION_CONTEXT() REPRESENTATION_CONTEXT('2D SPACE',''
  ) );
#17495 = PCURVE('',#6433,#17496);
#17496 = DEFINITIONAL_REPRESENTATION('',(#17497),#17501);
#17497 = LINE('',#17498,#17499);
#17498 = CARTESIAN_POINT('',(0.,-0.));
#17499 = VECTOR('',#17500,1.);
#17500 = DIRECTION('',(0.,1.));
#17501 = ( GEOMETRIC_REPRESENTATION_CONTEXT(2) 
PARAMETRIC_REPRESENTATION_CONTEXT() REPRESENTATION_CONTEXT('2D SPACE',''
  ) );
#17502 = ORIENTED_EDGE('',*,*,#12253,.T.);
#17503 = ORIENTED_EDGE('',*,*,#17482,.T.);
#17504 = ADVANCED_FACE('',(#17505),#6468,.F.);
#17505 = FACE_BOUND('',#17506,.F.);
#17506 = EDGE_LOOP('',(#17507,#17508,#17529,#17530));
#17507 = ORIENTED_EDGE('',*,*,#6447,.F.);
#17508 = ORIENTED_EDGE('',*,*,#17509,.F.);
#17509 = EDGE_CURVE('',#12284,#6448,#17510,.T.);
#17510 = SEAM_CURVE('',#17511,(#17515,#17522),.PCURVE_S1.);
#17511 = LINE('',#17512,#17513);
#17512 = CARTESIAN_POINT('',(73.75,88.9,6.));
#17513 = VECTOR('',#17514,1.);
#17514 = DIRECTION('',(0.,0.,-1.));
#17515 = PCURVE('',#6468,#17516);
#17516 = DEFINITIONAL_REPRESENTATION('',(#17517),#17521);
#17517 = LINE('',#17518,#17519);
#17518 = CARTESIAN_POINT('',(6.28318530718,-0.));
#17519 = VECTOR('',#17520,1.);
#17520 = DIRECTION('',(0.,1.));
#17521 = ( GEOMETRIC_REPRESENTATION_CONTEXT(2) 
PARAMETRIC_REPRESENTATION_CONTEXT() REPRESENTATION_CONTEXT('2D SPACE',''
  ) );
#17522 = PCURVE('',#6468,#17523);
#17523 = DEFINITIONAL_REPRESENTATION('',(#17524),#17528);
#17524 = LINE('',#17525,#17526);
#17525 = CARTESIAN_POINT('',(0.,-0.));
#17526 = VECTOR('',#17527,1.);
#17527 = DIRECTION('',(0.,1.));
#17528 = ( GEOMETRIC_REPRESENTATION_CONTEXT(2) 
PARAMETRIC_REPRESENTATION_CONTEXT() REPRESENTATION_CONTEXT('2D SPACE',''
  ) );
#17529 = ORIENTED_EDGE('',*,*,#12283,.T.);
#17530 = ORIENTED_EDGE('',*,*,#17509,.T.);
#17531 = ADVANCED_FACE('',(#17532),#6503,.F.);
#17532 = FACE_BOUND('',#17533,.F.);
#17533 = EDGE_LOOP('',(#17534,#17535,#17556,#17557));
#17534 = ORIENTED_EDGE('',*,*,#6482,.F.);
#17535 = ORIENTED_EDGE('',*,*,#17536,.F.);
#17536 = EDGE_CURVE('',#12314,#6483,#17537,.T.);
#17537 = SEAM_CURVE('',#17538,(#17542,#17549),.PCURVE_S1.);
#17538 = LINE('',#17539,#17540);
#17539 = CARTESIAN_POINT('',(86.45,88.9,6.));
#17540 = VECTOR('',#17541,1.);
#17541 = DIRECTION('',(0.,0.,-1.));
#17542 = PCURVE('',#6503,#17543);
#17543 = DEFINITIONAL_REPRESENTATION('',(#17544),#17548);
#17544 = LINE('',#17545,#17546);
#17545 = CARTESIAN_POINT('',(6.28318530718,-0.));
#17546 = VECTOR('',#17547,1.);
#17547 = DIRECTION('',(0.,1.));
#17548 = ( GEOMETRIC_REPRESENTATION_CONTEXT(2) 
PARAMETRIC_REPRESENTATION_CONTEXT() REPRESENTATION_CONTEXT('2D SPACE',''
  ) );
#17549 = PCURVE('',#6503,#17550);
#17550 = DEFINITIONAL_REPRESENTATION('',(#17551),#17555);
#17551 = LINE('',#17552,#17553);
#17552 = CARTESIAN_POINT('',(0.,-0.));
#17553 = VECTOR('',#17554,1.);
#17554 = DIRECTION('',(0.,1.));
#17555 = ( GEOMETRIC_REPRESENTATION_CONTEXT(2) 
PARAMETRIC_REPRESENTATION_CONTEXT() REPRESENTATION_CONTEXT('2D SPACE',''
  ) );
#17556 = ORIENTED_EDGE('',*,*,#12313,.T.);
#17557 = ORIENTED_EDGE('',*,*,#17536,.T.);
#17558 = ADVANCED_FACE('',(#17559),#6538,.F.);
#17559 = FACE_BOUND('',#17560,.F.);
#17560 = EDGE_LOOP('',(#17561,#17562,#17583,#17584));
#17561 = ORIENTED_EDGE('',*,*,#6517,.F.);
#17562 = ORIENTED_EDGE('',*,*,#17563,.F.);
#17563 = EDGE_CURVE('',#12344,#6518,#17564,.T.);
#17564 = SEAM_CURVE('',#17565,(#17569,#17576),.PCURVE_S1.);
#17565 = LINE('',#17566,#17567);
#17566 = CARTESIAN_POINT('',(48.35,101.6,6.));
#17567 = VECTOR('',#17568,1.);
#17568 = DIRECTION('',(0.,0.,-1.));
#17569 = PCURVE('',#6538,#17570);
#17570 = DEFINITIONAL_REPRESENTATION('',(#17571),#17575);
#17571 = LINE('',#17572,#17573);
#17572 = CARTESIAN_POINT('',(6.28318530718,-0.));
#17573 = VECTOR('',#17574,1.);
#17574 = DIRECTION('',(0.,1.));
#17575 = ( GEOMETRIC_REPRESENTATION_CONTEXT(2) 
PARAMETRIC_REPRESENTATION_CONTEXT() REPRESENTATION_CONTEXT('2D SPACE',''
  ) );
#17576 = PCURVE('',#6538,#17577);
#17577 = DEFINITIONAL_REPRESENTATION('',(#17578),#17582);
#17578 = LINE('',#17579,#17580);
#17579 = CARTESIAN_POINT('',(0.,-0.));
#17580 = VECTOR('',#17581,1.);
#17581 = DIRECTION('',(0.,1.));
#17582 = ( GEOMETRIC_REPRESENTATION_CONTEXT(2) 
PARAMETRIC_REPRESENTATION_CONTEXT() REPRESENTATION_CONTEXT('2D SPACE',''
  ) );
#17583 = ORIENTED_EDGE('',*,*,#12343,.T.);
#17584 = ORIENTED_EDGE('',*,*,#17563,.T.);
#17585 = ADVANCED_FACE('',(#17586),#6573,.F.);
#17586 = FACE_BOUND('',#17587,.F.);
#17587 = EDGE_LOOP('',(#17588,#17589,#17610,#17611));
#17588 = ORIENTED_EDGE('',*,*,#6552,.F.);
#17589 = ORIENTED_EDGE('',*,*,#17590,.F.);
#17590 = EDGE_CURVE('',#12374,#6553,#17591,.T.);
#17591 = SEAM_CURVE('',#17592,(#17596,#17603),.PCURVE_S1.);
#17592 = LINE('',#17593,#17594);
#17593 = CARTESIAN_POINT('',(48.35,114.3,6.));
#17594 = VECTOR('',#17595,1.);
#17595 = DIRECTION('',(0.,0.,-1.));
#17596 = PCURVE('',#6573,#17597);
#17597 = DEFINITIONAL_REPRESENTATION('',(#17598),#17602);
#17598 = LINE('',#17599,#17600);
#17599 = CARTESIAN_POINT('',(6.28318530718,-0.));
#17600 = VECTOR('',#17601,1.);
#17601 = DIRECTION('',(0.,1.));
#17602 = ( GEOMETRIC_REPRESENTATION_CONTEXT(2) 
PARAMETRIC_REPRESENTATION_CONTEXT() REPRESENTATION_CONTEXT('2D SPACE',''
  ) );
#17603 = PCURVE('',#6573,#17604);
#17604 = DEFINITIONAL_REPRESENTATION('',(#17605),#17609);
#17605 = LINE('',#17606,#17607);
#17606 = CARTESIAN_POINT('',(0.,-0.));
#17607 = VECTOR('',#17608,1.);
#17608 = DIRECTION('',(0.,1.));
#17609 = ( GEOMETRIC_REPRESENTATION_CONTEXT(2) 
PARAMETRIC_REPRESENTATION_CONTEXT() REPRESENTATION_CONTEXT('2D SPACE',''
  ) );
#17610 = ORIENTED_EDGE('',*,*,#12373,.T.);
#17611 = ORIENTED_EDGE('',*,*,#17590,.T.);
#17612 = ADVANCED_FACE('',(#17613),#6608,.F.);
#17613 = FACE_BOUND('',#17614,.F.);
#17614 = EDGE_LOOP('',(#17615,#17616,#17637,#17638));
#17615 = ORIENTED_EDGE('',*,*,#6587,.F.);
#17616 = ORIENTED_EDGE('',*,*,#17617,.F.);
#17617 = EDGE_CURVE('',#12404,#6588,#17618,.T.);
#17618 = SEAM_CURVE('',#17619,(#17623,#17630),.PCURVE_S1.);
#17619 = LINE('',#17620,#17621);
#17620 = CARTESIAN_POINT('',(48.35,127.,6.));
#17621 = VECTOR('',#17622,1.);
#17622 = DIRECTION('',(0.,0.,-1.));
#17623 = PCURVE('',#6608,#17624);
#17624 = DEFINITIONAL_REPRESENTATION('',(#17625),#17629);
#17625 = LINE('',#17626,#17627);
#17626 = CARTESIAN_POINT('',(6.28318530718,-0.));
#17627 = VECTOR('',#17628,1.);
#17628 = DIRECTION('',(0.,1.));
#17629 = ( GEOMETRIC_REPRESENTATION_CONTEXT(2) 
PARAMETRIC_REPRESENTATION_CONTEXT() REPRESENTATION_CONTEXT('2D SPACE',''
  ) );
#17630 = PCURVE('',#6608,#17631);
#17631 = DEFINITIONAL_REPRESENTATION('',(#17632),#17636);
#17632 = LINE('',#17633,#17634);
#17633 = CARTESIAN_POINT('',(0.,-0.));
#17634 = VECTOR('',#17635,1.);
#17635 = DIRECTION('',(0.,1.));
#17636 = ( GEOMETRIC_REPRESENTATION_CONTEXT(2) 
PARAMETRIC_REPRESENTATION_CONTEXT() REPRESENTATION_CONTEXT('2D SPACE',''
  ) );
#17637 = ORIENTED_EDGE('',*,*,#12403,.T.);
#17638 = ORIENTED_EDGE('',*,*,#17617,.T.);
#17639 = ADVANCED_FACE('',(#17640),#6643,.F.);
#17640 = FACE_BOUND('',#17641,.F.);
#17641 = EDGE_LOOP('',(#17642,#17643,#17664,#17665));
#17642 = ORIENTED_EDGE('',*,*,#6622,.F.);
#17643 = ORIENTED_EDGE('',*,*,#17644,.F.);
#17644 = EDGE_CURVE('',#12434,#6623,#17645,.T.);
#17645 = SEAM_CURVE('',#17646,(#17650,#17657),.PCURVE_S1.);
#17646 = LINE('',#17647,#17648);
#17647 = CARTESIAN_POINT('',(61.05,127.,6.));
#17648 = VECTOR('',#17649,1.);
#17649 = DIRECTION('',(0.,0.,-1.));
#17650 = PCURVE('',#6643,#17651);
#17651 = DEFINITIONAL_REPRESENTATION('',(#17652),#17656);
#17652 = LINE('',#17653,#17654);
#17653 = CARTESIAN_POINT('',(6.28318530718,-0.));
#17654 = VECTOR('',#17655,1.);
#17655 = DIRECTION('',(0.,1.));
#17656 = ( GEOMETRIC_REPRESENTATION_CONTEXT(2) 
PARAMETRIC_REPRESENTATION_CONTEXT() REPRESENTATION_CONTEXT('2D SPACE',''
  ) );
#17657 = PCURVE('',#6643,#17658);
#17658 = DEFINITIONAL_REPRESENTATION('',(#17659),#17663);
#17659 = LINE('',#17660,#17661);
#17660 = CARTESIAN_POINT('',(0.,-0.));
#17661 = VECTOR('',#17662,1.);
#17662 = DIRECTION('',(0.,1.));
#17663 = ( GEOMETRIC_REPRESENTATION_CONTEXT(2) 
PARAMETRIC_REPRESENTATION_CONTEXT() REPRESENTATION_CONTEXT('2D SPACE',''
  ) );
#17664 = ORIENTED_EDGE('',*,*,#12433,.T.);
#17665 = ORIENTED_EDGE('',*,*,#17644,.T.);
#17666 = ADVANCED_FACE('',(#17667),#6678,.F.);
#17667 = FACE_BOUND('',#17668,.F.);
#17668 = EDGE_LOOP('',(#17669,#17670,#17691,#17692));
#17669 = ORIENTED_EDGE('',*,*,#6657,.F.);
#17670 = ORIENTED_EDGE('',*,*,#17671,.F.);
#17671 = EDGE_CURVE('',#12464,#6658,#17672,.T.);
#17672 = SEAM_CURVE('',#17673,(#17677,#17684),.PCURVE_S1.);
#17673 = LINE('',#17674,#17675);
#17674 = CARTESIAN_POINT('',(67.,108.,6.));
#17675 = VECTOR('',#17676,1.);
#17676 = DIRECTION('',(0.,0.,-1.));
#17677 = PCURVE('',#6678,#17678);
#17678 = DEFINITIONAL_REPRESENTATION('',(#17679),#17683);
#17679 = LINE('',#17680,#17681);
#17680 = CARTESIAN_POINT('',(6.28318530718,-0.));
#17681 = VECTOR('',#17682,1.);
#17682 = DIRECTION('',(0.,1.));
#17683 = ( GEOMETRIC_REPRESENTATION_CONTEXT(2) 
PARAMETRIC_REPRESENTATION_CONTEXT() REPRESENTATION_CONTEXT('2D SPACE',''
  ) );
#17684 = PCURVE('',#6678,#17685);
#17685 = DEFINITIONAL_REPRESENTATION('',(#17686),#17690);
#17686 = LINE('',#17687,#17688);
#17687 = CARTESIAN_POINT('',(0.,-0.));
#17688 = VECTOR('',#17689,1.);
#17689 = DIRECTION('',(0.,1.));
#17690 = ( GEOMETRIC_REPRESENTATION_CONTEXT(2) 
PARAMETRIC_REPRESENTATION_CONTEXT() REPRESENTATION_CONTEXT('2D SPACE',''
  ) );
#17691 = ORIENTED_EDGE('',*,*,#12463,.T.);
#17692 = ORIENTED_EDGE('',*,*,#17671,.T.);
#17693 = ADVANCED_FACE('',(#17694),#6713,.F.);
#17694 = FACE_BOUND('',#17695,.F.);
#17695 = EDGE_LOOP('',(#17696,#17697,#17718,#17719));
#17696 = ORIENTED_EDGE('',*,*,#6692,.F.);
#17697 = ORIENTED_EDGE('',*,*,#17698,.F.);
#17698 = EDGE_CURVE('',#12494,#6693,#17699,.T.);
#17699 = SEAM_CURVE('',#17700,(#17704,#17711),.PCURVE_S1.);
#17700 = LINE('',#17701,#17702);
#17701 = CARTESIAN_POINT('',(86.45,101.6,6.));
#17702 = VECTOR('',#17703,1.);
#17703 = DIRECTION('',(0.,0.,-1.));
#17704 = PCURVE('',#6713,#17705);
#17705 = DEFINITIONAL_REPRESENTATION('',(#17706),#17710);
#17706 = LINE('',#17707,#17708);
#17707 = CARTESIAN_POINT('',(6.28318530718,-0.));
#17708 = VECTOR('',#17709,1.);
#17709 = DIRECTION('',(0.,1.));
#17710 = ( GEOMETRIC_REPRESENTATION_CONTEXT(2) 
PARAMETRIC_REPRESENTATION_CONTEXT() REPRESENTATION_CONTEXT('2D SPACE',''
  ) );
#17711 = PCURVE('',#6713,#17712);
#17712 = DEFINITIONAL_REPRESENTATION('',(#17713),#17717);
#17713 = LINE('',#17714,#17715);
#17714 = CARTESIAN_POINT('',(0.,-0.));
#17715 = VECTOR('',#17716,1.);
#17716 = DIRECTION('',(0.,1.));
#17717 = ( GEOMETRIC_REPRESENTATION_CONTEXT(2) 
PARAMETRIC_REPRESENTATION_CONTEXT() REPRESENTATION_CONTEXT('2D SPACE',''
  ) );
#17718 = ORIENTED_EDGE('',*,*,#12493,.T.);
#17719 = ORIENTED_EDGE('',*,*,#17698,.T.);
#17720 = ADVANCED_FACE('',(#17721),#6748,.F.);
#17721 = FACE_BOUND('',#17722,.F.);
#17722 = EDGE_LOOP('',(#17723,#17724,#17745,#17746));
#17723 = ORIENTED_EDGE('',*,*,#6727,.F.);
#17724 = ORIENTED_EDGE('',*,*,#17725,.F.);
#17725 = EDGE_CURVE('',#12524,#6728,#17726,.T.);
#17726 = SEAM_CURVE('',#17727,(#17731,#17738),.PCURVE_S1.);
#17727 = LINE('',#17728,#17729);
#17728 = CARTESIAN_POINT('',(73.75,127.,6.));
#17729 = VECTOR('',#17730,1.);
#17730 = DIRECTION('',(0.,0.,-1.));
#17731 = PCURVE('',#6748,#17732);
#17732 = DEFINITIONAL_REPRESENTATION('',(#17733),#17737);
#17733 = LINE('',#17734,#17735);
#17734 = CARTESIAN_POINT('',(6.28318530718,-0.));
#17735 = VECTOR('',#17736,1.);
#17736 = DIRECTION('',(0.,1.));
#17737 = ( GEOMETRIC_REPRESENTATION_CONTEXT(2) 
PARAMETRIC_REPRESENTATION_CONTEXT() REPRESENTATION_CONTEXT('2D SPACE',''
  ) );
#17738 = PCURVE('',#6748,#17739);
#17739 = DEFINITIONAL_REPRESENTATION('',(#17740),#17744);
#17740 = LINE('',#17741,#17742);
#17741 = CARTESIAN_POINT('',(0.,-0.));
#17742 = VECTOR('',#17743,1.);
#17743 = DIRECTION('',(0.,1.));
#17744 = ( GEOMETRIC_REPRESENTATION_CONTEXT(2) 
PARAMETRIC_REPRESENTATION_CONTEXT() REPRESENTATION_CONTEXT('2D SPACE',''
  ) );
#17745 = ORIENTED_EDGE('',*,*,#12523,.T.);
#17746 = ORIENTED_EDGE('',*,*,#17725,.T.);
#17747 = ADVANCED_FACE('',(#17748),#6783,.F.);
#17748 = FACE_BOUND('',#17749,.F.);
#17749 = EDGE_LOOP('',(#17750,#17751,#17772,#17773));
#17750 = ORIENTED_EDGE('',*,*,#6762,.F.);
#17751 = ORIENTED_EDGE('',*,*,#17752,.F.);
#17752 = EDGE_CURVE('',#12554,#6763,#17753,.T.);
#17753 = SEAM_CURVE('',#17754,(#17758,#17765),.PCURVE_S1.);
#17754 = LINE('',#17755,#17756);
#17755 = CARTESIAN_POINT('',(86.45,114.3,6.));
#17756 = VECTOR('',#17757,1.);
#17757 = DIRECTION('',(0.,0.,-1.));
#17758 = PCURVE('',#6783,#17759);
#17759 = DEFINITIONAL_REPRESENTATION('',(#17760),#17764);
#17760 = LINE('',#17761,#17762);
#17761 = CARTESIAN_POINT('',(6.28318530718,-0.));
#17762 = VECTOR('',#17763,1.);
#17763 = DIRECTION('',(0.,1.));
#17764 = ( GEOMETRIC_REPRESENTATION_CONTEXT(2) 
PARAMETRIC_REPRESENTATION_CONTEXT() REPRESENTATION_CONTEXT('2D SPACE',''
  ) );
#17765 = PCURVE('',#6783,#17766);
#17766 = DEFINITIONAL_REPRESENTATION('',(#17767),#17771);
#17767 = LINE('',#17768,#17769);
#17768 = CARTESIAN_POINT('',(0.,-0.));
#17769 = VECTOR('',#17770,1.);
#17770 = DIRECTION('',(0.,1.));
#17771 = ( GEOMETRIC_REPRESENTATION_CONTEXT(2) 
PARAMETRIC_REPRESENTATION_CONTEXT() REPRESENTATION_CONTEXT('2D SPACE',''
  ) );
#17772 = ORIENTED_EDGE('',*,*,#12553,.T.);
#17773 = ORIENTED_EDGE('',*,*,#17752,.T.);
#17774 = ADVANCED_FACE('',(#17775),#6818,.F.);
#17775 = FACE_BOUND('',#17776,.F.);
#17776 = EDGE_LOOP('',(#17777,#17778,#17799,#17800));
#17777 = ORIENTED_EDGE('',*,*,#6797,.F.);
#17778 = ORIENTED_EDGE('',*,*,#17779,.F.);
#17779 = EDGE_CURVE('',#12584,#6798,#17780,.T.);
#17780 = SEAM_CURVE('',#17781,(#17785,#17792),.PCURVE_S1.);
#17781 = LINE('',#17782,#17783);
#17782 = CARTESIAN_POINT('',(86.45,127.,6.));
#17783 = VECTOR('',#17784,1.);
#17784 = DIRECTION('',(0.,0.,-1.));
#17785 = PCURVE('',#6818,#17786);
#17786 = DEFINITIONAL_REPRESENTATION('',(#17787),#17791);
#17787 = LINE('',#17788,#17789);
#17788 = CARTESIAN_POINT('',(6.28318530718,-0.));
#17789 = VECTOR('',#17790,1.);
#17790 = DIRECTION('',(0.,1.));
#17791 = ( GEOMETRIC_REPRESENTATION_CONTEXT(2) 
PARAMETRIC_REPRESENTATION_CONTEXT() REPRESENTATION_CONTEXT('2D SPACE',''
  ) );
#17792 = PCURVE('',#6818,#17793);
#17793 = DEFINITIONAL_REPRESENTATION('',(#17794),#17798);
#17794 = LINE('',#17795,#17796);
#17795 = CARTESIAN_POINT('',(0.,-0.));
#17796 = VECTOR('',#17797,1.);
#17797 = DIRECTION('',(0.,1.));
#17798 = ( GEOMETRIC_REPRESENTATION_CONTEXT(2) 
PARAMETRIC_REPRESENTATION_CONTEXT() REPRESENTATION_CONTEXT('2D SPACE',''
  ) );
#17799 = ORIENTED_EDGE('',*,*,#12583,.T.);
#17800 = ORIENTED_EDGE('',*,*,#17779,.T.);
#17801 = ( GEOMETRIC_REPRESENTATION_CONTEXT(3) 
GLOBAL_UNCERTAINTY_ASSIGNED_CONTEXT((#17805)) 
GLOBAL_UNIT_ASSIGNED_CONTEXT((#17802,#17803,#17804)) 
REPRESENTATION_CONTEXT('Context #1',
  '3D Context with UNIT and UNCERTAINTY') );
#17802 = ( LENGTH_UNIT() NAMED_UNIT(*) SI_UNIT(.MILLI.,.METRE.) );
#17803 = ( NAMED_UNIT(*) PLANE_ANGLE_UNIT() SI_UNIT($,.RADIAN.) );
#17804 = ( NAMED_UNIT(*) SI_UNIT($,.STERADIAN.) SOLID_ANGLE_UNIT() );
#17805 = UNCERTAINTY_MEASURE_WITH_UNIT(LENGTH_MEASURE(1.E-07),#17802,
  'distance_accuracy_value','confusion accuracy');
#17806 = PRODUCT_RELATED_PRODUCT_CATEGORY('part',$,(#7));
ENDSEC;
END-ISO-10303-21;
