ISO-10303-21;
HEADER;
FILE_DESCRIPTION(('Open CASCADE Model'),'2;1');
FILE_NAME('Open CASCADE Shape Model','2026-07-16T17:54:38',('Author'),(
    'Open CASCADE'),'Open CASCADE STEP processor 7.9','Open CASCADE 7.9'
  ,'Unknown');
FILE_SCHEMA(('AUTOMOTIVE_DESIGN { 1 0 10303 214 1 1 1 1 }'));
ENDSEC;
DATA;
#1 = APPLICATION_PROTOCOL_DEFINITION('international standard',
  'automotive_design',2000,#2);
#2 = APPLICATION_CONTEXT(
  'core data for automotive mechanical design processes');
#3 = SHAPE_DEFINITION_REPRESENTATION(#4,#10);
#4 = PRODUCT_DEFINITION_SHAPE('','',#5);
#5 = PRODUCT_DEFINITION('design','',#6,#9);
#6 = PRODUCT_DEFINITION_FORMATION('','',#7);
#7 = PRODUCT('Open CASCADE STEP translator 7.9 4',
  'Open CASCADE STEP translator 7.9 4','',(#8));
#8 = PRODUCT_CONTEXT('',#2,'mechanical');
#9 = PRODUCT_DEFINITION_CONTEXT('part definition',#2,'design');
#10 = ADVANCED_BREP_SHAPE_REPRESENTATION('',(#11,#15),#2577);
#11 = AXIS2_PLACEMENT_3D('',#12,#13,#14);
#12 = CARTESIAN_POINT('',(0.,0.,0.));
#13 = DIRECTION('',(0.,0.,1.));
#14 = DIRECTION('',(1.,0.,-0.));
#15 = MANIFOLD_SOLID_BREP('',#16);
#16 = CLOSED_SHELL('',(#17,#137,#899,#953,#1003,#1628,#1655,#1682,#1709,
    #1736,#1743,#1802,#1829,#1888,#1915,#1942,#1969,#2028,#2071,#2098,
    #2125,#2152,#2179,#2204,#2229,#2236,#2263,#2290,#2349,#2399,#2449,
    #2499,#2549,#2556,#2563,#2570));
#17 = ADVANCED_FACE('',(#18),#32,.F.);
#18 = FACE_BOUND('',#19,.F.);
#19 = EDGE_LOOP('',(#20,#55,#83,#111));
#20 = ORIENTED_EDGE('',*,*,#21,.F.);
#21 = EDGE_CURVE('',#22,#24,#26,.T.);
#22 = VERTEX_POINT('',#23);
#23 = CARTESIAN_POINT('',(-36.,-46.,0.));
#24 = VERTEX_POINT('',#25);
#25 = CARTESIAN_POINT('',(36.,-46.,0.));
#26 = SURFACE_CURVE('',#27,(#31,#43),.PCURVE_S1.);
#27 = LINE('',#28,#29);
#28 = CARTESIAN_POINT('',(-46.,-46.,0.));
#29 = VECTOR('',#30,1.);
#30 = DIRECTION('',(1.,0.,0.));
#31 = PCURVE('',#32,#37);
#32 = PLANE('',#33);
#33 = AXIS2_PLACEMENT_3D('',#34,#35,#36);
#34 = CARTESIAN_POINT('',(-46.,-46.,0.));
#35 = DIRECTION('',(0.,1.,0.));
#36 = DIRECTION('',(1.,0.,0.));
#37 = DEFINITIONAL_REPRESENTATION('',(#38),#42);
#38 = LINE('',#39,#40);
#39 = CARTESIAN_POINT('',(0.,0.));
#40 = VECTOR('',#41,1.);
#41 = DIRECTION('',(1.,0.));
#42 = ( GEOMETRIC_REPRESENTATION_CONTEXT(2) 
PARAMETRIC_REPRESENTATION_CONTEXT() REPRESENTATION_CONTEXT('2D SPACE',''
  ) );
#43 = PCURVE('',#44,#49);
#44 = PLANE('',#45);
#45 = AXIS2_PLACEMENT_3D('',#46,#47,#48);
#46 = CARTESIAN_POINT('',(0.,0.,0.));
#47 = DIRECTION('',(0.,0.,1.));
#48 = DIRECTION('',(1.,0.,-0.));
#49 = DEFINITIONAL_REPRESENTATION('',(#50),#54);
#50 = LINE('',#51,#52);
#51 = CARTESIAN_POINT('',(-46.,-46.));
#52 = VECTOR('',#53,1.);
#53 = DIRECTION('',(1.,0.));
#54 = ( GEOMETRIC_REPRESENTATION_CONTEXT(2) 
PARAMETRIC_REPRESENTATION_CONTEXT() REPRESENTATION_CONTEXT('2D SPACE',''
  ) );
#55 = ORIENTED_EDGE('',*,*,#56,.T.);
#56 = EDGE_CURVE('',#22,#57,#59,.T.);
#57 = VERTEX_POINT('',#58);
#58 = CARTESIAN_POINT('',(-36.,-46.,5.));
#59 = SURFACE_CURVE('',#60,(#64,#71),.PCURVE_S1.);
#60 = LINE('',#61,#62);
#61 = CARTESIAN_POINT('',(-36.,-46.,0.));
#62 = VECTOR('',#63,1.);
#63 = DIRECTION('',(0.,0.,1.));
#64 = PCURVE('',#32,#65);
#65 = DEFINITIONAL_REPRESENTATION('',(#66),#70);
#66 = LINE('',#67,#68);
#67 = CARTESIAN_POINT('',(10.,0.));
#68 = VECTOR('',#69,1.);
#69 = DIRECTION('',(0.,-1.));
#70 = ( GEOMETRIC_REPRESENTATION_CONTEXT(2) 
PARAMETRIC_REPRESENTATION_CONTEXT() REPRESENTATION_CONTEXT('2D SPACE',''
  ) );
#71 = PCURVE('',#72,#77);
#72 = CYLINDRICAL_SURFACE('',#73,10.);
#73 = AXIS2_PLACEMENT_3D('',#74,#75,#76);
#74 = CARTESIAN_POINT('',(-36.,-36.,0.));
#75 = DIRECTION('',(0.,0.,1.));
#76 = DIRECTION('',(0.,-1.,0.));
#77 = DEFINITIONAL_REPRESENTATION('',(#78),#82);
#78 = LINE('',#79,#80);
#79 = CARTESIAN_POINT('',(-0.,0.));
#80 = VECTOR('',#81,1.);
#81 = DIRECTION('',(-0.,1.));
#82 = ( GEOMETRIC_REPRESENTATION_CONTEXT(2) 
PARAMETRIC_REPRESENTATION_CONTEXT() REPRESENTATION_CONTEXT('2D SPACE',''
  ) );
#83 = ORIENTED_EDGE('',*,*,#84,.T.);
#84 = EDGE_CURVE('',#57,#85,#87,.T.);
#85 = VERTEX_POINT('',#86);
#86 = CARTESIAN_POINT('',(36.,-46.,5.));
#87 = SURFACE_CURVE('',#88,(#92,#99),.PCURVE_S1.);
#88 = LINE('',#89,#90);
#89 = CARTESIAN_POINT('',(-46.,-46.,5.));
#90 = VECTOR('',#91,1.);
#91 = DIRECTION('',(1.,0.,0.));
#92 = PCURVE('',#32,#93);
#93 = DEFINITIONAL_REPRESENTATION('',(#94),#98);
#94 = LINE('',#95,#96);
#95 = CARTESIAN_POINT('',(0.,-5.));
#96 = VECTOR('',#97,1.);
#97 = DIRECTION('',(1.,0.));
#98 = ( GEOMETRIC_REPRESENTATION_CONTEXT(2) 
PARAMETRIC_REPRESENTATION_CONTEXT() REPRESENTATION_CONTEXT('2D SPACE',''
  ) );
#99 = PCURVE('',#100,#105);
#100 = PLANE('',#101);
#101 = AXIS2_PLACEMENT_3D('',#102,#103,#104);
#102 = CARTESIAN_POINT('',(0.,0.,5.));
#103 = DIRECTION('',(0.,0.,1.));
#104 = DIRECTION('',(1.,0.,-0.));
#105 = DEFINITIONAL_REPRESENTATION('',(#106),#110);
#106 = LINE('',#107,#108);
#107 = CARTESIAN_POINT('',(-46.,-46.));
#108 = VECTOR('',#109,1.);
#109 = DIRECTION('',(1.,0.));
#110 = ( GEOMETRIC_REPRESENTATION_CONTEXT(2) 
PARAMETRIC_REPRESENTATION_CONTEXT() REPRESENTATION_CONTEXT('2D SPACE',''
  ) );
#111 = ORIENTED_EDGE('',*,*,#112,.F.);
#112 = EDGE_CURVE('',#24,#85,#113,.T.);
#113 = SURFACE_CURVE('',#114,(#118,#125),.PCURVE_S1.);
#114 = LINE('',#115,#116);
#115 = CARTESIAN_POINT('',(36.,-46.,0.));
#116 = VECTOR('',#117,1.);
#117 = DIRECTION('',(0.,0.,1.));
#118 = PCURVE('',#32,#119);
#119 = DEFINITIONAL_REPRESENTATION('',(#120),#124);
#120 = LINE('',#121,#122);
#121 = CARTESIAN_POINT('',(82.,0.));
#122 = VECTOR('',#123,1.);
#123 = DIRECTION('',(0.,-1.));
#124 = ( GEOMETRIC_REPRESENTATION_CONTEXT(2) 
PARAMETRIC_REPRESENTATION_CONTEXT() REPRESENTATION_CONTEXT('2D SPACE',''
  ) );
#125 = PCURVE('',#126,#131);
#126 = CYLINDRICAL_SURFACE('',#127,10.);
#127 = AXIS2_PLACEMENT_3D('',#128,#129,#130);
#128 = CARTESIAN_POINT('',(36.,-36.,0.));
#129 = DIRECTION('',(0.,0.,1.));
#130 = DIRECTION('',(0.,-1.,0.));
#131 = DEFINITIONAL_REPRESENTATION('',(#132),#136);
#132 = LINE('',#133,#134);
#133 = CARTESIAN_POINT('',(0.,0.));
#134 = VECTOR('',#135,1.);
#135 = DIRECTION('',(0.,1.));
#136 = ( GEOMETRIC_REPRESENTATION_CONTEXT(2) 
PARAMETRIC_REPRESENTATION_CONTEXT() REPRESENTATION_CONTEXT('2D SPACE',''
  ) );
#137 = ADVANCED_FACE('',(#138,#333,#368,#403,#438,#473,#508,#543,#578,
    #794,#829,#864),#44,.F.);
#138 = FACE_BOUND('',#139,.F.);
#139 = EDGE_LOOP('',(#140,#141,#165,#193,#222,#250,#279,#307));
#140 = ORIENTED_EDGE('',*,*,#21,.T.);
#141 = ORIENTED_EDGE('',*,*,#142,.T.);
#142 = EDGE_CURVE('',#24,#143,#145,.T.);
#143 = VERTEX_POINT('',#144);
#144 = CARTESIAN_POINT('',(46.,-36.,0.));
#145 = SURFACE_CURVE('',#146,(#151,#158),.PCURVE_S1.);
#146 = CIRCLE('',#147,10.);
#147 = AXIS2_PLACEMENT_3D('',#148,#149,#150);
#148 = CARTESIAN_POINT('',(36.,-36.,0.));
#149 = DIRECTION('',(0.,0.,1.));
#150 = DIRECTION('',(0.,-1.,0.));
#151 = PCURVE('',#44,#152);
#152 = DEFINITIONAL_REPRESENTATION('',(#153),#157);
#153 = CIRCLE('',#154,10.);
#154 = AXIS2_PLACEMENT_2D('',#155,#156);
#155 = CARTESIAN_POINT('',(36.,-36.));
#156 = DIRECTION('',(0.,-1.));
#157 = ( GEOMETRIC_REPRESENTATION_CONTEXT(2) 
PARAMETRIC_REPRESENTATION_CONTEXT() REPRESENTATION_CONTEXT('2D SPACE',''
  ) );
#158 = PCURVE('',#126,#159);
#159 = DEFINITIONAL_REPRESENTATION('',(#160),#164);
#160 = LINE('',#161,#162);
#161 = CARTESIAN_POINT('',(0.,0.));
#162 = VECTOR('',#163,1.);
#163 = DIRECTION('',(1.,0.));
#164 = ( GEOMETRIC_REPRESENTATION_CONTEXT(2) 
PARAMETRIC_REPRESENTATION_CONTEXT() REPRESENTATION_CONTEXT('2D SPACE',''
  ) );
#165 = ORIENTED_EDGE('',*,*,#166,.T.);
#166 = EDGE_CURVE('',#143,#167,#169,.T.);
#167 = VERTEX_POINT('',#168);
#168 = CARTESIAN_POINT('',(46.,36.,0.));
#169 = SURFACE_CURVE('',#170,(#174,#181),.PCURVE_S1.);
#170 = LINE('',#171,#172);
#171 = CARTESIAN_POINT('',(46.,-46.,0.));
#172 = VECTOR('',#173,1.);
#173 = DIRECTION('',(0.,1.,0.));
#174 = PCURVE('',#44,#175);
#175 = DEFINITIONAL_REPRESENTATION('',(#176),#180);
#176 = LINE('',#177,#178);
#177 = CARTESIAN_POINT('',(46.,-46.));
#178 = VECTOR('',#179,1.);
#179 = DIRECTION('',(0.,1.));
#180 = ( GEOMETRIC_REPRESENTATION_CONTEXT(2) 
PARAMETRIC_REPRESENTATION_CONTEXT() REPRESENTATION_CONTEXT('2D SPACE',''
  ) );
#181 = PCURVE('',#182,#187);
#182 = PLANE('',#183);
#183 = AXIS2_PLACEMENT_3D('',#184,#185,#186);
#184 = CARTESIAN_POINT('',(46.,-46.,0.));
#185 = DIRECTION('',(-1.,0.,0.));
#186 = DIRECTION('',(0.,1.,0.));
#187 = DEFINITIONAL_REPRESENTATION('',(#188),#192);
#188 = LINE('',#189,#190);
#189 = CARTESIAN_POINT('',(0.,0.));
#190 = VECTOR('',#191,1.);
#191 = DIRECTION('',(1.,0.));
#192 = ( GEOMETRIC_REPRESENTATION_CONTEXT(2) 
PARAMETRIC_REPRESENTATION_CONTEXT() REPRESENTATION_CONTEXT('2D SPACE',''
  ) );
#193 = ORIENTED_EDGE('',*,*,#194,.T.);
#194 = EDGE_CURVE('',#167,#195,#197,.T.);
#195 = VERTEX_POINT('',#196);
#196 = CARTESIAN_POINT('',(36.,46.,0.));
#197 = SURFACE_CURVE('',#198,(#203,#210),.PCURVE_S1.);
#198 = CIRCLE('',#199,10.);
#199 = AXIS2_PLACEMENT_3D('',#200,#201,#202);
#200 = CARTESIAN_POINT('',(36.,36.,0.));
#201 = DIRECTION('',(0.,0.,1.));
#202 = DIRECTION('',(0.,-1.,0.));
#203 = PCURVE('',#44,#204);
#204 = DEFINITIONAL_REPRESENTATION('',(#205),#209);
#205 = CIRCLE('',#206,10.);
#206 = AXIS2_PLACEMENT_2D('',#207,#208);
#207 = CARTESIAN_POINT('',(36.,36.));
#208 = DIRECTION('',(0.,-1.));
#209 = ( GEOMETRIC_REPRESENTATION_CONTEXT(2) 
PARAMETRIC_REPRESENTATION_CONTEXT() REPRESENTATION_CONTEXT('2D SPACE',''
  ) );
#210 = PCURVE('',#211,#216);
#211 = CYLINDRICAL_SURFACE('',#212,10.);
#212 = AXIS2_PLACEMENT_3D('',#213,#214,#215);
#213 = CARTESIAN_POINT('',(36.,36.,0.));
#214 = DIRECTION('',(0.,0.,1.));
#215 = DIRECTION('',(1.,0.,-0.));
#216 = DEFINITIONAL_REPRESENTATION('',(#217),#221);
#217 = LINE('',#218,#219);
#218 = CARTESIAN_POINT('',(-1.570796326795,0.));
#219 = VECTOR('',#220,1.);
#220 = DIRECTION('',(1.,0.));
#221 = ( GEOMETRIC_REPRESENTATION_CONTEXT(2) 
PARAMETRIC_REPRESENTATION_CONTEXT() REPRESENTATION_CONTEXT('2D SPACE',''
  ) );
#222 = ORIENTED_EDGE('',*,*,#223,.T.);
#223 = EDGE_CURVE('',#195,#224,#226,.T.);
#224 = VERTEX_POINT('',#225);
#225 = CARTESIAN_POINT('',(-36.,46.,0.));
#226 = SURFACE_CURVE('',#227,(#231,#238),.PCURVE_S1.);
#227 = LINE('',#228,#229);
#228 = CARTESIAN_POINT('',(46.,46.,0.));
#229 = VECTOR('',#230,1.);
#230 = DIRECTION('',(-1.,0.,0.));
#231 = PCURVE('',#44,#232);
#232 = DEFINITIONAL_REPRESENTATION('',(#233),#237);
#233 = LINE('',#234,#235);
#234 = CARTESIAN_POINT('',(46.,46.));
#235 = VECTOR('',#236,1.);
#236 = DIRECTION('',(-1.,0.));
#237 = ( GEOMETRIC_REPRESENTATION_CONTEXT(2) 
PARAMETRIC_REPRESENTATION_CONTEXT() REPRESENTATION_CONTEXT('2D SPACE',''
  ) );
#238 = PCURVE('',#239,#244);
#239 = PLANE('',#240);
#240 = AXIS2_PLACEMENT_3D('',#241,#242,#243);
#241 = CARTESIAN_POINT('',(46.,46.,0.));
#242 = DIRECTION('',(0.,-1.,0.));
#243 = DIRECTION('',(-1.,0.,0.));
#244 = DEFINITIONAL_REPRESENTATION('',(#245),#249);
#245 = LINE('',#246,#247);
#246 = CARTESIAN_POINT('',(0.,-0.));
#247 = VECTOR('',#248,1.);
#248 = DIRECTION('',(1.,0.));
#249 = ( GEOMETRIC_REPRESENTATION_CONTEXT(2) 
PARAMETRIC_REPRESENTATION_CONTEXT() REPRESENTATION_CONTEXT('2D SPACE',''
  ) );
#250 = ORIENTED_EDGE('',*,*,#251,.T.);
#251 = EDGE_CURVE('',#224,#252,#254,.T.);
#252 = VERTEX_POINT('',#253);
#253 = CARTESIAN_POINT('',(-46.,36.,0.));
#254 = SURFACE_CURVE('',#255,(#260,#267),.PCURVE_S1.);
#255 = CIRCLE('',#256,10.);
#256 = AXIS2_PLACEMENT_3D('',#257,#258,#259);
#257 = CARTESIAN_POINT('',(-36.,36.,0.));
#258 = DIRECTION('',(0.,0.,1.));
#259 = DIRECTION('',(0.,-1.,0.));
#260 = PCURVE('',#44,#261);
#261 = DEFINITIONAL_REPRESENTATION('',(#262),#266);
#262 = CIRCLE('',#263,10.);
#263 = AXIS2_PLACEMENT_2D('',#264,#265);
#264 = CARTESIAN_POINT('',(-36.,36.));
#265 = DIRECTION('',(0.,-1.));
#266 = ( GEOMETRIC_REPRESENTATION_CONTEXT(2) 
PARAMETRIC_REPRESENTATION_CONTEXT() REPRESENTATION_CONTEXT('2D SPACE',''
  ) );
#267 = PCURVE('',#268,#273);
#268 = CYLINDRICAL_SURFACE('',#269,10.);
#269 = AXIS2_PLACEMENT_3D('',#270,#271,#272);
#270 = CARTESIAN_POINT('',(-36.,36.,0.));
#271 = DIRECTION('',(0.,0.,1.));
#272 = DIRECTION('',(-0.,1.,0.));
#273 = DEFINITIONAL_REPRESENTATION('',(#274),#278);
#274 = LINE('',#275,#276);
#275 = CARTESIAN_POINT('',(-3.14159265359,0.));
#276 = VECTOR('',#277,1.);
#277 = DIRECTION('',(1.,0.));
#278 = ( GEOMETRIC_REPRESENTATION_CONTEXT(2) 
PARAMETRIC_REPRESENTATION_CONTEXT() REPRESENTATION_CONTEXT('2D SPACE',''
  ) );
#279 = ORIENTED_EDGE('',*,*,#280,.T.);
#280 = EDGE_CURVE('',#252,#281,#283,.T.);
#281 = VERTEX_POINT('',#282);
#282 = CARTESIAN_POINT('',(-46.,-36.,0.));
#283 = SURFACE_CURVE('',#284,(#288,#295),.PCURVE_S1.);
#284 = LINE('',#285,#286);
#285 = CARTESIAN_POINT('',(-46.,46.,0.));
#286 = VECTOR('',#287,1.);
#287 = DIRECTION('',(0.,-1.,0.));
#288 = PCURVE('',#44,#289);
#289 = DEFINITIONAL_REPRESENTATION('',(#290),#294);
#290 = LINE('',#291,#292);
#291 = CARTESIAN_POINT('',(-46.,46.));
#292 = VECTOR('',#293,1.);
#293 = DIRECTION('',(0.,-1.));
#294 = ( GEOMETRIC_REPRESENTATION_CONTEXT(2) 
PARAMETRIC_REPRESENTATION_CONTEXT() REPRESENTATION_CONTEXT('2D SPACE',''
  ) );
#295 = PCURVE('',#296,#301);
#296 = PLANE('',#297);
#297 = AXIS2_PLACEMENT_3D('',#298,#299,#300);
#298 = CARTESIAN_POINT('',(-46.,46.,0.));
#299 = DIRECTION('',(1.,0.,-0.));
#300 = DIRECTION('',(0.,-1.,0.));
#301 = DEFINITIONAL_REPRESENTATION('',(#302),#306);
#302 = LINE('',#303,#304);
#303 = CARTESIAN_POINT('',(0.,0.));
#304 = VECTOR('',#305,1.);
#305 = DIRECTION('',(1.,0.));
#306 = ( GEOMETRIC_REPRESENTATION_CONTEXT(2) 
PARAMETRIC_REPRESENTATION_CONTEXT() REPRESENTATION_CONTEXT('2D SPACE',''
  ) );
#307 = ORIENTED_EDGE('',*,*,#308,.F.);
#308 = EDGE_CURVE('',#22,#281,#309,.T.);
#309 = SURFACE_CURVE('',#310,(#315,#326),.PCURVE_S1.);
#310 = CIRCLE('',#311,10.);
#311 = AXIS2_PLACEMENT_3D('',#312,#313,#314);
#312 = CARTESIAN_POINT('',(-36.,-36.,0.));
#313 = DIRECTION('',(-0.,-0.,-1.));
#314 = DIRECTION('',(0.,-1.,0.));
#315 = PCURVE('',#44,#316);
#316 = DEFINITIONAL_REPRESENTATION('',(#317),#325);
#317 = ( BOUNDED_CURVE() B_SPLINE_CURVE(2,(#318,#319,#320,#321,#322,#323
,#324),.UNSPECIFIED.,.T.,.F.) B_SPLINE_CURVE_WITH_KNOTS((1,2,2,2,2,1),(
    -2.094395102393,0.,2.094395102393,4.188790204786,6.28318530718,
8.377580409573),.UNSPECIFIED.) CURVE() GEOMETRIC_REPRESENTATION_ITEM() 
RATIONAL_B_SPLINE_CURVE((1.,0.5,1.,0.5,1.,0.5,1.)) REPRESENTATION_ITEM(
  '') );
#318 = CARTESIAN_POINT('',(-36.,-46.));
#319 = CARTESIAN_POINT('',(-53.32050807568,-46.));
#320 = CARTESIAN_POINT('',(-44.66025403784,-31.));
#321 = CARTESIAN_POINT('',(-36.,-16.));
#322 = CARTESIAN_POINT('',(-27.33974596215,-31.));
#323 = CARTESIAN_POINT('',(-18.67949192431,-46.));
#324 = CARTESIAN_POINT('',(-36.,-46.));
#325 = ( GEOMETRIC_REPRESENTATION_CONTEXT(2) 
PARAMETRIC_REPRESENTATION_CONTEXT() REPRESENTATION_CONTEXT('2D SPACE',''
  ) );
#326 = PCURVE('',#72,#327);
#327 = DEFINITIONAL_REPRESENTATION('',(#328),#332);
#328 = LINE('',#329,#330);
#329 = CARTESIAN_POINT('',(-0.,0.));
#330 = VECTOR('',#331,1.);
#331 = DIRECTION('',(-1.,0.));
#332 = ( GEOMETRIC_REPRESENTATION_CONTEXT(2) 
PARAMETRIC_REPRESENTATION_CONTEXT() REPRESENTATION_CONTEXT('2D SPACE',''
  ) );
#333 = FACE_BOUND('',#334,.F.);
#334 = EDGE_LOOP('',(#335));
#335 = ORIENTED_EDGE('',*,*,#336,.T.);
#336 = EDGE_CURVE('',#337,#337,#339,.T.);
#337 = VERTEX_POINT('',#338);
#338 = CARTESIAN_POINT('',(-38.6,-37.,0.));
#339 = SURFACE_CURVE('',#340,(#345,#356),.PCURVE_S1.);
#340 = CIRCLE('',#341,1.6);
#341 = AXIS2_PLACEMENT_3D('',#342,#343,#344);
#342 = CARTESIAN_POINT('',(-37.,-37.,0.));
#343 = DIRECTION('',(0.,0.,-1.));
#344 = DIRECTION('',(-1.,0.,0.));
#345 = PCURVE('',#44,#346);
#346 = DEFINITIONAL_REPRESENTATION('',(#347),#355);
#347 = ( BOUNDED_CURVE() B_SPLINE_CURVE(2,(#348,#349,#350,#351,#352,#353
,#354),.UNSPECIFIED.,.T.,.F.) B_SPLINE_CURVE_WITH_KNOTS((1,2,2,2,2,1),(
    -2.094395102393,0.,2.094395102393,4.188790204786,6.28318530718,
8.377580409573),.UNSPECIFIED.) CURVE() GEOMETRIC_REPRESENTATION_ITEM() 
RATIONAL_B_SPLINE_CURVE((1.,0.5,1.,0.5,1.,0.5,1.)) REPRESENTATION_ITEM(
  '') );
#348 = CARTESIAN_POINT('',(-38.6,-37.));
#349 = CARTESIAN_POINT('',(-38.6,-34.22871870789));
#350 = CARTESIAN_POINT('',(-36.2,-35.61435935394));
#351 = CARTESIAN_POINT('',(-33.8,-37.));
#352 = CARTESIAN_POINT('',(-36.2,-38.38564064605));
#353 = CARTESIAN_POINT('',(-38.6,-39.77128129211));
#354 = CARTESIAN_POINT('',(-38.6,-37.));
#355 = ( GEOMETRIC_REPRESENTATION_CONTEXT(2) 
PARAMETRIC_REPRESENTATION_CONTEXT() REPRESENTATION_CONTEXT('2D SPACE',''
  ) );
#356 = PCURVE('',#357,#362);
#357 = CYLINDRICAL_SURFACE('',#358,1.6);
#358 = AXIS2_PLACEMENT_3D('',#359,#360,#361);
#359 = CARTESIAN_POINT('',(-37.,-37.,8.));
#360 = DIRECTION('',(0.,0.,-1.));
#361 = DIRECTION('',(-1.,0.,0.));
#362 = DEFINITIONAL_REPRESENTATION('',(#363),#367);
#363 = LINE('',#364,#365);
#364 = CARTESIAN_POINT('',(0.,8.));
#365 = VECTOR('',#366,1.);
#366 = DIRECTION('',(1.,0.));
#367 = ( GEOMETRIC_REPRESENTATION_CONTEXT(2) 
PARAMETRIC_REPRESENTATION_CONTEXT() REPRESENTATION_CONTEXT('2D SPACE',''
  ) );
#368 = FACE_BOUND('',#369,.F.);
#369 = EDGE_LOOP('',(#370));
#370 = ORIENTED_EDGE('',*,*,#371,.T.);
#371 = EDGE_CURVE('',#372,#372,#374,.T.);
#372 = VERTEX_POINT('',#373);
#373 = CARTESIAN_POINT('',(-20.99188309203,-19.09188309203,0.));
#374 = SURFACE_CURVE('',#375,(#380,#391),.PCURVE_S1.);
#375 = CIRCLE('',#376,1.9);
#376 = AXIS2_PLACEMENT_3D('',#377,#378,#379);
#377 = CARTESIAN_POINT('',(-19.09188309203,-19.09188309203,0.));
#378 = DIRECTION('',(0.,0.,-1.));
#379 = DIRECTION('',(-1.,0.,0.));
#380 = PCURVE('',#44,#381);
#381 = DEFINITIONAL_REPRESENTATION('',(#382),#390);
#382 = ( BOUNDED_CURVE() B_SPLINE_CURVE(2,(#383,#384,#385,#386,#387,#388
,#389),.UNSPECIFIED.,.T.,.F.) B_SPLINE_CURVE_WITH_KNOTS((1,2,2,2,2,1),(
    -2.094395102393,0.,2.094395102393,4.188790204786,6.28318530718,
8.377580409573),.UNSPECIFIED.) CURVE() GEOMETRIC_REPRESENTATION_ITEM() 
RATIONAL_B_SPLINE_CURVE((1.,0.5,1.,0.5,1.,0.5,1.)) REPRESENTATION_ITEM(
  '') );
#383 = CARTESIAN_POINT('',(-20.99188309203,-19.09188309203));
#384 = CARTESIAN_POINT('',(-20.99188309203,-15.80098655765));
#385 = CARTESIAN_POINT('',(-18.14188309203,-17.44643482484));
#386 = CARTESIAN_POINT('',(-15.29188309203,-19.09188309203));
#387 = CARTESIAN_POINT('',(-18.14188309203,-20.73733135922));
#388 = CARTESIAN_POINT('',(-20.99188309203,-22.38277962641));
#389 = CARTESIAN_POINT('',(-20.99188309203,-19.09188309203));
#390 = ( GEOMETRIC_REPRESENTATION_CONTEXT(2) 
PARAMETRIC_REPRESENTATION_CONTEXT() REPRESENTATION_CONTEXT('2D SPACE',''
  ) );
#391 = PCURVE('',#392,#397);
#392 = CYLINDRICAL_SURFACE('',#393,1.9);
#393 = AXIS2_PLACEMENT_3D('',#394,#395,#396);
#394 = CARTESIAN_POINT('',(-19.09188309203,-19.09188309203,8.));
#395 = DIRECTION('',(0.,0.,-1.));
#396 = DIRECTION('',(-1.,0.,0.));
#397 = DEFINITIONAL_REPRESENTATION('',(#398),#402);
#398 = LINE('',#399,#400);
#399 = CARTESIAN_POINT('',(0.,8.));
#400 = VECTOR('',#401,1.);
#401 = DIRECTION('',(1.,0.));
#402 = ( GEOMETRIC_REPRESENTATION_CONTEXT(2) 
PARAMETRIC_REPRESENTATION_CONTEXT() REPRESENTATION_CONTEXT('2D SPACE',''
  ) );
#403 = FACE_BOUND('',#404,.F.);
#404 = EDGE_LOOP('',(#405));
#405 = ORIENTED_EDGE('',*,*,#406,.T.);
#406 = EDGE_CURVE('',#407,#407,#409,.T.);
#407 = VERTEX_POINT('',#408);
#408 = CARTESIAN_POINT('',(35.4,-37.,0.));
#409 = SURFACE_CURVE('',#410,(#415,#426),.PCURVE_S1.);
#410 = CIRCLE('',#411,1.6);
#411 = AXIS2_PLACEMENT_3D('',#412,#413,#414);
#412 = CARTESIAN_POINT('',(37.,-37.,0.));
#413 = DIRECTION('',(0.,0.,-1.));
#414 = DIRECTION('',(-1.,0.,0.));
#415 = PCURVE('',#44,#416);
#416 = DEFINITIONAL_REPRESENTATION('',(#417),#425);
#417 = ( BOUNDED_CURVE() B_SPLINE_CURVE(2,(#418,#419,#420,#421,#422,#423
,#424),.UNSPECIFIED.,.T.,.F.) B_SPLINE_CURVE_WITH_KNOTS((1,2,2,2,2,1),(
    -2.094395102393,0.,2.094395102393,4.188790204786,6.28318530718,
8.377580409573),.UNSPECIFIED.) CURVE() GEOMETRIC_REPRESENTATION_ITEM() 
RATIONAL_B_SPLINE_CURVE((1.,0.5,1.,0.5,1.,0.5,1.)) REPRESENTATION_ITEM(
  '') );
#418 = CARTESIAN_POINT('',(35.4,-37.));
#419 = CARTESIAN_POINT('',(35.4,-34.22871870789));
#420 = CARTESIAN_POINT('',(37.8,-35.61435935394));
#421 = CARTESIAN_POINT('',(40.2,-37.));
#422 = CARTESIAN_POINT('',(37.8,-38.38564064605));
#423 = CARTESIAN_POINT('',(35.4,-39.77128129211));
#424 = CARTESIAN_POINT('',(35.4,-37.));
#425 = ( GEOMETRIC_REPRESENTATION_CONTEXT(2) 
PARAMETRIC_REPRESENTATION_CONTEXT() REPRESENTATION_CONTEXT('2D SPACE',''
  ) );
#426 = PCURVE('',#427,#432);
#427 = CYLINDRICAL_SURFACE('',#428,1.6);
#428 = AXIS2_PLACEMENT_3D('',#429,#430,#431);
#429 = CARTESIAN_POINT('',(37.,-37.,8.));
#430 = DIRECTION('',(0.,0.,-1.));
#431 = DIRECTION('',(-1.,0.,0.));
#432 = DEFINITIONAL_REPRESENTATION('',(#433),#437);
#433 = LINE('',#434,#435);
#434 = CARTESIAN_POINT('',(0.,8.));
#435 = VECTOR('',#436,1.);
#436 = DIRECTION('',(1.,0.));
#437 = ( GEOMETRIC_REPRESENTATION_CONTEXT(2) 
PARAMETRIC_REPRESENTATION_CONTEXT() REPRESENTATION_CONTEXT('2D SPACE',''
  ) );
#438 = FACE_BOUND('',#439,.F.);
#439 = EDGE_LOOP('',(#440));
#440 = ORIENTED_EDGE('',*,*,#441,.T.);
#441 = EDGE_CURVE('',#442,#442,#444,.T.);
#442 = VERTEX_POINT('',#443);
#443 = CARTESIAN_POINT('',(17.191883092037,-19.09188309203,0.));
#444 = SURFACE_CURVE('',#445,(#450,#461),.PCURVE_S1.);
#445 = CIRCLE('',#446,1.9);
#446 = AXIS2_PLACEMENT_3D('',#447,#448,#449);
#447 = CARTESIAN_POINT('',(19.091883092037,-19.09188309203,0.));
#448 = DIRECTION('',(0.,0.,-1.));
#449 = DIRECTION('',(-1.,0.,0.));
#450 = PCURVE('',#44,#451);
#451 = DEFINITIONAL_REPRESENTATION('',(#452),#460);
#452 = ( BOUNDED_CURVE() B_SPLINE_CURVE(2,(#453,#454,#455,#456,#457,#458
,#459),.UNSPECIFIED.,.T.,.F.) B_SPLINE_CURVE_WITH_KNOTS((1,2,2,2,2,1),(
    -2.094395102393,0.,2.094395102393,4.188790204786,6.28318530718,
8.377580409573),.UNSPECIFIED.) CURVE() GEOMETRIC_REPRESENTATION_ITEM() 
RATIONAL_B_SPLINE_CURVE((1.,0.5,1.,0.5,1.,0.5,1.)) REPRESENTATION_ITEM(
  '') );
#453 = CARTESIAN_POINT('',(17.191883092037,-19.09188309203));
#454 = CARTESIAN_POINT('',(17.191883092037,-15.80098655765));
#455 = CARTESIAN_POINT('',(20.041883092037,-17.44643482484));
#456 = CARTESIAN_POINT('',(22.891883092037,-19.09188309203));
#457 = CARTESIAN_POINT('',(20.041883092037,-20.73733135922));
#458 = CARTESIAN_POINT('',(17.191883092037,-22.38277962641));
#459 = CARTESIAN_POINT('',(17.191883092037,-19.09188309203));
#460 = ( GEOMETRIC_REPRESENTATION_CONTEXT(2) 
PARAMETRIC_REPRESENTATION_CONTEXT() REPRESENTATION_CONTEXT('2D SPACE',''
  ) );
#461 = PCURVE('',#462,#467);
#462 = CYLINDRICAL_SURFACE('',#463,1.9);
#463 = AXIS2_PLACEMENT_3D('',#464,#465,#466);
#464 = CARTESIAN_POINT('',(19.091883092037,-19.09188309203,8.));
#465 = DIRECTION('',(0.,0.,-1.));
#466 = DIRECTION('',(-1.,0.,0.));
#467 = DEFINITIONAL_REPRESENTATION('',(#468),#472);
#468 = LINE('',#469,#470);
#469 = CARTESIAN_POINT('',(0.,8.));
#470 = VECTOR('',#471,1.);
#471 = DIRECTION('',(1.,0.));
#472 = ( GEOMETRIC_REPRESENTATION_CONTEXT(2) 
PARAMETRIC_REPRESENTATION_CONTEXT() REPRESENTATION_CONTEXT('2D SPACE',''
  ) );
#473 = FACE_BOUND('',#474,.F.);
#474 = EDGE_LOOP('',(#475));
#475 = ORIENTED_EDGE('',*,*,#476,.T.);
#476 = EDGE_CURVE('',#477,#477,#479,.T.);
#477 = VERTEX_POINT('',#478);
#478 = CARTESIAN_POINT('',(-26.05,-4.65365783676E-16,0.));
#479 = SURFACE_CURVE('',#480,(#485,#496),.PCURVE_S1.);
#480 = CIRCLE('',#481,1.9);
#481 = AXIS2_PLACEMENT_3D('',#482,#483,#484);
#482 = CARTESIAN_POINT('',(-24.15,0.,0.));
#483 = DIRECTION('',(0.,0.,-1.));
#484 = DIRECTION('',(-1.,0.,0.));
#485 = PCURVE('',#44,#486);
#486 = DEFINITIONAL_REPRESENTATION('',(#487),#495);
#487 = ( BOUNDED_CURVE() B_SPLINE_CURVE(2,(#488,#489,#490,#491,#492,#493
,#494),.UNSPECIFIED.,.T.,.F.) B_SPLINE_CURVE_WITH_KNOTS((1,2,2,2,2,1),(
    -2.094395102393,0.,2.094395102393,4.188790204786,6.28318530718,
8.377580409573),.UNSPECIFIED.) CURVE() GEOMETRIC_REPRESENTATION_ITEM() 
RATIONAL_B_SPLINE_CURVE((1.,0.5,1.,0.5,1.,0.5,1.)) REPRESENTATION_ITEM(
  '') );
#488 = CARTESIAN_POINT('',(-26.05,0.));
#489 = CARTESIAN_POINT('',(-26.05,3.290896534381));
#490 = CARTESIAN_POINT('',(-23.2,1.64544826719));
#491 = CARTESIAN_POINT('',(-20.35,4.65365783676E-16));
#492 = CARTESIAN_POINT('',(-23.2,-1.64544826719));
#493 = CARTESIAN_POINT('',(-26.05,-3.290896534381));
#494 = CARTESIAN_POINT('',(-26.05,0.));
#495 = ( GEOMETRIC_REPRESENTATION_CONTEXT(2) 
PARAMETRIC_REPRESENTATION_CONTEXT() REPRESENTATION_CONTEXT('2D SPACE',''
  ) );
#496 = PCURVE('',#497,#502);
#497 = CYLINDRICAL_SURFACE('',#498,1.9);
#498 = AXIS2_PLACEMENT_3D('',#499,#500,#501);
#499 = CARTESIAN_POINT('',(-24.15,0.,8.));
#500 = DIRECTION('',(0.,0.,-1.));
#501 = DIRECTION('',(-1.,0.,0.));
#502 = DEFINITIONAL_REPRESENTATION('',(#503),#507);
#503 = LINE('',#504,#505);
#504 = CARTESIAN_POINT('',(0.,8.));
#505 = VECTOR('',#506,1.);
#506 = DIRECTION('',(1.,0.));
#507 = ( GEOMETRIC_REPRESENTATION_CONTEXT(2) 
PARAMETRIC_REPRESENTATION_CONTEXT() REPRESENTATION_CONTEXT('2D SPACE',''
  ) );
#508 = FACE_BOUND('',#509,.F.);
#509 = EDGE_LOOP('',(#510));
#510 = ORIENTED_EDGE('',*,*,#511,.T.);
#511 = EDGE_CURVE('',#512,#512,#514,.T.);
#512 = VERTEX_POINT('',#513);
#513 = CARTESIAN_POINT('',(-20.99188309203,19.091883092037,0.));
#514 = SURFACE_CURVE('',#515,(#520,#531),.PCURVE_S1.);
#515 = CIRCLE('',#516,1.9);
#516 = AXIS2_PLACEMENT_3D('',#517,#518,#519);
#517 = CARTESIAN_POINT('',(-19.09188309203,19.091883092037,0.));
#518 = DIRECTION('',(0.,0.,-1.));
#519 = DIRECTION('',(-1.,0.,0.));
#520 = PCURVE('',#44,#521);
#521 = DEFINITIONAL_REPRESENTATION('',(#522),#530);
#522 = ( BOUNDED_CURVE() B_SPLINE_CURVE(2,(#523,#524,#525,#526,#527,#528
,#529),.UNSPECIFIED.,.T.,.F.) B_SPLINE_CURVE_WITH_KNOTS((1,2,2,2,2,1),(
    -2.094395102393,0.,2.094395102393,4.188790204786,6.28318530718,
8.377580409573),.UNSPECIFIED.) CURVE() GEOMETRIC_REPRESENTATION_ITEM() 
RATIONAL_B_SPLINE_CURVE((1.,0.5,1.,0.5,1.,0.5,1.)) REPRESENTATION_ITEM(
  '') );
#523 = CARTESIAN_POINT('',(-20.99188309203,19.091883092037));
#524 = CARTESIAN_POINT('',(-20.99188309203,22.382779626418));
#525 = CARTESIAN_POINT('',(-18.14188309203,20.737331359227));
#526 = CARTESIAN_POINT('',(-15.29188309203,19.091883092037));
#527 = CARTESIAN_POINT('',(-18.14188309203,17.446434824846));
#528 = CARTESIAN_POINT('',(-20.99188309203,15.800986557656));
#529 = CARTESIAN_POINT('',(-20.99188309203,19.091883092037));
#530 = ( GEOMETRIC_REPRESENTATION_CONTEXT(2) 
PARAMETRIC_REPRESENTATION_CONTEXT() REPRESENTATION_CONTEXT('2D SPACE',''
  ) );
#531 = PCURVE('',#532,#537);
#532 = CYLINDRICAL_SURFACE('',#533,1.9);
#533 = AXIS2_PLACEMENT_3D('',#534,#535,#536);
#534 = CARTESIAN_POINT('',(-19.09188309203,19.091883092037,8.));
#535 = DIRECTION('',(0.,0.,-1.));
#536 = DIRECTION('',(-1.,0.,0.));
#537 = DEFINITIONAL_REPRESENTATION('',(#538),#542);
#538 = LINE('',#539,#540);
#539 = CARTESIAN_POINT('',(0.,8.));
#540 = VECTOR('',#541,1.);
#541 = DIRECTION('',(1.,0.));
#542 = ( GEOMETRIC_REPRESENTATION_CONTEXT(2) 
PARAMETRIC_REPRESENTATION_CONTEXT() REPRESENTATION_CONTEXT('2D SPACE',''
  ) );
#543 = FACE_BOUND('',#544,.F.);
#544 = EDGE_LOOP('',(#545));
#545 = ORIENTED_EDGE('',*,*,#546,.T.);
#546 = EDGE_CURVE('',#547,#547,#549,.T.);
#547 = VERTEX_POINT('',#548);
#548 = CARTESIAN_POINT('',(-38.6,37.,0.));
#549 = SURFACE_CURVE('',#550,(#555,#566),.PCURVE_S1.);
#550 = CIRCLE('',#551,1.6);
#551 = AXIS2_PLACEMENT_3D('',#552,#553,#554);
#552 = CARTESIAN_POINT('',(-37.,37.,0.));
#553 = DIRECTION('',(0.,0.,-1.));
#554 = DIRECTION('',(-1.,0.,0.));
#555 = PCURVE('',#44,#556);
#556 = DEFINITIONAL_REPRESENTATION('',(#557),#565);
#557 = ( BOUNDED_CURVE() B_SPLINE_CURVE(2,(#558,#559,#560,#561,#562,#563
,#564),.UNSPECIFIED.,.T.,.F.) B_SPLINE_CURVE_WITH_KNOTS((1,2,2,2,2,1),(
    -2.094395102393,0.,2.094395102393,4.188790204786,6.28318530718,
8.377580409573),.UNSPECIFIED.) CURVE() GEOMETRIC_REPRESENTATION_ITEM() 
RATIONAL_B_SPLINE_CURVE((1.,0.5,1.,0.5,1.,0.5,1.)) REPRESENTATION_ITEM(
  '') );
#558 = CARTESIAN_POINT('',(-38.6,37.));
#559 = CARTESIAN_POINT('',(-38.6,39.77128129211));
#560 = CARTESIAN_POINT('',(-36.2,38.385640646055));
#561 = CARTESIAN_POINT('',(-33.8,37.));
#562 = CARTESIAN_POINT('',(-36.2,35.614359353945));
#563 = CARTESIAN_POINT('',(-38.6,34.22871870789));
#564 = CARTESIAN_POINT('',(-38.6,37.));
#565 = ( GEOMETRIC_REPRESENTATION_CONTEXT(2) 
PARAMETRIC_REPRESENTATION_CONTEXT() REPRESENTATION_CONTEXT('2D SPACE',''
  ) );
#566 = PCURVE('',#567,#572);
#567 = CYLINDRICAL_SURFACE('',#568,1.6);
#568 = AXIS2_PLACEMENT_3D('',#569,#570,#571);
#569 = CARTESIAN_POINT('',(-37.,37.,8.));
#570 = DIRECTION('',(0.,0.,-1.));
#571 = DIRECTION('',(-1.,0.,0.));
#572 = DEFINITIONAL_REPRESENTATION('',(#573),#577);
#573 = LINE('',#574,#575);
#574 = CARTESIAN_POINT('',(0.,8.));
#575 = VECTOR('',#576,1.);
#576 = DIRECTION('',(1.,0.));
#577 = ( GEOMETRIC_REPRESENTATION_CONTEXT(2) 
PARAMETRIC_REPRESENTATION_CONTEXT() REPRESENTATION_CONTEXT('2D SPACE',''
  ) );
#578 = FACE_BOUND('',#579,.F.);
#579 = EDGE_LOOP('',(#580,#611,#637,#663,#689,#718,#744,#770));
#580 = ORIENTED_EDGE('',*,*,#581,.F.);
#581 = EDGE_CURVE('',#582,#584,#586,.T.);
#582 = VERTEX_POINT('',#583);
#583 = CARTESIAN_POINT('',(11.090085662428,10.1,0.));
#584 = VERTEX_POINT('',#585);
#585 = CARTESIAN_POINT('',(-11.09008566242,10.1,0.));
#586 = SURFACE_CURVE('',#587,(#592,#599),.PCURVE_S1.);
#587 = CIRCLE('',#588,15.);
#588 = AXIS2_PLACEMENT_3D('',#589,#590,#591);
#589 = CARTESIAN_POINT('',(-4.281471244817E-16,-1.7763568394E-15,0.));
#590 = DIRECTION('',(0.,0.,1.));
#591 = DIRECTION('',(1.,3.633531491228E-16,-0.));
#592 = PCURVE('',#44,#593);
#593 = DEFINITIONAL_REPRESENTATION('',(#594),#598);
#594 = CIRCLE('',#595,15.);
#595 = AXIS2_PLACEMENT_2D('',#596,#597);
#596 = CARTESIAN_POINT('',(-4.281471244817E-16,-1.7763568394E-15));
#597 = DIRECTION('',(1.,3.633531491228E-16));
#598 = ( GEOMETRIC_REPRESENTATION_CONTEXT(2) 
PARAMETRIC_REPRESENTATION_CONTEXT() REPRESENTATION_CONTEXT('2D SPACE',''
  ) );
#599 = PCURVE('',#600,#605);
#600 = CYLINDRICAL_SURFACE('',#601,15.);
#601 = AXIS2_PLACEMENT_3D('',#602,#603,#604);
#602 = CARTESIAN_POINT('',(0.,0.,-87.0000002));
#603 = DIRECTION('',(-0.,-0.,-1.));
#604 = DIRECTION('',(1.,0.,0.));
#605 = DEFINITIONAL_REPRESENTATION('',(#606),#610);
#606 = LINE('',#607,#608);
#607 = CARTESIAN_POINT('',(-0.,-87.0000002));
#608 = VECTOR('',#609,1.);
#609 = DIRECTION('',(-1.,-0.));
#610 = ( GEOMETRIC_REPRESENTATION_CONTEXT(2) 
PARAMETRIC_REPRESENTATION_CONTEXT() REPRESENTATION_CONTEXT('2D SPACE',''
  ) );
#611 = ORIENTED_EDGE('',*,*,#612,.T.);
#612 = EDGE_CURVE('',#582,#613,#615,.T.);
#613 = VERTEX_POINT('',#614);
#614 = CARTESIAN_POINT('',(20.5,10.1,0.));
#615 = SURFACE_CURVE('',#616,(#620,#626),.PCURVE_S1.);
#616 = LINE('',#617,#618);
#617 = CARTESIAN_POINT('',(10.25,10.1,0.));
#618 = VECTOR('',#619,1.);
#619 = DIRECTION('',(1.,0.,-0.));
#620 = PCURVE('',#44,#621);
#621 = DEFINITIONAL_REPRESENTATION('',(#622),#625);
#622 = B_SPLINE_CURVE_WITH_KNOTS('',1,(#623,#624),.UNSPECIFIED.,.F.,.F.,
  (2,2),(-30.75,10.25),.PIECEWISE_BEZIER_KNOTS.);
#623 = CARTESIAN_POINT('',(-20.5,10.1));
#624 = CARTESIAN_POINT('',(20.5,10.1));
#625 = ( GEOMETRIC_REPRESENTATION_CONTEXT(2) 
PARAMETRIC_REPRESENTATION_CONTEXT() REPRESENTATION_CONTEXT('2D SPACE',''
  ) );
#626 = PCURVE('',#627,#632);
#627 = PLANE('',#628);
#628 = AXIS2_PLACEMENT_3D('',#629,#630,#631);
#629 = CARTESIAN_POINT('',(20.5,10.1,-84.0000002));
#630 = DIRECTION('',(0.,-1.,0.));
#631 = DIRECTION('',(-1.,0.,0.));
#632 = DEFINITIONAL_REPRESENTATION('',(#633),#636);
#633 = B_SPLINE_CURVE_WITH_KNOTS('',1,(#634,#635),.UNSPECIFIED.,.F.,.F.,
  (2,2),(-30.75,10.25),.PIECEWISE_BEZIER_KNOTS.);
#634 = CARTESIAN_POINT('',(41.,-84.0000002));
#635 = CARTESIAN_POINT('',(0.,-84.0000002));
#636 = ( GEOMETRIC_REPRESENTATION_CONTEXT(2) 
PARAMETRIC_REPRESENTATION_CONTEXT() REPRESENTATION_CONTEXT('2D SPACE',''
  ) );
#637 = ORIENTED_EDGE('',*,*,#638,.T.);
#638 = EDGE_CURVE('',#613,#639,#641,.T.);
#639 = VERTEX_POINT('',#640);
#640 = CARTESIAN_POINT('',(20.5,-10.1,0.));
#641 = SURFACE_CURVE('',#642,(#646,#652),.PCURVE_S1.);
#642 = LINE('',#643,#644);
#643 = CARTESIAN_POINT('',(20.5,-5.05,0.));
#644 = VECTOR('',#645,1.);
#645 = DIRECTION('',(0.,-1.,0.));
#646 = PCURVE('',#44,#647);
#647 = DEFINITIONAL_REPRESENTATION('',(#648),#651);
#648 = B_SPLINE_CURVE_WITH_KNOTS('',1,(#649,#650),.UNSPECIFIED.,.F.,.F.,
  (2,2),(-15.15,5.05),.PIECEWISE_BEZIER_KNOTS.);
#649 = CARTESIAN_POINT('',(20.5,10.1));
#650 = CARTESIAN_POINT('',(20.5,-10.1));
#651 = ( GEOMETRIC_REPRESENTATION_CONTEXT(2) 
PARAMETRIC_REPRESENTATION_CONTEXT() REPRESENTATION_CONTEXT('2D SPACE',''
  ) );
#652 = PCURVE('',#653,#658);
#653 = PLANE('',#654);
#654 = AXIS2_PLACEMENT_3D('',#655,#656,#657);
#655 = CARTESIAN_POINT('',(20.5,-10.1,-84.0000002));
#656 = DIRECTION('',(-1.,0.,0.));
#657 = DIRECTION('',(0.,1.,0.));
#658 = DEFINITIONAL_REPRESENTATION('',(#659),#662);
#659 = B_SPLINE_CURVE_WITH_KNOTS('',1,(#660,#661),.UNSPECIFIED.,.F.,.F.,
  (2,2),(-15.15,5.05),.PIECEWISE_BEZIER_KNOTS.);
#660 = CARTESIAN_POINT('',(20.2,-84.0000002));
#661 = CARTESIAN_POINT('',(0.,-84.0000002));
#662 = ( GEOMETRIC_REPRESENTATION_CONTEXT(2) 
PARAMETRIC_REPRESENTATION_CONTEXT() REPRESENTATION_CONTEXT('2D SPACE',''
  ) );
#663 = ORIENTED_EDGE('',*,*,#664,.T.);
#664 = EDGE_CURVE('',#639,#665,#667,.T.);
#665 = VERTEX_POINT('',#666);
#666 = CARTESIAN_POINT('',(11.090085662428,-10.1,0.));
#667 = SURFACE_CURVE('',#668,(#672,#678),.PCURVE_S1.);
#668 = LINE('',#669,#670);
#669 = CARTESIAN_POINT('',(-10.25,-10.1,0.));
#670 = VECTOR('',#671,1.);
#671 = DIRECTION('',(-1.,0.,0.));
#672 = PCURVE('',#44,#673);
#673 = DEFINITIONAL_REPRESENTATION('',(#674),#677);
#674 = B_SPLINE_CURVE_WITH_KNOTS('',1,(#675,#676),.UNSPECIFIED.,.F.,.F.,
  (2,2),(-30.75,10.25),.PIECEWISE_BEZIER_KNOTS.);
#675 = CARTESIAN_POINT('',(20.5,-10.1));
#676 = CARTESIAN_POINT('',(-20.5,-10.1));
#677 = ( GEOMETRIC_REPRESENTATION_CONTEXT(2) 
PARAMETRIC_REPRESENTATION_CONTEXT() REPRESENTATION_CONTEXT('2D SPACE',''
  ) );
#678 = PCURVE('',#679,#684);
#679 = PLANE('',#680);
#680 = AXIS2_PLACEMENT_3D('',#681,#682,#683);
#681 = CARTESIAN_POINT('',(-20.5,-10.1,-84.0000002));
#682 = DIRECTION('',(0.,1.,0.));
#683 = DIRECTION('',(1.,0.,0.));
#684 = DEFINITIONAL_REPRESENTATION('',(#685),#688);
#685 = B_SPLINE_CURVE_WITH_KNOTS('',1,(#686,#687),.UNSPECIFIED.,.F.,.F.,
  (2,2),(-30.75,10.25),.PIECEWISE_BEZIER_KNOTS.);
#686 = CARTESIAN_POINT('',(41.,-84.0000002));
#687 = CARTESIAN_POINT('',(0.,-84.0000002));
#688 = ( GEOMETRIC_REPRESENTATION_CONTEXT(2) 
PARAMETRIC_REPRESENTATION_CONTEXT() REPRESENTATION_CONTEXT('2D SPACE',''
  ) );
#689 = ORIENTED_EDGE('',*,*,#690,.F.);
#690 = EDGE_CURVE('',#691,#665,#693,.T.);
#691 = VERTEX_POINT('',#692);
#692 = CARTESIAN_POINT('',(-11.09008566242,-10.1,0.));
#693 = SURFACE_CURVE('',#694,(#699,#706),.PCURVE_S1.);
#694 = CIRCLE('',#695,15.);
#695 = AXIS2_PLACEMENT_3D('',#696,#697,#698);
#696 = CARTESIAN_POINT('',(-4.281471244817E-16,-1.7763568394E-15,0.));
#697 = DIRECTION('',(0.,0.,1.));
#698 = DIRECTION('',(1.,3.633531491228E-16,-0.));
#699 = PCURVE('',#44,#700);
#700 = DEFINITIONAL_REPRESENTATION('',(#701),#705);
#701 = CIRCLE('',#702,15.);
#702 = AXIS2_PLACEMENT_2D('',#703,#704);
#703 = CARTESIAN_POINT('',(-4.281471244817E-16,-1.7763568394E-15));
#704 = DIRECTION('',(1.,3.633531491228E-16));
#705 = ( GEOMETRIC_REPRESENTATION_CONTEXT(2) 
PARAMETRIC_REPRESENTATION_CONTEXT() REPRESENTATION_CONTEXT('2D SPACE',''
  ) );
#706 = PCURVE('',#707,#712);
#707 = CYLINDRICAL_SURFACE('',#708,15.);
#708 = AXIS2_PLACEMENT_3D('',#709,#710,#711);
#709 = CARTESIAN_POINT('',(0.,0.,-87.0000002));
#710 = DIRECTION('',(-0.,-0.,-1.));
#711 = DIRECTION('',(1.,0.,0.));
#712 = DEFINITIONAL_REPRESENTATION('',(#713),#717);
#713 = LINE('',#714,#715);
#714 = CARTESIAN_POINT('',(-0.,-87.0000002));
#715 = VECTOR('',#716,1.);
#716 = DIRECTION('',(-1.,-0.));
#717 = ( GEOMETRIC_REPRESENTATION_CONTEXT(2) 
PARAMETRIC_REPRESENTATION_CONTEXT() REPRESENTATION_CONTEXT('2D SPACE',''
  ) );
#718 = ORIENTED_EDGE('',*,*,#719,.T.);
#719 = EDGE_CURVE('',#691,#720,#722,.T.);
#720 = VERTEX_POINT('',#721);
#721 = CARTESIAN_POINT('',(-20.5,-10.1,0.));
#722 = SURFACE_CURVE('',#723,(#727,#733),.PCURVE_S1.);
#723 = LINE('',#724,#725);
#724 = CARTESIAN_POINT('',(-10.25,-10.1,0.));
#725 = VECTOR('',#726,1.);
#726 = DIRECTION('',(-1.,0.,0.));
#727 = PCURVE('',#44,#728);
#728 = DEFINITIONAL_REPRESENTATION('',(#729),#732);
#729 = B_SPLINE_CURVE_WITH_KNOTS('',1,(#730,#731),.UNSPECIFIED.,.F.,.F.,
  (2,2),(-30.75,10.25),.PIECEWISE_BEZIER_KNOTS.);
#730 = CARTESIAN_POINT('',(20.5,-10.1));
#731 = CARTESIAN_POINT('',(-20.5,-10.1));
#732 = ( GEOMETRIC_REPRESENTATION_CONTEXT(2) 
PARAMETRIC_REPRESENTATION_CONTEXT() REPRESENTATION_CONTEXT('2D SPACE',''
  ) );
#733 = PCURVE('',#734,#739);
#734 = PLANE('',#735);
#735 = AXIS2_PLACEMENT_3D('',#736,#737,#738);
#736 = CARTESIAN_POINT('',(-20.5,-10.1,-84.0000002));
#737 = DIRECTION('',(0.,1.,0.));
#738 = DIRECTION('',(1.,0.,0.));
#739 = DEFINITIONAL_REPRESENTATION('',(#740),#743);
#740 = B_SPLINE_CURVE_WITH_KNOTS('',1,(#741,#742),.UNSPECIFIED.,.F.,.F.,
  (2,2),(-30.75,10.25),.PIECEWISE_BEZIER_KNOTS.);
#741 = CARTESIAN_POINT('',(41.,-84.0000002));
#742 = CARTESIAN_POINT('',(0.,-84.0000002));
#743 = ( GEOMETRIC_REPRESENTATION_CONTEXT(2) 
PARAMETRIC_REPRESENTATION_CONTEXT() REPRESENTATION_CONTEXT('2D SPACE',''
  ) );
#744 = ORIENTED_EDGE('',*,*,#745,.T.);
#745 = EDGE_CURVE('',#720,#746,#748,.T.);
#746 = VERTEX_POINT('',#747);
#747 = CARTESIAN_POINT('',(-20.5,10.1,0.));
#748 = SURFACE_CURVE('',#749,(#753,#759),.PCURVE_S1.);
#749 = LINE('',#750,#751);
#750 = CARTESIAN_POINT('',(-20.5,5.05,0.));
#751 = VECTOR('',#752,1.);
#752 = DIRECTION('',(0.,1.,0.));
#753 = PCURVE('',#44,#754);
#754 = DEFINITIONAL_REPRESENTATION('',(#755),#758);
#755 = B_SPLINE_CURVE_WITH_KNOTS('',1,(#756,#757),.UNSPECIFIED.,.F.,.F.,
  (2,2),(-15.15,5.05),.PIECEWISE_BEZIER_KNOTS.);
#756 = CARTESIAN_POINT('',(-20.5,-10.1));
#757 = CARTESIAN_POINT('',(-20.5,10.1));
#758 = ( GEOMETRIC_REPRESENTATION_CONTEXT(2) 
PARAMETRIC_REPRESENTATION_CONTEXT() REPRESENTATION_CONTEXT('2D SPACE',''
  ) );
#759 = PCURVE('',#760,#765);
#760 = PLANE('',#761);
#761 = AXIS2_PLACEMENT_3D('',#762,#763,#764);
#762 = CARTESIAN_POINT('',(-20.5,10.1,-84.0000002));
#763 = DIRECTION('',(1.,0.,0.));
#764 = DIRECTION('',(0.,-1.,0.));
#765 = DEFINITIONAL_REPRESENTATION('',(#766),#769);
#766 = B_SPLINE_CURVE_WITH_KNOTS('',1,(#767,#768),.UNSPECIFIED.,.F.,.F.,
  (2,2),(-15.15,5.05),.PIECEWISE_BEZIER_KNOTS.);
#767 = CARTESIAN_POINT('',(20.2,-84.0000002));
#768 = CARTESIAN_POINT('',(0.,-84.0000002));
#769 = ( GEOMETRIC_REPRESENTATION_CONTEXT(2) 
PARAMETRIC_REPRESENTATION_CONTEXT() REPRESENTATION_CONTEXT('2D SPACE',''
  ) );
#770 = ORIENTED_EDGE('',*,*,#771,.T.);
#771 = EDGE_CURVE('',#746,#584,#772,.T.);
#772 = SURFACE_CURVE('',#773,(#777,#783),.PCURVE_S1.);
#773 = LINE('',#774,#775);
#774 = CARTESIAN_POINT('',(10.25,10.1,0.));
#775 = VECTOR('',#776,1.);
#776 = DIRECTION('',(1.,0.,-0.));
#777 = PCURVE('',#44,#778);
#778 = DEFINITIONAL_REPRESENTATION('',(#779),#782);
#779 = B_SPLINE_CURVE_WITH_KNOTS('',1,(#780,#781),.UNSPECIFIED.,.F.,.F.,
  (2,2),(-30.75,10.25),.PIECEWISE_BEZIER_KNOTS.);
#780 = CARTESIAN_POINT('',(-20.5,10.1));
#781 = CARTESIAN_POINT('',(20.5,10.1));
#782 = ( GEOMETRIC_REPRESENTATION_CONTEXT(2) 
PARAMETRIC_REPRESENTATION_CONTEXT() REPRESENTATION_CONTEXT('2D SPACE',''
  ) );
#783 = PCURVE('',#784,#789);
#784 = PLANE('',#785);
#785 = AXIS2_PLACEMENT_3D('',#786,#787,#788);
#786 = CARTESIAN_POINT('',(20.5,10.1,-84.0000002));
#787 = DIRECTION('',(0.,-1.,0.));
#788 = DIRECTION('',(-1.,0.,0.));
#789 = DEFINITIONAL_REPRESENTATION('',(#790),#793);
#790 = B_SPLINE_CURVE_WITH_KNOTS('',1,(#791,#792),.UNSPECIFIED.,.F.,.F.,
  (2,2),(-30.75,10.25),.PIECEWISE_BEZIER_KNOTS.);
#791 = CARTESIAN_POINT('',(41.,-84.0000002));
#792 = CARTESIAN_POINT('',(0.,-84.0000002));
#793 = ( GEOMETRIC_REPRESENTATION_CONTEXT(2) 
PARAMETRIC_REPRESENTATION_CONTEXT() REPRESENTATION_CONTEXT('2D SPACE',''
  ) );
#794 = FACE_BOUND('',#795,.F.);
#795 = EDGE_LOOP('',(#796));
#796 = ORIENTED_EDGE('',*,*,#797,.T.);
#797 = EDGE_CURVE('',#798,#798,#800,.T.);
#798 = VERTEX_POINT('',#799);
#799 = CARTESIAN_POINT('',(17.191883092037,19.091883092037,0.));
#800 = SURFACE_CURVE('',#801,(#806,#817),.PCURVE_S1.);
#801 = CIRCLE('',#802,1.9);
#802 = AXIS2_PLACEMENT_3D('',#803,#804,#805);
#803 = CARTESIAN_POINT('',(19.091883092037,19.091883092037,0.));
#804 = DIRECTION('',(0.,0.,-1.));
#805 = DIRECTION('',(-1.,0.,0.));
#806 = PCURVE('',#44,#807);
#807 = DEFINITIONAL_REPRESENTATION('',(#808),#816);
#808 = ( BOUNDED_CURVE() B_SPLINE_CURVE(2,(#809,#810,#811,#812,#813,#814
,#815),.UNSPECIFIED.,.T.,.F.) B_SPLINE_CURVE_WITH_KNOTS((1,2,2,2,2,1),(
    -2.094395102393,0.,2.094395102393,4.188790204786,6.28318530718,
8.377580409573),.UNSPECIFIED.) CURVE() GEOMETRIC_REPRESENTATION_ITEM() 
RATIONAL_B_SPLINE_CURVE((1.,0.5,1.,0.5,1.,0.5,1.)) REPRESENTATION_ITEM(
  '') );
#809 = CARTESIAN_POINT('',(17.191883092037,19.091883092037));
#810 = CARTESIAN_POINT('',(17.191883092037,22.382779626418));
#811 = CARTESIAN_POINT('',(20.041883092037,20.737331359227));
#812 = CARTESIAN_POINT('',(22.891883092037,19.091883092037));
#813 = CARTESIAN_POINT('',(20.041883092037,17.446434824846));
#814 = CARTESIAN_POINT('',(17.191883092037,15.800986557656));
#815 = CARTESIAN_POINT('',(17.191883092037,19.091883092037));
#816 = ( GEOMETRIC_REPRESENTATION_CONTEXT(2) 
PARAMETRIC_REPRESENTATION_CONTEXT() REPRESENTATION_CONTEXT('2D SPACE',''
  ) );
#817 = PCURVE('',#818,#823);
#818 = CYLINDRICAL_SURFACE('',#819,1.9);
#819 = AXIS2_PLACEMENT_3D('',#820,#821,#822);
#820 = CARTESIAN_POINT('',(19.091883092037,19.091883092037,8.));
#821 = DIRECTION('',(0.,0.,-1.));
#822 = DIRECTION('',(-1.,0.,0.));
#823 = DEFINITIONAL_REPRESENTATION('',(#824),#828);
#824 = LINE('',#825,#826);
#825 = CARTESIAN_POINT('',(0.,8.));
#826 = VECTOR('',#827,1.);
#827 = DIRECTION('',(1.,0.));
#828 = ( GEOMETRIC_REPRESENTATION_CONTEXT(2) 
PARAMETRIC_REPRESENTATION_CONTEXT() REPRESENTATION_CONTEXT('2D SPACE',''
  ) );
#829 = FACE_BOUND('',#830,.F.);
#830 = EDGE_LOOP('',(#831));
#831 = ORIENTED_EDGE('',*,*,#832,.T.);
#832 = EDGE_CURVE('',#833,#833,#835,.T.);
#833 = VERTEX_POINT('',#834);
#834 = CARTESIAN_POINT('',(22.25,-4.65365783676E-16,0.));
#835 = SURFACE_CURVE('',#836,(#841,#852),.PCURVE_S1.);
#836 = CIRCLE('',#837,1.9);
#837 = AXIS2_PLACEMENT_3D('',#838,#839,#840);
#838 = CARTESIAN_POINT('',(24.15,0.,0.));
#839 = DIRECTION('',(0.,0.,-1.));
#840 = DIRECTION('',(-1.,0.,0.));
#841 = PCURVE('',#44,#842);
#842 = DEFINITIONAL_REPRESENTATION('',(#843),#851);
#843 = ( BOUNDED_CURVE() B_SPLINE_CURVE(2,(#844,#845,#846,#847,#848,#849
,#850),.UNSPECIFIED.,.T.,.F.) B_SPLINE_CURVE_WITH_KNOTS((1,2,2,2,2,1),(
    -2.094395102393,0.,2.094395102393,4.188790204786,6.28318530718,
8.377580409573),.UNSPECIFIED.) CURVE() GEOMETRIC_REPRESENTATION_ITEM() 
RATIONAL_B_SPLINE_CURVE((1.,0.5,1.,0.5,1.,0.5,1.)) REPRESENTATION_ITEM(
  '') );
#844 = CARTESIAN_POINT('',(22.25,0.));
#845 = CARTESIAN_POINT('',(22.25,3.290896534381));
#846 = CARTESIAN_POINT('',(25.1,1.64544826719));
#847 = CARTESIAN_POINT('',(27.95,4.65365783676E-16));
#848 = CARTESIAN_POINT('',(25.1,-1.64544826719));
#849 = CARTESIAN_POINT('',(22.25,-3.290896534381));
#850 = CARTESIAN_POINT('',(22.25,0.));
#851 = ( GEOMETRIC_REPRESENTATION_CONTEXT(2) 
PARAMETRIC_REPRESENTATION_CONTEXT() REPRESENTATION_CONTEXT('2D SPACE',''
  ) );
#852 = PCURVE('',#853,#858);
#853 = CYLINDRICAL_SURFACE('',#854,1.9);
#854 = AXIS2_PLACEMENT_3D('',#855,#856,#857);
#855 = CARTESIAN_POINT('',(24.15,0.,8.));
#856 = DIRECTION('',(0.,0.,-1.));
#857 = DIRECTION('',(-1.,0.,0.));
#858 = DEFINITIONAL_REPRESENTATION('',(#859),#863);
#859 = LINE('',#860,#861);
#860 = CARTESIAN_POINT('',(0.,8.));
#861 = VECTOR('',#862,1.);
#862 = DIRECTION('',(1.,0.));
#863 = ( GEOMETRIC_REPRESENTATION_CONTEXT(2) 
PARAMETRIC_REPRESENTATION_CONTEXT() REPRESENTATION_CONTEXT('2D SPACE',''
  ) );
#864 = FACE_BOUND('',#865,.F.);
#865 = EDGE_LOOP('',(#866));
#866 = ORIENTED_EDGE('',*,*,#867,.T.);
#867 = EDGE_CURVE('',#868,#868,#870,.T.);
#868 = VERTEX_POINT('',#869);
#869 = CARTESIAN_POINT('',(35.4,37.,0.));
#870 = SURFACE_CURVE('',#871,(#876,#887),.PCURVE_S1.);
#871 = CIRCLE('',#872,1.6);
#872 = AXIS2_PLACEMENT_3D('',#873,#874,#875);
#873 = CARTESIAN_POINT('',(37.,37.,0.));
#874 = DIRECTION('',(0.,0.,-1.));
#875 = DIRECTION('',(-1.,0.,0.));
#876 = PCURVE('',#44,#877);
#877 = DEFINITIONAL_REPRESENTATION('',(#878),#886);
#878 = ( BOUNDED_CURVE() B_SPLINE_CURVE(2,(#879,#880,#881,#882,#883,#884
,#885),.UNSPECIFIED.,.T.,.F.) B_SPLINE_CURVE_WITH_KNOTS((1,2,2,2,2,1),(
    -2.094395102393,0.,2.094395102393,4.188790204786,6.28318530718,
8.377580409573),.UNSPECIFIED.) CURVE() GEOMETRIC_REPRESENTATION_ITEM() 
RATIONAL_B_SPLINE_CURVE((1.,0.5,1.,0.5,1.,0.5,1.)) REPRESENTATION_ITEM(
  '') );
#879 = CARTESIAN_POINT('',(35.4,37.));
#880 = CARTESIAN_POINT('',(35.4,39.77128129211));
#881 = CARTESIAN_POINT('',(37.8,38.385640646055));
#882 = CARTESIAN_POINT('',(40.2,37.));
#883 = CARTESIAN_POINT('',(37.8,35.614359353945));
#884 = CARTESIAN_POINT('',(35.4,34.22871870789));
#885 = CARTESIAN_POINT('',(35.4,37.));
#886 = ( GEOMETRIC_REPRESENTATION_CONTEXT(2) 
PARAMETRIC_REPRESENTATION_CONTEXT() REPRESENTATION_CONTEXT('2D SPACE',''
  ) );
#887 = PCURVE('',#888,#893);
#888 = CYLINDRICAL_SURFACE('',#889,1.6);
#889 = AXIS2_PLACEMENT_3D('',#890,#891,#892);
#890 = CARTESIAN_POINT('',(37.,37.,8.));
#891 = DIRECTION('',(0.,0.,-1.));
#892 = DIRECTION('',(-1.,0.,0.));
#893 = DEFINITIONAL_REPRESENTATION('',(#894),#898);
#894 = LINE('',#895,#896);
#895 = CARTESIAN_POINT('',(0.,8.));
#896 = VECTOR('',#897,1.);
#897 = DIRECTION('',(1.,0.));
#898 = ( GEOMETRIC_REPRESENTATION_CONTEXT(2) 
PARAMETRIC_REPRESENTATION_CONTEXT() REPRESENTATION_CONTEXT('2D SPACE',''
  ) );
#899 = ADVANCED_FACE('',(#900),#72,.T.);
#900 = FACE_BOUND('',#901,.F.);
#901 = EDGE_LOOP('',(#902,#903,#926,#952));
#902 = ORIENTED_EDGE('',*,*,#308,.T.);
#903 = ORIENTED_EDGE('',*,*,#904,.T.);
#904 = EDGE_CURVE('',#281,#905,#907,.T.);
#905 = VERTEX_POINT('',#906);
#906 = CARTESIAN_POINT('',(-46.,-36.,5.));
#907 = SURFACE_CURVE('',#908,(#912,#919),.PCURVE_S1.);
#908 = LINE('',#909,#910);
#909 = CARTESIAN_POINT('',(-46.,-36.,0.));
#910 = VECTOR('',#911,1.);
#911 = DIRECTION('',(0.,0.,1.));
#912 = PCURVE('',#72,#913);
#913 = DEFINITIONAL_REPRESENTATION('',(#914),#918);
#914 = LINE('',#915,#916);
#915 = CARTESIAN_POINT('',(-1.570796326795,0.));
#916 = VECTOR('',#917,1.);
#917 = DIRECTION('',(-0.,1.));
#918 = ( GEOMETRIC_REPRESENTATION_CONTEXT(2) 
PARAMETRIC_REPRESENTATION_CONTEXT() REPRESENTATION_CONTEXT('2D SPACE',''
  ) );
#919 = PCURVE('',#296,#920);
#920 = DEFINITIONAL_REPRESENTATION('',(#921),#925);
#921 = LINE('',#922,#923);
#922 = CARTESIAN_POINT('',(82.,0.));
#923 = VECTOR('',#924,1.);
#924 = DIRECTION('',(0.,-1.));
#925 = ( GEOMETRIC_REPRESENTATION_CONTEXT(2) 
PARAMETRIC_REPRESENTATION_CONTEXT() REPRESENTATION_CONTEXT('2D SPACE',''
  ) );
#926 = ORIENTED_EDGE('',*,*,#927,.F.);
#927 = EDGE_CURVE('',#57,#905,#928,.T.);
#928 = SURFACE_CURVE('',#929,(#934,#941),.PCURVE_S1.);
#929 = CIRCLE('',#930,10.);
#930 = AXIS2_PLACEMENT_3D('',#931,#932,#933);
#931 = CARTESIAN_POINT('',(-36.,-36.,5.));
#932 = DIRECTION('',(-0.,-0.,-1.));
#933 = DIRECTION('',(0.,-1.,0.));
#934 = PCURVE('',#72,#935);
#935 = DEFINITIONAL_REPRESENTATION('',(#936),#940);
#936 = LINE('',#937,#938);
#937 = CARTESIAN_POINT('',(-0.,5.));
#938 = VECTOR('',#939,1.);
#939 = DIRECTION('',(-1.,0.));
#940 = ( GEOMETRIC_REPRESENTATION_CONTEXT(2) 
PARAMETRIC_REPRESENTATION_CONTEXT() REPRESENTATION_CONTEXT('2D SPACE',''
  ) );
#941 = PCURVE('',#100,#942);
#942 = DEFINITIONAL_REPRESENTATION('',(#943),#951);
#943 = ( BOUNDED_CURVE() B_SPLINE_CURVE(2,(#944,#945,#946,#947,#948,#949
,#950),.UNSPECIFIED.,.T.,.F.) B_SPLINE_CURVE_WITH_KNOTS((1,2,2,2,2,1),(
    -2.094395102393,0.,2.094395102393,4.188790204786,6.28318530718,
8.377580409573),.UNSPECIFIED.) CURVE() GEOMETRIC_REPRESENTATION_ITEM() 
RATIONAL_B_SPLINE_CURVE((1.,0.5,1.,0.5,1.,0.5,1.)) REPRESENTATION_ITEM(
  '') );
#944 = CARTESIAN_POINT('',(-36.,-46.));
#945 = CARTESIAN_POINT('',(-53.32050807568,-46.));
#946 = CARTESIAN_POINT('',(-44.66025403784,-31.));
#947 = CARTESIAN_POINT('',(-36.,-16.));
#948 = CARTESIAN_POINT('',(-27.33974596215,-31.));
#949 = CARTESIAN_POINT('',(-18.67949192431,-46.));
#950 = CARTESIAN_POINT('',(-36.,-46.));
#951 = ( GEOMETRIC_REPRESENTATION_CONTEXT(2) 
PARAMETRIC_REPRESENTATION_CONTEXT() REPRESENTATION_CONTEXT('2D SPACE',''
  ) );
#952 = ORIENTED_EDGE('',*,*,#56,.F.);
#953 = ADVANCED_FACE('',(#954),#126,.T.);
#954 = FACE_BOUND('',#955,.T.);
#955 = EDGE_LOOP('',(#956,#957,#980,#1002));
#956 = ORIENTED_EDGE('',*,*,#142,.T.);
#957 = ORIENTED_EDGE('',*,*,#958,.T.);
#958 = EDGE_CURVE('',#143,#959,#961,.T.);
#959 = VERTEX_POINT('',#960);
#960 = CARTESIAN_POINT('',(46.,-36.,5.));
#961 = SURFACE_CURVE('',#962,(#966,#973),.PCURVE_S1.);
#962 = LINE('',#963,#964);
#963 = CARTESIAN_POINT('',(46.,-36.,0.));
#964 = VECTOR('',#965,1.);
#965 = DIRECTION('',(0.,0.,1.));
#966 = PCURVE('',#126,#967);
#967 = DEFINITIONAL_REPRESENTATION('',(#968),#972);
#968 = LINE('',#969,#970);
#969 = CARTESIAN_POINT('',(1.570796326795,0.));
#970 = VECTOR('',#971,1.);
#971 = DIRECTION('',(0.,1.));
#972 = ( GEOMETRIC_REPRESENTATION_CONTEXT(2) 
PARAMETRIC_REPRESENTATION_CONTEXT() REPRESENTATION_CONTEXT('2D SPACE',''
  ) );
#973 = PCURVE('',#182,#974);
#974 = DEFINITIONAL_REPRESENTATION('',(#975),#979);
#975 = LINE('',#976,#977);
#976 = CARTESIAN_POINT('',(10.,0.));
#977 = VECTOR('',#978,1.);
#978 = DIRECTION('',(0.,-1.));
#979 = ( GEOMETRIC_REPRESENTATION_CONTEXT(2) 
PARAMETRIC_REPRESENTATION_CONTEXT() REPRESENTATION_CONTEXT('2D SPACE',''
  ) );
#980 = ORIENTED_EDGE('',*,*,#981,.F.);
#981 = EDGE_CURVE('',#85,#959,#982,.T.);
#982 = SURFACE_CURVE('',#983,(#988,#995),.PCURVE_S1.);
#983 = CIRCLE('',#984,10.);
#984 = AXIS2_PLACEMENT_3D('',#985,#986,#987);
#985 = CARTESIAN_POINT('',(36.,-36.,5.));
#986 = DIRECTION('',(0.,0.,1.));
#987 = DIRECTION('',(0.,-1.,0.));
#988 = PCURVE('',#126,#989);
#989 = DEFINITIONAL_REPRESENTATION('',(#990),#994);
#990 = LINE('',#991,#992);
#991 = CARTESIAN_POINT('',(0.,5.));
#992 = VECTOR('',#993,1.);
#993 = DIRECTION('',(1.,0.));
#994 = ( GEOMETRIC_REPRESENTATION_CONTEXT(2) 
PARAMETRIC_REPRESENTATION_CONTEXT() REPRESENTATION_CONTEXT('2D SPACE',''
  ) );
#995 = PCURVE('',#100,#996);
#996 = DEFINITIONAL_REPRESENTATION('',(#997),#1001);
#997 = CIRCLE('',#998,10.);
#998 = AXIS2_PLACEMENT_2D('',#999,#1000);
#999 = CARTESIAN_POINT('',(36.,-36.));
#1000 = DIRECTION('',(0.,-1.));
#1001 = ( GEOMETRIC_REPRESENTATION_CONTEXT(2) 
PARAMETRIC_REPRESENTATION_CONTEXT() REPRESENTATION_CONTEXT('2D SPACE',''
  ) );
#1002 = ORIENTED_EDGE('',*,*,#112,.F.);
#1003 = ADVANCED_FACE('',(#1004,#1124,#1159,#1189,#1224,#1254,#1284,
    #1314,#1349,#1533,#1563,#1593),#100,.T.);
#1004 = FACE_BOUND('',#1005,.T.);
#1005 = EDGE_LOOP('',(#1006,#1007,#1008,#1031,#1055,#1078,#1102,#1123));
#1006 = ORIENTED_EDGE('',*,*,#84,.T.);
#1007 = ORIENTED_EDGE('',*,*,#981,.T.);
#1008 = ORIENTED_EDGE('',*,*,#1009,.T.);
#1009 = EDGE_CURVE('',#959,#1010,#1012,.T.);
#1010 = VERTEX_POINT('',#1011);
#1011 = CARTESIAN_POINT('',(46.,36.,5.));
#1012 = SURFACE_CURVE('',#1013,(#1017,#1024),.PCURVE_S1.);
#1013 = LINE('',#1014,#1015);
#1014 = CARTESIAN_POINT('',(46.,-46.,5.));
#1015 = VECTOR('',#1016,1.);
#1016 = DIRECTION('',(0.,1.,0.));
#1017 = PCURVE('',#100,#1018);
#1018 = DEFINITIONAL_REPRESENTATION('',(#1019),#1023);
#1019 = LINE('',#1020,#1021);
#1020 = CARTESIAN_POINT('',(46.,-46.));
#1021 = VECTOR('',#1022,1.);
#1022 = DIRECTION('',(0.,1.));
#1023 = ( GEOMETRIC_REPRESENTATION_CONTEXT(2) 
PARAMETRIC_REPRESENTATION_CONTEXT() REPRESENTATION_CONTEXT('2D SPACE',''
  ) );
#1024 = PCURVE('',#182,#1025);
#1025 = DEFINITIONAL_REPRESENTATION('',(#1026),#1030);
#1026 = LINE('',#1027,#1028);
#1027 = CARTESIAN_POINT('',(0.,-5.));
#1028 = VECTOR('',#1029,1.);
#1029 = DIRECTION('',(1.,0.));
#1030 = ( GEOMETRIC_REPRESENTATION_CONTEXT(2) 
PARAMETRIC_REPRESENTATION_CONTEXT() REPRESENTATION_CONTEXT('2D SPACE',''
  ) );
#1031 = ORIENTED_EDGE('',*,*,#1032,.T.);
#1032 = EDGE_CURVE('',#1010,#1033,#1035,.T.);
#1033 = VERTEX_POINT('',#1034);
#1034 = CARTESIAN_POINT('',(36.,46.,5.));
#1035 = SURFACE_CURVE('',#1036,(#1041,#1048),.PCURVE_S1.);
#1036 = CIRCLE('',#1037,10.);
#1037 = AXIS2_PLACEMENT_3D('',#1038,#1039,#1040);
#1038 = CARTESIAN_POINT('',(36.,36.,5.));
#1039 = DIRECTION('',(0.,0.,1.));
#1040 = DIRECTION('',(0.,-1.,0.));
#1041 = PCURVE('',#100,#1042);
#1042 = DEFINITIONAL_REPRESENTATION('',(#1043),#1047);
#1043 = CIRCLE('',#1044,10.);
#1044 = AXIS2_PLACEMENT_2D('',#1045,#1046);
#1045 = CARTESIAN_POINT('',(36.,36.));
#1046 = DIRECTION('',(0.,-1.));
#1047 = ( GEOMETRIC_REPRESENTATION_CONTEXT(2) 
PARAMETRIC_REPRESENTATION_CONTEXT() REPRESENTATION_CONTEXT('2D SPACE',''
  ) );
#1048 = PCURVE('',#211,#1049);
#1049 = DEFINITIONAL_REPRESENTATION('',(#1050),#1054);
#1050 = LINE('',#1051,#1052);
#1051 = CARTESIAN_POINT('',(-1.570796326795,5.));
#1052 = VECTOR('',#1053,1.);
#1053 = DIRECTION('',(1.,0.));
#1054 = ( GEOMETRIC_REPRESENTATION_CONTEXT(2) 
PARAMETRIC_REPRESENTATION_CONTEXT() REPRESENTATION_CONTEXT('2D SPACE',''
  ) );
#1055 = ORIENTED_EDGE('',*,*,#1056,.T.);
#1056 = EDGE_CURVE('',#1033,#1057,#1059,.T.);
#1057 = VERTEX_POINT('',#1058);
#1058 = CARTESIAN_POINT('',(-36.,46.,5.));
#1059 = SURFACE_CURVE('',#1060,(#1064,#1071),.PCURVE_S1.);
#1060 = LINE('',#1061,#1062);
#1061 = CARTESIAN_POINT('',(46.,46.,5.));
#1062 = VECTOR('',#1063,1.);
#1063 = DIRECTION('',(-1.,0.,0.));
#1064 = PCURVE('',#100,#1065);
#1065 = DEFINITIONAL_REPRESENTATION('',(#1066),#1070);
#1066 = LINE('',#1067,#1068);
#1067 = CARTESIAN_POINT('',(46.,46.));
#1068 = VECTOR('',#1069,1.);
#1069 = DIRECTION('',(-1.,0.));
#1070 = ( GEOMETRIC_REPRESENTATION_CONTEXT(2) 
PARAMETRIC_REPRESENTATION_CONTEXT() REPRESENTATION_CONTEXT('2D SPACE',''
  ) );
#1071 = PCURVE('',#239,#1072);
#1072 = DEFINITIONAL_REPRESENTATION('',(#1073),#1077);
#1073 = LINE('',#1074,#1075);
#1074 = CARTESIAN_POINT('',(0.,-5.));
#1075 = VECTOR('',#1076,1.);
#1076 = DIRECTION('',(1.,0.));
#1077 = ( GEOMETRIC_REPRESENTATION_CONTEXT(2) 
PARAMETRIC_REPRESENTATION_CONTEXT() REPRESENTATION_CONTEXT('2D SPACE',''
  ) );
#1078 = ORIENTED_EDGE('',*,*,#1079,.T.);
#1079 = EDGE_CURVE('',#1057,#1080,#1082,.T.);
#1080 = VERTEX_POINT('',#1081);
#1081 = CARTESIAN_POINT('',(-46.,36.,5.));
#1082 = SURFACE_CURVE('',#1083,(#1088,#1095),.PCURVE_S1.);
#1083 = CIRCLE('',#1084,10.);
#1084 = AXIS2_PLACEMENT_3D('',#1085,#1086,#1087);
#1085 = CARTESIAN_POINT('',(-36.,36.,5.));
#1086 = DIRECTION('',(0.,0.,1.));
#1087 = DIRECTION('',(0.,-1.,0.));
#1088 = PCURVE('',#100,#1089);
#1089 = DEFINITIONAL_REPRESENTATION('',(#1090),#1094);
#1090 = CIRCLE('',#1091,10.);
#1091 = AXIS2_PLACEMENT_2D('',#1092,#1093);
#1092 = CARTESIAN_POINT('',(-36.,36.));
#1093 = DIRECTION('',(0.,-1.));
#1094 = ( GEOMETRIC_REPRESENTATION_CONTEXT(2) 
PARAMETRIC_REPRESENTATION_CONTEXT() REPRESENTATION_CONTEXT('2D SPACE',''
  ) );
#1095 = PCURVE('',#268,#1096);
#1096 = DEFINITIONAL_REPRESENTATION('',(#1097),#1101);
#1097 = LINE('',#1098,#1099);
#1098 = CARTESIAN_POINT('',(-3.14159265359,5.));
#1099 = VECTOR('',#1100,1.);
#1100 = DIRECTION('',(1.,0.));
#1101 = ( GEOMETRIC_REPRESENTATION_CONTEXT(2) 
PARAMETRIC_REPRESENTATION_CONTEXT() REPRESENTATION_CONTEXT('2D SPACE',''
  ) );
#1102 = ORIENTED_EDGE('',*,*,#1103,.T.);
#1103 = EDGE_CURVE('',#1080,#905,#1104,.T.);
#1104 = SURFACE_CURVE('',#1105,(#1109,#1116),.PCURVE_S1.);
#1105 = LINE('',#1106,#1107);
#1106 = CARTESIAN_POINT('',(-46.,46.,5.));
#1107 = VECTOR('',#1108,1.);
#1108 = DIRECTION('',(0.,-1.,0.));
#1109 = PCURVE('',#100,#1110);
#1110 = DEFINITIONAL_REPRESENTATION('',(#1111),#1115);
#1111 = LINE('',#1112,#1113);
#1112 = CARTESIAN_POINT('',(-46.,46.));
#1113 = VECTOR('',#1114,1.);
#1114 = DIRECTION('',(0.,-1.));
#1115 = ( GEOMETRIC_REPRESENTATION_CONTEXT(2) 
PARAMETRIC_REPRESENTATION_CONTEXT() REPRESENTATION_CONTEXT('2D SPACE',''
  ) );
#1116 = PCURVE('',#296,#1117);
#1117 = DEFINITIONAL_REPRESENTATION('',(#1118),#1122);
#1118 = LINE('',#1119,#1120);
#1119 = CARTESIAN_POINT('',(0.,-5.));
#1120 = VECTOR('',#1121,1.);
#1121 = DIRECTION('',(1.,0.));
#1122 = ( GEOMETRIC_REPRESENTATION_CONTEXT(2) 
PARAMETRIC_REPRESENTATION_CONTEXT() REPRESENTATION_CONTEXT('2D SPACE',''
  ) );
#1123 = ORIENTED_EDGE('',*,*,#927,.F.);
#1124 = FACE_BOUND('',#1125,.T.);
#1125 = EDGE_LOOP('',(#1126));
#1126 = ORIENTED_EDGE('',*,*,#1127,.T.);
#1127 = EDGE_CURVE('',#1128,#1128,#1130,.T.);
#1128 = VERTEX_POINT('',#1129);
#1129 = CARTESIAN_POINT('',(-31.,-37.,5.));
#1130 = SURFACE_CURVE('',#1131,(#1136,#1147),.PCURVE_S1.);
#1131 = CIRCLE('',#1132,6.);
#1132 = AXIS2_PLACEMENT_3D('',#1133,#1134,#1135);
#1133 = CARTESIAN_POINT('',(-37.,-37.,5.));
#1134 = DIRECTION('',(0.,0.,-1.));
#1135 = DIRECTION('',(1.,0.,0.));
#1136 = PCURVE('',#100,#1137);
#1137 = DEFINITIONAL_REPRESENTATION('',(#1138),#1146);
#1138 = ( BOUNDED_CURVE() B_SPLINE_CURVE(2,(#1139,#1140,#1141,#1142,
#1143,#1144,#1145),.UNSPECIFIED.,.T.,.F.) B_SPLINE_CURVE_WITH_KNOTS((1,2
    ,2,2,2,1),(-2.094395102393,0.,2.094395102393,4.188790204786,
6.28318530718,8.377580409573),.UNSPECIFIED.) CURVE() 
GEOMETRIC_REPRESENTATION_ITEM() RATIONAL_B_SPLINE_CURVE((1.,0.5,1.,0.5,
1.,0.5,1.)) REPRESENTATION_ITEM('') );
#1139 = CARTESIAN_POINT('',(-31.,-37.));
#1140 = CARTESIAN_POINT('',(-31.,-47.39230484541));
#1141 = CARTESIAN_POINT('',(-40.,-42.1961524227));
#1142 = CARTESIAN_POINT('',(-49.,-37.));
#1143 = CARTESIAN_POINT('',(-40.,-31.80384757729));
#1144 = CARTESIAN_POINT('',(-31.,-26.60769515458));
#1145 = CARTESIAN_POINT('',(-31.,-37.));
#1146 = ( GEOMETRIC_REPRESENTATION_CONTEXT(2) 
PARAMETRIC_REPRESENTATION_CONTEXT() REPRESENTATION_CONTEXT('2D SPACE',''
  ) );
#1147 = PCURVE('',#1148,#1153);
#1148 = CYLINDRICAL_SURFACE('',#1149,6.);
#1149 = AXIS2_PLACEMENT_3D('',#1150,#1151,#1152);
#1150 = CARTESIAN_POINT('',(-37.,-37.,0.));
#1151 = DIRECTION('',(-0.,-0.,-1.));
#1152 = DIRECTION('',(1.,0.,0.));
#1153 = DEFINITIONAL_REPRESENTATION('',(#1154),#1158);
#1154 = LINE('',#1155,#1156);
#1155 = CARTESIAN_POINT('',(-6.28318530718,-5.));
#1156 = VECTOR('',#1157,1.);
#1157 = DIRECTION('',(1.,-0.));
#1158 = ( GEOMETRIC_REPRESENTATION_CONTEXT(2) 
PARAMETRIC_REPRESENTATION_CONTEXT() REPRESENTATION_CONTEXT('2D SPACE',''
  ) );
#1159 = FACE_BOUND('',#1160,.T.);
#1160 = EDGE_LOOP('',(#1161));
#1161 = ORIENTED_EDGE('',*,*,#1162,.T.);
#1162 = EDGE_CURVE('',#1163,#1163,#1165,.T.);
#1163 = VERTEX_POINT('',#1164);
#1164 = CARTESIAN_POINT('',(-20.99188309203,-19.09188309203,5.));
#1165 = SURFACE_CURVE('',#1166,(#1171,#1182),.PCURVE_S1.);
#1166 = CIRCLE('',#1167,1.9);
#1167 = AXIS2_PLACEMENT_3D('',#1168,#1169,#1170);
#1168 = CARTESIAN_POINT('',(-19.09188309203,-19.09188309203,5.));
#1169 = DIRECTION('',(0.,0.,-1.));
#1170 = DIRECTION('',(-1.,0.,0.));
#1171 = PCURVE('',#100,#1172);
#1172 = DEFINITIONAL_REPRESENTATION('',(#1173),#1181);
#1173 = ( BOUNDED_CURVE() B_SPLINE_CURVE(2,(#1174,#1175,#1176,#1177,
#1178,#1179,#1180),.UNSPECIFIED.,.T.,.F.) B_SPLINE_CURVE_WITH_KNOTS((1,2
    ,2,2,2,1),(-2.094395102393,0.,2.094395102393,4.188790204786,
6.28318530718,8.377580409573),.UNSPECIFIED.) CURVE() 
GEOMETRIC_REPRESENTATION_ITEM() RATIONAL_B_SPLINE_CURVE((1.,0.5,1.,0.5,
1.,0.5,1.)) REPRESENTATION_ITEM('') );
#1174 = CARTESIAN_POINT('',(-20.99188309203,-19.09188309203));
#1175 = CARTESIAN_POINT('',(-20.99188309203,-15.80098655765));
#1176 = CARTESIAN_POINT('',(-18.14188309203,-17.44643482484));
#1177 = CARTESIAN_POINT('',(-15.29188309203,-19.09188309203));
#1178 = CARTESIAN_POINT('',(-18.14188309203,-20.73733135922));
#1179 = CARTESIAN_POINT('',(-20.99188309203,-22.38277962641));
#1180 = CARTESIAN_POINT('',(-20.99188309203,-19.09188309203));
#1181 = ( GEOMETRIC_REPRESENTATION_CONTEXT(2) 
PARAMETRIC_REPRESENTATION_CONTEXT() REPRESENTATION_CONTEXT('2D SPACE',''
  ) );
#1182 = PCURVE('',#392,#1183);
#1183 = DEFINITIONAL_REPRESENTATION('',(#1184),#1188);
#1184 = LINE('',#1185,#1186);
#1185 = CARTESIAN_POINT('',(0.,3.));
#1186 = VECTOR('',#1187,1.);
#1187 = DIRECTION('',(1.,0.));
#1188 = ( GEOMETRIC_REPRESENTATION_CONTEXT(2) 
PARAMETRIC_REPRESENTATION_CONTEXT() REPRESENTATION_CONTEXT('2D SPACE',''
  ) );
#1189 = FACE_BOUND('',#1190,.T.);
#1190 = EDGE_LOOP('',(#1191));
#1191 = ORIENTED_EDGE('',*,*,#1192,.T.);
#1192 = EDGE_CURVE('',#1193,#1193,#1195,.T.);
#1193 = VERTEX_POINT('',#1194);
#1194 = CARTESIAN_POINT('',(43.,-37.,5.));
#1195 = SURFACE_CURVE('',#1196,(#1201,#1212),.PCURVE_S1.);
#1196 = CIRCLE('',#1197,6.);
#1197 = AXIS2_PLACEMENT_3D('',#1198,#1199,#1200);
#1198 = CARTESIAN_POINT('',(37.,-37.,5.));
#1199 = DIRECTION('',(0.,0.,-1.));
#1200 = DIRECTION('',(1.,0.,0.));
#1201 = PCURVE('',#100,#1202);
#1202 = DEFINITIONAL_REPRESENTATION('',(#1203),#1211);
#1203 = ( BOUNDED_CURVE() B_SPLINE_CURVE(2,(#1204,#1205,#1206,#1207,
#1208,#1209,#1210),.UNSPECIFIED.,.T.,.F.) B_SPLINE_CURVE_WITH_KNOTS((1,2
    ,2,2,2,1),(-2.094395102393,0.,2.094395102393,4.188790204786,
6.28318530718,8.377580409573),.UNSPECIFIED.) CURVE() 
GEOMETRIC_REPRESENTATION_ITEM() RATIONAL_B_SPLINE_CURVE((1.,0.5,1.,0.5,
1.,0.5,1.)) REPRESENTATION_ITEM('') );
#1204 = CARTESIAN_POINT('',(43.,-37.));
#1205 = CARTESIAN_POINT('',(43.,-47.39230484541));
#1206 = CARTESIAN_POINT('',(34.,-42.1961524227));
#1207 = CARTESIAN_POINT('',(25.,-37.));
#1208 = CARTESIAN_POINT('',(34.,-31.80384757729));
#1209 = CARTESIAN_POINT('',(43.,-26.60769515458));
#1210 = CARTESIAN_POINT('',(43.,-37.));
#1211 = ( GEOMETRIC_REPRESENTATION_CONTEXT(2) 
PARAMETRIC_REPRESENTATION_CONTEXT() REPRESENTATION_CONTEXT('2D SPACE',''
  ) );
#1212 = PCURVE('',#1213,#1218);
#1213 = CYLINDRICAL_SURFACE('',#1214,6.);
#1214 = AXIS2_PLACEMENT_3D('',#1215,#1216,#1217);
#1215 = CARTESIAN_POINT('',(37.,-37.,0.));
#1216 = DIRECTION('',(-0.,-0.,-1.));
#1217 = DIRECTION('',(1.,0.,0.));
#1218 = DEFINITIONAL_REPRESENTATION('',(#1219),#1223);
#1219 = LINE('',#1220,#1221);
#1220 = CARTESIAN_POINT('',(-6.28318530718,-5.));
#1221 = VECTOR('',#1222,1.);
#1222 = DIRECTION('',(1.,-0.));
#1223 = ( GEOMETRIC_REPRESENTATION_CONTEXT(2) 
PARAMETRIC_REPRESENTATION_CONTEXT() REPRESENTATION_CONTEXT('2D SPACE',''
  ) );
#1224 = FACE_BOUND('',#1225,.T.);
#1225 = EDGE_LOOP('',(#1226));
#1226 = ORIENTED_EDGE('',*,*,#1227,.T.);
#1227 = EDGE_CURVE('',#1228,#1228,#1230,.T.);
#1228 = VERTEX_POINT('',#1229);
#1229 = CARTESIAN_POINT('',(17.191883092037,-19.09188309203,5.));
#1230 = SURFACE_CURVE('',#1231,(#1236,#1247),.PCURVE_S1.);
#1231 = CIRCLE('',#1232,1.9);
#1232 = AXIS2_PLACEMENT_3D('',#1233,#1234,#1235);
#1233 = CARTESIAN_POINT('',(19.091883092037,-19.09188309203,5.));
#1234 = DIRECTION('',(0.,0.,-1.));
#1235 = DIRECTION('',(-1.,0.,0.));
#1236 = PCURVE('',#100,#1237);
#1237 = DEFINITIONAL_REPRESENTATION('',(#1238),#1246);
#1238 = ( BOUNDED_CURVE() B_SPLINE_CURVE(2,(#1239,#1240,#1241,#1242,
#1243,#1244,#1245),.UNSPECIFIED.,.T.,.F.) B_SPLINE_CURVE_WITH_KNOTS((1,2
    ,2,2,2,1),(-2.094395102393,0.,2.094395102393,4.188790204786,
6.28318530718,8.377580409573),.UNSPECIFIED.) CURVE() 
GEOMETRIC_REPRESENTATION_ITEM() RATIONAL_B_SPLINE_CURVE((1.,0.5,1.,0.5,
1.,0.5,1.)) REPRESENTATION_ITEM('') );
#1239 = CARTESIAN_POINT('',(17.191883092037,-19.09188309203));
#1240 = CARTESIAN_POINT('',(17.191883092037,-15.80098655765));
#1241 = CARTESIAN_POINT('',(20.041883092037,-17.44643482484));
#1242 = CARTESIAN_POINT('',(22.891883092037,-19.09188309203));
#1243 = CARTESIAN_POINT('',(20.041883092037,-20.73733135922));
#1244 = CARTESIAN_POINT('',(17.191883092037,-22.38277962641));
#1245 = CARTESIAN_POINT('',(17.191883092037,-19.09188309203));
#1246 = ( GEOMETRIC_REPRESENTATION_CONTEXT(2) 
PARAMETRIC_REPRESENTATION_CONTEXT() REPRESENTATION_CONTEXT('2D SPACE',''
  ) );
#1247 = PCURVE('',#462,#1248);
#1248 = DEFINITIONAL_REPRESENTATION('',(#1249),#1253);
#1249 = LINE('',#1250,#1251);
#1250 = CARTESIAN_POINT('',(0.,3.));
#1251 = VECTOR('',#1252,1.);
#1252 = DIRECTION('',(1.,0.));
#1253 = ( GEOMETRIC_REPRESENTATION_CONTEXT(2) 
PARAMETRIC_REPRESENTATION_CONTEXT() REPRESENTATION_CONTEXT('2D SPACE',''
  ) );
#1254 = FACE_BOUND('',#1255,.T.);
#1255 = EDGE_LOOP('',(#1256));
#1256 = ORIENTED_EDGE('',*,*,#1257,.T.);
#1257 = EDGE_CURVE('',#1258,#1258,#1260,.T.);
#1258 = VERTEX_POINT('',#1259);
#1259 = CARTESIAN_POINT('',(-26.05,-4.65365783676E-16,5.));
#1260 = SURFACE_CURVE('',#1261,(#1266,#1277),.PCURVE_S1.);
#1261 = CIRCLE('',#1262,1.9);
#1262 = AXIS2_PLACEMENT_3D('',#1263,#1264,#1265);
#1263 = CARTESIAN_POINT('',(-24.15,0.,5.));
#1264 = DIRECTION('',(0.,0.,-1.));
#1265 = DIRECTION('',(-1.,0.,0.));
#1266 = PCURVE('',#100,#1267);
#1267 = DEFINITIONAL_REPRESENTATION('',(#1268),#1276);
#1268 = ( BOUNDED_CURVE() B_SPLINE_CURVE(2,(#1269,#1270,#1271,#1272,
#1273,#1274,#1275),.UNSPECIFIED.,.T.,.F.) B_SPLINE_CURVE_WITH_KNOTS((1,2
    ,2,2,2,1),(-2.094395102393,0.,2.094395102393,4.188790204786,
6.28318530718,8.377580409573),.UNSPECIFIED.) CURVE() 
GEOMETRIC_REPRESENTATION_ITEM() RATIONAL_B_SPLINE_CURVE((1.,0.5,1.,0.5,
1.,0.5,1.)) REPRESENTATION_ITEM('') );
#1269 = CARTESIAN_POINT('',(-26.05,0.));
#1270 = CARTESIAN_POINT('',(-26.05,3.290896534381));
#1271 = CARTESIAN_POINT('',(-23.2,1.64544826719));
#1272 = CARTESIAN_POINT('',(-20.35,4.65365783676E-16));
#1273 = CARTESIAN_POINT('',(-23.2,-1.64544826719));
#1274 = CARTESIAN_POINT('',(-26.05,-3.290896534381));
#1275 = CARTESIAN_POINT('',(-26.05,0.));
#1276 = ( GEOMETRIC_REPRESENTATION_CONTEXT(2) 
PARAMETRIC_REPRESENTATION_CONTEXT() REPRESENTATION_CONTEXT('2D SPACE',''
  ) );
#1277 = PCURVE('',#497,#1278);
#1278 = DEFINITIONAL_REPRESENTATION('',(#1279),#1283);
#1279 = LINE('',#1280,#1281);
#1280 = CARTESIAN_POINT('',(0.,3.));
#1281 = VECTOR('',#1282,1.);
#1282 = DIRECTION('',(1.,0.));
#1283 = ( GEOMETRIC_REPRESENTATION_CONTEXT(2) 
PARAMETRIC_REPRESENTATION_CONTEXT() REPRESENTATION_CONTEXT('2D SPACE',''
  ) );
#1284 = FACE_BOUND('',#1285,.T.);
#1285 = EDGE_LOOP('',(#1286));
#1286 = ORIENTED_EDGE('',*,*,#1287,.T.);
#1287 = EDGE_CURVE('',#1288,#1288,#1290,.T.);
#1288 = VERTEX_POINT('',#1289);
#1289 = CARTESIAN_POINT('',(-20.99188309203,19.091883092037,5.));
#1290 = SURFACE_CURVE('',#1291,(#1296,#1307),.PCURVE_S1.);
#1291 = CIRCLE('',#1292,1.9);
#1292 = AXIS2_PLACEMENT_3D('',#1293,#1294,#1295);
#1293 = CARTESIAN_POINT('',(-19.09188309203,19.091883092037,5.));
#1294 = DIRECTION('',(0.,0.,-1.));
#1295 = DIRECTION('',(-1.,0.,0.));
#1296 = PCURVE('',#100,#1297);
#1297 = DEFINITIONAL_REPRESENTATION('',(#1298),#1306);
#1298 = ( BOUNDED_CURVE() B_SPLINE_CURVE(2,(#1299,#1300,#1301,#1302,
#1303,#1304,#1305),.UNSPECIFIED.,.T.,.F.) B_SPLINE_CURVE_WITH_KNOTS((1,2
    ,2,2,2,1),(-2.094395102393,0.,2.094395102393,4.188790204786,
6.28318530718,8.377580409573),.UNSPECIFIED.) CURVE() 
GEOMETRIC_REPRESENTATION_ITEM() RATIONAL_B_SPLINE_CURVE((1.,0.5,1.,0.5,
1.,0.5,1.)) REPRESENTATION_ITEM('') );
#1299 = CARTESIAN_POINT('',(-20.99188309203,19.091883092037));
#1300 = CARTESIAN_POINT('',(-20.99188309203,22.382779626418));
#1301 = CARTESIAN_POINT('',(-18.14188309203,20.737331359227));
#1302 = CARTESIAN_POINT('',(-15.29188309203,19.091883092037));
#1303 = CARTESIAN_POINT('',(-18.14188309203,17.446434824846));
#1304 = CARTESIAN_POINT('',(-20.99188309203,15.800986557656));
#1305 = CARTESIAN_POINT('',(-20.99188309203,19.091883092037));
#1306 = ( GEOMETRIC_REPRESENTATION_CONTEXT(2) 
PARAMETRIC_REPRESENTATION_CONTEXT() REPRESENTATION_CONTEXT('2D SPACE',''
  ) );
#1307 = PCURVE('',#532,#1308);
#1308 = DEFINITIONAL_REPRESENTATION('',(#1309),#1313);
#1309 = LINE('',#1310,#1311);
#1310 = CARTESIAN_POINT('',(0.,3.));
#1311 = VECTOR('',#1312,1.);
#1312 = DIRECTION('',(1.,0.));
#1313 = ( GEOMETRIC_REPRESENTATION_CONTEXT(2) 
PARAMETRIC_REPRESENTATION_CONTEXT() REPRESENTATION_CONTEXT('2D SPACE',''
  ) );
#1314 = FACE_BOUND('',#1315,.T.);
#1315 = EDGE_LOOP('',(#1316));
#1316 = ORIENTED_EDGE('',*,*,#1317,.T.);
#1317 = EDGE_CURVE('',#1318,#1318,#1320,.T.);
#1318 = VERTEX_POINT('',#1319);
#1319 = CARTESIAN_POINT('',(-31.,37.,5.));
#1320 = SURFACE_CURVE('',#1321,(#1326,#1337),.PCURVE_S1.);
#1321 = CIRCLE('',#1322,6.);
#1322 = AXIS2_PLACEMENT_3D('',#1323,#1324,#1325);
#1323 = CARTESIAN_POINT('',(-37.,37.,5.));
#1324 = DIRECTION('',(0.,0.,-1.));
#1325 = DIRECTION('',(1.,0.,0.));
#1326 = PCURVE('',#100,#1327);
#1327 = DEFINITIONAL_REPRESENTATION('',(#1328),#1336);
#1328 = ( BOUNDED_CURVE() B_SPLINE_CURVE(2,(#1329,#1330,#1331,#1332,
#1333,#1334,#1335),.UNSPECIFIED.,.T.,.F.) B_SPLINE_CURVE_WITH_KNOTS((1,2
    ,2,2,2,1),(-2.094395102393,0.,2.094395102393,4.188790204786,
6.28318530718,8.377580409573),.UNSPECIFIED.) CURVE() 
GEOMETRIC_REPRESENTATION_ITEM() RATIONAL_B_SPLINE_CURVE((1.,0.5,1.,0.5,
1.,0.5,1.)) REPRESENTATION_ITEM('') );
#1329 = CARTESIAN_POINT('',(-31.,37.));
#1330 = CARTESIAN_POINT('',(-31.,26.607695154587));
#1331 = CARTESIAN_POINT('',(-40.,31.803847577293));
#1332 = CARTESIAN_POINT('',(-49.,37.));
#1333 = CARTESIAN_POINT('',(-40.,42.196152422707));
#1334 = CARTESIAN_POINT('',(-31.,47.392304845413));
#1335 = CARTESIAN_POINT('',(-31.,37.));
#1336 = ( GEOMETRIC_REPRESENTATION_CONTEXT(2) 
PARAMETRIC_REPRESENTATION_CONTEXT() REPRESENTATION_CONTEXT('2D SPACE',''
  ) );
#1337 = PCURVE('',#1338,#1343);
#1338 = CYLINDRICAL_SURFACE('',#1339,6.);
#1339 = AXIS2_PLACEMENT_3D('',#1340,#1341,#1342);
#1340 = CARTESIAN_POINT('',(-37.,37.,0.));
#1341 = DIRECTION('',(-0.,-0.,-1.));
#1342 = DIRECTION('',(1.,0.,0.));
#1343 = DEFINITIONAL_REPRESENTATION('',(#1344),#1348);
#1344 = LINE('',#1345,#1346);
#1345 = CARTESIAN_POINT('',(-6.28318530718,-5.));
#1346 = VECTOR('',#1347,1.);
#1347 = DIRECTION('',(1.,-0.));
#1348 = ( GEOMETRIC_REPRESENTATION_CONTEXT(2) 
PARAMETRIC_REPRESENTATION_CONTEXT() REPRESENTATION_CONTEXT('2D SPACE',''
  ) );
#1349 = FACE_BOUND('',#1350,.T.);
#1350 = EDGE_LOOP('',(#1351,#1374,#1402,#1423,#1444,#1465,#1493,#1514));
#1351 = ORIENTED_EDGE('',*,*,#1352,.T.);
#1352 = EDGE_CURVE('',#1353,#1355,#1357,.T.);
#1353 = VERTEX_POINT('',#1354);
#1354 = CARTESIAN_POINT('',(20.5,-10.1,5.));
#1355 = VERTEX_POINT('',#1356);
#1356 = CARTESIAN_POINT('',(11.090085662428,-10.1,5.));
#1357 = SURFACE_CURVE('',#1358,(#1362,#1368),.PCURVE_S1.);
#1358 = LINE('',#1359,#1360);
#1359 = CARTESIAN_POINT('',(-10.25,-10.1,5.));
#1360 = VECTOR('',#1361,1.);
#1361 = DIRECTION('',(-1.,0.,0.));
#1362 = PCURVE('',#100,#1363);
#1363 = DEFINITIONAL_REPRESENTATION('',(#1364),#1367);
#1364 = B_SPLINE_CURVE_WITH_KNOTS('',1,(#1365,#1366),.UNSPECIFIED.,.F.,
  .F.,(2,2),(-30.75,10.25),.PIECEWISE_BEZIER_KNOTS.);
#1365 = CARTESIAN_POINT('',(20.5,-10.1));
#1366 = CARTESIAN_POINT('',(-20.5,-10.1));
#1367 = ( GEOMETRIC_REPRESENTATION_CONTEXT(2) 
PARAMETRIC_REPRESENTATION_CONTEXT() REPRESENTATION_CONTEXT('2D SPACE',''
  ) );
#1368 = PCURVE('',#679,#1369);
#1369 = DEFINITIONAL_REPRESENTATION('',(#1370),#1373);
#1370 = B_SPLINE_CURVE_WITH_KNOTS('',1,(#1371,#1372),.UNSPECIFIED.,.F.,
  .F.,(2,2),(-30.75,10.25),.PIECEWISE_BEZIER_KNOTS.);
#1371 = CARTESIAN_POINT('',(41.,-89.0000002));
#1372 = CARTESIAN_POINT('',(0.,-89.0000002));
#1373 = ( GEOMETRIC_REPRESENTATION_CONTEXT(2) 
PARAMETRIC_REPRESENTATION_CONTEXT() REPRESENTATION_CONTEXT('2D SPACE',''
  ) );
#1374 = ORIENTED_EDGE('',*,*,#1375,.T.);
#1375 = EDGE_CURVE('',#1355,#1376,#1378,.T.);
#1376 = VERTEX_POINT('',#1377);
#1377 = CARTESIAN_POINT('',(-11.09008566242,-10.1,5.));
#1378 = SURFACE_CURVE('',#1379,(#1384,#1395),.PCURVE_S1.);
#1379 = CIRCLE('',#1380,15.);
#1380 = AXIS2_PLACEMENT_3D('',#1381,#1382,#1383);
#1381 = CARTESIAN_POINT('',(0.,0.,5.));
#1382 = DIRECTION('',(0.,0.,-1.));
#1383 = DIRECTION('',(1.,0.,0.));
#1384 = PCURVE('',#100,#1385);
#1385 = DEFINITIONAL_REPRESENTATION('',(#1386),#1394);
#1386 = ( BOUNDED_CURVE() B_SPLINE_CURVE(2,(#1387,#1388,#1389,#1390,
#1391,#1392,#1393),.UNSPECIFIED.,.T.,.F.) B_SPLINE_CURVE_WITH_KNOTS((1,2
    ,2,2,2,1),(-2.094395102393,0.,2.094395102393,4.188790204786,
6.28318530718,8.377580409573),.UNSPECIFIED.) CURVE() 
GEOMETRIC_REPRESENTATION_ITEM() RATIONAL_B_SPLINE_CURVE((1.,0.5,1.,0.5,
1.,0.5,1.)) REPRESENTATION_ITEM('') );
#1387 = CARTESIAN_POINT('',(15.,0.));
#1388 = CARTESIAN_POINT('',(15.,-25.98076211353));
#1389 = CARTESIAN_POINT('',(-7.5,-12.99038105676));
#1390 = CARTESIAN_POINT('',(-30.,-3.673940397442E-15));
#1391 = CARTESIAN_POINT('',(-7.5,12.990381056767));
#1392 = CARTESIAN_POINT('',(15.,25.980762113533));
#1393 = CARTESIAN_POINT('',(15.,0.));
#1394 = ( GEOMETRIC_REPRESENTATION_CONTEXT(2) 
PARAMETRIC_REPRESENTATION_CONTEXT() REPRESENTATION_CONTEXT('2D SPACE',''
  ) );
#1395 = PCURVE('',#707,#1396);
#1396 = DEFINITIONAL_REPRESENTATION('',(#1397),#1401);
#1397 = LINE('',#1398,#1399);
#1398 = CARTESIAN_POINT('',(-6.28318530718,-92.0000002));
#1399 = VECTOR('',#1400,1.);
#1400 = DIRECTION('',(1.,-0.));
#1401 = ( GEOMETRIC_REPRESENTATION_CONTEXT(2) 
PARAMETRIC_REPRESENTATION_CONTEXT() REPRESENTATION_CONTEXT('2D SPACE',''
  ) );
#1402 = ORIENTED_EDGE('',*,*,#1403,.T.);
#1403 = EDGE_CURVE('',#1376,#1404,#1406,.T.);
#1404 = VERTEX_POINT('',#1405);
#1405 = CARTESIAN_POINT('',(-20.5,-10.1,5.));
#1406 = SURFACE_CURVE('',#1407,(#1411,#1417),.PCURVE_S1.);
#1407 = LINE('',#1408,#1409);
#1408 = CARTESIAN_POINT('',(-10.25,-10.1,5.));
#1409 = VECTOR('',#1410,1.);
#1410 = DIRECTION('',(-1.,0.,0.));
#1411 = PCURVE('',#100,#1412);
#1412 = DEFINITIONAL_REPRESENTATION('',(#1413),#1416);
#1413 = B_SPLINE_CURVE_WITH_KNOTS('',1,(#1414,#1415),.UNSPECIFIED.,.F.,
  .F.,(2,2),(-30.75,10.25),.PIECEWISE_BEZIER_KNOTS.);
#1414 = CARTESIAN_POINT('',(20.5,-10.1));
#1415 = CARTESIAN_POINT('',(-20.5,-10.1));
#1416 = ( GEOMETRIC_REPRESENTATION_CONTEXT(2) 
PARAMETRIC_REPRESENTATION_CONTEXT() REPRESENTATION_CONTEXT('2D SPACE',''
  ) );
#1417 = PCURVE('',#734,#1418);
#1418 = DEFINITIONAL_REPRESENTATION('',(#1419),#1422);
#1419 = B_SPLINE_CURVE_WITH_KNOTS('',1,(#1420,#1421),.UNSPECIFIED.,.F.,
  .F.,(2,2),(-30.75,10.25),.PIECEWISE_BEZIER_KNOTS.);
#1420 = CARTESIAN_POINT('',(41.,-89.0000002));
#1421 = CARTESIAN_POINT('',(0.,-89.0000002));
#1422 = ( GEOMETRIC_REPRESENTATION_CONTEXT(2) 
PARAMETRIC_REPRESENTATION_CONTEXT() REPRESENTATION_CONTEXT('2D SPACE',''
  ) );
#1423 = ORIENTED_EDGE('',*,*,#1424,.T.);
#1424 = EDGE_CURVE('',#1404,#1425,#1427,.T.);
#1425 = VERTEX_POINT('',#1426);
#1426 = CARTESIAN_POINT('',(-20.5,10.1,5.));
#1427 = SURFACE_CURVE('',#1428,(#1432,#1438),.PCURVE_S1.);
#1428 = LINE('',#1429,#1430);
#1429 = CARTESIAN_POINT('',(-20.5,5.05,5.));
#1430 = VECTOR('',#1431,1.);
#1431 = DIRECTION('',(0.,1.,0.));
#1432 = PCURVE('',#100,#1433);
#1433 = DEFINITIONAL_REPRESENTATION('',(#1434),#1437);
#1434 = B_SPLINE_CURVE_WITH_KNOTS('',1,(#1435,#1436),.UNSPECIFIED.,.F.,
  .F.,(2,2),(-15.15,5.05),.PIECEWISE_BEZIER_KNOTS.);
#1435 = CARTESIAN_POINT('',(-20.5,-10.1));
#1436 = CARTESIAN_POINT('',(-20.5,10.1));
#1437 = ( GEOMETRIC_REPRESENTATION_CONTEXT(2) 
PARAMETRIC_REPRESENTATION_CONTEXT() REPRESENTATION_CONTEXT('2D SPACE',''
  ) );
#1438 = PCURVE('',#760,#1439);
#1439 = DEFINITIONAL_REPRESENTATION('',(#1440),#1443);
#1440 = B_SPLINE_CURVE_WITH_KNOTS('',1,(#1441,#1442),.UNSPECIFIED.,.F.,
  .F.,(2,2),(-15.15,5.05),.PIECEWISE_BEZIER_KNOTS.);
#1441 = CARTESIAN_POINT('',(20.2,-89.0000002));
#1442 = CARTESIAN_POINT('',(0.,-89.0000002));
#1443 = ( GEOMETRIC_REPRESENTATION_CONTEXT(2) 
PARAMETRIC_REPRESENTATION_CONTEXT() REPRESENTATION_CONTEXT('2D SPACE',''
  ) );
#1444 = ORIENTED_EDGE('',*,*,#1445,.T.);
#1445 = EDGE_CURVE('',#1425,#1446,#1448,.T.);
#1446 = VERTEX_POINT('',#1447);
#1447 = CARTESIAN_POINT('',(-11.09008566242,10.1,5.));
#1448 = SURFACE_CURVE('',#1449,(#1453,#1459),.PCURVE_S1.);
#1449 = LINE('',#1450,#1451);
#1450 = CARTESIAN_POINT('',(10.25,10.1,5.));
#1451 = VECTOR('',#1452,1.);
#1452 = DIRECTION('',(1.,0.,-0.));
#1453 = PCURVE('',#100,#1454);
#1454 = DEFINITIONAL_REPRESENTATION('',(#1455),#1458);
#1455 = B_SPLINE_CURVE_WITH_KNOTS('',1,(#1456,#1457),.UNSPECIFIED.,.F.,
  .F.,(2,2),(-30.75,10.25),.PIECEWISE_BEZIER_KNOTS.);
#1456 = CARTESIAN_POINT('',(-20.5,10.1));
#1457 = CARTESIAN_POINT('',(20.5,10.1));
#1458 = ( GEOMETRIC_REPRESENTATION_CONTEXT(2) 
PARAMETRIC_REPRESENTATION_CONTEXT() REPRESENTATION_CONTEXT('2D SPACE',''
  ) );
#1459 = PCURVE('',#784,#1460);
#1460 = DEFINITIONAL_REPRESENTATION('',(#1461),#1464);
#1461 = B_SPLINE_CURVE_WITH_KNOTS('',1,(#1462,#1463),.UNSPECIFIED.,.F.,
  .F.,(2,2),(-30.75,10.25),.PIECEWISE_BEZIER_KNOTS.);
#1462 = CARTESIAN_POINT('',(41.,-89.0000002));
#1463 = CARTESIAN_POINT('',(0.,-89.0000002));
#1464 = ( GEOMETRIC_REPRESENTATION_CONTEXT(2) 
PARAMETRIC_REPRESENTATION_CONTEXT() REPRESENTATION_CONTEXT('2D SPACE',''
  ) );
#1465 = ORIENTED_EDGE('',*,*,#1466,.T.);
#1466 = EDGE_CURVE('',#1446,#1467,#1469,.T.);
#1467 = VERTEX_POINT('',#1468);
#1468 = CARTESIAN_POINT('',(11.090085662428,10.1,5.));
#1469 = SURFACE_CURVE('',#1470,(#1475,#1486),.PCURVE_S1.);
#1470 = CIRCLE('',#1471,15.);
#1471 = AXIS2_PLACEMENT_3D('',#1472,#1473,#1474);
#1472 = CARTESIAN_POINT('',(0.,0.,5.));
#1473 = DIRECTION('',(0.,0.,-1.));
#1474 = DIRECTION('',(1.,0.,0.));
#1475 = PCURVE('',#100,#1476);
#1476 = DEFINITIONAL_REPRESENTATION('',(#1477),#1485);
#1477 = ( BOUNDED_CURVE() B_SPLINE_CURVE(2,(#1478,#1479,#1480,#1481,
#1482,#1483,#1484),.UNSPECIFIED.,.T.,.F.) B_SPLINE_CURVE_WITH_KNOTS((1,2
    ,2,2,2,1),(-2.094395102393,0.,2.094395102393,4.188790204786,
6.28318530718,8.377580409573),.UNSPECIFIED.) CURVE() 
GEOMETRIC_REPRESENTATION_ITEM() RATIONAL_B_SPLINE_CURVE((1.,0.5,1.,0.5,
1.,0.5,1.)) REPRESENTATION_ITEM('') );
#1478 = CARTESIAN_POINT('',(15.,0.));
#1479 = CARTESIAN_POINT('',(15.,-25.98076211353));
#1480 = CARTESIAN_POINT('',(-7.5,-12.99038105676));
#1481 = CARTESIAN_POINT('',(-30.,-3.673940397442E-15));
#1482 = CARTESIAN_POINT('',(-7.5,12.990381056767));
#1483 = CARTESIAN_POINT('',(15.,25.980762113533));
#1484 = CARTESIAN_POINT('',(15.,0.));
#1485 = ( GEOMETRIC_REPRESENTATION_CONTEXT(2) 
PARAMETRIC_REPRESENTATION_CONTEXT() REPRESENTATION_CONTEXT('2D SPACE',''
  ) );
#1486 = PCURVE('',#600,#1487);
#1487 = DEFINITIONAL_REPRESENTATION('',(#1488),#1492);
#1488 = LINE('',#1489,#1490);
#1489 = CARTESIAN_POINT('',(-6.28318530718,-92.0000002));
#1490 = VECTOR('',#1491,1.);
#1491 = DIRECTION('',(1.,-0.));
#1492 = ( GEOMETRIC_REPRESENTATION_CONTEXT(2) 
PARAMETRIC_REPRESENTATION_CONTEXT() REPRESENTATION_CONTEXT('2D SPACE',''
  ) );
#1493 = ORIENTED_EDGE('',*,*,#1494,.T.);
#1494 = EDGE_CURVE('',#1467,#1495,#1497,.T.);
#1495 = VERTEX_POINT('',#1496);
#1496 = CARTESIAN_POINT('',(20.5,10.1,5.));
#1497 = SURFACE_CURVE('',#1498,(#1502,#1508),.PCURVE_S1.);
#1498 = LINE('',#1499,#1500);
#1499 = CARTESIAN_POINT('',(10.25,10.1,5.));
#1500 = VECTOR('',#1501,1.);
#1501 = DIRECTION('',(1.,0.,-0.));
#1502 = PCURVE('',#100,#1503);
#1503 = DEFINITIONAL_REPRESENTATION('',(#1504),#1507);
#1504 = B_SPLINE_CURVE_WITH_KNOTS('',1,(#1505,#1506),.UNSPECIFIED.,.F.,
  .F.,(2,2),(-30.75,10.25),.PIECEWISE_BEZIER_KNOTS.);
#1505 = CARTESIAN_POINT('',(-20.5,10.1));
#1506 = CARTESIAN_POINT('',(20.5,10.1));
#1507 = ( GEOMETRIC_REPRESENTATION_CONTEXT(2) 
PARAMETRIC_REPRESENTATION_CONTEXT() REPRESENTATION_CONTEXT('2D SPACE',''
  ) );
#1508 = PCURVE('',#627,#1509);
#1509 = DEFINITIONAL_REPRESENTATION('',(#1510),#1513);
#1510 = B_SPLINE_CURVE_WITH_KNOTS('',1,(#1511,#1512),.UNSPECIFIED.,.F.,
  .F.,(2,2),(-30.75,10.25),.PIECEWISE_BEZIER_KNOTS.);
#1511 = CARTESIAN_POINT('',(41.,-89.0000002));
#1512 = CARTESIAN_POINT('',(0.,-89.0000002));
#1513 = ( GEOMETRIC_REPRESENTATION_CONTEXT(2) 
PARAMETRIC_REPRESENTATION_CONTEXT() REPRESENTATION_CONTEXT('2D SPACE',''
  ) );
#1514 = ORIENTED_EDGE('',*,*,#1515,.T.);
#1515 = EDGE_CURVE('',#1495,#1353,#1516,.T.);
#1516 = SURFACE_CURVE('',#1517,(#1521,#1527),.PCURVE_S1.);
#1517 = LINE('',#1518,#1519);
#1518 = CARTESIAN_POINT('',(20.5,-5.05,5.));
#1519 = VECTOR('',#1520,1.);
#1520 = DIRECTION('',(0.,-1.,0.));
#1521 = PCURVE('',#100,#1522);
#1522 = DEFINITIONAL_REPRESENTATION('',(#1523),#1526);
#1523 = B_SPLINE_CURVE_WITH_KNOTS('',1,(#1524,#1525),.UNSPECIFIED.,.F.,
  .F.,(2,2),(-15.15,5.05),.PIECEWISE_BEZIER_KNOTS.);
#1524 = CARTESIAN_POINT('',(20.5,10.1));
#1525 = CARTESIAN_POINT('',(20.5,-10.1));
#1526 = ( GEOMETRIC_REPRESENTATION_CONTEXT(2) 
PARAMETRIC_REPRESENTATION_CONTEXT() REPRESENTATION_CONTEXT('2D SPACE',''
  ) );
#1527 = PCURVE('',#653,#1528);
#1528 = DEFINITIONAL_REPRESENTATION('',(#1529),#1532);
#1529 = B_SPLINE_CURVE_WITH_KNOTS('',1,(#1530,#1531),.UNSPECIFIED.,.F.,
  .F.,(2,2),(-15.15,5.05),.PIECEWISE_BEZIER_KNOTS.);
#1530 = CARTESIAN_POINT('',(20.2,-89.0000002));
#1531 = CARTESIAN_POINT('',(0.,-89.0000002));
#1532 = ( GEOMETRIC_REPRESENTATION_CONTEXT(2) 
PARAMETRIC_REPRESENTATION_CONTEXT() REPRESENTATION_CONTEXT('2D SPACE',''
  ) );
#1533 = FACE_BOUND('',#1534,.T.);
#1534 = EDGE_LOOP('',(#1535));
#1535 = ORIENTED_EDGE('',*,*,#1536,.T.);
#1536 = EDGE_CURVE('',#1537,#1537,#1539,.T.);
#1537 = VERTEX_POINT('',#1538);
#1538 = CARTESIAN_POINT('',(17.191883092037,19.091883092037,5.));
#1539 = SURFACE_CURVE('',#1540,(#1545,#1556),.PCURVE_S1.);
#1540 = CIRCLE('',#1541,1.9);
#1541 = AXIS2_PLACEMENT_3D('',#1542,#1543,#1544);
#1542 = CARTESIAN_POINT('',(19.091883092037,19.091883092037,5.));
#1543 = DIRECTION('',(0.,0.,-1.));
#1544 = DIRECTION('',(-1.,0.,0.));
#1545 = PCURVE('',#100,#1546);
#1546 = DEFINITIONAL_REPRESENTATION('',(#1547),#1555);
#1547 = ( BOUNDED_CURVE() B_SPLINE_CURVE(2,(#1548,#1549,#1550,#1551,
#1552,#1553,#1554),.UNSPECIFIED.,.T.,.F.) B_SPLINE_CURVE_WITH_KNOTS((1,2
    ,2,2,2,1),(-2.094395102393,0.,2.094395102393,4.188790204786,
6.28318530718,8.377580409573),.UNSPECIFIED.) CURVE() 
GEOMETRIC_REPRESENTATION_ITEM() RATIONAL_B_SPLINE_CURVE((1.,0.5,1.,0.5,
1.,0.5,1.)) REPRESENTATION_ITEM('') );
#1548 = CARTESIAN_POINT('',(17.191883092037,19.091883092037));
#1549 = CARTESIAN_POINT('',(17.191883092037,22.382779626418));
#1550 = CARTESIAN_POINT('',(20.041883092037,20.737331359227));
#1551 = CARTESIAN_POINT('',(22.891883092037,19.091883092037));
#1552 = CARTESIAN_POINT('',(20.041883092037,17.446434824846));
#1553 = CARTESIAN_POINT('',(17.191883092037,15.800986557656));
#1554 = CARTESIAN_POINT('',(17.191883092037,19.091883092037));
#1555 = ( GEOMETRIC_REPRESENTATION_CONTEXT(2) 
PARAMETRIC_REPRESENTATION_CONTEXT() REPRESENTATION_CONTEXT('2D SPACE',''
  ) );
#1556 = PCURVE('',#818,#1557);
#1557 = DEFINITIONAL_REPRESENTATION('',(#1558),#1562);
#1558 = LINE('',#1559,#1560);
#1559 = CARTESIAN_POINT('',(0.,3.));
#1560 = VECTOR('',#1561,1.);
#1561 = DIRECTION('',(1.,0.));
#1562 = ( GEOMETRIC_REPRESENTATION_CONTEXT(2) 
PARAMETRIC_REPRESENTATION_CONTEXT() REPRESENTATION_CONTEXT('2D SPACE',''
  ) );
#1563 = FACE_BOUND('',#1564,.T.);
#1564 = EDGE_LOOP('',(#1565));
#1565 = ORIENTED_EDGE('',*,*,#1566,.T.);
#1566 = EDGE_CURVE('',#1567,#1567,#1569,.T.);
#1567 = VERTEX_POINT('',#1568);
#1568 = CARTESIAN_POINT('',(22.25,-4.65365783676E-16,5.));
#1569 = SURFACE_CURVE('',#1570,(#1575,#1586),.PCURVE_S1.);
#1570 = CIRCLE('',#1571,1.9);
#1571 = AXIS2_PLACEMENT_3D('',#1572,#1573,#1574);
#1572 = CARTESIAN_POINT('',(24.15,0.,5.));
#1573 = DIRECTION('',(0.,0.,-1.));
#1574 = DIRECTION('',(-1.,0.,0.));
#1575 = PCURVE('',#100,#1576);
#1576 = DEFINITIONAL_REPRESENTATION('',(#1577),#1585);
#1577 = ( BOUNDED_CURVE() B_SPLINE_CURVE(2,(#1578,#1579,#1580,#1581,
#1582,#1583,#1584),.UNSPECIFIED.,.T.,.F.) B_SPLINE_CURVE_WITH_KNOTS((1,2
    ,2,2,2,1),(-2.094395102393,0.,2.094395102393,4.188790204786,
6.28318530718,8.377580409573),.UNSPECIFIED.) CURVE() 
GEOMETRIC_REPRESENTATION_ITEM() RATIONAL_B_SPLINE_CURVE((1.,0.5,1.,0.5,
1.,0.5,1.)) REPRESENTATION_ITEM('') );
#1578 = CARTESIAN_POINT('',(22.25,0.));
#1579 = CARTESIAN_POINT('',(22.25,3.290896534381));
#1580 = CARTESIAN_POINT('',(25.1,1.64544826719));
#1581 = CARTESIAN_POINT('',(27.95,4.65365783676E-16));
#1582 = CARTESIAN_POINT('',(25.1,-1.64544826719));
#1583 = CARTESIAN_POINT('',(22.25,-3.290896534381));
#1584 = CARTESIAN_POINT('',(22.25,0.));
#1585 = ( GEOMETRIC_REPRESENTATION_CONTEXT(2) 
PARAMETRIC_REPRESENTATION_CONTEXT() REPRESENTATION_CONTEXT('2D SPACE',''
  ) );
#1586 = PCURVE('',#853,#1587);
#1587 = DEFINITIONAL_REPRESENTATION('',(#1588),#1592);
#1588 = LINE('',#1589,#1590);
#1589 = CARTESIAN_POINT('',(0.,3.));
#1590 = VECTOR('',#1591,1.);
#1591 = DIRECTION('',(1.,0.));
#1592 = ( GEOMETRIC_REPRESENTATION_CONTEXT(2) 
PARAMETRIC_REPRESENTATION_CONTEXT() REPRESENTATION_CONTEXT('2D SPACE',''
  ) );
#1593 = FACE_BOUND('',#1594,.T.);
#1594 = EDGE_LOOP('',(#1595));
#1595 = ORIENTED_EDGE('',*,*,#1596,.T.);
#1596 = EDGE_CURVE('',#1597,#1597,#1599,.T.);
#1597 = VERTEX_POINT('',#1598);
#1598 = CARTESIAN_POINT('',(43.,37.,5.));
#1599 = SURFACE_CURVE('',#1600,(#1605,#1616),.PCURVE_S1.);
#1600 = CIRCLE('',#1601,6.);
#1601 = AXIS2_PLACEMENT_3D('',#1602,#1603,#1604);
#1602 = CARTESIAN_POINT('',(37.,37.,5.));
#1603 = DIRECTION('',(0.,0.,-1.));
#1604 = DIRECTION('',(1.,0.,0.));
#1605 = PCURVE('',#100,#1606);
#1606 = DEFINITIONAL_REPRESENTATION('',(#1607),#1615);
#1607 = ( BOUNDED_CURVE() B_SPLINE_CURVE(2,(#1608,#1609,#1610,#1611,
#1612,#1613,#1614),.UNSPECIFIED.,.T.,.F.) B_SPLINE_CURVE_WITH_KNOTS((1,2
    ,2,2,2,1),(-2.094395102393,0.,2.094395102393,4.188790204786,
6.28318530718,8.377580409573),.UNSPECIFIED.) CURVE() 
GEOMETRIC_REPRESENTATION_ITEM() RATIONAL_B_SPLINE_CURVE((1.,0.5,1.,0.5,
1.,0.5,1.)) REPRESENTATION_ITEM('') );
#1608 = CARTESIAN_POINT('',(43.,37.));
#1609 = CARTESIAN_POINT('',(43.,26.607695154587));
#1610 = CARTESIAN_POINT('',(34.,31.803847577293));
#1611 = CARTESIAN_POINT('',(25.,37.));
#1612 = CARTESIAN_POINT('',(34.,42.196152422707));
#1613 = CARTESIAN_POINT('',(43.,47.392304845413));
#1614 = CARTESIAN_POINT('',(43.,37.));
#1615 = ( GEOMETRIC_REPRESENTATION_CONTEXT(2) 
PARAMETRIC_REPRESENTATION_CONTEXT() REPRESENTATION_CONTEXT('2D SPACE',''
  ) );
#1616 = PCURVE('',#1617,#1622);
#1617 = CYLINDRICAL_SURFACE('',#1618,6.);
#1618 = AXIS2_PLACEMENT_3D('',#1619,#1620,#1621);
#1619 = CARTESIAN_POINT('',(37.,37.,0.));
#1620 = DIRECTION('',(-0.,-0.,-1.));
#1621 = DIRECTION('',(1.,0.,0.));
#1622 = DEFINITIONAL_REPRESENTATION('',(#1623),#1627);
#1623 = LINE('',#1624,#1625);
#1624 = CARTESIAN_POINT('',(-6.28318530718,-5.));
#1625 = VECTOR('',#1626,1.);
#1626 = DIRECTION('',(1.,-0.));
#1627 = ( GEOMETRIC_REPRESENTATION_CONTEXT(2) 
PARAMETRIC_REPRESENTATION_CONTEXT() REPRESENTATION_CONTEXT('2D SPACE',''
  ) );
#1628 = ADVANCED_FACE('',(#1629),#296,.F.);
#1629 = FACE_BOUND('',#1630,.F.);
#1630 = EDGE_LOOP('',(#1631,#1632,#1653,#1654));
#1631 = ORIENTED_EDGE('',*,*,#280,.F.);
#1632 = ORIENTED_EDGE('',*,*,#1633,.T.);
#1633 = EDGE_CURVE('',#252,#1080,#1634,.T.);
#1634 = SURFACE_CURVE('',#1635,(#1639,#1646),.PCURVE_S1.);
#1635 = LINE('',#1636,#1637);
#1636 = CARTESIAN_POINT('',(-46.,36.,0.));
#1637 = VECTOR('',#1638,1.);
#1638 = DIRECTION('',(0.,0.,1.));
#1639 = PCURVE('',#296,#1640);
#1640 = DEFINITIONAL_REPRESENTATION('',(#1641),#1645);
#1641 = LINE('',#1642,#1643);
#1642 = CARTESIAN_POINT('',(10.,0.));
#1643 = VECTOR('',#1644,1.);
#1644 = DIRECTION('',(0.,-1.));
#1645 = ( GEOMETRIC_REPRESENTATION_CONTEXT(2) 
PARAMETRIC_REPRESENTATION_CONTEXT() REPRESENTATION_CONTEXT('2D SPACE',''
  ) );
#1646 = PCURVE('',#268,#1647);
#1647 = DEFINITIONAL_REPRESENTATION('',(#1648),#1652);
#1648 = LINE('',#1649,#1650);
#1649 = CARTESIAN_POINT('',(1.570796326795,0.));
#1650 = VECTOR('',#1651,1.);
#1651 = DIRECTION('',(0.,1.));
#1652 = ( GEOMETRIC_REPRESENTATION_CONTEXT(2) 
PARAMETRIC_REPRESENTATION_CONTEXT() REPRESENTATION_CONTEXT('2D SPACE',''
  ) );
#1653 = ORIENTED_EDGE('',*,*,#1103,.T.);
#1654 = ORIENTED_EDGE('',*,*,#904,.F.);
#1655 = ADVANCED_FACE('',(#1656),#182,.F.);
#1656 = FACE_BOUND('',#1657,.F.);
#1657 = EDGE_LOOP('',(#1658,#1659,#1660,#1661));
#1658 = ORIENTED_EDGE('',*,*,#166,.F.);
#1659 = ORIENTED_EDGE('',*,*,#958,.T.);
#1660 = ORIENTED_EDGE('',*,*,#1009,.T.);
#1661 = ORIENTED_EDGE('',*,*,#1662,.F.);
#1662 = EDGE_CURVE('',#167,#1010,#1663,.T.);
#1663 = SURFACE_CURVE('',#1664,(#1668,#1675),.PCURVE_S1.);
#1664 = LINE('',#1665,#1666);
#1665 = CARTESIAN_POINT('',(46.,36.,0.));
#1666 = VECTOR('',#1667,1.);
#1667 = DIRECTION('',(0.,0.,1.));
#1668 = PCURVE('',#182,#1669);
#1669 = DEFINITIONAL_REPRESENTATION('',(#1670),#1674);
#1670 = LINE('',#1671,#1672);
#1671 = CARTESIAN_POINT('',(82.,0.));
#1672 = VECTOR('',#1673,1.);
#1673 = DIRECTION('',(0.,-1.));
#1674 = ( GEOMETRIC_REPRESENTATION_CONTEXT(2) 
PARAMETRIC_REPRESENTATION_CONTEXT() REPRESENTATION_CONTEXT('2D SPACE',''
  ) );
#1675 = PCURVE('',#211,#1676);
#1676 = DEFINITIONAL_REPRESENTATION('',(#1677),#1681);
#1677 = LINE('',#1678,#1679);
#1678 = CARTESIAN_POINT('',(0.,0.));
#1679 = VECTOR('',#1680,1.);
#1680 = DIRECTION('',(0.,1.));
#1681 = ( GEOMETRIC_REPRESENTATION_CONTEXT(2) 
PARAMETRIC_REPRESENTATION_CONTEXT() REPRESENTATION_CONTEXT('2D SPACE',''
  ) );
#1682 = ADVANCED_FACE('',(#1683),#268,.T.);
#1683 = FACE_BOUND('',#1684,.T.);
#1684 = EDGE_LOOP('',(#1685,#1686,#1687,#1688));
#1685 = ORIENTED_EDGE('',*,*,#251,.T.);
#1686 = ORIENTED_EDGE('',*,*,#1633,.T.);
#1687 = ORIENTED_EDGE('',*,*,#1079,.F.);
#1688 = ORIENTED_EDGE('',*,*,#1689,.F.);
#1689 = EDGE_CURVE('',#224,#1057,#1690,.T.);
#1690 = SURFACE_CURVE('',#1691,(#1695,#1702),.PCURVE_S1.);
#1691 = LINE('',#1692,#1693);
#1692 = CARTESIAN_POINT('',(-36.,46.,0.));
#1693 = VECTOR('',#1694,1.);
#1694 = DIRECTION('',(0.,0.,1.));
#1695 = PCURVE('',#268,#1696);
#1696 = DEFINITIONAL_REPRESENTATION('',(#1697),#1701);
#1697 = LINE('',#1698,#1699);
#1698 = CARTESIAN_POINT('',(0.,0.));
#1699 = VECTOR('',#1700,1.);
#1700 = DIRECTION('',(0.,1.));
#1701 = ( GEOMETRIC_REPRESENTATION_CONTEXT(2) 
PARAMETRIC_REPRESENTATION_CONTEXT() REPRESENTATION_CONTEXT('2D SPACE',''
  ) );
#1702 = PCURVE('',#239,#1703);
#1703 = DEFINITIONAL_REPRESENTATION('',(#1704),#1708);
#1704 = LINE('',#1705,#1706);
#1705 = CARTESIAN_POINT('',(82.,0.));
#1706 = VECTOR('',#1707,1.);
#1707 = DIRECTION('',(0.,-1.));
#1708 = ( GEOMETRIC_REPRESENTATION_CONTEXT(2) 
PARAMETRIC_REPRESENTATION_CONTEXT() REPRESENTATION_CONTEXT('2D SPACE',''
  ) );
#1709 = ADVANCED_FACE('',(#1710),#211,.T.);
#1710 = FACE_BOUND('',#1711,.T.);
#1711 = EDGE_LOOP('',(#1712,#1713,#1734,#1735));
#1712 = ORIENTED_EDGE('',*,*,#194,.T.);
#1713 = ORIENTED_EDGE('',*,*,#1714,.T.);
#1714 = EDGE_CURVE('',#195,#1033,#1715,.T.);
#1715 = SURFACE_CURVE('',#1716,(#1720,#1727),.PCURVE_S1.);
#1716 = LINE('',#1717,#1718);
#1717 = CARTESIAN_POINT('',(36.,46.,0.));
#1718 = VECTOR('',#1719,1.);
#1719 = DIRECTION('',(0.,0.,1.));
#1720 = PCURVE('',#211,#1721);
#1721 = DEFINITIONAL_REPRESENTATION('',(#1722),#1726);
#1722 = LINE('',#1723,#1724);
#1723 = CARTESIAN_POINT('',(1.570796326795,0.));
#1724 = VECTOR('',#1725,1.);
#1725 = DIRECTION('',(0.,1.));
#1726 = ( GEOMETRIC_REPRESENTATION_CONTEXT(2) 
PARAMETRIC_REPRESENTATION_CONTEXT() REPRESENTATION_CONTEXT('2D SPACE',''
  ) );
#1727 = PCURVE('',#239,#1728);
#1728 = DEFINITIONAL_REPRESENTATION('',(#1729),#1733);
#1729 = LINE('',#1730,#1731);
#1730 = CARTESIAN_POINT('',(10.,0.));
#1731 = VECTOR('',#1732,1.);
#1732 = DIRECTION('',(0.,-1.));
#1733 = ( GEOMETRIC_REPRESENTATION_CONTEXT(2) 
PARAMETRIC_REPRESENTATION_CONTEXT() REPRESENTATION_CONTEXT('2D SPACE',''
  ) );
#1734 = ORIENTED_EDGE('',*,*,#1032,.F.);
#1735 = ORIENTED_EDGE('',*,*,#1662,.F.);
#1736 = ADVANCED_FACE('',(#1737),#239,.F.);
#1737 = FACE_BOUND('',#1738,.F.);
#1738 = EDGE_LOOP('',(#1739,#1740,#1741,#1742));
#1739 = ORIENTED_EDGE('',*,*,#223,.F.);
#1740 = ORIENTED_EDGE('',*,*,#1714,.T.);
#1741 = ORIENTED_EDGE('',*,*,#1056,.T.);
#1742 = ORIENTED_EDGE('',*,*,#1689,.F.);
#1743 = ADVANCED_FACE('',(#1744),#357,.F.);
#1744 = FACE_BOUND('',#1745,.F.);
#1745 = EDGE_LOOP('',(#1746,#1747,#1770,#1801));
#1746 = ORIENTED_EDGE('',*,*,#336,.F.);
#1747 = ORIENTED_EDGE('',*,*,#1748,.F.);
#1748 = EDGE_CURVE('',#1749,#337,#1751,.T.);
#1749 = VERTEX_POINT('',#1750);
#1750 = CARTESIAN_POINT('',(-38.6,-37.,8.));
#1751 = SEAM_CURVE('',#1752,(#1756,#1763),.PCURVE_S1.);
#1752 = LINE('',#1753,#1754);
#1753 = CARTESIAN_POINT('',(-38.6,-37.,8.));
#1754 = VECTOR('',#1755,1.);
#1755 = DIRECTION('',(0.,0.,-1.));
#1756 = PCURVE('',#357,#1757);
#1757 = DEFINITIONAL_REPRESENTATION('',(#1758),#1762);
#1758 = LINE('',#1759,#1760);
#1759 = CARTESIAN_POINT('',(6.28318530718,-0.));
#1760 = VECTOR('',#1761,1.);
#1761 = DIRECTION('',(0.,1.));
#1762 = ( GEOMETRIC_REPRESENTATION_CONTEXT(2) 
PARAMETRIC_REPRESENTATION_CONTEXT() REPRESENTATION_CONTEXT('2D SPACE',''
  ) );
#1763 = PCURVE('',#357,#1764);
#1764 = DEFINITIONAL_REPRESENTATION('',(#1765),#1769);
#1765 = LINE('',#1766,#1767);
#1766 = CARTESIAN_POINT('',(0.,-0.));
#1767 = VECTOR('',#1768,1.);
#1768 = DIRECTION('',(0.,1.));
#1769 = ( GEOMETRIC_REPRESENTATION_CONTEXT(2) 
PARAMETRIC_REPRESENTATION_CONTEXT() REPRESENTATION_CONTEXT('2D SPACE',''
  ) );
#1770 = ORIENTED_EDGE('',*,*,#1771,.T.);
#1771 = EDGE_CURVE('',#1749,#1749,#1772,.T.);
#1772 = SURFACE_CURVE('',#1773,(#1778,#1785),.PCURVE_S1.);
#1773 = CIRCLE('',#1774,1.6);
#1774 = AXIS2_PLACEMENT_3D('',#1775,#1776,#1777);
#1775 = CARTESIAN_POINT('',(-37.,-37.,8.));
#1776 = DIRECTION('',(0.,0.,-1.));
#1777 = DIRECTION('',(-1.,0.,0.));
#1778 = PCURVE('',#357,#1779);
#1779 = DEFINITIONAL_REPRESENTATION('',(#1780),#1784);
#1780 = LINE('',#1781,#1782);
#1781 = CARTESIAN_POINT('',(0.,0.));
#1782 = VECTOR('',#1783,1.);
#1783 = DIRECTION('',(1.,0.));
#1784 = ( GEOMETRIC_REPRESENTATION_CONTEXT(2) 
PARAMETRIC_REPRESENTATION_CONTEXT() REPRESENTATION_CONTEXT('2D SPACE',''
  ) );
#1785 = PCURVE('',#1786,#1791);
#1786 = PLANE('',#1787);
#1787 = AXIS2_PLACEMENT_3D('',#1788,#1789,#1790);
#1788 = CARTESIAN_POINT('',(-37.,-37.,8.));
#1789 = DIRECTION('',(0.,0.,1.));
#1790 = DIRECTION('',(1.,0.,-0.));
#1791 = DEFINITIONAL_REPRESENTATION('',(#1792),#1800);
#1792 = ( BOUNDED_CURVE() B_SPLINE_CURVE(2,(#1793,#1794,#1795,#1796,
#1797,#1798,#1799),.UNSPECIFIED.,.T.,.F.) B_SPLINE_CURVE_WITH_KNOTS((1,2
    ,2,2,2,1),(-2.094395102393,0.,2.094395102393,4.188790204786,
6.28318530718,8.377580409573),.UNSPECIFIED.) CURVE() 
GEOMETRIC_REPRESENTATION_ITEM() RATIONAL_B_SPLINE_CURVE((1.,0.5,1.,0.5,
1.,0.5,1.)) REPRESENTATION_ITEM('') );
#1793 = CARTESIAN_POINT('',(-1.6,0.));
#1794 = CARTESIAN_POINT('',(-1.6,2.77128129211));
#1795 = CARTESIAN_POINT('',(0.8,1.385640646055));
#1796 = CARTESIAN_POINT('',(3.2,3.918869757272E-16));
#1797 = CARTESIAN_POINT('',(0.8,-1.385640646055));
#1798 = CARTESIAN_POINT('',(-1.6,-2.77128129211));
#1799 = CARTESIAN_POINT('',(-1.6,0.));
#1800 = ( GEOMETRIC_REPRESENTATION_CONTEXT(2) 
PARAMETRIC_REPRESENTATION_CONTEXT() REPRESENTATION_CONTEXT('2D SPACE',''
  ) );
#1801 = ORIENTED_EDGE('',*,*,#1748,.T.);
#1802 = ADVANCED_FACE('',(#1803),#392,.F.);
#1803 = FACE_BOUND('',#1804,.F.);
#1804 = EDGE_LOOP('',(#1805,#1806,#1827,#1828));
#1805 = ORIENTED_EDGE('',*,*,#371,.F.);
#1806 = ORIENTED_EDGE('',*,*,#1807,.F.);
#1807 = EDGE_CURVE('',#1163,#372,#1808,.T.);
#1808 = SEAM_CURVE('',#1809,(#1813,#1820),.PCURVE_S1.);
#1809 = LINE('',#1810,#1811);
#1810 = CARTESIAN_POINT('',(-20.99188309203,-19.09188309203,8.));
#1811 = VECTOR('',#1812,1.);
#1812 = DIRECTION('',(0.,0.,-1.));
#1813 = PCURVE('',#392,#1814);
#1814 = DEFINITIONAL_REPRESENTATION('',(#1815),#1819);
#1815 = LINE('',#1816,#1817);
#1816 = CARTESIAN_POINT('',(6.28318530718,-0.));
#1817 = VECTOR('',#1818,1.);
#1818 = DIRECTION('',(0.,1.));
#1819 = ( GEOMETRIC_REPRESENTATION_CONTEXT(2) 
PARAMETRIC_REPRESENTATION_CONTEXT() REPRESENTATION_CONTEXT('2D SPACE',''
  ) );
#1820 = PCURVE('',#392,#1821);
#1821 = DEFINITIONAL_REPRESENTATION('',(#1822),#1826);
#1822 = LINE('',#1823,#1824);
#1823 = CARTESIAN_POINT('',(0.,-0.));
#1824 = VECTOR('',#1825,1.);
#1825 = DIRECTION('',(0.,1.));
#1826 = ( GEOMETRIC_REPRESENTATION_CONTEXT(2) 
PARAMETRIC_REPRESENTATION_CONTEXT() REPRESENTATION_CONTEXT('2D SPACE',''
  ) );
#1827 = ORIENTED_EDGE('',*,*,#1162,.T.);
#1828 = ORIENTED_EDGE('',*,*,#1807,.T.);
#1829 = ADVANCED_FACE('',(#1830),#427,.F.);
#1830 = FACE_BOUND('',#1831,.F.);
#1831 = EDGE_LOOP('',(#1832,#1833,#1856,#1887));
#1832 = ORIENTED_EDGE('',*,*,#406,.F.);
#1833 = ORIENTED_EDGE('',*,*,#1834,.F.);
#1834 = EDGE_CURVE('',#1835,#407,#1837,.T.);
#1835 = VERTEX_POINT('',#1836);
#1836 = CARTESIAN_POINT('',(35.4,-37.,8.));
#1837 = SEAM_CURVE('',#1838,(#1842,#1849),.PCURVE_S1.);
#1838 = LINE('',#1839,#1840);
#1839 = CARTESIAN_POINT('',(35.4,-37.,8.));
#1840 = VECTOR('',#1841,1.);
#1841 = DIRECTION('',(0.,0.,-1.));
#1842 = PCURVE('',#427,#1843);
#1843 = DEFINITIONAL_REPRESENTATION('',(#1844),#1848);
#1844 = LINE('',#1845,#1846);
#1845 = CARTESIAN_POINT('',(6.28318530718,-0.));
#1846 = VECTOR('',#1847,1.);
#1847 = DIRECTION('',(0.,1.));
#1848 = ( GEOMETRIC_REPRESENTATION_CONTEXT(2) 
PARAMETRIC_REPRESENTATION_CONTEXT() REPRESENTATION_CONTEXT('2D SPACE',''
  ) );
#1849 = PCURVE('',#427,#1850);
#1850 = DEFINITIONAL_REPRESENTATION('',(#1851),#1855);
#1851 = LINE('',#1852,#1853);
#1852 = CARTESIAN_POINT('',(0.,-0.));
#1853 = VECTOR('',#1854,1.);
#1854 = DIRECTION('',(0.,1.));
#1855 = ( GEOMETRIC_REPRESENTATION_CONTEXT(2) 
PARAMETRIC_REPRESENTATION_CONTEXT() REPRESENTATION_CONTEXT('2D SPACE',''
  ) );
#1856 = ORIENTED_EDGE('',*,*,#1857,.T.);
#1857 = EDGE_CURVE('',#1835,#1835,#1858,.T.);
#1858 = SURFACE_CURVE('',#1859,(#1864,#1871),.PCURVE_S1.);
#1859 = CIRCLE('',#1860,1.6);
#1860 = AXIS2_PLACEMENT_3D('',#1861,#1862,#1863);
#1861 = CARTESIAN_POINT('',(37.,-37.,8.));
#1862 = DIRECTION('',(0.,0.,-1.));
#1863 = DIRECTION('',(-1.,0.,0.));
#1864 = PCURVE('',#427,#1865);
#1865 = DEFINITIONAL_REPRESENTATION('',(#1866),#1870);
#1866 = LINE('',#1867,#1868);
#1867 = CARTESIAN_POINT('',(0.,0.));
#1868 = VECTOR('',#1869,1.);
#1869 = DIRECTION('',(1.,0.));
#1870 = ( GEOMETRIC_REPRESENTATION_CONTEXT(2) 
PARAMETRIC_REPRESENTATION_CONTEXT() REPRESENTATION_CONTEXT('2D SPACE',''
  ) );
#1871 = PCURVE('',#1872,#1877);
#1872 = PLANE('',#1873);
#1873 = AXIS2_PLACEMENT_3D('',#1874,#1875,#1876);
#1874 = CARTESIAN_POINT('',(37.,-37.,8.));
#1875 = DIRECTION('',(0.,0.,1.));
#1876 = DIRECTION('',(1.,0.,-0.));
#1877 = DEFINITIONAL_REPRESENTATION('',(#1878),#1886);
#1878 = ( BOUNDED_CURVE() B_SPLINE_CURVE(2,(#1879,#1880,#1881,#1882,
#1883,#1884,#1885),.UNSPECIFIED.,.T.,.F.) B_SPLINE_CURVE_WITH_KNOTS((1,2
    ,2,2,2,1),(-2.094395102393,0.,2.094395102393,4.188790204786,
6.28318530718,8.377580409573),.UNSPECIFIED.) CURVE() 
GEOMETRIC_REPRESENTATION_ITEM() RATIONAL_B_SPLINE_CURVE((1.,0.5,1.,0.5,
1.,0.5,1.)) REPRESENTATION_ITEM('') );
#1879 = CARTESIAN_POINT('',(-1.6,0.));
#1880 = CARTESIAN_POINT('',(-1.6,2.77128129211));
#1881 = CARTESIAN_POINT('',(0.8,1.385640646055));
#1882 = CARTESIAN_POINT('',(3.2,3.918869757272E-16));
#1883 = CARTESIAN_POINT('',(0.8,-1.385640646055));
#1884 = CARTESIAN_POINT('',(-1.6,-2.77128129211));
#1885 = CARTESIAN_POINT('',(-1.6,0.));
#1886 = ( GEOMETRIC_REPRESENTATION_CONTEXT(2) 
PARAMETRIC_REPRESENTATION_CONTEXT() REPRESENTATION_CONTEXT('2D SPACE',''
  ) );
#1887 = ORIENTED_EDGE('',*,*,#1834,.T.);
#1888 = ADVANCED_FACE('',(#1889),#462,.F.);
#1889 = FACE_BOUND('',#1890,.F.);
#1890 = EDGE_LOOP('',(#1891,#1892,#1913,#1914));
#1891 = ORIENTED_EDGE('',*,*,#441,.F.);
#1892 = ORIENTED_EDGE('',*,*,#1893,.F.);
#1893 = EDGE_CURVE('',#1228,#442,#1894,.T.);
#1894 = SEAM_CURVE('',#1895,(#1899,#1906),.PCURVE_S1.);
#1895 = LINE('',#1896,#1897);
#1896 = CARTESIAN_POINT('',(17.191883092037,-19.09188309203,8.));
#1897 = VECTOR('',#1898,1.);
#1898 = DIRECTION('',(0.,0.,-1.));
#1899 = PCURVE('',#462,#1900);
#1900 = DEFINITIONAL_REPRESENTATION('',(#1901),#1905);
#1901 = LINE('',#1902,#1903);
#1902 = CARTESIAN_POINT('',(6.28318530718,-0.));
#1903 = VECTOR('',#1904,1.);
#1904 = DIRECTION('',(0.,1.));
#1905 = ( GEOMETRIC_REPRESENTATION_CONTEXT(2) 
PARAMETRIC_REPRESENTATION_CONTEXT() REPRESENTATION_CONTEXT('2D SPACE',''
  ) );
#1906 = PCURVE('',#462,#1907);
#1907 = DEFINITIONAL_REPRESENTATION('',(#1908),#1912);
#1908 = LINE('',#1909,#1910);
#1909 = CARTESIAN_POINT('',(0.,-0.));
#1910 = VECTOR('',#1911,1.);
#1911 = DIRECTION('',(0.,1.));
#1912 = ( GEOMETRIC_REPRESENTATION_CONTEXT(2) 
PARAMETRIC_REPRESENTATION_CONTEXT() REPRESENTATION_CONTEXT('2D SPACE',''
  ) );
#1913 = ORIENTED_EDGE('',*,*,#1227,.T.);
#1914 = ORIENTED_EDGE('',*,*,#1893,.T.);
#1915 = ADVANCED_FACE('',(#1916),#497,.F.);
#1916 = FACE_BOUND('',#1917,.F.);
#1917 = EDGE_LOOP('',(#1918,#1919,#1940,#1941));
#1918 = ORIENTED_EDGE('',*,*,#476,.F.);
#1919 = ORIENTED_EDGE('',*,*,#1920,.F.);
#1920 = EDGE_CURVE('',#1258,#477,#1921,.T.);
#1921 = SEAM_CURVE('',#1922,(#1926,#1933),.PCURVE_S1.);
#1922 = LINE('',#1923,#1924);
#1923 = CARTESIAN_POINT('',(-26.05,-4.65365783676E-16,8.));
#1924 = VECTOR('',#1925,1.);
#1925 = DIRECTION('',(0.,0.,-1.));
#1926 = PCURVE('',#497,#1927);
#1927 = DEFINITIONAL_REPRESENTATION('',(#1928),#1932);
#1928 = LINE('',#1929,#1930);
#1929 = CARTESIAN_POINT('',(6.28318530718,-0.));
#1930 = VECTOR('',#1931,1.);
#1931 = DIRECTION('',(0.,1.));
#1932 = ( GEOMETRIC_REPRESENTATION_CONTEXT(2) 
PARAMETRIC_REPRESENTATION_CONTEXT() REPRESENTATION_CONTEXT('2D SPACE',''
  ) );
#1933 = PCURVE('',#497,#1934);
#1934 = DEFINITIONAL_REPRESENTATION('',(#1935),#1939);
#1935 = LINE('',#1936,#1937);
#1936 = CARTESIAN_POINT('',(0.,-0.));
#1937 = VECTOR('',#1938,1.);
#1938 = DIRECTION('',(0.,1.));
#1939 = ( GEOMETRIC_REPRESENTATION_CONTEXT(2) 
PARAMETRIC_REPRESENTATION_CONTEXT() REPRESENTATION_CONTEXT('2D SPACE',''
  ) );
#1940 = ORIENTED_EDGE('',*,*,#1257,.T.);
#1941 = ORIENTED_EDGE('',*,*,#1920,.T.);
#1942 = ADVANCED_FACE('',(#1943),#532,.F.);
#1943 = FACE_BOUND('',#1944,.F.);
#1944 = EDGE_LOOP('',(#1945,#1946,#1967,#1968));
#1945 = ORIENTED_EDGE('',*,*,#511,.F.);
#1946 = ORIENTED_EDGE('',*,*,#1947,.F.);
#1947 = EDGE_CURVE('',#1288,#512,#1948,.T.);
#1948 = SEAM_CURVE('',#1949,(#1953,#1960),.PCURVE_S1.);
#1949 = LINE('',#1950,#1951);
#1950 = CARTESIAN_POINT('',(-20.99188309203,19.091883092037,8.));
#1951 = VECTOR('',#1952,1.);
#1952 = DIRECTION('',(0.,0.,-1.));
#1953 = PCURVE('',#532,#1954);
#1954 = DEFINITIONAL_REPRESENTATION('',(#1955),#1959);
#1955 = LINE('',#1956,#1957);
#1956 = CARTESIAN_POINT('',(6.28318530718,-0.));
#1957 = VECTOR('',#1958,1.);
#1958 = DIRECTION('',(0.,1.));
#1959 = ( GEOMETRIC_REPRESENTATION_CONTEXT(2) 
PARAMETRIC_REPRESENTATION_CONTEXT() REPRESENTATION_CONTEXT('2D SPACE',''
  ) );
#1960 = PCURVE('',#532,#1961);
#1961 = DEFINITIONAL_REPRESENTATION('',(#1962),#1966);
#1962 = LINE('',#1963,#1964);
#1963 = CARTESIAN_POINT('',(0.,-0.));
#1964 = VECTOR('',#1965,1.);
#1965 = DIRECTION('',(0.,1.));
#1966 = ( GEOMETRIC_REPRESENTATION_CONTEXT(2) 
PARAMETRIC_REPRESENTATION_CONTEXT() REPRESENTATION_CONTEXT('2D SPACE',''
  ) );
#1967 = ORIENTED_EDGE('',*,*,#1287,.T.);
#1968 = ORIENTED_EDGE('',*,*,#1947,.T.);
#1969 = ADVANCED_FACE('',(#1970),#567,.F.);
#1970 = FACE_BOUND('',#1971,.F.);
#1971 = EDGE_LOOP('',(#1972,#1973,#1996,#2027));
#1972 = ORIENTED_EDGE('',*,*,#546,.F.);
#1973 = ORIENTED_EDGE('',*,*,#1974,.F.);
#1974 = EDGE_CURVE('',#1975,#547,#1977,.T.);
#1975 = VERTEX_POINT('',#1976);
#1976 = CARTESIAN_POINT('',(-38.6,37.,8.));
#1977 = SEAM_CURVE('',#1978,(#1982,#1989),.PCURVE_S1.);
#1978 = LINE('',#1979,#1980);
#1979 = CARTESIAN_POINT('',(-38.6,37.,8.));
#1980 = VECTOR('',#1981,1.);
#1981 = DIRECTION('',(0.,0.,-1.));
#1982 = PCURVE('',#567,#1983);
#1983 = DEFINITIONAL_REPRESENTATION('',(#1984),#1988);
#1984 = LINE('',#1985,#1986);
#1985 = CARTESIAN_POINT('',(6.28318530718,-0.));
#1986 = VECTOR('',#1987,1.);
#1987 = DIRECTION('',(0.,1.));
#1988 = ( GEOMETRIC_REPRESENTATION_CONTEXT(2) 
PARAMETRIC_REPRESENTATION_CONTEXT() REPRESENTATION_CONTEXT('2D SPACE',''
  ) );
#1989 = PCURVE('',#567,#1990);
#1990 = DEFINITIONAL_REPRESENTATION('',(#1991),#1995);
#1991 = LINE('',#1992,#1993);
#1992 = CARTESIAN_POINT('',(0.,-0.));
#1993 = VECTOR('',#1994,1.);
#1994 = DIRECTION('',(0.,1.));
#1995 = ( GEOMETRIC_REPRESENTATION_CONTEXT(2) 
PARAMETRIC_REPRESENTATION_CONTEXT() REPRESENTATION_CONTEXT('2D SPACE',''
  ) );
#1996 = ORIENTED_EDGE('',*,*,#1997,.T.);
#1997 = EDGE_CURVE('',#1975,#1975,#1998,.T.);
#1998 = SURFACE_CURVE('',#1999,(#2004,#2011),.PCURVE_S1.);
#1999 = CIRCLE('',#2000,1.6);
#2000 = AXIS2_PLACEMENT_3D('',#2001,#2002,#2003);
#2001 = CARTESIAN_POINT('',(-37.,37.,8.));
#2002 = DIRECTION('',(0.,0.,-1.));
#2003 = DIRECTION('',(-1.,0.,0.));
#2004 = PCURVE('',#567,#2005);
#2005 = DEFINITIONAL_REPRESENTATION('',(#2006),#2010);
#2006 = LINE('',#2007,#2008);
#2007 = CARTESIAN_POINT('',(0.,0.));
#2008 = VECTOR('',#2009,1.);
#2009 = DIRECTION('',(1.,0.));
#2010 = ( GEOMETRIC_REPRESENTATION_CONTEXT(2) 
PARAMETRIC_REPRESENTATION_CONTEXT() REPRESENTATION_CONTEXT('2D SPACE',''
  ) );
#2011 = PCURVE('',#2012,#2017);
#2012 = PLANE('',#2013);
#2013 = AXIS2_PLACEMENT_3D('',#2014,#2015,#2016);
#2014 = CARTESIAN_POINT('',(-37.,37.,8.));
#2015 = DIRECTION('',(0.,0.,1.));
#2016 = DIRECTION('',(1.,0.,-0.));
#2017 = DEFINITIONAL_REPRESENTATION('',(#2018),#2026);
#2018 = ( BOUNDED_CURVE() B_SPLINE_CURVE(2,(#2019,#2020,#2021,#2022,
#2023,#2024,#2025),.UNSPECIFIED.,.T.,.F.) B_SPLINE_CURVE_WITH_KNOTS((1,2
    ,2,2,2,1),(-2.094395102393,0.,2.094395102393,4.188790204786,
6.28318530718,8.377580409573),.UNSPECIFIED.) CURVE() 
GEOMETRIC_REPRESENTATION_ITEM() RATIONAL_B_SPLINE_CURVE((1.,0.5,1.,0.5,
1.,0.5,1.)) REPRESENTATION_ITEM('') );
#2019 = CARTESIAN_POINT('',(-1.6,0.));
#2020 = CARTESIAN_POINT('',(-1.6,2.77128129211));
#2021 = CARTESIAN_POINT('',(0.8,1.385640646055));
#2022 = CARTESIAN_POINT('',(3.2,3.918869757272E-16));
#2023 = CARTESIAN_POINT('',(0.8,-1.385640646055));
#2024 = CARTESIAN_POINT('',(-1.6,-2.77128129211));
#2025 = CARTESIAN_POINT('',(-1.6,0.));
#2026 = ( GEOMETRIC_REPRESENTATION_CONTEXT(2) 
PARAMETRIC_REPRESENTATION_CONTEXT() REPRESENTATION_CONTEXT('2D SPACE',''
  ) );
#2027 = ORIENTED_EDGE('',*,*,#1974,.T.);
#2028 = ADVANCED_FACE('',(#2029),#600,.F.);
#2029 = FACE_BOUND('',#2030,.T.);
#2030 = EDGE_LOOP('',(#2031,#2032,#2051,#2052));
#2031 = ORIENTED_EDGE('',*,*,#581,.F.);
#2032 = ORIENTED_EDGE('',*,*,#2033,.F.);
#2033 = EDGE_CURVE('',#1467,#582,#2034,.T.);
#2034 = SURFACE_CURVE('',#2035,(#2039,#2045),.PCURVE_S1.);
#2035 = LINE('',#2036,#2037);
#2036 = CARTESIAN_POINT('',(11.090085662428,10.1,-87.0000002));
#2037 = VECTOR('',#2038,1.);
#2038 = DIRECTION('',(-0.,-0.,-1.));
#2039 = PCURVE('',#600,#2040);
#2040 = DEFINITIONAL_REPRESENTATION('',(#2041),#2044);
#2041 = B_SPLINE_CURVE_WITH_KNOTS('',1,(#2042,#2043),.UNSPECIFIED.,.F.,
  .F.,(2,2),(-92.0000008,-86.9999996),.PIECEWISE_BEZIER_KNOTS.);
#2042 = CARTESIAN_POINT('',(-0.738708115779,-92.0000008));
#2043 = CARTESIAN_POINT('',(-0.738708115779,-86.9999996));
#2044 = ( GEOMETRIC_REPRESENTATION_CONTEXT(2) 
PARAMETRIC_REPRESENTATION_CONTEXT() REPRESENTATION_CONTEXT('2D SPACE',''
  ) );
#2045 = PCURVE('',#627,#2046);
#2046 = DEFINITIONAL_REPRESENTATION('',(#2047),#2050);
#2047 = B_SPLINE_CURVE_WITH_KNOTS('',1,(#2048,#2049),.UNSPECIFIED.,.F.,
  .F.,(2,2),(-92.0000008,-86.9999996),.PIECEWISE_BEZIER_KNOTS.);
#2048 = CARTESIAN_POINT('',(9.409914337572,-89.0000008));
#2049 = CARTESIAN_POINT('',(9.409914337572,-83.9999996));
#2050 = ( GEOMETRIC_REPRESENTATION_CONTEXT(2) 
PARAMETRIC_REPRESENTATION_CONTEXT() REPRESENTATION_CONTEXT('2D SPACE',''
  ) );
#2051 = ORIENTED_EDGE('',*,*,#1466,.F.);
#2052 = ORIENTED_EDGE('',*,*,#2053,.T.);
#2053 = EDGE_CURVE('',#1446,#584,#2054,.T.);
#2054 = SURFACE_CURVE('',#2055,(#2059,#2065),.PCURVE_S1.);
#2055 = LINE('',#2056,#2057);
#2056 = CARTESIAN_POINT('',(-11.09008566242,10.1,-87.0000002));
#2057 = VECTOR('',#2058,1.);
#2058 = DIRECTION('',(-0.,-0.,-1.));
#2059 = PCURVE('',#600,#2060);
#2060 = DEFINITIONAL_REPRESENTATION('',(#2061),#2064);
#2061 = B_SPLINE_CURVE_WITH_KNOTS('',1,(#2062,#2063),.UNSPECIFIED.,.F.,
  .F.,(2,2),(-92.0000008,-86.9999996),.PIECEWISE_BEZIER_KNOTS.);
#2062 = CARTESIAN_POINT('',(-2.402884537811,-92.0000008));
#2063 = CARTESIAN_POINT('',(-2.402884537811,-86.9999996));
#2064 = ( GEOMETRIC_REPRESENTATION_CONTEXT(2) 
PARAMETRIC_REPRESENTATION_CONTEXT() REPRESENTATION_CONTEXT('2D SPACE',''
  ) );
#2065 = PCURVE('',#784,#2066);
#2066 = DEFINITIONAL_REPRESENTATION('',(#2067),#2070);
#2067 = B_SPLINE_CURVE_WITH_KNOTS('',1,(#2068,#2069),.UNSPECIFIED.,.F.,
  .F.,(2,2),(-92.0000008,-86.9999996),.PIECEWISE_BEZIER_KNOTS.);
#2068 = CARTESIAN_POINT('',(31.590085662428,-89.0000008));
#2069 = CARTESIAN_POINT('',(31.590085662428,-83.9999996));
#2070 = ( GEOMETRIC_REPRESENTATION_CONTEXT(2) 
PARAMETRIC_REPRESENTATION_CONTEXT() REPRESENTATION_CONTEXT('2D SPACE',''
  ) );
#2071 = ADVANCED_FACE('',(#2072),#627,.T.);
#2072 = FACE_BOUND('',#2073,.T.);
#2073 = EDGE_LOOP('',(#2074,#2075,#2096,#2097));
#2074 = ORIENTED_EDGE('',*,*,#612,.T.);
#2075 = ORIENTED_EDGE('',*,*,#2076,.T.);
#2076 = EDGE_CURVE('',#613,#1495,#2077,.T.);
#2077 = SURFACE_CURVE('',#2078,(#2082,#2089),.PCURVE_S1.);
#2078 = LINE('',#2079,#2080);
#2079 = CARTESIAN_POINT('',(20.5,10.1,-84.0000002));
#2080 = VECTOR('',#2081,1.);
#2081 = DIRECTION('',(0.,0.,1.));
#2082 = PCURVE('',#627,#2083);
#2083 = DEFINITIONAL_REPRESENTATION('',(#2084),#2088);
#2084 = LINE('',#2085,#2086);
#2085 = CARTESIAN_POINT('',(0.,-0.));
#2086 = VECTOR('',#2087,1.);
#2087 = DIRECTION('',(0.,-1.));
#2088 = ( GEOMETRIC_REPRESENTATION_CONTEXT(2) 
PARAMETRIC_REPRESENTATION_CONTEXT() REPRESENTATION_CONTEXT('2D SPACE',''
  ) );
#2089 = PCURVE('',#653,#2090);
#2090 = DEFINITIONAL_REPRESENTATION('',(#2091),#2095);
#2091 = LINE('',#2092,#2093);
#2092 = CARTESIAN_POINT('',(20.2,0.));
#2093 = VECTOR('',#2094,1.);
#2094 = DIRECTION('',(0.,-1.));
#2095 = ( GEOMETRIC_REPRESENTATION_CONTEXT(2) 
PARAMETRIC_REPRESENTATION_CONTEXT() REPRESENTATION_CONTEXT('2D SPACE',''
  ) );
#2096 = ORIENTED_EDGE('',*,*,#1494,.F.);
#2097 = ORIENTED_EDGE('',*,*,#2033,.T.);
#2098 = ADVANCED_FACE('',(#2099),#784,.T.);
#2099 = FACE_BOUND('',#2100,.T.);
#2100 = EDGE_LOOP('',(#2101,#2122,#2123,#2124));
#2101 = ORIENTED_EDGE('',*,*,#2102,.F.);
#2102 = EDGE_CURVE('',#746,#1425,#2103,.T.);
#2103 = SURFACE_CURVE('',#2104,(#2108,#2115),.PCURVE_S1.);
#2104 = LINE('',#2105,#2106);
#2105 = CARTESIAN_POINT('',(-20.5,10.1,-84.0000002));
#2106 = VECTOR('',#2107,1.);
#2107 = DIRECTION('',(0.,0.,1.));
#2108 = PCURVE('',#784,#2109);
#2109 = DEFINITIONAL_REPRESENTATION('',(#2110),#2114);
#2110 = LINE('',#2111,#2112);
#2111 = CARTESIAN_POINT('',(41.,0.));
#2112 = VECTOR('',#2113,1.);
#2113 = DIRECTION('',(0.,-1.));
#2114 = ( GEOMETRIC_REPRESENTATION_CONTEXT(2) 
PARAMETRIC_REPRESENTATION_CONTEXT() REPRESENTATION_CONTEXT('2D SPACE',''
  ) );
#2115 = PCURVE('',#760,#2116);
#2116 = DEFINITIONAL_REPRESENTATION('',(#2117),#2121);
#2117 = LINE('',#2118,#2119);
#2118 = CARTESIAN_POINT('',(0.,0.));
#2119 = VECTOR('',#2120,1.);
#2120 = DIRECTION('',(0.,-1.));
#2121 = ( GEOMETRIC_REPRESENTATION_CONTEXT(2) 
PARAMETRIC_REPRESENTATION_CONTEXT() REPRESENTATION_CONTEXT('2D SPACE',''
  ) );
#2122 = ORIENTED_EDGE('',*,*,#771,.T.);
#2123 = ORIENTED_EDGE('',*,*,#2053,.F.);
#2124 = ORIENTED_EDGE('',*,*,#1445,.F.);
#2125 = ADVANCED_FACE('',(#2126),#653,.T.);
#2126 = FACE_BOUND('',#2127,.T.);
#2127 = EDGE_LOOP('',(#2128,#2129,#2150,#2151));
#2128 = ORIENTED_EDGE('',*,*,#638,.T.);
#2129 = ORIENTED_EDGE('',*,*,#2130,.T.);
#2130 = EDGE_CURVE('',#639,#1353,#2131,.T.);
#2131 = SURFACE_CURVE('',#2132,(#2136,#2143),.PCURVE_S1.);
#2132 = LINE('',#2133,#2134);
#2133 = CARTESIAN_POINT('',(20.5,-10.1,-84.0000002));
#2134 = VECTOR('',#2135,1.);
#2135 = DIRECTION('',(0.,0.,1.));
#2136 = PCURVE('',#653,#2137);
#2137 = DEFINITIONAL_REPRESENTATION('',(#2138),#2142);
#2138 = LINE('',#2139,#2140);
#2139 = CARTESIAN_POINT('',(0.,0.));
#2140 = VECTOR('',#2141,1.);
#2141 = DIRECTION('',(0.,-1.));
#2142 = ( GEOMETRIC_REPRESENTATION_CONTEXT(2) 
PARAMETRIC_REPRESENTATION_CONTEXT() REPRESENTATION_CONTEXT('2D SPACE',''
  ) );
#2143 = PCURVE('',#679,#2144);
#2144 = DEFINITIONAL_REPRESENTATION('',(#2145),#2149);
#2145 = LINE('',#2146,#2147);
#2146 = CARTESIAN_POINT('',(41.,0.));
#2147 = VECTOR('',#2148,1.);
#2148 = DIRECTION('',(0.,-1.));
#2149 = ( GEOMETRIC_REPRESENTATION_CONTEXT(2) 
PARAMETRIC_REPRESENTATION_CONTEXT() REPRESENTATION_CONTEXT('2D SPACE',''
  ) );
#2150 = ORIENTED_EDGE('',*,*,#1515,.F.);
#2151 = ORIENTED_EDGE('',*,*,#2076,.F.);
#2152 = ADVANCED_FACE('',(#2153),#760,.T.);
#2153 = FACE_BOUND('',#2154,.T.);
#2154 = EDGE_LOOP('',(#2155,#2156,#2157,#2158));
#2155 = ORIENTED_EDGE('',*,*,#745,.T.);
#2156 = ORIENTED_EDGE('',*,*,#2102,.T.);
#2157 = ORIENTED_EDGE('',*,*,#1424,.F.);
#2158 = ORIENTED_EDGE('',*,*,#2159,.F.);
#2159 = EDGE_CURVE('',#720,#1404,#2160,.T.);
#2160 = SURFACE_CURVE('',#2161,(#2165,#2172),.PCURVE_S1.);
#2161 = LINE('',#2162,#2163);
#2162 = CARTESIAN_POINT('',(-20.5,-10.1,-84.0000002));
#2163 = VECTOR('',#2164,1.);
#2164 = DIRECTION('',(0.,0.,1.));
#2165 = PCURVE('',#760,#2166);
#2166 = DEFINITIONAL_REPRESENTATION('',(#2167),#2171);
#2167 = LINE('',#2168,#2169);
#2168 = CARTESIAN_POINT('',(20.2,0.));
#2169 = VECTOR('',#2170,1.);
#2170 = DIRECTION('',(0.,-1.));
#2171 = ( GEOMETRIC_REPRESENTATION_CONTEXT(2) 
PARAMETRIC_REPRESENTATION_CONTEXT() REPRESENTATION_CONTEXT('2D SPACE',''
  ) );
#2172 = PCURVE('',#734,#2173);
#2173 = DEFINITIONAL_REPRESENTATION('',(#2174),#2178);
#2174 = LINE('',#2175,#2176);
#2175 = CARTESIAN_POINT('',(0.,0.));
#2176 = VECTOR('',#2177,1.);
#2177 = DIRECTION('',(0.,-1.));
#2178 = ( GEOMETRIC_REPRESENTATION_CONTEXT(2) 
PARAMETRIC_REPRESENTATION_CONTEXT() REPRESENTATION_CONTEXT('2D SPACE',''
  ) );
#2179 = ADVANCED_FACE('',(#2180),#679,.T.);
#2180 = FACE_BOUND('',#2181,.T.);
#2181 = EDGE_LOOP('',(#2182,#2183,#2184,#2203));
#2182 = ORIENTED_EDGE('',*,*,#2130,.F.);
#2183 = ORIENTED_EDGE('',*,*,#664,.T.);
#2184 = ORIENTED_EDGE('',*,*,#2185,.F.);
#2185 = EDGE_CURVE('',#1355,#665,#2186,.T.);
#2186 = SURFACE_CURVE('',#2187,(#2191,#2197),.PCURVE_S1.);
#2187 = LINE('',#2188,#2189);
#2188 = CARTESIAN_POINT('',(11.090085662428,-10.1,-87.0000002));
#2189 = VECTOR('',#2190,1.);
#2190 = DIRECTION('',(-0.,-0.,-1.));
#2191 = PCURVE('',#679,#2192);
#2192 = DEFINITIONAL_REPRESENTATION('',(#2193),#2196);
#2193 = B_SPLINE_CURVE_WITH_KNOTS('',1,(#2194,#2195),.UNSPECIFIED.,.F.,
  .F.,(2,2),(-92.0000008,-86.9999996),.PIECEWISE_BEZIER_KNOTS.);
#2194 = CARTESIAN_POINT('',(31.590085662428,-89.0000008));
#2195 = CARTESIAN_POINT('',(31.590085662428,-83.9999996));
#2196 = ( GEOMETRIC_REPRESENTATION_CONTEXT(2) 
PARAMETRIC_REPRESENTATION_CONTEXT() REPRESENTATION_CONTEXT('2D SPACE',''
  ) );
#2197 = PCURVE('',#707,#2198);
#2198 = DEFINITIONAL_REPRESENTATION('',(#2199),#2202);
#2199 = B_SPLINE_CURVE_WITH_KNOTS('',1,(#2200,#2201),.UNSPECIFIED.,.F.,
  .F.,(2,2),(-92.0000008,-86.9999996),.PIECEWISE_BEZIER_KNOTS.);
#2200 = CARTESIAN_POINT('',(-5.544477191401,-92.0000008));
#2201 = CARTESIAN_POINT('',(-5.544477191401,-86.9999996));
#2202 = ( GEOMETRIC_REPRESENTATION_CONTEXT(2) 
PARAMETRIC_REPRESENTATION_CONTEXT() REPRESENTATION_CONTEXT('2D SPACE',''
  ) );
#2203 = ORIENTED_EDGE('',*,*,#1352,.F.);
#2204 = ADVANCED_FACE('',(#2205),#734,.T.);
#2205 = FACE_BOUND('',#2206,.T.);
#2206 = EDGE_LOOP('',(#2207,#2208,#2209,#2210));
#2207 = ORIENTED_EDGE('',*,*,#719,.T.);
#2208 = ORIENTED_EDGE('',*,*,#2159,.T.);
#2209 = ORIENTED_EDGE('',*,*,#1403,.F.);
#2210 = ORIENTED_EDGE('',*,*,#2211,.T.);
#2211 = EDGE_CURVE('',#1376,#691,#2212,.T.);
#2212 = SURFACE_CURVE('',#2213,(#2217,#2223),.PCURVE_S1.);
#2213 = LINE('',#2214,#2215);
#2214 = CARTESIAN_POINT('',(-11.09008566242,-10.1,-87.0000002));
#2215 = VECTOR('',#2216,1.);
#2216 = DIRECTION('',(-0.,-0.,-1.));
#2217 = PCURVE('',#734,#2218);
#2218 = DEFINITIONAL_REPRESENTATION('',(#2219),#2222);
#2219 = B_SPLINE_CURVE_WITH_KNOTS('',1,(#2220,#2221),.UNSPECIFIED.,.F.,
  .F.,(2,2),(-92.0000008,-86.9999996),.PIECEWISE_BEZIER_KNOTS.);
#2220 = CARTESIAN_POINT('',(9.409914337572,-89.0000008));
#2221 = CARTESIAN_POINT('',(9.409914337572,-83.9999996));
#2222 = ( GEOMETRIC_REPRESENTATION_CONTEXT(2) 
PARAMETRIC_REPRESENTATION_CONTEXT() REPRESENTATION_CONTEXT('2D SPACE',''
  ) );
#2223 = PCURVE('',#707,#2224);
#2224 = DEFINITIONAL_REPRESENTATION('',(#2225),#2228);
#2225 = B_SPLINE_CURVE_WITH_KNOTS('',1,(#2226,#2227),.UNSPECIFIED.,.F.,
  .F.,(2,2),(-92.0000008,-86.9999996),.PIECEWISE_BEZIER_KNOTS.);
#2226 = CARTESIAN_POINT('',(-3.880300769369,-92.0000008));
#2227 = CARTESIAN_POINT('',(-3.880300769369,-86.9999996));
#2228 = ( GEOMETRIC_REPRESENTATION_CONTEXT(2) 
PARAMETRIC_REPRESENTATION_CONTEXT() REPRESENTATION_CONTEXT('2D SPACE',''
  ) );
#2229 = ADVANCED_FACE('',(#2230),#707,.F.);
#2230 = FACE_BOUND('',#2231,.T.);
#2231 = EDGE_LOOP('',(#2232,#2233,#2234,#2235));
#2232 = ORIENTED_EDGE('',*,*,#2185,.T.);
#2233 = ORIENTED_EDGE('',*,*,#690,.F.);
#2234 = ORIENTED_EDGE('',*,*,#2211,.F.);
#2235 = ORIENTED_EDGE('',*,*,#1375,.F.);
#2236 = ADVANCED_FACE('',(#2237),#818,.F.);
#2237 = FACE_BOUND('',#2238,.F.);
#2238 = EDGE_LOOP('',(#2239,#2240,#2261,#2262));
#2239 = ORIENTED_EDGE('',*,*,#797,.F.);
#2240 = ORIENTED_EDGE('',*,*,#2241,.F.);
#2241 = EDGE_CURVE('',#1537,#798,#2242,.T.);
#2242 = SEAM_CURVE('',#2243,(#2247,#2254),.PCURVE_S1.);
#2243 = LINE('',#2244,#2245);
#2244 = CARTESIAN_POINT('',(17.191883092037,19.091883092037,8.));
#2245 = VECTOR('',#2246,1.);
#2246 = DIRECTION('',(0.,0.,-1.));
#2247 = PCURVE('',#818,#2248);
#2248 = DEFINITIONAL_REPRESENTATION('',(#2249),#2253);
#2249 = LINE('',#2250,#2251);
#2250 = CARTESIAN_POINT('',(6.28318530718,-0.));
#2251 = VECTOR('',#2252,1.);
#2252 = DIRECTION('',(0.,1.));
#2253 = ( GEOMETRIC_REPRESENTATION_CONTEXT(2) 
PARAMETRIC_REPRESENTATION_CONTEXT() REPRESENTATION_CONTEXT('2D SPACE',''
  ) );
#2254 = PCURVE('',#818,#2255);
#2255 = DEFINITIONAL_REPRESENTATION('',(#2256),#2260);
#2256 = LINE('',#2257,#2258);
#2257 = CARTESIAN_POINT('',(0.,-0.));
#2258 = VECTOR('',#2259,1.);
#2259 = DIRECTION('',(0.,1.));
#2260 = ( GEOMETRIC_REPRESENTATION_CONTEXT(2) 
PARAMETRIC_REPRESENTATION_CONTEXT() REPRESENTATION_CONTEXT('2D SPACE',''
  ) );
#2261 = ORIENTED_EDGE('',*,*,#1536,.T.);
#2262 = ORIENTED_EDGE('',*,*,#2241,.T.);
#2263 = ADVANCED_FACE('',(#2264),#853,.F.);
#2264 = FACE_BOUND('',#2265,.F.);
#2265 = EDGE_LOOP('',(#2266,#2267,#2288,#2289));
#2266 = ORIENTED_EDGE('',*,*,#832,.F.);
#2267 = ORIENTED_EDGE('',*,*,#2268,.F.);
#2268 = EDGE_CURVE('',#1567,#833,#2269,.T.);
#2269 = SEAM_CURVE('',#2270,(#2274,#2281),.PCURVE_S1.);
#2270 = LINE('',#2271,#2272);
#2271 = CARTESIAN_POINT('',(22.25,-4.65365783676E-16,8.));
#2272 = VECTOR('',#2273,1.);
#2273 = DIRECTION('',(0.,0.,-1.));
#2274 = PCURVE('',#853,#2275);
#2275 = DEFINITIONAL_REPRESENTATION('',(#2276),#2280);
#2276 = LINE('',#2277,#2278);
#2277 = CARTESIAN_POINT('',(6.28318530718,-0.));
#2278 = VECTOR('',#2279,1.);
#2279 = DIRECTION('',(0.,1.));
#2280 = ( GEOMETRIC_REPRESENTATION_CONTEXT(2) 
PARAMETRIC_REPRESENTATION_CONTEXT() REPRESENTATION_CONTEXT('2D SPACE',''
  ) );
#2281 = PCURVE('',#853,#2282);
#2282 = DEFINITIONAL_REPRESENTATION('',(#2283),#2287);
#2283 = LINE('',#2284,#2285);
#2284 = CARTESIAN_POINT('',(0.,-0.));
#2285 = VECTOR('',#2286,1.);
#2286 = DIRECTION('',(0.,1.));
#2287 = ( GEOMETRIC_REPRESENTATION_CONTEXT(2) 
PARAMETRIC_REPRESENTATION_CONTEXT() REPRESENTATION_CONTEXT('2D SPACE',''
  ) );
#2288 = ORIENTED_EDGE('',*,*,#1566,.T.);
#2289 = ORIENTED_EDGE('',*,*,#2268,.T.);
#2290 = ADVANCED_FACE('',(#2291),#888,.F.);
#2291 = FACE_BOUND('',#2292,.F.);
#2292 = EDGE_LOOP('',(#2293,#2294,#2317,#2348));
#2293 = ORIENTED_EDGE('',*,*,#867,.F.);
#2294 = ORIENTED_EDGE('',*,*,#2295,.F.);
#2295 = EDGE_CURVE('',#2296,#868,#2298,.T.);
#2296 = VERTEX_POINT('',#2297);
#2297 = CARTESIAN_POINT('',(35.4,37.,8.));
#2298 = SEAM_CURVE('',#2299,(#2303,#2310),.PCURVE_S1.);
#2299 = LINE('',#2300,#2301);
#2300 = CARTESIAN_POINT('',(35.4,37.,8.));
#2301 = VECTOR('',#2302,1.);
#2302 = DIRECTION('',(0.,0.,-1.));
#2303 = PCURVE('',#888,#2304);
#2304 = DEFINITIONAL_REPRESENTATION('',(#2305),#2309);
#2305 = LINE('',#2306,#2307);
#2306 = CARTESIAN_POINT('',(6.28318530718,-0.));
#2307 = VECTOR('',#2308,1.);
#2308 = DIRECTION('',(0.,1.));
#2309 = ( GEOMETRIC_REPRESENTATION_CONTEXT(2) 
PARAMETRIC_REPRESENTATION_CONTEXT() REPRESENTATION_CONTEXT('2D SPACE',''
  ) );
#2310 = PCURVE('',#888,#2311);
#2311 = DEFINITIONAL_REPRESENTATION('',(#2312),#2316);
#2312 = LINE('',#2313,#2314);
#2313 = CARTESIAN_POINT('',(0.,-0.));
#2314 = VECTOR('',#2315,1.);
#2315 = DIRECTION('',(0.,1.));
#2316 = ( GEOMETRIC_REPRESENTATION_CONTEXT(2) 
PARAMETRIC_REPRESENTATION_CONTEXT() REPRESENTATION_CONTEXT('2D SPACE',''
  ) );
#2317 = ORIENTED_EDGE('',*,*,#2318,.T.);
#2318 = EDGE_CURVE('',#2296,#2296,#2319,.T.);
#2319 = SURFACE_CURVE('',#2320,(#2325,#2332),.PCURVE_S1.);
#2320 = CIRCLE('',#2321,1.6);
#2321 = AXIS2_PLACEMENT_3D('',#2322,#2323,#2324);
#2322 = CARTESIAN_POINT('',(37.,37.,8.));
#2323 = DIRECTION('',(0.,0.,-1.));
#2324 = DIRECTION('',(-1.,0.,0.));
#2325 = PCURVE('',#888,#2326);
#2326 = DEFINITIONAL_REPRESENTATION('',(#2327),#2331);
#2327 = LINE('',#2328,#2329);
#2328 = CARTESIAN_POINT('',(0.,0.));
#2329 = VECTOR('',#2330,1.);
#2330 = DIRECTION('',(1.,0.));
#2331 = ( GEOMETRIC_REPRESENTATION_CONTEXT(2) 
PARAMETRIC_REPRESENTATION_CONTEXT() REPRESENTATION_CONTEXT('2D SPACE',''
  ) );
#2332 = PCURVE('',#2333,#2338);
#2333 = PLANE('',#2334);
#2334 = AXIS2_PLACEMENT_3D('',#2335,#2336,#2337);
#2335 = CARTESIAN_POINT('',(37.,37.,8.));
#2336 = DIRECTION('',(0.,0.,1.));
#2337 = DIRECTION('',(1.,0.,-0.));
#2338 = DEFINITIONAL_REPRESENTATION('',(#2339),#2347);
#2339 = ( BOUNDED_CURVE() B_SPLINE_CURVE(2,(#2340,#2341,#2342,#2343,
#2344,#2345,#2346),.UNSPECIFIED.,.T.,.F.) B_SPLINE_CURVE_WITH_KNOTS((1,2
    ,2,2,2,1),(-2.094395102393,0.,2.094395102393,4.188790204786,
6.28318530718,8.377580409573),.UNSPECIFIED.) CURVE() 
GEOMETRIC_REPRESENTATION_ITEM() RATIONAL_B_SPLINE_CURVE((1.,0.5,1.,0.5,
1.,0.5,1.)) REPRESENTATION_ITEM('') );
#2340 = CARTESIAN_POINT('',(-1.6,0.));
#2341 = CARTESIAN_POINT('',(-1.6,2.77128129211));
#2342 = CARTESIAN_POINT('',(0.8,1.385640646055));
#2343 = CARTESIAN_POINT('',(3.2,3.918869757272E-16));
#2344 = CARTESIAN_POINT('',(0.8,-1.385640646055));
#2345 = CARTESIAN_POINT('',(-1.6,-2.77128129211));
#2346 = CARTESIAN_POINT('',(-1.6,0.));
#2347 = ( GEOMETRIC_REPRESENTATION_CONTEXT(2) 
PARAMETRIC_REPRESENTATION_CONTEXT() REPRESENTATION_CONTEXT('2D SPACE',''
  ) );
#2348 = ORIENTED_EDGE('',*,*,#2295,.T.);
#2349 = ADVANCED_FACE('',(#2350),#1148,.T.);
#2350 = FACE_BOUND('',#2351,.F.);
#2351 = EDGE_LOOP('',(#2352,#2353,#2376,#2398));
#2352 = ORIENTED_EDGE('',*,*,#1127,.T.);
#2353 = ORIENTED_EDGE('',*,*,#2354,.T.);
#2354 = EDGE_CURVE('',#1128,#2355,#2357,.T.);
#2355 = VERTEX_POINT('',#2356);
#2356 = CARTESIAN_POINT('',(-31.,-37.,8.));
#2357 = SEAM_CURVE('',#2358,(#2362,#2369),.PCURVE_S1.);
#2358 = LINE('',#2359,#2360);
#2359 = CARTESIAN_POINT('',(-31.,-37.,0.));
#2360 = VECTOR('',#2361,1.);
#2361 = DIRECTION('',(0.,0.,1.));
#2362 = PCURVE('',#1148,#2363);
#2363 = DEFINITIONAL_REPRESENTATION('',(#2364),#2368);
#2364 = LINE('',#2365,#2366);
#2365 = CARTESIAN_POINT('',(-6.28318530718,0.));
#2366 = VECTOR('',#2367,1.);
#2367 = DIRECTION('',(-0.,-1.));
#2368 = ( GEOMETRIC_REPRESENTATION_CONTEXT(2) 
PARAMETRIC_REPRESENTATION_CONTEXT() REPRESENTATION_CONTEXT('2D SPACE',''
  ) );
#2369 = PCURVE('',#1148,#2370);
#2370 = DEFINITIONAL_REPRESENTATION('',(#2371),#2375);
#2371 = LINE('',#2372,#2373);
#2372 = CARTESIAN_POINT('',(-0.,0.));
#2373 = VECTOR('',#2374,1.);
#2374 = DIRECTION('',(-0.,-1.));
#2375 = ( GEOMETRIC_REPRESENTATION_CONTEXT(2) 
PARAMETRIC_REPRESENTATION_CONTEXT() REPRESENTATION_CONTEXT('2D SPACE',''
  ) );
#2376 = ORIENTED_EDGE('',*,*,#2377,.T.);
#2377 = EDGE_CURVE('',#2355,#2355,#2378,.T.);
#2378 = SURFACE_CURVE('',#2379,(#2384,#2391),.PCURVE_S1.);
#2379 = CIRCLE('',#2380,6.);
#2380 = AXIS2_PLACEMENT_3D('',#2381,#2382,#2383);
#2381 = CARTESIAN_POINT('',(-37.,-37.,8.));
#2382 = DIRECTION('',(0.,0.,1.));
#2383 = DIRECTION('',(1.,0.,0.));
#2384 = PCURVE('',#1148,#2385);
#2385 = DEFINITIONAL_REPRESENTATION('',(#2386),#2390);
#2386 = LINE('',#2387,#2388);
#2387 = CARTESIAN_POINT('',(-0.,-8.));
#2388 = VECTOR('',#2389,1.);
#2389 = DIRECTION('',(-1.,0.));
#2390 = ( GEOMETRIC_REPRESENTATION_CONTEXT(2) 
PARAMETRIC_REPRESENTATION_CONTEXT() REPRESENTATION_CONTEXT('2D SPACE',''
  ) );
#2391 = PCURVE('',#1786,#2392);
#2392 = DEFINITIONAL_REPRESENTATION('',(#2393),#2397);
#2393 = CIRCLE('',#2394,6.);
#2394 = AXIS2_PLACEMENT_2D('',#2395,#2396);
#2395 = CARTESIAN_POINT('',(0.,0.));
#2396 = DIRECTION('',(1.,0.));
#2397 = ( GEOMETRIC_REPRESENTATION_CONTEXT(2) 
PARAMETRIC_REPRESENTATION_CONTEXT() REPRESENTATION_CONTEXT('2D SPACE',''
  ) );
#2398 = ORIENTED_EDGE('',*,*,#2354,.F.);
#2399 = ADVANCED_FACE('',(#2400),#1213,.T.);
#2400 = FACE_BOUND('',#2401,.F.);
#2401 = EDGE_LOOP('',(#2402,#2403,#2426,#2448));
#2402 = ORIENTED_EDGE('',*,*,#1192,.T.);
#2403 = ORIENTED_EDGE('',*,*,#2404,.T.);
#2404 = EDGE_CURVE('',#1193,#2405,#2407,.T.);
#2405 = VERTEX_POINT('',#2406);
#2406 = CARTESIAN_POINT('',(43.,-37.,8.));
#2407 = SEAM_CURVE('',#2408,(#2412,#2419),.PCURVE_S1.);
#2408 = LINE('',#2409,#2410);
#2409 = CARTESIAN_POINT('',(43.,-37.,0.));
#2410 = VECTOR('',#2411,1.);
#2411 = DIRECTION('',(0.,0.,1.));
#2412 = PCURVE('',#1213,#2413);
#2413 = DEFINITIONAL_REPRESENTATION('',(#2414),#2418);
#2414 = LINE('',#2415,#2416);
#2415 = CARTESIAN_POINT('',(-6.28318530718,0.));
#2416 = VECTOR('',#2417,1.);
#2417 = DIRECTION('',(-0.,-1.));
#2418 = ( GEOMETRIC_REPRESENTATION_CONTEXT(2) 
PARAMETRIC_REPRESENTATION_CONTEXT() REPRESENTATION_CONTEXT('2D SPACE',''
  ) );
#2419 = PCURVE('',#1213,#2420);
#2420 = DEFINITIONAL_REPRESENTATION('',(#2421),#2425);
#2421 = LINE('',#2422,#2423);
#2422 = CARTESIAN_POINT('',(-0.,0.));
#2423 = VECTOR('',#2424,1.);
#2424 = DIRECTION('',(-0.,-1.));
#2425 = ( GEOMETRIC_REPRESENTATION_CONTEXT(2) 
PARAMETRIC_REPRESENTATION_CONTEXT() REPRESENTATION_CONTEXT('2D SPACE',''
  ) );
#2426 = ORIENTED_EDGE('',*,*,#2427,.T.);
#2427 = EDGE_CURVE('',#2405,#2405,#2428,.T.);
#2428 = SURFACE_CURVE('',#2429,(#2434,#2441),.PCURVE_S1.);
#2429 = CIRCLE('',#2430,6.);
#2430 = AXIS2_PLACEMENT_3D('',#2431,#2432,#2433);
#2431 = CARTESIAN_POINT('',(37.,-37.,8.));
#2432 = DIRECTION('',(0.,0.,1.));
#2433 = DIRECTION('',(1.,0.,0.));
#2434 = PCURVE('',#1213,#2435);
#2435 = DEFINITIONAL_REPRESENTATION('',(#2436),#2440);
#2436 = LINE('',#2437,#2438);
#2437 = CARTESIAN_POINT('',(-0.,-8.));
#2438 = VECTOR('',#2439,1.);
#2439 = DIRECTION('',(-1.,0.));
#2440 = ( GEOMETRIC_REPRESENTATION_CONTEXT(2) 
PARAMETRIC_REPRESENTATION_CONTEXT() REPRESENTATION_CONTEXT('2D SPACE',''
  ) );
#2441 = PCURVE('',#1872,#2442);
#2442 = DEFINITIONAL_REPRESENTATION('',(#2443),#2447);
#2443 = CIRCLE('',#2444,6.);
#2444 = AXIS2_PLACEMENT_2D('',#2445,#2446);
#2445 = CARTESIAN_POINT('',(0.,0.));
#2446 = DIRECTION('',(1.,0.));
#2447 = ( GEOMETRIC_REPRESENTATION_CONTEXT(2) 
PARAMETRIC_REPRESENTATION_CONTEXT() REPRESENTATION_CONTEXT('2D SPACE',''
  ) );
#2448 = ORIENTED_EDGE('',*,*,#2404,.F.);
#2449 = ADVANCED_FACE('',(#2450),#1338,.T.);
#2450 = FACE_BOUND('',#2451,.F.);
#2451 = EDGE_LOOP('',(#2452,#2453,#2476,#2498));
#2452 = ORIENTED_EDGE('',*,*,#1317,.T.);
#2453 = ORIENTED_EDGE('',*,*,#2454,.T.);
#2454 = EDGE_CURVE('',#1318,#2455,#2457,.T.);
#2455 = VERTEX_POINT('',#2456);
#2456 = CARTESIAN_POINT('',(-31.,37.,8.));
#2457 = SEAM_CURVE('',#2458,(#2462,#2469),.PCURVE_S1.);
#2458 = LINE('',#2459,#2460);
#2459 = CARTESIAN_POINT('',(-31.,37.,0.));
#2460 = VECTOR('',#2461,1.);
#2461 = DIRECTION('',(0.,0.,1.));
#2462 = PCURVE('',#1338,#2463);
#2463 = DEFINITIONAL_REPRESENTATION('',(#2464),#2468);
#2464 = LINE('',#2465,#2466);
#2465 = CARTESIAN_POINT('',(-6.28318530718,0.));
#2466 = VECTOR('',#2467,1.);
#2467 = DIRECTION('',(-0.,-1.));
#2468 = ( GEOMETRIC_REPRESENTATION_CONTEXT(2) 
PARAMETRIC_REPRESENTATION_CONTEXT() REPRESENTATION_CONTEXT('2D SPACE',''
  ) );
#2469 = PCURVE('',#1338,#2470);
#2470 = DEFINITIONAL_REPRESENTATION('',(#2471),#2475);
#2471 = LINE('',#2472,#2473);
#2472 = CARTESIAN_POINT('',(-0.,0.));
#2473 = VECTOR('',#2474,1.);
#2474 = DIRECTION('',(-0.,-1.));
#2475 = ( GEOMETRIC_REPRESENTATION_CONTEXT(2) 
PARAMETRIC_REPRESENTATION_CONTEXT() REPRESENTATION_CONTEXT('2D SPACE',''
  ) );
#2476 = ORIENTED_EDGE('',*,*,#2477,.T.);
#2477 = EDGE_CURVE('',#2455,#2455,#2478,.T.);
#2478 = SURFACE_CURVE('',#2479,(#2484,#2491),.PCURVE_S1.);
#2479 = CIRCLE('',#2480,6.);
#2480 = AXIS2_PLACEMENT_3D('',#2481,#2482,#2483);
#2481 = CARTESIAN_POINT('',(-37.,37.,8.));
#2482 = DIRECTION('',(0.,0.,1.));
#2483 = DIRECTION('',(1.,0.,0.));
#2484 = PCURVE('',#1338,#2485);
#2485 = DEFINITIONAL_REPRESENTATION('',(#2486),#2490);
#2486 = LINE('',#2487,#2488);
#2487 = CARTESIAN_POINT('',(-0.,-8.));
#2488 = VECTOR('',#2489,1.);
#2489 = DIRECTION('',(-1.,0.));
#2490 = ( GEOMETRIC_REPRESENTATION_CONTEXT(2) 
PARAMETRIC_REPRESENTATION_CONTEXT() REPRESENTATION_CONTEXT('2D SPACE',''
  ) );
#2491 = PCURVE('',#2012,#2492);
#2492 = DEFINITIONAL_REPRESENTATION('',(#2493),#2497);
#2493 = CIRCLE('',#2494,6.);
#2494 = AXIS2_PLACEMENT_2D('',#2495,#2496);
#2495 = CARTESIAN_POINT('',(0.,0.));
#2496 = DIRECTION('',(1.,0.));
#2497 = ( GEOMETRIC_REPRESENTATION_CONTEXT(2) 
PARAMETRIC_REPRESENTATION_CONTEXT() REPRESENTATION_CONTEXT('2D SPACE',''
  ) );
#2498 = ORIENTED_EDGE('',*,*,#2454,.F.);
#2499 = ADVANCED_FACE('',(#2500),#1617,.T.);
#2500 = FACE_BOUND('',#2501,.F.);
#2501 = EDGE_LOOP('',(#2502,#2503,#2526,#2548));
#2502 = ORIENTED_EDGE('',*,*,#1596,.T.);
#2503 = ORIENTED_EDGE('',*,*,#2504,.T.);
#2504 = EDGE_CURVE('',#1597,#2505,#2507,.T.);
#2505 = VERTEX_POINT('',#2506);
#2506 = CARTESIAN_POINT('',(43.,37.,8.));
#2507 = SEAM_CURVE('',#2508,(#2512,#2519),.PCURVE_S1.);
#2508 = LINE('',#2509,#2510);
#2509 = CARTESIAN_POINT('',(43.,37.,0.));
#2510 = VECTOR('',#2511,1.);
#2511 = DIRECTION('',(0.,0.,1.));
#2512 = PCURVE('',#1617,#2513);
#2513 = DEFINITIONAL_REPRESENTATION('',(#2514),#2518);
#2514 = LINE('',#2515,#2516);
#2515 = CARTESIAN_POINT('',(-6.28318530718,0.));
#2516 = VECTOR('',#2517,1.);
#2517 = DIRECTION('',(-0.,-1.));
#2518 = ( GEOMETRIC_REPRESENTATION_CONTEXT(2) 
PARAMETRIC_REPRESENTATION_CONTEXT() REPRESENTATION_CONTEXT('2D SPACE',''
  ) );
#2519 = PCURVE('',#1617,#2520);
#2520 = DEFINITIONAL_REPRESENTATION('',(#2521),#2525);
#2521 = LINE('',#2522,#2523);
#2522 = CARTESIAN_POINT('',(-0.,0.));
#2523 = VECTOR('',#2524,1.);
#2524 = DIRECTION('',(-0.,-1.));
#2525 = ( GEOMETRIC_REPRESENTATION_CONTEXT(2) 
PARAMETRIC_REPRESENTATION_CONTEXT() REPRESENTATION_CONTEXT('2D SPACE',''
  ) );
#2526 = ORIENTED_EDGE('',*,*,#2527,.T.);
#2527 = EDGE_CURVE('',#2505,#2505,#2528,.T.);
#2528 = SURFACE_CURVE('',#2529,(#2534,#2541),.PCURVE_S1.);
#2529 = CIRCLE('',#2530,6.);
#2530 = AXIS2_PLACEMENT_3D('',#2531,#2532,#2533);
#2531 = CARTESIAN_POINT('',(37.,37.,8.));
#2532 = DIRECTION('',(0.,0.,1.));
#2533 = DIRECTION('',(1.,0.,0.));
#2534 = PCURVE('',#1617,#2535);
#2535 = DEFINITIONAL_REPRESENTATION('',(#2536),#2540);
#2536 = LINE('',#2537,#2538);
#2537 = CARTESIAN_POINT('',(-0.,-8.));
#2538 = VECTOR('',#2539,1.);
#2539 = DIRECTION('',(-1.,0.));
#2540 = ( GEOMETRIC_REPRESENTATION_CONTEXT(2) 
PARAMETRIC_REPRESENTATION_CONTEXT() REPRESENTATION_CONTEXT('2D SPACE',''
  ) );
#2541 = PCURVE('',#2333,#2542);
#2542 = DEFINITIONAL_REPRESENTATION('',(#2543),#2547);
#2543 = CIRCLE('',#2544,6.);
#2544 = AXIS2_PLACEMENT_2D('',#2545,#2546);
#2545 = CARTESIAN_POINT('',(0.,0.));
#2546 = DIRECTION('',(1.,0.));
#2547 = ( GEOMETRIC_REPRESENTATION_CONTEXT(2) 
PARAMETRIC_REPRESENTATION_CONTEXT() REPRESENTATION_CONTEXT('2D SPACE',''
  ) );
#2548 = ORIENTED_EDGE('',*,*,#2504,.F.);
#2549 = ADVANCED_FACE('',(#2550,#2553),#1786,.T.);
#2550 = FACE_BOUND('',#2551,.T.);
#2551 = EDGE_LOOP('',(#2552));
#2552 = ORIENTED_EDGE('',*,*,#2377,.T.);
#2553 = FACE_BOUND('',#2554,.T.);
#2554 = EDGE_LOOP('',(#2555));
#2555 = ORIENTED_EDGE('',*,*,#1771,.T.);
#2556 = ADVANCED_FACE('',(#2557,#2560),#1872,.T.);
#2557 = FACE_BOUND('',#2558,.T.);
#2558 = EDGE_LOOP('',(#2559));
#2559 = ORIENTED_EDGE('',*,*,#2427,.T.);
#2560 = FACE_BOUND('',#2561,.T.);
#2561 = EDGE_LOOP('',(#2562));
#2562 = ORIENTED_EDGE('',*,*,#1857,.T.);
#2563 = ADVANCED_FACE('',(#2564,#2567),#2012,.T.);
#2564 = FACE_BOUND('',#2565,.T.);
#2565 = EDGE_LOOP('',(#2566));
#2566 = ORIENTED_EDGE('',*,*,#2477,.T.);
#2567 = FACE_BOUND('',#2568,.T.);
#2568 = EDGE_LOOP('',(#2569));
#2569 = ORIENTED_EDGE('',*,*,#1997,.T.);
#2570 = ADVANCED_FACE('',(#2571,#2574),#2333,.T.);
#2571 = FACE_BOUND('',#2572,.T.);
#2572 = EDGE_LOOP('',(#2573));
#2573 = ORIENTED_EDGE('',*,*,#2527,.T.);
#2574 = FACE_BOUND('',#2575,.T.);
#2575 = EDGE_LOOP('',(#2576));
#2576 = ORIENTED_EDGE('',*,*,#2318,.T.);
#2577 = ( GEOMETRIC_REPRESENTATION_CONTEXT(3) 
GLOBAL_UNCERTAINTY_ASSIGNED_CONTEXT((#2581)) 
GLOBAL_UNIT_ASSIGNED_CONTEXT((#2578,#2579,#2580)) REPRESENTATION_CONTEXT
('Context #1','3D Context with UNIT and UNCERTAINTY') );
#2578 = ( LENGTH_UNIT() NAMED_UNIT(*) SI_UNIT(.MILLI.,.METRE.) );
#2579 = ( NAMED_UNIT(*) PLANE_ANGLE_UNIT() SI_UNIT($,.RADIAN.) );
#2580 = ( NAMED_UNIT(*) SI_UNIT($,.STERADIAN.) SOLID_ANGLE_UNIT() );
#2581 = UNCERTAINTY_MEASURE_WITH_UNIT(LENGTH_MEASURE(1.E-07),#2578,
  'distance_accuracy_value','confusion accuracy');
#2582 = PRODUCT_RELATED_PRODUCT_CATEGORY('part',$,(#7));
ENDSEC;
END-ISO-10303-21;
