ISO-10303-21;
HEADER;
FILE_DESCRIPTION(('Open CASCADE Model'),'2;1');
FILE_NAME('Open CASCADE Shape Model','2026-07-21T12:24:08',('Author'),(
    'Open CASCADE'),'Open CASCADE STEP processor 7.9','Open CASCADE 7.9'
  ,'Unknown');
FILE_SCHEMA(('AUTOMOTIVE_DESIGN { 1 0 10303 214 1 1 1 1 }'));
ENDSEC;
DATA;
#1 = APPLICATION_PROTOCOL_DEFINITION('international standard',
  'automotive_design',2000,#2);
#2 = APPLICATION_CONTEXT(
  'core data for automotive mechanical design processes');
#3 = SHAPE_DEFINITION_REPRESENTATION(#4,#10);
#4 = PRODUCT_DEFINITION_SHAPE('','',#5);
#5 = PRODUCT_DEFINITION('design','',#6,#9);
#6 = PRODUCT_DEFINITION_FORMATION('','',#7);
#7 = PRODUCT('Open CASCADE STEP translator 7.9 9',
  'Open CASCADE STEP translator 7.9 9','',(#8));
#8 = PRODUCT_CONTEXT('',#2,'mechanical');
#9 = PRODUCT_DEFINITION_CONTEXT('part definition',#2,'design');
#10 = ADVANCED_BREP_SHAPE_REPRESENTATION('',(#11,#15),#1805);
#11 = AXIS2_PLACEMENT_3D('',#12,#13,#14);
#12 = CARTESIAN_POINT('',(0.,0.,0.));
#13 = DIRECTION('',(0.,0.,1.));
#14 = DIRECTION('',(1.,0.,-0.));
#15 = MANIFOLD_SOLID_BREP('',#16);
#16 = CLOSED_SHELL('',(#17,#109,#446,#481,#540,#609,#656,#703,#750,#862,
    #946,#1000,#1054,#1108,#1162,#1217,#1272,#1536,#1570,#1629,#1713,
    #1748,#1778));
#17 = ADVANCED_FACE('',(#18),#31,.T.);
#18 = FACE_BOUND('',#19,.F.);
#19 = EDGE_LOOP('',(#20,#54,#77,#108));
#20 = ORIENTED_EDGE('',*,*,#21,.F.);
#21 = EDGE_CURVE('',#22,#22,#24,.T.);
#22 = VERTEX_POINT('',#23);
#23 = CARTESIAN_POINT('',(50.,0.,0.));
#24 = SURFACE_CURVE('',#25,(#30,#42),.PCURVE_S1.);
#25 = CIRCLE('',#26,50.);
#26 = AXIS2_PLACEMENT_3D('',#27,#28,#29);
#27 = CARTESIAN_POINT('',(0.,0.,0.));
#28 = DIRECTION('',(0.,0.,1.));
#29 = DIRECTION('',(1.,0.,0.));
#30 = PCURVE('',#31,#36);
#31 = CYLINDRICAL_SURFACE('',#32,50.);
#32 = AXIS2_PLACEMENT_3D('',#33,#34,#35);
#33 = CARTESIAN_POINT('',(0.,0.,0.));
#34 = DIRECTION('',(-0.,-0.,-1.));
#35 = DIRECTION('',(1.,0.,0.));
#36 = DEFINITIONAL_REPRESENTATION('',(#37),#41);
#37 = LINE('',#38,#39);
#38 = CARTESIAN_POINT('',(-0.,0.));
#39 = VECTOR('',#40,1.);
#40 = DIRECTION('',(-1.,0.));
#41 = ( GEOMETRIC_REPRESENTATION_CONTEXT(2) 
PARAMETRIC_REPRESENTATION_CONTEXT() REPRESENTATION_CONTEXT('2D SPACE',''
  ) );
#42 = PCURVE('',#43,#48);
#43 = PLANE('',#44);
#44 = AXIS2_PLACEMENT_3D('',#45,#46,#47);
#45 = CARTESIAN_POINT('',(-1.75032336965E-15,3.209892110372E-15,0.));
#46 = DIRECTION('',(0.,0.,1.));
#47 = DIRECTION('',(1.,0.,-0.));
#48 = DEFINITIONAL_REPRESENTATION('',(#49),#53);
#49 = CIRCLE('',#50,50.);
#50 = AXIS2_PLACEMENT_2D('',#51,#52);
#51 = CARTESIAN_POINT('',(1.75032336965E-15,-3.209892110372E-15));
#52 = DIRECTION('',(1.,0.));
#53 = ( GEOMETRIC_REPRESENTATION_CONTEXT(2) 
PARAMETRIC_REPRESENTATION_CONTEXT() REPRESENTATION_CONTEXT('2D SPACE',''
  ) );
#54 = ORIENTED_EDGE('',*,*,#55,.T.);
#55 = EDGE_CURVE('',#22,#56,#58,.T.);
#56 = VERTEX_POINT('',#57);
#57 = CARTESIAN_POINT('',(50.,0.,7.733333333333));
#58 = SEAM_CURVE('',#59,(#63,#70),.PCURVE_S1.);
#59 = LINE('',#60,#61);
#60 = CARTESIAN_POINT('',(50.,0.,0.));
#61 = VECTOR('',#62,1.);
#62 = DIRECTION('',(0.,0.,1.));
#63 = PCURVE('',#31,#64);
#64 = DEFINITIONAL_REPRESENTATION('',(#65),#69);
#65 = LINE('',#66,#67);
#66 = CARTESIAN_POINT('',(-6.28318530718,0.));
#67 = VECTOR('',#68,1.);
#68 = DIRECTION('',(-0.,-1.));
#69 = ( GEOMETRIC_REPRESENTATION_CONTEXT(2) 
PARAMETRIC_REPRESENTATION_CONTEXT() REPRESENTATION_CONTEXT('2D SPACE',''
  ) );
#70 = PCURVE('',#31,#71);
#71 = DEFINITIONAL_REPRESENTATION('',(#72),#76);
#72 = LINE('',#73,#74);
#73 = CARTESIAN_POINT('',(-0.,0.));
#74 = VECTOR('',#75,1.);
#75 = DIRECTION('',(-0.,-1.));
#76 = ( GEOMETRIC_REPRESENTATION_CONTEXT(2) 
PARAMETRIC_REPRESENTATION_CONTEXT() REPRESENTATION_CONTEXT('2D SPACE',''
  ) );
#77 = ORIENTED_EDGE('',*,*,#78,.F.);
#78 = EDGE_CURVE('',#56,#56,#79,.T.);
#79 = SURFACE_CURVE('',#80,(#85,#92),.PCURVE_S1.);
#80 = CIRCLE('',#81,50.);
#81 = AXIS2_PLACEMENT_3D('',#82,#83,#84);
#82 = CARTESIAN_POINT('',(0.,0.,7.733333333333));
#83 = DIRECTION('',(0.,0.,-1.));
#84 = DIRECTION('',(1.,0.,0.));
#85 = PCURVE('',#31,#86);
#86 = DEFINITIONAL_REPRESENTATION('',(#87),#91);
#87 = LINE('',#88,#89);
#88 = CARTESIAN_POINT('',(-6.28318530718,-7.733333333333));
#89 = VECTOR('',#90,1.);
#90 = DIRECTION('',(1.,-0.));
#91 = ( GEOMETRIC_REPRESENTATION_CONTEXT(2) 
PARAMETRIC_REPRESENTATION_CONTEXT() REPRESENTATION_CONTEXT('2D SPACE',''
  ) );
#92 = PCURVE('',#93,#98);
#93 = PLANE('',#94);
#94 = AXIS2_PLACEMENT_3D('',#95,#96,#97);
#95 = CARTESIAN_POINT('',(-1.683003240049E-15,4.609291841672E-15,
    7.733333333333));
#96 = DIRECTION('',(0.,0.,1.));
#97 = DIRECTION('',(1.,0.,-0.));
#98 = DEFINITIONAL_REPRESENTATION('',(#99),#107);
#99 = ( BOUNDED_CURVE() B_SPLINE_CURVE(2,(#100,#101,#102,#103,#104,#105,
#106),.UNSPECIFIED.,.T.,.F.) B_SPLINE_CURVE_WITH_KNOTS((1,2,2,2,2,1),(
    -2.094395102393,0.,2.094395102393,4.188790204786,6.28318530718,
8.377580409573),.UNSPECIFIED.) CURVE() GEOMETRIC_REPRESENTATION_ITEM() 
RATIONAL_B_SPLINE_CURVE((1.,0.5,1.,0.5,1.,0.5,1.)) REPRESENTATION_ITEM(
  '') );
#100 = CARTESIAN_POINT('',(50.,-4.609291841672E-15));
#101 = CARTESIAN_POINT('',(50.,-86.60254037844));
#102 = CARTESIAN_POINT('',(-25.,-43.30127018922));
#103 = CARTESIAN_POINT('',(-100.,-1.685575983315E-14));
#104 = CARTESIAN_POINT('',(-25.,43.301270189222));
#105 = CARTESIAN_POINT('',(50.,86.602540378444));
#106 = CARTESIAN_POINT('',(50.,-4.609291841672E-15));
#107 = ( GEOMETRIC_REPRESENTATION_CONTEXT(2) 
PARAMETRIC_REPRESENTATION_CONTEXT() REPRESENTATION_CONTEXT('2D SPACE',''
  ) );
#108 = ORIENTED_EDGE('',*,*,#55,.F.);
#109 = ADVANCED_FACE('',(#110,#113,#148,#306,#341,#376,#411),#43,.F.);
#110 = FACE_BOUND('',#111,.F.);
#111 = EDGE_LOOP('',(#112));
#112 = ORIENTED_EDGE('',*,*,#21,.T.);
#113 = FACE_BOUND('',#114,.F.);
#114 = EDGE_LOOP('',(#115));
#115 = ORIENTED_EDGE('',*,*,#116,.T.);
#116 = EDGE_CURVE('',#117,#117,#119,.T.);
#117 = VERTEX_POINT('',#118);
#118 = CARTESIAN_POINT('',(-18.34345884812,-25.67852593996,0.));
#119 = SURFACE_CURVE('',#120,(#125,#136),.PCURVE_S1.);
#120 = CIRCLE('',#121,10.);
#121 = AXIS2_PLACEMENT_3D('',#122,#123,#124);
#122 = CARTESIAN_POINT('',(-8.343458848124,-25.67852593996,0.));
#123 = DIRECTION('',(0.,0.,-1.));
#124 = DIRECTION('',(-1.,0.,0.));
#125 = PCURVE('',#43,#126);
#126 = DEFINITIONAL_REPRESENTATION('',(#127),#135);
#127 = ( BOUNDED_CURVE() B_SPLINE_CURVE(2,(#128,#129,#130,#131,#132,#133
,#134),.UNSPECIFIED.,.T.,.F.) B_SPLINE_CURVE_WITH_KNOTS((1,2,2,2,2,1),(
    -2.094395102393,0.,2.094395102393,4.188790204786,6.28318530718,
8.377580409573),.UNSPECIFIED.) CURVE() GEOMETRIC_REPRESENTATION_ITEM() 
RATIONAL_B_SPLINE_CURVE((1.,0.5,1.,0.5,1.,0.5,1.)) REPRESENTATION_ITEM(
  '') );
#128 = CARTESIAN_POINT('',(-18.34345884812,-25.67852593996));
#129 = CARTESIAN_POINT('',(-18.34345884812,-8.35801786428));
#130 = CARTESIAN_POINT('',(-3.343458848124,-17.01827190212));
#131 = CARTESIAN_POINT('',(11.656541151876,-25.67852593996));
#132 = CARTESIAN_POINT('',(-3.343458848124,-34.33877997781));
#133 = CARTESIAN_POINT('',(-18.34345884812,-42.99903401565));
#134 = CARTESIAN_POINT('',(-18.34345884812,-25.67852593996));
#135 = ( GEOMETRIC_REPRESENTATION_CONTEXT(2) 
PARAMETRIC_REPRESENTATION_CONTEXT() REPRESENTATION_CONTEXT('2D SPACE',''
  ) );
#136 = PCURVE('',#137,#142);
#137 = CYLINDRICAL_SURFACE('',#138,10.);
#138 = AXIS2_PLACEMENT_3D('',#139,#140,#141);
#139 = CARTESIAN_POINT('',(-8.343458848124,-25.67852593996,28.));
#140 = DIRECTION('',(0.,0.,-1.));
#141 = DIRECTION('',(-1.,0.,0.));
#142 = DEFINITIONAL_REPRESENTATION('',(#143),#147);
#143 = LINE('',#144,#145);
#144 = CARTESIAN_POINT('',(0.,28.));
#145 = VECTOR('',#146,1.);
#146 = DIRECTION('',(1.,0.));
#147 = ( GEOMETRIC_REPRESENTATION_CONTEXT(2) 
PARAMETRIC_REPRESENTATION_CONTEXT() REPRESENTATION_CONTEXT('2D SPACE',''
  ) );
#148 = FACE_BOUND('',#149,.F.);
#149 = EDGE_LOOP('',(#150,#178,#204,#230,#256,#282));
#150 = ORIENTED_EDGE('',*,*,#151,.T.);
#151 = EDGE_CURVE('',#152,#154,#156,.T.);
#152 = VERTEX_POINT('',#153);
#153 = CARTESIAN_POINT('',(-3.767210506462,6.525,0.));
#154 = VERTEX_POINT('',#155);
#155 = CARTESIAN_POINT('',(3.767210506462,6.525,0.));
#156 = SURFACE_CURVE('',#157,(#161,#167),.PCURVE_S1.);
#157 = LINE('',#158,#159);
#158 = CARTESIAN_POINT('',(1.883605253231,6.525,0.));
#159 = VECTOR('',#160,1.);
#160 = DIRECTION('',(1.,-1.178827700465E-16,0.));
#161 = PCURVE('',#43,#162);
#162 = DEFINITIONAL_REPRESENTATION('',(#163),#166);
#163 = B_SPLINE_CURVE_WITH_KNOTS('',1,(#164,#165),.UNSPECIFIED.,.F.,.F.,
  (2,2),(-5.650815759693,1.883605253231),.PIECEWISE_BEZIER_KNOTS.);
#164 = CARTESIAN_POINT('',(-3.767210506462,6.525));
#165 = CARTESIAN_POINT('',(3.767210506462,6.525));
#166 = ( GEOMETRIC_REPRESENTATION_CONTEXT(2) 
PARAMETRIC_REPRESENTATION_CONTEXT() REPRESENTATION_CONTEXT('2D SPACE',''
  ) );
#167 = PCURVE('',#168,#173);
#168 = PLANE('',#169);
#169 = AXIS2_PLACEMENT_3D('',#170,#171,#172);
#170 = CARTESIAN_POINT('',(3.767210506462,6.525,-72.0000002));
#171 = DIRECTION('',(-1.178827700465E-16,-1.,0.));
#172 = DIRECTION('',(-1.,1.178827700465E-16,0.));
#173 = DEFINITIONAL_REPRESENTATION('',(#174),#177);
#174 = B_SPLINE_CURVE_WITH_KNOTS('',1,(#175,#176),.UNSPECIFIED.,.F.,.F.,
  (2,2),(-5.650815759693,1.883605253231),.PIECEWISE_BEZIER_KNOTS.);
#175 = CARTESIAN_POINT('',(7.534421012925,-72.0000002));
#176 = CARTESIAN_POINT('',(0.,-72.0000002));
#177 = ( GEOMETRIC_REPRESENTATION_CONTEXT(2) 
PARAMETRIC_REPRESENTATION_CONTEXT() REPRESENTATION_CONTEXT('2D SPACE',''
  ) );
#178 = ORIENTED_EDGE('',*,*,#179,.T.);
#179 = EDGE_CURVE('',#154,#180,#182,.T.);
#180 = VERTEX_POINT('',#181);
#181 = CARTESIAN_POINT('',(7.534421012925,0.,0.));
#182 = SURFACE_CURVE('',#183,(#187,#193),.PCURVE_S1.);
#183 = LINE('',#184,#185);
#184 = CARTESIAN_POINT('',(6.592618386309,1.63125,0.));
#185 = VECTOR('',#186,1.);
#186 = DIRECTION('',(0.5,-0.866025403784,0.));
#187 = PCURVE('',#43,#188);
#188 = DEFINITIONAL_REPRESENTATION('',(#189),#192);
#189 = B_SPLINE_CURVE_WITH_KNOTS('',1,(#190,#191),.UNSPECIFIED.,.F.,.F.,
  (2,2),(-5.650815759693,1.883605253231),.PIECEWISE_BEZIER_KNOTS.);
#190 = CARTESIAN_POINT('',(3.767210506462,6.525));
#191 = CARTESIAN_POINT('',(7.534421012925,-3.552713678801E-15));
#192 = ( GEOMETRIC_REPRESENTATION_CONTEXT(2) 
PARAMETRIC_REPRESENTATION_CONTEXT() REPRESENTATION_CONTEXT('2D SPACE',''
  ) );
#193 = PCURVE('',#194,#199);
#194 = PLANE('',#195);
#195 = AXIS2_PLACEMENT_3D('',#196,#197,#198);
#196 = CARTESIAN_POINT('',(7.534421012925,0.,-72.0000002));
#197 = DIRECTION('',(-0.866025403784,-0.5,0.));
#198 = DIRECTION('',(-0.5,0.866025403784,0.));
#199 = DEFINITIONAL_REPRESENTATION('',(#200),#203);
#200 = B_SPLINE_CURVE_WITH_KNOTS('',1,(#201,#202),.UNSPECIFIED.,.F.,.F.,
  (2,2),(-5.650815759693,1.883605253231),.PIECEWISE_BEZIER_KNOTS.);
#201 = CARTESIAN_POINT('',(7.534421012925,-72.0000002));
#202 = CARTESIAN_POINT('',(0.,-72.0000002));
#203 = ( GEOMETRIC_REPRESENTATION_CONTEXT(2) 
PARAMETRIC_REPRESENTATION_CONTEXT() REPRESENTATION_CONTEXT('2D SPACE',''
  ) );
#204 = ORIENTED_EDGE('',*,*,#205,.T.);
#205 = EDGE_CURVE('',#180,#206,#208,.T.);
#206 = VERTEX_POINT('',#207);
#207 = CARTESIAN_POINT('',(3.767210506462,-6.525,0.));
#208 = SURFACE_CURVE('',#209,(#213,#219),.PCURVE_S1.);
#209 = LINE('',#210,#211);
#210 = CARTESIAN_POINT('',(4.709013133078,-4.89375,0.));
#211 = VECTOR('',#212,1.);
#212 = DIRECTION('',(-0.5,-0.866025403784,0.));
#213 = PCURVE('',#43,#214);
#214 = DEFINITIONAL_REPRESENTATION('',(#215),#218);
#215 = B_SPLINE_CURVE_WITH_KNOTS('',1,(#216,#217),.UNSPECIFIED.,.F.,.F.,
  (2,2),(-5.650815759693,1.883605253231),.PIECEWISE_BEZIER_KNOTS.);
#216 = CARTESIAN_POINT('',(7.534421012925,-3.552713678801E-15));
#217 = CARTESIAN_POINT('',(3.767210506462,-6.525));
#218 = ( GEOMETRIC_REPRESENTATION_CONTEXT(2) 
PARAMETRIC_REPRESENTATION_CONTEXT() REPRESENTATION_CONTEXT('2D SPACE',''
  ) );
#219 = PCURVE('',#220,#225);
#220 = PLANE('',#221);
#221 = AXIS2_PLACEMENT_3D('',#222,#223,#224);
#222 = CARTESIAN_POINT('',(3.767210506462,-6.525,-72.0000002));
#223 = DIRECTION('',(-0.866025403784,0.5,0.));
#224 = DIRECTION('',(0.5,0.866025403784,0.));
#225 = DEFINITIONAL_REPRESENTATION('',(#226),#229);
#226 = B_SPLINE_CURVE_WITH_KNOTS('',1,(#227,#228),.UNSPECIFIED.,.F.,.F.,
  (2,2),(-5.650815759693,1.883605253231),.PIECEWISE_BEZIER_KNOTS.);
#227 = CARTESIAN_POINT('',(7.534421012925,-72.0000002));
#228 = CARTESIAN_POINT('',(0.,-72.0000002));
#229 = ( GEOMETRIC_REPRESENTATION_CONTEXT(2) 
PARAMETRIC_REPRESENTATION_CONTEXT() REPRESENTATION_CONTEXT('2D SPACE',''
  ) );
#230 = ORIENTED_EDGE('',*,*,#231,.T.);
#231 = EDGE_CURVE('',#206,#232,#234,.T.);
#232 = VERTEX_POINT('',#233);
#233 = CARTESIAN_POINT('',(-3.767210506462,-6.525,0.));
#234 = SURFACE_CURVE('',#235,(#239,#245),.PCURVE_S1.);
#235 = LINE('',#236,#237);
#236 = CARTESIAN_POINT('',(-1.883605253231,-6.525,0.));
#237 = VECTOR('',#238,1.);
#238 = DIRECTION('',(-1.,7.07296620279E-16,0.));
#239 = PCURVE('',#43,#240);
#240 = DEFINITIONAL_REPRESENTATION('',(#241),#244);
#241 = B_SPLINE_CURVE_WITH_KNOTS('',1,(#242,#243),.UNSPECIFIED.,.F.,.F.,
  (2,2),(-5.650815759693,1.883605253231),.PIECEWISE_BEZIER_KNOTS.);
#242 = CARTESIAN_POINT('',(3.767210506462,-6.525));
#243 = CARTESIAN_POINT('',(-3.767210506462,-6.525));
#244 = ( GEOMETRIC_REPRESENTATION_CONTEXT(2) 
PARAMETRIC_REPRESENTATION_CONTEXT() REPRESENTATION_CONTEXT('2D SPACE',''
  ) );
#245 = PCURVE('',#246,#251);
#246 = PLANE('',#247);
#247 = AXIS2_PLACEMENT_3D('',#248,#249,#250);
#248 = CARTESIAN_POINT('',(-3.767210506462,-6.525,-72.0000002));
#249 = DIRECTION('',(7.07296620279E-16,1.,0.));
#250 = DIRECTION('',(1.,-7.07296620279E-16,0.));
#251 = DEFINITIONAL_REPRESENTATION('',(#252),#255);
#252 = B_SPLINE_CURVE_WITH_KNOTS('',1,(#253,#254),.UNSPECIFIED.,.F.,.F.,
  (2,2),(-5.650815759693,1.883605253231),.PIECEWISE_BEZIER_KNOTS.);
#253 = CARTESIAN_POINT('',(7.534421012925,-72.0000002));
#254 = CARTESIAN_POINT('',(0.,-72.0000002));
#255 = ( GEOMETRIC_REPRESENTATION_CONTEXT(2) 
PARAMETRIC_REPRESENTATION_CONTEXT() REPRESENTATION_CONTEXT('2D SPACE',''
  ) );
#256 = ORIENTED_EDGE('',*,*,#257,.T.);
#257 = EDGE_CURVE('',#232,#258,#260,.T.);
#258 = VERTEX_POINT('',#259);
#259 = CARTESIAN_POINT('',(-7.534421012925,9.227004576907E-16,0.));
#260 = SURFACE_CURVE('',#261,(#265,#271),.PCURVE_S1.);
#261 = LINE('',#262,#263);
#262 = CARTESIAN_POINT('',(-6.592618386309,-1.63125,0.));
#263 = VECTOR('',#264,1.);
#264 = DIRECTION('',(-0.5,0.866025403784,0.));
#265 = PCURVE('',#43,#266);
#266 = DEFINITIONAL_REPRESENTATION('',(#267),#270);
#267 = B_SPLINE_CURVE_WITH_KNOTS('',1,(#268,#269),.UNSPECIFIED.,.F.,.F.,
  (2,2),(-5.650815759693,1.883605253231),.PIECEWISE_BEZIER_KNOTS.);
#268 = CARTESIAN_POINT('',(-3.767210506462,-6.525));
#269 = CARTESIAN_POINT('',(-7.534421012925,-2.22044604925E-15));
#270 = ( GEOMETRIC_REPRESENTATION_CONTEXT(2) 
PARAMETRIC_REPRESENTATION_CONTEXT() REPRESENTATION_CONTEXT('2D SPACE',''
  ) );
#271 = PCURVE('',#272,#277);
#272 = PLANE('',#273);
#273 = AXIS2_PLACEMENT_3D('',#274,#275,#276);
#274 = CARTESIAN_POINT('',(-7.534421012925,9.227004576907E-16,
    -72.0000002));
#275 = DIRECTION('',(0.866025403784,0.5,0.));
#276 = DIRECTION('',(0.5,-0.866025403784,0.));
#277 = DEFINITIONAL_REPRESENTATION('',(#278),#281);
#278 = B_SPLINE_CURVE_WITH_KNOTS('',1,(#279,#280),.UNSPECIFIED.,.F.,.F.,
  (2,2),(-5.650815759693,1.883605253231),.PIECEWISE_BEZIER_KNOTS.);
#279 = CARTESIAN_POINT('',(7.534421012925,-72.0000002));
#280 = CARTESIAN_POINT('',(0.,-72.0000002));
#281 = ( GEOMETRIC_REPRESENTATION_CONTEXT(2) 
PARAMETRIC_REPRESENTATION_CONTEXT() REPRESENTATION_CONTEXT('2D SPACE',''
  ) );
#282 = ORIENTED_EDGE('',*,*,#283,.T.);
#283 = EDGE_CURVE('',#258,#152,#284,.T.);
#284 = SURFACE_CURVE('',#285,(#289,#295),.PCURVE_S1.);
#285 = LINE('',#286,#287);
#286 = CARTESIAN_POINT('',(-4.709013133078,4.89375,7.105427357601E-15));
#287 = VECTOR('',#288,1.);
#288 = DIRECTION('',(0.5,0.866025403784,-0.));
#289 = PCURVE('',#43,#290);
#290 = DEFINITIONAL_REPRESENTATION('',(#291),#294);
#291 = B_SPLINE_CURVE_WITH_KNOTS('',1,(#292,#293),.UNSPECIFIED.,.F.,.F.,
  (2,2),(-5.650815759693,1.883605253231),.PIECEWISE_BEZIER_KNOTS.);
#292 = CARTESIAN_POINT('',(-7.534421012925,-2.6645352591E-15));
#293 = CARTESIAN_POINT('',(-3.767210506462,6.525));
#294 = ( GEOMETRIC_REPRESENTATION_CONTEXT(2) 
PARAMETRIC_REPRESENTATION_CONTEXT() REPRESENTATION_CONTEXT('2D SPACE',''
  ) );
#295 = PCURVE('',#296,#301);
#296 = PLANE('',#297);
#297 = AXIS2_PLACEMENT_3D('',#298,#299,#300);
#298 = CARTESIAN_POINT('',(-3.767210506462,6.525,-72.0000002));
#299 = DIRECTION('',(0.866025403784,-0.5,0.));
#300 = DIRECTION('',(-0.5,-0.866025403784,0.));
#301 = DEFINITIONAL_REPRESENTATION('',(#302),#305);
#302 = B_SPLINE_CURVE_WITH_KNOTS('',1,(#303,#304),.UNSPECIFIED.,.F.,.F.,
  (2,2),(-5.650815759693,1.883605253231),.PIECEWISE_BEZIER_KNOTS.);
#303 = CARTESIAN_POINT('',(7.534421012925,-72.0000002));
#304 = CARTESIAN_POINT('',(0.,-72.0000002));
#305 = ( GEOMETRIC_REPRESENTATION_CONTEXT(2) 
PARAMETRIC_REPRESENTATION_CONTEXT() REPRESENTATION_CONTEXT('2D SPACE',''
  ) );
#306 = FACE_BOUND('',#307,.F.);
#307 = EDGE_LOOP('',(#308));
#308 = ORIENTED_EDGE('',*,*,#309,.T.);
#309 = EDGE_CURVE('',#310,#310,#312,.T.);
#310 = VERTEX_POINT('',#311);
#311 = CARTESIAN_POINT('',(11.843458848124,-15.87020181189,0.));
#312 = SURFACE_CURVE('',#313,(#318,#329),.PCURVE_S1.);
#313 = CIRCLE('',#314,10.);
#314 = AXIS2_PLACEMENT_3D('',#315,#316,#317);
#315 = CARTESIAN_POINT('',(21.843458848124,-15.87020181189,0.));
#316 = DIRECTION('',(0.,0.,-1.));
#317 = DIRECTION('',(-1.,0.,0.));
#318 = PCURVE('',#43,#319);
#319 = DEFINITIONAL_REPRESENTATION('',(#320),#328);
#320 = ( BOUNDED_CURVE() B_SPLINE_CURVE(2,(#321,#322,#323,#324,#325,#326
,#327),.UNSPECIFIED.,.T.,.F.) B_SPLINE_CURVE_WITH_KNOTS((1,2,2,2,2,1),(
    -2.094395102393,0.,2.094395102393,4.188790204786,6.28318530718,
8.377580409573),.UNSPECIFIED.) CURVE() GEOMETRIC_REPRESENTATION_ITEM() 
RATIONAL_B_SPLINE_CURVE((1.,0.5,1.,0.5,1.,0.5,1.)) REPRESENTATION_ITEM(
  '') );
#321 = CARTESIAN_POINT('',(11.843458848124,-15.87020181189));
#322 = CARTESIAN_POINT('',(11.843458848124,1.450306263792));
#323 = CARTESIAN_POINT('',(26.843458848124,-7.209947774052));
#324 = CARTESIAN_POINT('',(41.843458848124,-15.87020181189));
#325 = CARTESIAN_POINT('',(26.843458848124,-24.53045584974));
#326 = CARTESIAN_POINT('',(11.843458848124,-33.19070988758));
#327 = CARTESIAN_POINT('',(11.843458848124,-15.87020181189));
#328 = ( GEOMETRIC_REPRESENTATION_CONTEXT(2) 
PARAMETRIC_REPRESENTATION_CONTEXT() REPRESENTATION_CONTEXT('2D SPACE',''
  ) );
#329 = PCURVE('',#330,#335);
#330 = CYLINDRICAL_SURFACE('',#331,10.);
#331 = AXIS2_PLACEMENT_3D('',#332,#333,#334);
#332 = CARTESIAN_POINT('',(21.843458848124,-15.87020181189,28.));
#333 = DIRECTION('',(0.,0.,-1.));
#334 = DIRECTION('',(-1.,0.,0.));
#335 = DEFINITIONAL_REPRESENTATION('',(#336),#340);
#336 = LINE('',#337,#338);
#337 = CARTESIAN_POINT('',(0.,28.));
#338 = VECTOR('',#339,1.);
#339 = DIRECTION('',(1.,0.));
#340 = ( GEOMETRIC_REPRESENTATION_CONTEXT(2) 
PARAMETRIC_REPRESENTATION_CONTEXT() REPRESENTATION_CONTEXT('2D SPACE',''
  ) );
#341 = FACE_BOUND('',#342,.F.);
#342 = EDGE_LOOP('',(#343));
#343 = ORIENTED_EDGE('',*,*,#344,.T.);
#344 = EDGE_CURVE('',#345,#345,#347,.T.);
#345 = VERTEX_POINT('',#346);
#346 = CARTESIAN_POINT('',(-37.,8.572527594031E-16,0.));
#347 = SURFACE_CURVE('',#348,(#353,#364),.PCURVE_S1.);
#348 = CIRCLE('',#349,10.);
#349 = AXIS2_PLACEMENT_3D('',#350,#351,#352);
#350 = CARTESIAN_POINT('',(-27.,3.306546357698E-15,0.));
#351 = DIRECTION('',(0.,0.,-1.));
#352 = DIRECTION('',(-1.,0.,0.));
#353 = PCURVE('',#43,#354);
#354 = DEFINITIONAL_REPRESENTATION('',(#355),#363);
#355 = ( BOUNDED_CURVE() B_SPLINE_CURVE(2,(#356,#357,#358,#359,#360,#361
,#362),.UNSPECIFIED.,.T.,.F.) B_SPLINE_CURVE_WITH_KNOTS((1,2,2,2,2,1),(
    -2.094395102393,0.,2.094395102393,4.188790204786,6.28318530718,
8.377580409573),.UNSPECIFIED.) CURVE() GEOMETRIC_REPRESENTATION_ITEM() 
RATIONAL_B_SPLINE_CURVE((1.,0.5,1.,0.5,1.,0.5,1.)) REPRESENTATION_ITEM(
  '') );
#356 = CARTESIAN_POINT('',(-37.,9.665424732539E-17));
#357 = CARTESIAN_POINT('',(-37.,17.320508075689));
#358 = CARTESIAN_POINT('',(-22.,8.660254037844));
#359 = CARTESIAN_POINT('',(-7.,2.54594784562E-15));
#360 = CARTESIAN_POINT('',(-22.,-8.660254037844));
#361 = CARTESIAN_POINT('',(-37.,-17.32050807568));
#362 = CARTESIAN_POINT('',(-37.,9.665424732539E-17));
#363 = ( GEOMETRIC_REPRESENTATION_CONTEXT(2) 
PARAMETRIC_REPRESENTATION_CONTEXT() REPRESENTATION_CONTEXT('2D SPACE',''
  ) );
#364 = PCURVE('',#365,#370);
#365 = CYLINDRICAL_SURFACE('',#366,10.);
#366 = AXIS2_PLACEMENT_3D('',#367,#368,#369);
#367 = CARTESIAN_POINT('',(-27.,3.306546357698E-15,28.));
#368 = DIRECTION('',(0.,0.,-1.));
#369 = DIRECTION('',(-1.,0.,0.));
#370 = DEFINITIONAL_REPRESENTATION('',(#371),#375);
#371 = LINE('',#372,#373);
#372 = CARTESIAN_POINT('',(0.,28.));
#373 = VECTOR('',#374,1.);
#374 = DIRECTION('',(1.,0.));
#375 = ( GEOMETRIC_REPRESENTATION_CONTEXT(2) 
PARAMETRIC_REPRESENTATION_CONTEXT() REPRESENTATION_CONTEXT('2D SPACE',''
  ) );
#376 = FACE_BOUND('',#377,.F.);
#377 = EDGE_LOOP('',(#378));
#378 = ORIENTED_EDGE('',*,*,#379,.T.);
#379 = EDGE_CURVE('',#380,#380,#382,.T.);
#380 = VERTEX_POINT('',#381);
#381 = CARTESIAN_POINT('',(-18.34345884812,25.678525939969,0.));
#382 = SURFACE_CURVE('',#383,(#388,#399),.PCURVE_S1.);
#383 = CIRCLE('',#384,10.);
#384 = AXIS2_PLACEMENT_3D('',#385,#386,#387);
#385 = CARTESIAN_POINT('',(-8.343458848124,25.678525939969,0.));
#386 = DIRECTION('',(0.,0.,-1.));
#387 = DIRECTION('',(-1.,0.,0.));
#388 = PCURVE('',#43,#389);
#389 = DEFINITIONAL_REPRESENTATION('',(#390),#398);
#390 = ( BOUNDED_CURVE() B_SPLINE_CURVE(2,(#391,#392,#393,#394,#395,#396
,#397),.UNSPECIFIED.,.T.,.F.) B_SPLINE_CURVE_WITH_KNOTS((1,2,2,2,2,1),(
    -2.094395102393,0.,2.094395102393,4.188790204786,6.28318530718,
8.377580409573),.UNSPECIFIED.) CURVE() GEOMETRIC_REPRESENTATION_ITEM() 
RATIONAL_B_SPLINE_CURVE((1.,0.5,1.,0.5,1.,0.5,1.)) REPRESENTATION_ITEM(
  '') );
#391 = CARTESIAN_POINT('',(-18.34345884812,25.678525939969));
#392 = CARTESIAN_POINT('',(-18.34345884812,42.999034015658));
#393 = CARTESIAN_POINT('',(-3.343458848124,34.338779977814));
#394 = CARTESIAN_POINT('',(11.656541151876,25.678525939969));
#395 = CARTESIAN_POINT('',(-3.343458848124,17.018271902125));
#396 = CARTESIAN_POINT('',(-18.34345884812,8.35801786428));
#397 = CARTESIAN_POINT('',(-18.34345884812,25.678525939969));
#398 = ( GEOMETRIC_REPRESENTATION_CONTEXT(2) 
PARAMETRIC_REPRESENTATION_CONTEXT() REPRESENTATION_CONTEXT('2D SPACE',''
  ) );
#399 = PCURVE('',#400,#405);
#400 = CYLINDRICAL_SURFACE('',#401,10.);
#401 = AXIS2_PLACEMENT_3D('',#402,#403,#404);
#402 = CARTESIAN_POINT('',(-8.343458848124,25.678525939969,28.));
#403 = DIRECTION('',(0.,0.,-1.));
#404 = DIRECTION('',(-1.,0.,0.));
#405 = DEFINITIONAL_REPRESENTATION('',(#406),#410);
#406 = LINE('',#407,#408);
#407 = CARTESIAN_POINT('',(0.,28.));
#408 = VECTOR('',#409,1.);
#409 = DIRECTION('',(1.,0.));
#410 = ( GEOMETRIC_REPRESENTATION_CONTEXT(2) 
PARAMETRIC_REPRESENTATION_CONTEXT() REPRESENTATION_CONTEXT('2D SPACE',''
  ) );
#411 = FACE_BOUND('',#412,.F.);
#412 = EDGE_LOOP('',(#413));
#413 = ORIENTED_EDGE('',*,*,#414,.T.);
#414 = EDGE_CURVE('',#415,#415,#417,.T.);
#415 = VERTEX_POINT('',#416);
#416 = CARTESIAN_POINT('',(11.843458848124,15.870201811897,0.));
#417 = SURFACE_CURVE('',#418,(#423,#434),.PCURVE_S1.);
#418 = CIRCLE('',#419,10.);
#419 = AXIS2_PLACEMENT_3D('',#420,#421,#422);
#420 = CARTESIAN_POINT('',(21.843458848124,15.870201811897,0.));
#421 = DIRECTION('',(0.,0.,-1.));
#422 = DIRECTION('',(-1.,0.,0.));
#423 = PCURVE('',#43,#424);
#424 = DEFINITIONAL_REPRESENTATION('',(#425),#433);
#425 = ( BOUNDED_CURVE() B_SPLINE_CURVE(2,(#426,#427,#428,#429,#430,#431
,#432),.UNSPECIFIED.,.T.,.F.) B_SPLINE_CURVE_WITH_KNOTS((1,2,2,2,2,1),(
    -2.094395102393,0.,2.094395102393,4.188790204786,6.28318530718,
8.377580409573),.UNSPECIFIED.) CURVE() GEOMETRIC_REPRESENTATION_ITEM() 
RATIONAL_B_SPLINE_CURVE((1.,0.5,1.,0.5,1.,0.5,1.)) REPRESENTATION_ITEM(
  '') );
#426 = CARTESIAN_POINT('',(11.843458848124,15.870201811897));
#427 = CARTESIAN_POINT('',(11.843458848124,33.190709887586));
#428 = CARTESIAN_POINT('',(26.843458848124,24.530455849741));
#429 = CARTESIAN_POINT('',(41.843458848124,15.870201811897));
#430 = CARTESIAN_POINT('',(26.843458848124,7.209947774052));
#431 = CARTESIAN_POINT('',(11.843458848124,-1.450306263792));
#432 = CARTESIAN_POINT('',(11.843458848124,15.870201811897));
#433 = ( GEOMETRIC_REPRESENTATION_CONTEXT(2) 
PARAMETRIC_REPRESENTATION_CONTEXT() REPRESENTATION_CONTEXT('2D SPACE',''
  ) );
#434 = PCURVE('',#435,#440);
#435 = CYLINDRICAL_SURFACE('',#436,10.);
#436 = AXIS2_PLACEMENT_3D('',#437,#438,#439);
#437 = CARTESIAN_POINT('',(21.843458848124,15.870201811897,28.));
#438 = DIRECTION('',(0.,0.,-1.));
#439 = DIRECTION('',(-1.,0.,0.));
#440 = DEFINITIONAL_REPRESENTATION('',(#441),#445);
#441 = LINE('',#442,#443);
#442 = CARTESIAN_POINT('',(0.,28.));
#443 = VECTOR('',#444,1.);
#444 = DIRECTION('',(1.,0.));
#445 = ( GEOMETRIC_REPRESENTATION_CONTEXT(2) 
PARAMETRIC_REPRESENTATION_CONTEXT() REPRESENTATION_CONTEXT('2D SPACE',''
  ) );
#446 = ADVANCED_FACE('',(#447,#450),#93,.T.);
#447 = FACE_BOUND('',#448,.T.);
#448 = EDGE_LOOP('',(#449));
#449 = ORIENTED_EDGE('',*,*,#78,.F.);
#450 = FACE_BOUND('',#451,.T.);
#451 = EDGE_LOOP('',(#452));
#452 = ORIENTED_EDGE('',*,*,#453,.F.);
#453 = EDGE_CURVE('',#454,#454,#456,.T.);
#454 = VERTEX_POINT('',#455);
#455 = CARTESIAN_POINT('',(48.2,5.465713352001E-15,7.733333333333));
#456 = SURFACE_CURVE('',#457,(#462,#469),.PCURVE_S1.);
#457 = CIRCLE('',#458,48.2);
#458 = AXIS2_PLACEMENT_3D('',#459,#460,#461);
#459 = CARTESIAN_POINT('',(2.481433861808E-13,5.465713352001E-15,
    7.733333333333));
#460 = DIRECTION('',(0.,0.,1.));
#461 = DIRECTION('',(1.,0.,0.));
#462 = PCURVE('',#93,#463);
#463 = DEFINITIONAL_REPRESENTATION('',(#464),#468);
#464 = CIRCLE('',#465,48.2);
#465 = AXIS2_PLACEMENT_2D('',#466,#467);
#466 = CARTESIAN_POINT('',(2.498263894209E-13,8.564215103288E-16));
#467 = DIRECTION('',(1.,0.));
#468 = ( GEOMETRIC_REPRESENTATION_CONTEXT(2) 
PARAMETRIC_REPRESENTATION_CONTEXT() REPRESENTATION_CONTEXT('2D SPACE',''
  ) );
#469 = PCURVE('',#470,#475);
#470 = CYLINDRICAL_SURFACE('',#471,48.2);
#471 = AXIS2_PLACEMENT_3D('',#472,#473,#474);
#472 = CARTESIAN_POINT('',(2.481433861808E-13,5.465713352001E-15,
    7.733333333333));
#473 = DIRECTION('',(-0.,-0.,-1.));
#474 = DIRECTION('',(1.,0.,0.));
#475 = DEFINITIONAL_REPRESENTATION('',(#476),#480);
#476 = LINE('',#477,#478);
#477 = CARTESIAN_POINT('',(-0.,0.));
#478 = VECTOR('',#479,1.);
#479 = DIRECTION('',(-1.,0.));
#480 = ( GEOMETRIC_REPRESENTATION_CONTEXT(2) 
PARAMETRIC_REPRESENTATION_CONTEXT() REPRESENTATION_CONTEXT('2D SPACE',''
  ) );
#481 = ADVANCED_FACE('',(#482),#137,.F.);
#482 = FACE_BOUND('',#483,.F.);
#483 = EDGE_LOOP('',(#484,#485,#508,#539));
#484 = ORIENTED_EDGE('',*,*,#116,.F.);
#485 = ORIENTED_EDGE('',*,*,#486,.F.);
#486 = EDGE_CURVE('',#487,#117,#489,.T.);
#487 = VERTEX_POINT('',#488);
#488 = CARTESIAN_POINT('',(-18.34345884812,-25.67852593996,28.));
#489 = SEAM_CURVE('',#490,(#494,#501),.PCURVE_S1.);
#490 = LINE('',#491,#492);
#491 = CARTESIAN_POINT('',(-18.34345884812,-25.67852593996,28.));
#492 = VECTOR('',#493,1.);
#493 = DIRECTION('',(0.,0.,-1.));
#494 = PCURVE('',#137,#495);
#495 = DEFINITIONAL_REPRESENTATION('',(#496),#500);
#496 = LINE('',#497,#498);
#497 = CARTESIAN_POINT('',(6.28318530718,-0.));
#498 = VECTOR('',#499,1.);
#499 = DIRECTION('',(0.,1.));
#500 = ( GEOMETRIC_REPRESENTATION_CONTEXT(2) 
PARAMETRIC_REPRESENTATION_CONTEXT() REPRESENTATION_CONTEXT('2D SPACE',''
  ) );
#501 = PCURVE('',#137,#502);
#502 = DEFINITIONAL_REPRESENTATION('',(#503),#507);
#503 = LINE('',#504,#505);
#504 = CARTESIAN_POINT('',(0.,-0.));
#505 = VECTOR('',#506,1.);
#506 = DIRECTION('',(0.,1.));
#507 = ( GEOMETRIC_REPRESENTATION_CONTEXT(2) 
PARAMETRIC_REPRESENTATION_CONTEXT() REPRESENTATION_CONTEXT('2D SPACE',''
  ) );
#508 = ORIENTED_EDGE('',*,*,#509,.T.);
#509 = EDGE_CURVE('',#487,#487,#510,.T.);
#510 = SURFACE_CURVE('',#511,(#516,#523),.PCURVE_S1.);
#511 = CIRCLE('',#512,10.);
#512 = AXIS2_PLACEMENT_3D('',#513,#514,#515);
#513 = CARTESIAN_POINT('',(-8.343458848124,-25.67852593996,28.));
#514 = DIRECTION('',(0.,0.,-1.));
#515 = DIRECTION('',(-1.,0.,0.));
#516 = PCURVE('',#137,#517);
#517 = DEFINITIONAL_REPRESENTATION('',(#518),#522);
#518 = LINE('',#519,#520);
#519 = CARTESIAN_POINT('',(0.,0.));
#520 = VECTOR('',#521,1.);
#521 = DIRECTION('',(1.,0.));
#522 = ( GEOMETRIC_REPRESENTATION_CONTEXT(2) 
PARAMETRIC_REPRESENTATION_CONTEXT() REPRESENTATION_CONTEXT('2D SPACE',''
  ) );
#523 = PCURVE('',#524,#529);
#524 = PLANE('',#525);
#525 = AXIS2_PLACEMENT_3D('',#526,#527,#528);
#526 = CARTESIAN_POINT('',(-1.75032336965E-15,3.209892110372E-15,28.));
#527 = DIRECTION('',(0.,0.,1.));
#528 = DIRECTION('',(1.,0.,-0.));
#529 = DEFINITIONAL_REPRESENTATION('',(#530),#538);
#530 = ( BOUNDED_CURVE() B_SPLINE_CURVE(2,(#531,#532,#533,#534,#535,#536
,#537),.UNSPECIFIED.,.T.,.F.) B_SPLINE_CURVE_WITH_KNOTS((1,2,2,2,2,1),(
    -2.094395102393,0.,2.094395102393,4.188790204786,6.28318530718,
8.377580409573),.UNSPECIFIED.) CURVE() GEOMETRIC_REPRESENTATION_ITEM() 
RATIONAL_B_SPLINE_CURVE((1.,0.5,1.,0.5,1.,0.5,1.)) REPRESENTATION_ITEM(
  '') );
#531 = CARTESIAN_POINT('',(-18.34345884812,-25.67852593996));
#532 = CARTESIAN_POINT('',(-18.34345884812,-8.35801786428));
#533 = CARTESIAN_POINT('',(-3.343458848124,-17.01827190212));
#534 = CARTESIAN_POINT('',(11.656541151876,-25.67852593996));
#535 = CARTESIAN_POINT('',(-3.343458848124,-34.33877997781));
#536 = CARTESIAN_POINT('',(-18.34345884812,-42.99903401565));
#537 = CARTESIAN_POINT('',(-18.34345884812,-25.67852593996));
#538 = ( GEOMETRIC_REPRESENTATION_CONTEXT(2) 
PARAMETRIC_REPRESENTATION_CONTEXT() REPRESENTATION_CONTEXT('2D SPACE',''
  ) );
#539 = ORIENTED_EDGE('',*,*,#486,.T.);
#540 = ADVANCED_FACE('',(#541),#168,.T.);
#541 = FACE_BOUND('',#542,.T.);
#542 = EDGE_LOOP('',(#543,#544,#567,#588));
#543 = ORIENTED_EDGE('',*,*,#151,.T.);
#544 = ORIENTED_EDGE('',*,*,#545,.T.);
#545 = EDGE_CURVE('',#154,#546,#548,.T.);
#546 = VERTEX_POINT('',#547);
#547 = CARTESIAN_POINT('',(3.767210506462,6.525,28.));
#548 = SURFACE_CURVE('',#549,(#553,#560),.PCURVE_S1.);
#549 = LINE('',#550,#551);
#550 = CARTESIAN_POINT('',(3.767210506462,6.525,-72.0000002));
#551 = VECTOR('',#552,1.);
#552 = DIRECTION('',(0.,0.,1.));
#553 = PCURVE('',#168,#554);
#554 = DEFINITIONAL_REPRESENTATION('',(#555),#559);
#555 = LINE('',#556,#557);
#556 = CARTESIAN_POINT('',(0.,0.));
#557 = VECTOR('',#558,1.);
#558 = DIRECTION('',(0.,-1.));
#559 = ( GEOMETRIC_REPRESENTATION_CONTEXT(2) 
PARAMETRIC_REPRESENTATION_CONTEXT() REPRESENTATION_CONTEXT('2D SPACE',''
  ) );
#560 = PCURVE('',#194,#561);
#561 = DEFINITIONAL_REPRESENTATION('',(#562),#566);
#562 = LINE('',#563,#564);
#563 = CARTESIAN_POINT('',(7.534421012925,0.));
#564 = VECTOR('',#565,1.);
#565 = DIRECTION('',(0.,-1.));
#566 = ( GEOMETRIC_REPRESENTATION_CONTEXT(2) 
PARAMETRIC_REPRESENTATION_CONTEXT() REPRESENTATION_CONTEXT('2D SPACE',''
  ) );
#567 = ORIENTED_EDGE('',*,*,#568,.F.);
#568 = EDGE_CURVE('',#569,#546,#571,.T.);
#569 = VERTEX_POINT('',#570);
#570 = CARTESIAN_POINT('',(-3.767210506462,6.525,28.));
#571 = SURFACE_CURVE('',#572,(#576,#582),.PCURVE_S1.);
#572 = LINE('',#573,#574);
#573 = CARTESIAN_POINT('',(1.883605253231,6.525,28.));
#574 = VECTOR('',#575,1.);
#575 = DIRECTION('',(1.,-1.178827700465E-16,0.));
#576 = PCURVE('',#168,#577);
#577 = DEFINITIONAL_REPRESENTATION('',(#578),#581);
#578 = B_SPLINE_CURVE_WITH_KNOTS('',1,(#579,#580),.UNSPECIFIED.,.F.,.F.,
  (2,2),(-5.650815759693,1.883605253231),.PIECEWISE_BEZIER_KNOTS.);
#579 = CARTESIAN_POINT('',(7.534421012925,-100.0000002));
#580 = CARTESIAN_POINT('',(0.,-100.0000002));
#581 = ( GEOMETRIC_REPRESENTATION_CONTEXT(2) 
PARAMETRIC_REPRESENTATION_CONTEXT() REPRESENTATION_CONTEXT('2D SPACE',''
  ) );
#582 = PCURVE('',#524,#583);
#583 = DEFINITIONAL_REPRESENTATION('',(#584),#587);
#584 = B_SPLINE_CURVE_WITH_KNOTS('',1,(#585,#586),.UNSPECIFIED.,.F.,.F.,
  (2,2),(-5.650815759693,1.883605253231),.PIECEWISE_BEZIER_KNOTS.);
#585 = CARTESIAN_POINT('',(-3.767210506462,6.525));
#586 = CARTESIAN_POINT('',(3.767210506462,6.525));
#587 = ( GEOMETRIC_REPRESENTATION_CONTEXT(2) 
PARAMETRIC_REPRESENTATION_CONTEXT() REPRESENTATION_CONTEXT('2D SPACE',''
  ) );
#588 = ORIENTED_EDGE('',*,*,#589,.F.);
#589 = EDGE_CURVE('',#152,#569,#590,.T.);
#590 = SURFACE_CURVE('',#591,(#595,#602),.PCURVE_S1.);
#591 = LINE('',#592,#593);
#592 = CARTESIAN_POINT('',(-3.767210506462,6.525,-72.0000002));
#593 = VECTOR('',#594,1.);
#594 = DIRECTION('',(0.,0.,1.));
#595 = PCURVE('',#168,#596);
#596 = DEFINITIONAL_REPRESENTATION('',(#597),#601);
#597 = LINE('',#598,#599);
#598 = CARTESIAN_POINT('',(7.534421012925,0.));
#599 = VECTOR('',#600,1.);
#600 = DIRECTION('',(0.,-1.));
#601 = ( GEOMETRIC_REPRESENTATION_CONTEXT(2) 
PARAMETRIC_REPRESENTATION_CONTEXT() REPRESENTATION_CONTEXT('2D SPACE',''
  ) );
#602 = PCURVE('',#296,#603);
#603 = DEFINITIONAL_REPRESENTATION('',(#604),#608);
#604 = LINE('',#605,#606);
#605 = CARTESIAN_POINT('',(0.,0.));
#606 = VECTOR('',#607,1.);
#607 = DIRECTION('',(0.,-1.));
#608 = ( GEOMETRIC_REPRESENTATION_CONTEXT(2) 
PARAMETRIC_REPRESENTATION_CONTEXT() REPRESENTATION_CONTEXT('2D SPACE',''
  ) );
#609 = ADVANCED_FACE('',(#610),#296,.T.);
#610 = FACE_BOUND('',#611,.T.);
#611 = EDGE_LOOP('',(#612,#613,#614,#635));
#612 = ORIENTED_EDGE('',*,*,#283,.T.);
#613 = ORIENTED_EDGE('',*,*,#589,.T.);
#614 = ORIENTED_EDGE('',*,*,#615,.F.);
#615 = EDGE_CURVE('',#616,#569,#618,.T.);
#616 = VERTEX_POINT('',#617);
#617 = CARTESIAN_POINT('',(-7.534421012925,9.227004576907E-16,28.));
#618 = SURFACE_CURVE('',#619,(#623,#629),.PCURVE_S1.);
#619 = LINE('',#620,#621);
#620 = CARTESIAN_POINT('',(-4.709013133078,4.89375,28.));
#621 = VECTOR('',#622,1.);
#622 = DIRECTION('',(0.5,0.866025403784,-0.));
#623 = PCURVE('',#296,#624);
#624 = DEFINITIONAL_REPRESENTATION('',(#625),#628);
#625 = B_SPLINE_CURVE_WITH_KNOTS('',1,(#626,#627),.UNSPECIFIED.,.F.,.F.,
  (2,2),(-5.650815759693,1.883605253231),.PIECEWISE_BEZIER_KNOTS.);
#626 = CARTESIAN_POINT('',(7.534421012925,-100.0000002));
#627 = CARTESIAN_POINT('',(0.,-100.0000002));
#628 = ( GEOMETRIC_REPRESENTATION_CONTEXT(2) 
PARAMETRIC_REPRESENTATION_CONTEXT() REPRESENTATION_CONTEXT('2D SPACE',''
  ) );
#629 = PCURVE('',#524,#630);
#630 = DEFINITIONAL_REPRESENTATION('',(#631),#634);
#631 = B_SPLINE_CURVE_WITH_KNOTS('',1,(#632,#633),.UNSPECIFIED.,.F.,.F.,
  (2,2),(-5.650815759693,1.883605253231),.PIECEWISE_BEZIER_KNOTS.);
#632 = CARTESIAN_POINT('',(-7.534421012925,-2.6645352591E-15));
#633 = CARTESIAN_POINT('',(-3.767210506462,6.525));
#634 = ( GEOMETRIC_REPRESENTATION_CONTEXT(2) 
PARAMETRIC_REPRESENTATION_CONTEXT() REPRESENTATION_CONTEXT('2D SPACE',''
  ) );
#635 = ORIENTED_EDGE('',*,*,#636,.F.);
#636 = EDGE_CURVE('',#258,#616,#637,.T.);
#637 = SURFACE_CURVE('',#638,(#642,#649),.PCURVE_S1.);
#638 = LINE('',#639,#640);
#639 = CARTESIAN_POINT('',(-7.534421012925,9.227004576907E-16,
    -72.0000002));
#640 = VECTOR('',#641,1.);
#641 = DIRECTION('',(0.,0.,1.));
#642 = PCURVE('',#296,#643);
#643 = DEFINITIONAL_REPRESENTATION('',(#644),#648);
#644 = LINE('',#645,#646);
#645 = CARTESIAN_POINT('',(7.534421012925,0.));
#646 = VECTOR('',#647,1.);
#647 = DIRECTION('',(0.,-1.));
#648 = ( GEOMETRIC_REPRESENTATION_CONTEXT(2) 
PARAMETRIC_REPRESENTATION_CONTEXT() REPRESENTATION_CONTEXT('2D SPACE',''
  ) );
#649 = PCURVE('',#272,#650);
#650 = DEFINITIONAL_REPRESENTATION('',(#651),#655);
#651 = LINE('',#652,#653);
#652 = CARTESIAN_POINT('',(0.,0.));
#653 = VECTOR('',#654,1.);
#654 = DIRECTION('',(0.,-1.));
#655 = ( GEOMETRIC_REPRESENTATION_CONTEXT(2) 
PARAMETRIC_REPRESENTATION_CONTEXT() REPRESENTATION_CONTEXT('2D SPACE',''
  ) );
#656 = ADVANCED_FACE('',(#657),#272,.T.);
#657 = FACE_BOUND('',#658,.T.);
#658 = EDGE_LOOP('',(#659,#660,#661,#682));
#659 = ORIENTED_EDGE('',*,*,#257,.T.);
#660 = ORIENTED_EDGE('',*,*,#636,.T.);
#661 = ORIENTED_EDGE('',*,*,#662,.F.);
#662 = EDGE_CURVE('',#663,#616,#665,.T.);
#663 = VERTEX_POINT('',#664);
#664 = CARTESIAN_POINT('',(-3.767210506462,-6.525,28.));
#665 = SURFACE_CURVE('',#666,(#670,#676),.PCURVE_S1.);
#666 = LINE('',#667,#668);
#667 = CARTESIAN_POINT('',(-6.592618386309,-1.63125,28.));
#668 = VECTOR('',#669,1.);
#669 = DIRECTION('',(-0.5,0.866025403784,0.));
#670 = PCURVE('',#272,#671);
#671 = DEFINITIONAL_REPRESENTATION('',(#672),#675);
#672 = B_SPLINE_CURVE_WITH_KNOTS('',1,(#673,#674),.UNSPECIFIED.,.F.,.F.,
  (2,2),(-5.650815759693,1.883605253231),.PIECEWISE_BEZIER_KNOTS.);
#673 = CARTESIAN_POINT('',(7.534421012925,-100.0000002));
#674 = CARTESIAN_POINT('',(0.,-100.0000002));
#675 = ( GEOMETRIC_REPRESENTATION_CONTEXT(2) 
PARAMETRIC_REPRESENTATION_CONTEXT() REPRESENTATION_CONTEXT('2D SPACE',''
  ) );
#676 = PCURVE('',#524,#677);
#677 = DEFINITIONAL_REPRESENTATION('',(#678),#681);
#678 = B_SPLINE_CURVE_WITH_KNOTS('',1,(#679,#680),.UNSPECIFIED.,.F.,.F.,
  (2,2),(-5.650815759693,1.883605253231),.PIECEWISE_BEZIER_KNOTS.);
#679 = CARTESIAN_POINT('',(-3.767210506462,-6.525));
#680 = CARTESIAN_POINT('',(-7.534421012925,-2.22044604925E-15));
#681 = ( GEOMETRIC_REPRESENTATION_CONTEXT(2) 
PARAMETRIC_REPRESENTATION_CONTEXT() REPRESENTATION_CONTEXT('2D SPACE',''
  ) );
#682 = ORIENTED_EDGE('',*,*,#683,.F.);
#683 = EDGE_CURVE('',#232,#663,#684,.T.);
#684 = SURFACE_CURVE('',#685,(#689,#696),.PCURVE_S1.);
#685 = LINE('',#686,#687);
#686 = CARTESIAN_POINT('',(-3.767210506462,-6.525,-72.0000002));
#687 = VECTOR('',#688,1.);
#688 = DIRECTION('',(0.,0.,1.));
#689 = PCURVE('',#272,#690);
#690 = DEFINITIONAL_REPRESENTATION('',(#691),#695);
#691 = LINE('',#692,#693);
#692 = CARTESIAN_POINT('',(7.534421012925,0.));
#693 = VECTOR('',#694,1.);
#694 = DIRECTION('',(0.,-1.));
#695 = ( GEOMETRIC_REPRESENTATION_CONTEXT(2) 
PARAMETRIC_REPRESENTATION_CONTEXT() REPRESENTATION_CONTEXT('2D SPACE',''
  ) );
#696 = PCURVE('',#246,#697);
#697 = DEFINITIONAL_REPRESENTATION('',(#698),#702);
#698 = LINE('',#699,#700);
#699 = CARTESIAN_POINT('',(0.,0.));
#700 = VECTOR('',#701,1.);
#701 = DIRECTION('',(0.,-1.));
#702 = ( GEOMETRIC_REPRESENTATION_CONTEXT(2) 
PARAMETRIC_REPRESENTATION_CONTEXT() REPRESENTATION_CONTEXT('2D SPACE',''
  ) );
#703 = ADVANCED_FACE('',(#704),#246,.T.);
#704 = FACE_BOUND('',#705,.T.);
#705 = EDGE_LOOP('',(#706,#707,#708,#729));
#706 = ORIENTED_EDGE('',*,*,#231,.T.);
#707 = ORIENTED_EDGE('',*,*,#683,.T.);
#708 = ORIENTED_EDGE('',*,*,#709,.F.);
#709 = EDGE_CURVE('',#710,#663,#712,.T.);
#710 = VERTEX_POINT('',#711);
#711 = CARTESIAN_POINT('',(3.767210506462,-6.525,28.));
#712 = SURFACE_CURVE('',#713,(#717,#723),.PCURVE_S1.);
#713 = LINE('',#714,#715);
#714 = CARTESIAN_POINT('',(-1.883605253231,-6.525,28.));
#715 = VECTOR('',#716,1.);
#716 = DIRECTION('',(-1.,7.07296620279E-16,0.));
#717 = PCURVE('',#246,#718);
#718 = DEFINITIONAL_REPRESENTATION('',(#719),#722);
#719 = B_SPLINE_CURVE_WITH_KNOTS('',1,(#720,#721),.UNSPECIFIED.,.F.,.F.,
  (2,2),(-5.650815759693,1.883605253231),.PIECEWISE_BEZIER_KNOTS.);
#720 = CARTESIAN_POINT('',(7.534421012925,-100.0000002));
#721 = CARTESIAN_POINT('',(0.,-100.0000002));
#722 = ( GEOMETRIC_REPRESENTATION_CONTEXT(2) 
PARAMETRIC_REPRESENTATION_CONTEXT() REPRESENTATION_CONTEXT('2D SPACE',''
  ) );
#723 = PCURVE('',#524,#724);
#724 = DEFINITIONAL_REPRESENTATION('',(#725),#728);
#725 = B_SPLINE_CURVE_WITH_KNOTS('',1,(#726,#727),.UNSPECIFIED.,.F.,.F.,
  (2,2),(-5.650815759693,1.883605253231),.PIECEWISE_BEZIER_KNOTS.);
#726 = CARTESIAN_POINT('',(3.767210506462,-6.525));
#727 = CARTESIAN_POINT('',(-3.767210506462,-6.525));
#728 = ( GEOMETRIC_REPRESENTATION_CONTEXT(2) 
PARAMETRIC_REPRESENTATION_CONTEXT() REPRESENTATION_CONTEXT('2D SPACE',''
  ) );
#729 = ORIENTED_EDGE('',*,*,#730,.F.);
#730 = EDGE_CURVE('',#206,#710,#731,.T.);
#731 = SURFACE_CURVE('',#732,(#736,#743),.PCURVE_S1.);
#732 = LINE('',#733,#734);
#733 = CARTESIAN_POINT('',(3.767210506462,-6.525,-72.0000002));
#734 = VECTOR('',#735,1.);
#735 = DIRECTION('',(0.,0.,1.));
#736 = PCURVE('',#246,#737);
#737 = DEFINITIONAL_REPRESENTATION('',(#738),#742);
#738 = LINE('',#739,#740);
#739 = CARTESIAN_POINT('',(7.534421012925,0.));
#740 = VECTOR('',#741,1.);
#741 = DIRECTION('',(0.,-1.));
#742 = ( GEOMETRIC_REPRESENTATION_CONTEXT(2) 
PARAMETRIC_REPRESENTATION_CONTEXT() REPRESENTATION_CONTEXT('2D SPACE',''
  ) );
#743 = PCURVE('',#220,#744);
#744 = DEFINITIONAL_REPRESENTATION('',(#745),#749);
#745 = LINE('',#746,#747);
#746 = CARTESIAN_POINT('',(0.,0.));
#747 = VECTOR('',#748,1.);
#748 = DIRECTION('',(0.,-1.));
#749 = ( GEOMETRIC_REPRESENTATION_CONTEXT(2) 
PARAMETRIC_REPRESENTATION_CONTEXT() REPRESENTATION_CONTEXT('2D SPACE',''
  ) );
#750 = ADVANCED_FACE('',(#751),#220,.T.);
#751 = FACE_BOUND('',#752,.T.);
#752 = EDGE_LOOP('',(#753,#776,#777,#778,#799,#822));
#753 = ORIENTED_EDGE('',*,*,#754,.F.);
#754 = EDGE_CURVE('',#180,#755,#757,.T.);
#755 = VERTEX_POINT('',#756);
#756 = CARTESIAN_POINT('',(7.534421012925,0.,12.6));
#757 = SURFACE_CURVE('',#758,(#762,#769),.PCURVE_S1.);
#758 = LINE('',#759,#760);
#759 = CARTESIAN_POINT('',(7.534421012925,0.,-72.0000002));
#760 = VECTOR('',#761,1.);
#761 = DIRECTION('',(0.,0.,1.));
#762 = PCURVE('',#220,#763);
#763 = DEFINITIONAL_REPRESENTATION('',(#764),#768);
#764 = LINE('',#765,#766);
#765 = CARTESIAN_POINT('',(7.534421012925,0.));
#766 = VECTOR('',#767,1.);
#767 = DIRECTION('',(0.,-1.));
#768 = ( GEOMETRIC_REPRESENTATION_CONTEXT(2) 
PARAMETRIC_REPRESENTATION_CONTEXT() REPRESENTATION_CONTEXT('2D SPACE',''
  ) );
#769 = PCURVE('',#194,#770);
#770 = DEFINITIONAL_REPRESENTATION('',(#771),#775);
#771 = LINE('',#772,#773);
#772 = CARTESIAN_POINT('',(0.,0.));
#773 = VECTOR('',#774,1.);
#774 = DIRECTION('',(0.,-1.));
#775 = ( GEOMETRIC_REPRESENTATION_CONTEXT(2) 
PARAMETRIC_REPRESENTATION_CONTEXT() REPRESENTATION_CONTEXT('2D SPACE',''
  ) );
#776 = ORIENTED_EDGE('',*,*,#205,.T.);
#777 = ORIENTED_EDGE('',*,*,#730,.T.);
#778 = ORIENTED_EDGE('',*,*,#779,.F.);
#779 = EDGE_CURVE('',#780,#710,#782,.T.);
#780 = VERTEX_POINT('',#781);
#781 = CARTESIAN_POINT('',(7.534421012925,0.,28.));
#782 = SURFACE_CURVE('',#783,(#787,#793),.PCURVE_S1.);
#783 = LINE('',#784,#785);
#784 = CARTESIAN_POINT('',(4.709013133078,-4.89375,28.));
#785 = VECTOR('',#786,1.);
#786 = DIRECTION('',(-0.5,-0.866025403784,0.));
#787 = PCURVE('',#220,#788);
#788 = DEFINITIONAL_REPRESENTATION('',(#789),#792);
#789 = B_SPLINE_CURVE_WITH_KNOTS('',1,(#790,#791),.UNSPECIFIED.,.F.,.F.,
  (2,2),(-5.650815759693,1.883605253231),.PIECEWISE_BEZIER_KNOTS.);
#790 = CARTESIAN_POINT('',(7.534421012925,-100.0000002));
#791 = CARTESIAN_POINT('',(0.,-100.0000002));
#792 = ( GEOMETRIC_REPRESENTATION_CONTEXT(2) 
PARAMETRIC_REPRESENTATION_CONTEXT() REPRESENTATION_CONTEXT('2D SPACE',''
  ) );
#793 = PCURVE('',#524,#794);
#794 = DEFINITIONAL_REPRESENTATION('',(#795),#798);
#795 = B_SPLINE_CURVE_WITH_KNOTS('',1,(#796,#797),.UNSPECIFIED.,.F.,.F.,
  (2,2),(-5.650815759693,1.883605253231),.PIECEWISE_BEZIER_KNOTS.);
#796 = CARTESIAN_POINT('',(7.534421012925,-3.552713678801E-15));
#797 = CARTESIAN_POINT('',(3.767210506462,-6.525));
#798 = ( GEOMETRIC_REPRESENTATION_CONTEXT(2) 
PARAMETRIC_REPRESENTATION_CONTEXT() REPRESENTATION_CONTEXT('2D SPACE',''
  ) );
#799 = ORIENTED_EDGE('',*,*,#800,.F.);
#800 = EDGE_CURVE('',#801,#780,#803,.T.);
#801 = VERTEX_POINT('',#802);
#802 = CARTESIAN_POINT('',(7.534421012925,0.,15.4));
#803 = SURFACE_CURVE('',#804,(#808,#815),.PCURVE_S1.);
#804 = LINE('',#805,#806);
#805 = CARTESIAN_POINT('',(7.534421012925,0.,-72.0000002));
#806 = VECTOR('',#807,1.);
#807 = DIRECTION('',(0.,0.,1.));
#808 = PCURVE('',#220,#809);
#809 = DEFINITIONAL_REPRESENTATION('',(#810),#814);
#810 = LINE('',#811,#812);
#811 = CARTESIAN_POINT('',(7.534421012925,0.));
#812 = VECTOR('',#813,1.);
#813 = DIRECTION('',(0.,-1.));
#814 = ( GEOMETRIC_REPRESENTATION_CONTEXT(2) 
PARAMETRIC_REPRESENTATION_CONTEXT() REPRESENTATION_CONTEXT('2D SPACE',''
  ) );
#815 = PCURVE('',#194,#816);
#816 = DEFINITIONAL_REPRESENTATION('',(#817),#821);
#817 = LINE('',#818,#819);
#818 = CARTESIAN_POINT('',(0.,0.));
#819 = VECTOR('',#820,1.);
#820 = DIRECTION('',(0.,-1.));
#821 = ( GEOMETRIC_REPRESENTATION_CONTEXT(2) 
PARAMETRIC_REPRESENTATION_CONTEXT() REPRESENTATION_CONTEXT('2D SPACE',''
  ) );
#822 = ORIENTED_EDGE('',*,*,#823,.F.);
#823 = EDGE_CURVE('',#755,#801,#824,.T.);
#824 = SURFACE_CURVE('',#825,(#830,#837),.PCURVE_S1.);
#825 = ELLIPSE('',#826,1.616580753731,1.4);
#826 = AXIS2_PLACEMENT_3D('',#827,#828,#829);
#827 = CARTESIAN_POINT('',(7.534421012925,0.,14.));
#828 = DIRECTION('',(-0.866025403784,0.5,0.));
#829 = DIRECTION('',(-0.5,-0.866025403784,0.));
#830 = PCURVE('',#220,#831);
#831 = DEFINITIONAL_REPRESENTATION('',(#832),#836);
#832 = ELLIPSE('',#833,1.616580753731,1.4);
#833 = AXIS2_PLACEMENT_2D('',#834,#835);
#834 = CARTESIAN_POINT('',(7.534421012925,-86.0000002));
#835 = DIRECTION('',(-1.,-0.));
#836 = ( GEOMETRIC_REPRESENTATION_CONTEXT(2) 
PARAMETRIC_REPRESENTATION_CONTEXT() REPRESENTATION_CONTEXT('2D SPACE',''
  ) );
#837 = PCURVE('',#838,#843);
#838 = CYLINDRICAL_SURFACE('',#839,1.4);
#839 = AXIS2_PLACEMENT_3D('',#840,#841,#842);
#840 = CARTESIAN_POINT('',(0.,0.,14.));
#841 = DIRECTION('',(-1.,-0.,-0.));
#842 = DIRECTION('',(0.,1.,0.));
#843 = DEFINITIONAL_REPRESENTATION('',(#844),#861);
#844 = B_SPLINE_CURVE_WITH_KNOTS('',8,(#845,#846,#847,#848,#849,#850,
    #851,#852,#853,#854,#855,#856,#857,#858,#859,#860),.UNSPECIFIED.,.F.
  ,.F.,(9,7,9),(4.227543755078,6.28318530718,8.338826859281),
  .UNSPECIFIED.);
#845 = CARTESIAN_POINT('',(-5.197234205692,-7.911142063571));
#846 = CARTESIAN_POINT('',(-4.940279011679,-7.72738503698));
#847 = CARTESIAN_POINT('',(-4.683323817665,-7.515200796864));
#848 = CARTESIAN_POINT('',(-4.42636862365,-7.293081904045));
#849 = CARTESIAN_POINT('',(-4.16941342963,-7.083500358727));
#850 = CARTESIAN_POINT('',(-3.912458235625,-6.909104441074));
#851 = CARTESIAN_POINT('',(-3.655503041613,-6.787123277933));
#852 = CARTESIAN_POINT('',(-3.398547847603,-6.726130636059));
#853 = CARTESIAN_POINT('',(-2.884637459577,-6.726130636059));
#854 = CARTESIAN_POINT('',(-2.627682265566,-6.787123277935));
#855 = CARTESIAN_POINT('',(-2.370727071544,-6.909104441071));
#856 = CARTESIAN_POINT('',(-2.113771877544,-7.083500358705));
#857 = CARTESIAN_POINT('',(-1.856816683516,-7.293081904052));
#858 = CARTESIAN_POINT('',(-1.599861489516,-7.515200796867));
#859 = CARTESIAN_POINT('',(-1.342906295501,-7.72738503698));
#860 = CARTESIAN_POINT('',(-1.085951101488,-7.911142063571));
#861 = ( GEOMETRIC_REPRESENTATION_CONTEXT(2) 
PARAMETRIC_REPRESENTATION_CONTEXT() REPRESENTATION_CONTEXT('2D SPACE',''
  ) );
#862 = ADVANCED_FACE('',(#863),#194,.T.);
#863 = FACE_BOUND('',#864,.T.);
#864 = EDGE_LOOP('',(#865,#866,#867,#868,#898,#926,#927));
#865 = ORIENTED_EDGE('',*,*,#545,.F.);
#866 = ORIENTED_EDGE('',*,*,#179,.T.);
#867 = ORIENTED_EDGE('',*,*,#754,.T.);
#868 = ORIENTED_EDGE('',*,*,#869,.F.);
#869 = EDGE_CURVE('',#870,#755,#872,.T.);
#870 = VERTEX_POINT('',#871);
#871 = CARTESIAN_POINT('',(6.726130636059,1.4,14.));
#872 = SURFACE_CURVE('',#873,(#878,#885),.PCURVE_S1.);
#873 = ELLIPSE('',#874,1.616580753731,1.4);
#874 = AXIS2_PLACEMENT_3D('',#875,#876,#877);
#875 = CARTESIAN_POINT('',(7.534421012925,0.,14.));
#876 = DIRECTION('',(-0.866025403784,-0.5,0.));
#877 = DIRECTION('',(-0.5,0.866025403784,0.));
#878 = PCURVE('',#194,#879);
#879 = DEFINITIONAL_REPRESENTATION('',(#880),#884);
#880 = ELLIPSE('',#881,1.616580753731,1.4);
#881 = AXIS2_PLACEMENT_2D('',#882,#883);
#882 = CARTESIAN_POINT('',(0.,-86.0000002));
#883 = DIRECTION('',(1.,0.));
#884 = ( GEOMETRIC_REPRESENTATION_CONTEXT(2) 
PARAMETRIC_REPRESENTATION_CONTEXT() REPRESENTATION_CONTEXT('2D SPACE',''
  ) );
#885 = PCURVE('',#838,#886);
#886 = DEFINITIONAL_REPRESENTATION('',(#887),#897);
#887 = B_SPLINE_CURVE_WITH_KNOTS('',8,(#888,#889,#890,#891,#892,#893,
    #894,#895,#896),.UNSPECIFIED.,.F.,.F.,(9,9),(0.,2.055641552102),
  .PIECEWISE_BEZIER_KNOTS.);
#888 = CARTESIAN_POINT('',(-6.28318530718,-6.726130636059));
#889 = CARTESIAN_POINT('',(-6.026230113167,-6.726130636059));
#890 = CARTESIAN_POINT('',(-5.769274919156,-6.787123277933));
#891 = CARTESIAN_POINT('',(-5.512319725136,-6.909104441067));
#892 = CARTESIAN_POINT('',(-5.255364531138,-7.083500358749));
#893 = CARTESIAN_POINT('',(-4.998409337113,-7.293081904059));
#894 = CARTESIAN_POINT('',(-4.741454143106,-7.515200796865));
#895 = CARTESIAN_POINT('',(-4.48449894909,-7.72738503698));
#896 = CARTESIAN_POINT('',(-4.227543755078,-7.911142063571));
#897 = ( GEOMETRIC_REPRESENTATION_CONTEXT(2) 
PARAMETRIC_REPRESENTATION_CONTEXT() REPRESENTATION_CONTEXT('2D SPACE',''
  ) );
#898 = ORIENTED_EDGE('',*,*,#899,.F.);
#899 = EDGE_CURVE('',#801,#870,#900,.T.);
#900 = SURFACE_CURVE('',#901,(#906,#913),.PCURVE_S1.);
#901 = ELLIPSE('',#902,1.616580753731,1.4);
#902 = AXIS2_PLACEMENT_3D('',#903,#904,#905);
#903 = CARTESIAN_POINT('',(7.534421012925,0.,14.));
#904 = DIRECTION('',(-0.866025403784,-0.5,0.));
#905 = DIRECTION('',(-0.5,0.866025403784,0.));
#906 = PCURVE('',#194,#907);
#907 = DEFINITIONAL_REPRESENTATION('',(#908),#912);
#908 = ELLIPSE('',#909,1.616580753731,1.4);
#909 = AXIS2_PLACEMENT_2D('',#910,#911);
#910 = CARTESIAN_POINT('',(0.,-86.0000002));
#911 = DIRECTION('',(1.,0.));
#912 = ( GEOMETRIC_REPRESENTATION_CONTEXT(2) 
PARAMETRIC_REPRESENTATION_CONTEXT() REPRESENTATION_CONTEXT('2D SPACE',''
  ) );
#913 = PCURVE('',#838,#914);
#914 = DEFINITIONAL_REPRESENTATION('',(#915),#925);
#915 = B_SPLINE_CURVE_WITH_KNOTS('',8,(#916,#917,#918,#919,#920,#921,
    #922,#923,#924),.UNSPECIFIED.,.F.,.F.,(9,9),(4.227543755078,
    6.28318530718),.PIECEWISE_BEZIER_KNOTS.);
#916 = CARTESIAN_POINT('',(-2.055641552102,-7.911142063571));
#917 = CARTESIAN_POINT('',(-1.798686358089,-7.72738503698));
#918 = CARTESIAN_POINT('',(-1.541731164076,-7.515200796864));
#919 = CARTESIAN_POINT('',(-1.284775970068,-7.293081904059));
#920 = CARTESIAN_POINT('',(-1.027820776044,-7.083500358713));
#921 = CARTESIAN_POINT('',(-0.77086558204,-6.909104441074));
#922 = CARTESIAN_POINT('',(-0.513910388025,-6.787123277933));
#923 = CARTESIAN_POINT('',(-0.256955194013,-6.726130636059));
#924 = CARTESIAN_POINT('',(0.,-6.726130636059));
#925 = ( GEOMETRIC_REPRESENTATION_CONTEXT(2) 
PARAMETRIC_REPRESENTATION_CONTEXT() REPRESENTATION_CONTEXT('2D SPACE',''
  ) );
#926 = ORIENTED_EDGE('',*,*,#800,.T.);
#927 = ORIENTED_EDGE('',*,*,#928,.F.);
#928 = EDGE_CURVE('',#546,#780,#929,.T.);
#929 = SURFACE_CURVE('',#930,(#934,#940),.PCURVE_S1.);
#930 = LINE('',#931,#932);
#931 = CARTESIAN_POINT('',(6.592618386309,1.63125,28.));
#932 = VECTOR('',#933,1.);
#933 = DIRECTION('',(0.5,-0.866025403784,0.));
#934 = PCURVE('',#194,#935);
#935 = DEFINITIONAL_REPRESENTATION('',(#936),#939);
#936 = B_SPLINE_CURVE_WITH_KNOTS('',1,(#937,#938),.UNSPECIFIED.,.F.,.F.,
  (2,2),(-5.650815759693,1.883605253231),.PIECEWISE_BEZIER_KNOTS.);
#937 = CARTESIAN_POINT('',(7.534421012925,-100.0000002));
#938 = CARTESIAN_POINT('',(0.,-100.0000002));
#939 = ( GEOMETRIC_REPRESENTATION_CONTEXT(2) 
PARAMETRIC_REPRESENTATION_CONTEXT() REPRESENTATION_CONTEXT('2D SPACE',''
  ) );
#940 = PCURVE('',#524,#941);
#941 = DEFINITIONAL_REPRESENTATION('',(#942),#945);
#942 = B_SPLINE_CURVE_WITH_KNOTS('',1,(#943,#944),.UNSPECIFIED.,.F.,.F.,
  (2,2),(-5.650815759693,1.883605253231),.PIECEWISE_BEZIER_KNOTS.);
#943 = CARTESIAN_POINT('',(3.767210506462,6.525));
#944 = CARTESIAN_POINT('',(7.534421012925,-3.552713678801E-15));
#945 = ( GEOMETRIC_REPRESENTATION_CONTEXT(2) 
PARAMETRIC_REPRESENTATION_CONTEXT() REPRESENTATION_CONTEXT('2D SPACE',''
  ) );
#946 = ADVANCED_FACE('',(#947),#330,.F.);
#947 = FACE_BOUND('',#948,.F.);
#948 = EDGE_LOOP('',(#949,#950,#973,#999));
#949 = ORIENTED_EDGE('',*,*,#309,.F.);
#950 = ORIENTED_EDGE('',*,*,#951,.F.);
#951 = EDGE_CURVE('',#952,#310,#954,.T.);
#952 = VERTEX_POINT('',#953);
#953 = CARTESIAN_POINT('',(11.843458848124,-15.87020181189,28.));
#954 = SEAM_CURVE('',#955,(#959,#966),.PCURVE_S1.);
#955 = LINE('',#956,#957);
#956 = CARTESIAN_POINT('',(11.843458848124,-15.87020181189,28.));
#957 = VECTOR('',#958,1.);
#958 = DIRECTION('',(0.,0.,-1.));
#959 = PCURVE('',#330,#960);
#960 = DEFINITIONAL_REPRESENTATION('',(#961),#965);
#961 = LINE('',#962,#963);
#962 = CARTESIAN_POINT('',(6.28318530718,-0.));
#963 = VECTOR('',#964,1.);
#964 = DIRECTION('',(0.,1.));
#965 = ( GEOMETRIC_REPRESENTATION_CONTEXT(2) 
PARAMETRIC_REPRESENTATION_CONTEXT() REPRESENTATION_CONTEXT('2D SPACE',''
  ) );
#966 = PCURVE('',#330,#967);
#967 = DEFINITIONAL_REPRESENTATION('',(#968),#972);
#968 = LINE('',#969,#970);
#969 = CARTESIAN_POINT('',(0.,-0.));
#970 = VECTOR('',#971,1.);
#971 = DIRECTION('',(0.,1.));
#972 = ( GEOMETRIC_REPRESENTATION_CONTEXT(2) 
PARAMETRIC_REPRESENTATION_CONTEXT() REPRESENTATION_CONTEXT('2D SPACE',''
  ) );
#973 = ORIENTED_EDGE('',*,*,#974,.T.);
#974 = EDGE_CURVE('',#952,#952,#975,.T.);
#975 = SURFACE_CURVE('',#976,(#981,#988),.PCURVE_S1.);
#976 = CIRCLE('',#977,10.);
#977 = AXIS2_PLACEMENT_3D('',#978,#979,#980);
#978 = CARTESIAN_POINT('',(21.843458848124,-15.87020181189,28.));
#979 = DIRECTION('',(0.,0.,-1.));
#980 = DIRECTION('',(-1.,0.,0.));
#981 = PCURVE('',#330,#982);
#982 = DEFINITIONAL_REPRESENTATION('',(#983),#987);
#983 = LINE('',#984,#985);
#984 = CARTESIAN_POINT('',(0.,0.));
#985 = VECTOR('',#986,1.);
#986 = DIRECTION('',(1.,0.));
#987 = ( GEOMETRIC_REPRESENTATION_CONTEXT(2) 
PARAMETRIC_REPRESENTATION_CONTEXT() REPRESENTATION_CONTEXT('2D SPACE',''
  ) );
#988 = PCURVE('',#524,#989);
#989 = DEFINITIONAL_REPRESENTATION('',(#990),#998);
#990 = ( BOUNDED_CURVE() B_SPLINE_CURVE(2,(#991,#992,#993,#994,#995,#996
,#997),.UNSPECIFIED.,.T.,.F.) B_SPLINE_CURVE_WITH_KNOTS((1,2,2,2,2,1),(
    -2.094395102393,0.,2.094395102393,4.188790204786,6.28318530718,
8.377580409573),.UNSPECIFIED.) CURVE() GEOMETRIC_REPRESENTATION_ITEM() 
RATIONAL_B_SPLINE_CURVE((1.,0.5,1.,0.5,1.,0.5,1.)) REPRESENTATION_ITEM(
  '') );
#991 = CARTESIAN_POINT('',(11.843458848124,-15.87020181189));
#992 = CARTESIAN_POINT('',(11.843458848124,1.450306263792));
#993 = CARTESIAN_POINT('',(26.843458848124,-7.209947774052));
#994 = CARTESIAN_POINT('',(41.843458848124,-15.87020181189));
#995 = CARTESIAN_POINT('',(26.843458848124,-24.53045584974));
#996 = CARTESIAN_POINT('',(11.843458848124,-33.19070988758));
#997 = CARTESIAN_POINT('',(11.843458848124,-15.87020181189));
#998 = ( GEOMETRIC_REPRESENTATION_CONTEXT(2) 
PARAMETRIC_REPRESENTATION_CONTEXT() REPRESENTATION_CONTEXT('2D SPACE',''
  ) );
#999 = ORIENTED_EDGE('',*,*,#951,.T.);
#1000 = ADVANCED_FACE('',(#1001),#365,.F.);
#1001 = FACE_BOUND('',#1002,.F.);
#1002 = EDGE_LOOP('',(#1003,#1004,#1027,#1053));
#1003 = ORIENTED_EDGE('',*,*,#344,.F.);
#1004 = ORIENTED_EDGE('',*,*,#1005,.F.);
#1005 = EDGE_CURVE('',#1006,#345,#1008,.T.);
#1006 = VERTEX_POINT('',#1007);
#1007 = CARTESIAN_POINT('',(-37.,8.572527594031E-16,28.));
#1008 = SEAM_CURVE('',#1009,(#1013,#1020),.PCURVE_S1.);
#1009 = LINE('',#1010,#1011);
#1010 = CARTESIAN_POINT('',(-37.,8.572527594031E-16,28.));
#1011 = VECTOR('',#1012,1.);
#1012 = DIRECTION('',(0.,0.,-1.));
#1013 = PCURVE('',#365,#1014);
#1014 = DEFINITIONAL_REPRESENTATION('',(#1015),#1019);
#1015 = LINE('',#1016,#1017);
#1016 = CARTESIAN_POINT('',(6.28318530718,-0.));
#1017 = VECTOR('',#1018,1.);
#1018 = DIRECTION('',(0.,1.));
#1019 = ( GEOMETRIC_REPRESENTATION_CONTEXT(2) 
PARAMETRIC_REPRESENTATION_CONTEXT() REPRESENTATION_CONTEXT('2D SPACE',''
  ) );
#1020 = PCURVE('',#365,#1021);
#1021 = DEFINITIONAL_REPRESENTATION('',(#1022),#1026);
#1022 = LINE('',#1023,#1024);
#1023 = CARTESIAN_POINT('',(0.,-0.));
#1024 = VECTOR('',#1025,1.);
#1025 = DIRECTION('',(0.,1.));
#1026 = ( GEOMETRIC_REPRESENTATION_CONTEXT(2) 
PARAMETRIC_REPRESENTATION_CONTEXT() REPRESENTATION_CONTEXT('2D SPACE',''
  ) );
#1027 = ORIENTED_EDGE('',*,*,#1028,.T.);
#1028 = EDGE_CURVE('',#1006,#1006,#1029,.T.);
#1029 = SURFACE_CURVE('',#1030,(#1035,#1042),.PCURVE_S1.);
#1030 = CIRCLE('',#1031,10.);
#1031 = AXIS2_PLACEMENT_3D('',#1032,#1033,#1034);
#1032 = CARTESIAN_POINT('',(-27.,3.306546357698E-15,28.));
#1033 = DIRECTION('',(0.,0.,-1.));
#1034 = DIRECTION('',(-1.,0.,0.));
#1035 = PCURVE('',#365,#1036);
#1036 = DEFINITIONAL_REPRESENTATION('',(#1037),#1041);
#1037 = LINE('',#1038,#1039);
#1038 = CARTESIAN_POINT('',(0.,0.));
#1039 = VECTOR('',#1040,1.);
#1040 = DIRECTION('',(1.,0.));
#1041 = ( GEOMETRIC_REPRESENTATION_CONTEXT(2) 
PARAMETRIC_REPRESENTATION_CONTEXT() REPRESENTATION_CONTEXT('2D SPACE',''
  ) );
#1042 = PCURVE('',#524,#1043);
#1043 = DEFINITIONAL_REPRESENTATION('',(#1044),#1052);
#1044 = ( BOUNDED_CURVE() B_SPLINE_CURVE(2,(#1045,#1046,#1047,#1048,
#1049,#1050,#1051),.UNSPECIFIED.,.T.,.F.) B_SPLINE_CURVE_WITH_KNOTS((1,2
    ,2,2,2,1),(-2.094395102393,0.,2.094395102393,4.188790204786,
6.28318530718,8.377580409573),.UNSPECIFIED.) CURVE() 
GEOMETRIC_REPRESENTATION_ITEM() RATIONAL_B_SPLINE_CURVE((1.,0.5,1.,0.5,
1.,0.5,1.)) REPRESENTATION_ITEM('') );
#1045 = CARTESIAN_POINT('',(-37.,9.665424732539E-17));
#1046 = CARTESIAN_POINT('',(-37.,17.320508075689));
#1047 = CARTESIAN_POINT('',(-22.,8.660254037844));
#1048 = CARTESIAN_POINT('',(-7.,2.54594784562E-15));
#1049 = CARTESIAN_POINT('',(-22.,-8.660254037844));
#1050 = CARTESIAN_POINT('',(-37.,-17.32050807568));
#1051 = CARTESIAN_POINT('',(-37.,9.665424732539E-17));
#1052 = ( GEOMETRIC_REPRESENTATION_CONTEXT(2) 
PARAMETRIC_REPRESENTATION_CONTEXT() REPRESENTATION_CONTEXT('2D SPACE',''
  ) );
#1053 = ORIENTED_EDGE('',*,*,#1005,.T.);
#1054 = ADVANCED_FACE('',(#1055),#400,.F.);
#1055 = FACE_BOUND('',#1056,.F.);
#1056 = EDGE_LOOP('',(#1057,#1058,#1081,#1107));
#1057 = ORIENTED_EDGE('',*,*,#379,.F.);
#1058 = ORIENTED_EDGE('',*,*,#1059,.F.);
#1059 = EDGE_CURVE('',#1060,#380,#1062,.T.);
#1060 = VERTEX_POINT('',#1061);
#1061 = CARTESIAN_POINT('',(-18.34345884812,25.678525939969,28.));
#1062 = SEAM_CURVE('',#1063,(#1067,#1074),.PCURVE_S1.);
#1063 = LINE('',#1064,#1065);
#1064 = CARTESIAN_POINT('',(-18.34345884812,25.678525939969,28.));
#1065 = VECTOR('',#1066,1.);
#1066 = DIRECTION('',(0.,0.,-1.));
#1067 = PCURVE('',#400,#1068);
#1068 = DEFINITIONAL_REPRESENTATION('',(#1069),#1073);
#1069 = LINE('',#1070,#1071);
#1070 = CARTESIAN_POINT('',(6.28318530718,-0.));
#1071 = VECTOR('',#1072,1.);
#1072 = DIRECTION('',(0.,1.));
#1073 = ( GEOMETRIC_REPRESENTATION_CONTEXT(2) 
PARAMETRIC_REPRESENTATION_CONTEXT() REPRESENTATION_CONTEXT('2D SPACE',''
  ) );
#1074 = PCURVE('',#400,#1075);
#1075 = DEFINITIONAL_REPRESENTATION('',(#1076),#1080);
#1076 = LINE('',#1077,#1078);
#1077 = CARTESIAN_POINT('',(0.,-0.));
#1078 = VECTOR('',#1079,1.);
#1079 = DIRECTION('',(0.,1.));
#1080 = ( GEOMETRIC_REPRESENTATION_CONTEXT(2) 
PARAMETRIC_REPRESENTATION_CONTEXT() REPRESENTATION_CONTEXT('2D SPACE',''
  ) );
#1081 = ORIENTED_EDGE('',*,*,#1082,.T.);
#1082 = EDGE_CURVE('',#1060,#1060,#1083,.T.);
#1083 = SURFACE_CURVE('',#1084,(#1089,#1096),.PCURVE_S1.);
#1084 = CIRCLE('',#1085,10.);
#1085 = AXIS2_PLACEMENT_3D('',#1086,#1087,#1088);
#1086 = CARTESIAN_POINT('',(-8.343458848124,25.678525939969,28.));
#1087 = DIRECTION('',(0.,0.,-1.));
#1088 = DIRECTION('',(-1.,0.,0.));
#1089 = PCURVE('',#400,#1090);
#1090 = DEFINITIONAL_REPRESENTATION('',(#1091),#1095);
#1091 = LINE('',#1092,#1093);
#1092 = CARTESIAN_POINT('',(0.,0.));
#1093 = VECTOR('',#1094,1.);
#1094 = DIRECTION('',(1.,0.));
#1095 = ( GEOMETRIC_REPRESENTATION_CONTEXT(2) 
PARAMETRIC_REPRESENTATION_CONTEXT() REPRESENTATION_CONTEXT('2D SPACE',''
  ) );
#1096 = PCURVE('',#524,#1097);
#1097 = DEFINITIONAL_REPRESENTATION('',(#1098),#1106);
#1098 = ( BOUNDED_CURVE() B_SPLINE_CURVE(2,(#1099,#1100,#1101,#1102,
#1103,#1104,#1105),.UNSPECIFIED.,.T.,.F.) B_SPLINE_CURVE_WITH_KNOTS((1,2
    ,2,2,2,1),(-2.094395102393,0.,2.094395102393,4.188790204786,
6.28318530718,8.377580409573),.UNSPECIFIED.) CURVE() 
GEOMETRIC_REPRESENTATION_ITEM() RATIONAL_B_SPLINE_CURVE((1.,0.5,1.,0.5,
1.,0.5,1.)) REPRESENTATION_ITEM('') );
#1099 = CARTESIAN_POINT('',(-18.34345884812,25.678525939969));
#1100 = CARTESIAN_POINT('',(-18.34345884812,42.999034015658));
#1101 = CARTESIAN_POINT('',(-3.343458848124,34.338779977814));
#1102 = CARTESIAN_POINT('',(11.656541151876,25.678525939969));
#1103 = CARTESIAN_POINT('',(-3.343458848124,17.018271902125));
#1104 = CARTESIAN_POINT('',(-18.34345884812,8.35801786428));
#1105 = CARTESIAN_POINT('',(-18.34345884812,25.678525939969));
#1106 = ( GEOMETRIC_REPRESENTATION_CONTEXT(2) 
PARAMETRIC_REPRESENTATION_CONTEXT() REPRESENTATION_CONTEXT('2D SPACE',''
  ) );
#1107 = ORIENTED_EDGE('',*,*,#1059,.T.);
#1108 = ADVANCED_FACE('',(#1109),#435,.F.);
#1109 = FACE_BOUND('',#1110,.F.);
#1110 = EDGE_LOOP('',(#1111,#1112,#1135,#1161));
#1111 = ORIENTED_EDGE('',*,*,#414,.F.);
#1112 = ORIENTED_EDGE('',*,*,#1113,.F.);
#1113 = EDGE_CURVE('',#1114,#415,#1116,.T.);
#1114 = VERTEX_POINT('',#1115);
#1115 = CARTESIAN_POINT('',(11.843458848124,15.870201811897,28.));
#1116 = SEAM_CURVE('',#1117,(#1121,#1128),.PCURVE_S1.);
#1117 = LINE('',#1118,#1119);
#1118 = CARTESIAN_POINT('',(11.843458848124,15.870201811897,28.));
#1119 = VECTOR('',#1120,1.);
#1120 = DIRECTION('',(0.,0.,-1.));
#1121 = PCURVE('',#435,#1122);
#1122 = DEFINITIONAL_REPRESENTATION('',(#1123),#1127);
#1123 = LINE('',#1124,#1125);
#1124 = CARTESIAN_POINT('',(6.28318530718,-0.));
#1125 = VECTOR('',#1126,1.);
#1126 = DIRECTION('',(0.,1.));
#1127 = ( GEOMETRIC_REPRESENTATION_CONTEXT(2) 
PARAMETRIC_REPRESENTATION_CONTEXT() REPRESENTATION_CONTEXT('2D SPACE',''
  ) );
#1128 = PCURVE('',#435,#1129);
#1129 = DEFINITIONAL_REPRESENTATION('',(#1130),#1134);
#1130 = LINE('',#1131,#1132);
#1131 = CARTESIAN_POINT('',(0.,-0.));
#1132 = VECTOR('',#1133,1.);
#1133 = DIRECTION('',(0.,1.));
#1134 = ( GEOMETRIC_REPRESENTATION_CONTEXT(2) 
PARAMETRIC_REPRESENTATION_CONTEXT() REPRESENTATION_CONTEXT('2D SPACE',''
  ) );
#1135 = ORIENTED_EDGE('',*,*,#1136,.T.);
#1136 = EDGE_CURVE('',#1114,#1114,#1137,.T.);
#1137 = SURFACE_CURVE('',#1138,(#1143,#1150),.PCURVE_S1.);
#1138 = CIRCLE('',#1139,10.);
#1139 = AXIS2_PLACEMENT_3D('',#1140,#1141,#1142);
#1140 = CARTESIAN_POINT('',(21.843458848124,15.870201811897,28.));
#1141 = DIRECTION('',(0.,0.,-1.));
#1142 = DIRECTION('',(-1.,0.,0.));
#1143 = PCURVE('',#435,#1144);
#1144 = DEFINITIONAL_REPRESENTATION('',(#1145),#1149);
#1145 = LINE('',#1146,#1147);
#1146 = CARTESIAN_POINT('',(0.,0.));
#1147 = VECTOR('',#1148,1.);
#1148 = DIRECTION('',(1.,0.));
#1149 = ( GEOMETRIC_REPRESENTATION_CONTEXT(2) 
PARAMETRIC_REPRESENTATION_CONTEXT() REPRESENTATION_CONTEXT('2D SPACE',''
  ) );
#1150 = PCURVE('',#524,#1151);
#1151 = DEFINITIONAL_REPRESENTATION('',(#1152),#1160);
#1152 = ( BOUNDED_CURVE() B_SPLINE_CURVE(2,(#1153,#1154,#1155,#1156,
#1157,#1158,#1159),.UNSPECIFIED.,.T.,.F.) B_SPLINE_CURVE_WITH_KNOTS((1,2
    ,2,2,2,1),(-2.094395102393,0.,2.094395102393,4.188790204786,
6.28318530718,8.377580409573),.UNSPECIFIED.) CURVE() 
GEOMETRIC_REPRESENTATION_ITEM() RATIONAL_B_SPLINE_CURVE((1.,0.5,1.,0.5,
1.,0.5,1.)) REPRESENTATION_ITEM('') );
#1153 = CARTESIAN_POINT('',(11.843458848124,15.870201811897));
#1154 = CARTESIAN_POINT('',(11.843458848124,33.190709887586));
#1155 = CARTESIAN_POINT('',(26.843458848124,24.530455849741));
#1156 = CARTESIAN_POINT('',(41.843458848124,15.870201811897));
#1157 = CARTESIAN_POINT('',(26.843458848124,7.209947774052));
#1158 = CARTESIAN_POINT('',(11.843458848124,-1.450306263792));
#1159 = CARTESIAN_POINT('',(11.843458848124,15.870201811897));
#1160 = ( GEOMETRIC_REPRESENTATION_CONTEXT(2) 
PARAMETRIC_REPRESENTATION_CONTEXT() REPRESENTATION_CONTEXT('2D SPACE',''
  ) );
#1161 = ORIENTED_EDGE('',*,*,#1113,.T.);
#1162 = ADVANCED_FACE('',(#1163),#470,.T.);
#1163 = FACE_BOUND('',#1164,.F.);
#1164 = EDGE_LOOP('',(#1165,#1188,#1215,#1216));
#1165 = ORIENTED_EDGE('',*,*,#1166,.T.);
#1166 = EDGE_CURVE('',#454,#1167,#1169,.T.);
#1167 = VERTEX_POINT('',#1168);
#1168 = CARTESIAN_POINT('',(48.2,5.465713352001E-15,10.933333333333));
#1169 = SEAM_CURVE('',#1170,(#1174,#1181),.PCURVE_S1.);
#1170 = LINE('',#1171,#1172);
#1171 = CARTESIAN_POINT('',(48.2,5.465713352001E-15,7.733333333333));
#1172 = VECTOR('',#1173,1.);
#1173 = DIRECTION('',(0.,0.,1.));
#1174 = PCURVE('',#470,#1175);
#1175 = DEFINITIONAL_REPRESENTATION('',(#1176),#1180);
#1176 = LINE('',#1177,#1178);
#1177 = CARTESIAN_POINT('',(-0.,0.));
#1178 = VECTOR('',#1179,1.);
#1179 = DIRECTION('',(-0.,-1.));
#1180 = ( GEOMETRIC_REPRESENTATION_CONTEXT(2) 
PARAMETRIC_REPRESENTATION_CONTEXT() REPRESENTATION_CONTEXT('2D SPACE',''
  ) );
#1181 = PCURVE('',#470,#1182);
#1182 = DEFINITIONAL_REPRESENTATION('',(#1183),#1187);
#1183 = LINE('',#1184,#1185);
#1184 = CARTESIAN_POINT('',(-6.28318530718,0.));
#1185 = VECTOR('',#1186,1.);
#1186 = DIRECTION('',(-0.,-1.));
#1187 = ( GEOMETRIC_REPRESENTATION_CONTEXT(2) 
PARAMETRIC_REPRESENTATION_CONTEXT() REPRESENTATION_CONTEXT('2D SPACE',''
  ) );
#1188 = ORIENTED_EDGE('',*,*,#1189,.T.);
#1189 = EDGE_CURVE('',#1167,#1167,#1190,.T.);
#1190 = SURFACE_CURVE('',#1191,(#1196,#1203),.PCURVE_S1.);
#1191 = CIRCLE('',#1192,48.2);
#1192 = AXIS2_PLACEMENT_3D('',#1193,#1194,#1195);
#1193 = CARTESIAN_POINT('',(2.481433861808E-13,5.465713352001E-15,
    10.933333333333));
#1194 = DIRECTION('',(0.,0.,1.));
#1195 = DIRECTION('',(1.,0.,0.));
#1196 = PCURVE('',#470,#1197);
#1197 = DEFINITIONAL_REPRESENTATION('',(#1198),#1202);
#1198 = LINE('',#1199,#1200);
#1199 = CARTESIAN_POINT('',(-0.,-3.2));
#1200 = VECTOR('',#1201,1.);
#1201 = DIRECTION('',(-1.,0.));
#1202 = ( GEOMETRIC_REPRESENTATION_CONTEXT(2) 
PARAMETRIC_REPRESENTATION_CONTEXT() REPRESENTATION_CONTEXT('2D SPACE',''
  ) );
#1203 = PCURVE('',#1204,#1209);
#1204 = PLANE('',#1205);
#1205 = AXIS2_PLACEMENT_3D('',#1206,#1207,#1208);
#1206 = CARTESIAN_POINT('',(-1.683003240049E-15,4.609291841672E-15,
    10.933333333333));
#1207 = DIRECTION('',(0.,0.,1.));
#1208 = DIRECTION('',(1.,0.,-0.));
#1209 = DEFINITIONAL_REPRESENTATION('',(#1210),#1214);
#1210 = CIRCLE('',#1211,48.2);
#1211 = AXIS2_PLACEMENT_2D('',#1212,#1213);
#1212 = CARTESIAN_POINT('',(2.498263894209E-13,8.564215103288E-16));
#1213 = DIRECTION('',(1.,0.));
#1214 = ( GEOMETRIC_REPRESENTATION_CONTEXT(2) 
PARAMETRIC_REPRESENTATION_CONTEXT() REPRESENTATION_CONTEXT('2D SPACE',''
  ) );
#1215 = ORIENTED_EDGE('',*,*,#1166,.F.);
#1216 = ORIENTED_EDGE('',*,*,#453,.F.);
#1217 = ADVANCED_FACE('',(#1218,#1249,#1252,#1260,#1263,#1266,#1269),
  #524,.T.);
#1218 = FACE_BOUND('',#1219,.T.);
#1219 = EDGE_LOOP('',(#1220));
#1220 = ORIENTED_EDGE('',*,*,#1221,.T.);
#1221 = EDGE_CURVE('',#1222,#1222,#1224,.T.);
#1222 = VERTEX_POINT('',#1223);
#1223 = CARTESIAN_POINT('',(50.,0.,28.));
#1224 = SURFACE_CURVE('',#1225,(#1230,#1237),.PCURVE_S1.);
#1225 = CIRCLE('',#1226,50.);
#1226 = AXIS2_PLACEMENT_3D('',#1227,#1228,#1229);
#1227 = CARTESIAN_POINT('',(0.,0.,28.));
#1228 = DIRECTION('',(0.,0.,1.));
#1229 = DIRECTION('',(1.,0.,0.));
#1230 = PCURVE('',#524,#1231);
#1231 = DEFINITIONAL_REPRESENTATION('',(#1232),#1236);
#1232 = CIRCLE('',#1233,50.);
#1233 = AXIS2_PLACEMENT_2D('',#1234,#1235);
#1234 = CARTESIAN_POINT('',(1.75032336965E-15,-3.209892110372E-15));
#1235 = DIRECTION('',(1.,0.));
#1236 = ( GEOMETRIC_REPRESENTATION_CONTEXT(2) 
PARAMETRIC_REPRESENTATION_CONTEXT() REPRESENTATION_CONTEXT('2D SPACE',''
  ) );
#1237 = PCURVE('',#1238,#1243);
#1238 = CYLINDRICAL_SURFACE('',#1239,50.);
#1239 = AXIS2_PLACEMENT_3D('',#1240,#1241,#1242);
#1240 = CARTESIAN_POINT('',(0.,0.,0.));
#1241 = DIRECTION('',(-0.,-0.,-1.));
#1242 = DIRECTION('',(1.,0.,0.));
#1243 = DEFINITIONAL_REPRESENTATION('',(#1244),#1248);
#1244 = LINE('',#1245,#1246);
#1245 = CARTESIAN_POINT('',(-0.,-28.));
#1246 = VECTOR('',#1247,1.);
#1247 = DIRECTION('',(-1.,0.));
#1248 = ( GEOMETRIC_REPRESENTATION_CONTEXT(2) 
PARAMETRIC_REPRESENTATION_CONTEXT() REPRESENTATION_CONTEXT('2D SPACE',''
  ) );
#1249 = FACE_BOUND('',#1250,.T.);
#1250 = EDGE_LOOP('',(#1251));
#1251 = ORIENTED_EDGE('',*,*,#509,.T.);
#1252 = FACE_BOUND('',#1253,.T.);
#1253 = EDGE_LOOP('',(#1254,#1255,#1256,#1257,#1258,#1259));
#1254 = ORIENTED_EDGE('',*,*,#568,.T.);
#1255 = ORIENTED_EDGE('',*,*,#928,.T.);
#1256 = ORIENTED_EDGE('',*,*,#779,.T.);
#1257 = ORIENTED_EDGE('',*,*,#709,.T.);
#1258 = ORIENTED_EDGE('',*,*,#662,.T.);
#1259 = ORIENTED_EDGE('',*,*,#615,.T.);
#1260 = FACE_BOUND('',#1261,.T.);
#1261 = EDGE_LOOP('',(#1262));
#1262 = ORIENTED_EDGE('',*,*,#974,.T.);
#1263 = FACE_BOUND('',#1264,.T.);
#1264 = EDGE_LOOP('',(#1265));
#1265 = ORIENTED_EDGE('',*,*,#1028,.T.);
#1266 = FACE_BOUND('',#1267,.T.);
#1267 = EDGE_LOOP('',(#1268));
#1268 = ORIENTED_EDGE('',*,*,#1082,.T.);
#1269 = FACE_BOUND('',#1270,.T.);
#1270 = EDGE_LOOP('',(#1271));
#1271 = ORIENTED_EDGE('',*,*,#1136,.T.);
#1272 = ADVANCED_FACE('',(#1273),#838,.F.);
#1273 = FACE_BOUND('',#1274,.T.);
#1274 = EDGE_LOOP('',(#1275,#1276,#1299,#1369,#1479,#1533,#1534,#1535));
#1275 = ORIENTED_EDGE('',*,*,#899,.T.);
#1276 = ORIENTED_EDGE('',*,*,#1277,.T.);
#1277 = EDGE_CURVE('',#870,#1278,#1280,.T.);
#1278 = VERTEX_POINT('',#1279);
#1279 = CARTESIAN_POINT('',(49.980396156893,1.4,14.));
#1280 = SEAM_CURVE('',#1281,(#1285,#1292),.PCURVE_S1.);
#1281 = LINE('',#1282,#1283);
#1282 = CARTESIAN_POINT('',(0.,1.4,14.));
#1283 = VECTOR('',#1284,1.);
#1284 = DIRECTION('',(1.,0.,0.));
#1285 = PCURVE('',#838,#1286);
#1286 = DEFINITIONAL_REPRESENTATION('',(#1287),#1291);
#1287 = LINE('',#1288,#1289);
#1288 = CARTESIAN_POINT('',(-6.28318530718,0.));
#1289 = VECTOR('',#1290,1.);
#1290 = DIRECTION('',(-0.,-1.));
#1291 = ( GEOMETRIC_REPRESENTATION_CONTEXT(2) 
PARAMETRIC_REPRESENTATION_CONTEXT() REPRESENTATION_CONTEXT('2D SPACE',''
  ) );
#1292 = PCURVE('',#838,#1293);
#1293 = DEFINITIONAL_REPRESENTATION('',(#1294),#1298);
#1294 = LINE('',#1295,#1296);
#1295 = CARTESIAN_POINT('',(-0.,0.));
#1296 = VECTOR('',#1297,1.);
#1297 = DIRECTION('',(-0.,-1.));
#1298 = ( GEOMETRIC_REPRESENTATION_CONTEXT(2) 
PARAMETRIC_REPRESENTATION_CONTEXT() REPRESENTATION_CONTEXT('2D SPACE',''
  ) );
#1299 = ORIENTED_EDGE('',*,*,#1300,.T.);
#1300 = EDGE_CURVE('',#1278,#1301,#1303,.T.);
#1301 = VERTEX_POINT('',#1302);
#1302 = CARTESIAN_POINT('',(50.,0.,15.4));
#1303 = SURFACE_CURVE('',#1304,(#1322,#1343),.PCURVE_S1.);
#1304 = B_SPLINE_CURVE_WITH_KNOTS('',6,(#1305,#1306,#1307,#1308,#1309,
    #1310,#1311,#1312,#1313,#1314,#1315,#1316,#1317,#1318,#1319,#1320,
    #1321),.UNSPECIFIED.,.F.,.F.,(7,5,5,7),(0.,0.459116285862,
    0.770494340227,1.),.UNSPECIFIED.);
#1305 = CARTESIAN_POINT('',(49.980396156893,1.4,14.));
#1306 = CARTESIAN_POINT('',(49.980396156893,1.4,14.149760952522));
#1307 = CARTESIAN_POINT('',(49.980934702359,1.380775356604,
    14.299513006151));
#1308 = CARTESIAN_POINT('',(49.982011318447,1.342332203433,
    14.447454928017));
#1309 = CARTESIAN_POINT('',(49.983583778564,1.284233728822,
    14.591675373976));
#1310 = CARTESIAN_POINT('',(49.985558186434,1.205773230821,
    14.729722778051));
#1311 = CARTESIAN_POINT('',(49.989255546721,1.038696824703,
    14.945116382933));
#1312 = CARTESIAN_POINT('',(49.990858836633,0.961299637419,
    15.027923944872));
#1313 = CARTESIAN_POINT('',(49.992511696696,0.873999746089,
    15.104964306058));
#1314 = CARTESIAN_POINT('',(49.994134839822,0.776998332711,
    15.174627257575));
#1315 = CARTESIAN_POINT('',(49.99563248131,0.67074532805,15.235204787954
    ));
#1316 = CARTESIAN_POINT('',(49.99784894892,0.471437551544,
    15.321452964549));
#1317 = CARTESIAN_POINT('',(49.998669123176,0.382261282204,
    15.352112502279));
#1318 = CARTESIAN_POINT('',(49.999323126042,0.289392521511,
    15.375835711276));
#1319 = CARTESIAN_POINT('',(49.999774060043,0.19392553292,
    15.391925866845));
#1320 = CARTESIAN_POINT('',(50.,9.705558904346E-02,15.4));
#1321 = CARTESIAN_POINT('',(50.,1.457762977431E-15,15.4));
#1322 = PCURVE('',#838,#1323);
#1323 = DEFINITIONAL_REPRESENTATION('',(#1324),#1342);
#1324 = B_SPLINE_CURVE_WITH_KNOTS('',6,(#1325,#1326,#1327,#1328,#1329,
    #1330,#1331,#1332,#1333,#1334,#1335,#1336,#1337,#1338,#1339,#1340,
    #1341),.UNSPECIFIED.,.F.,.F.,(7,5,5,7),(0.,0.459116285862,
    0.770494340227,1.),.UNSPECIFIED.);
#1325 = CARTESIAN_POINT('',(0.,-49.98039615689));
#1326 = CARTESIAN_POINT('',(-0.106972108944,-49.98039615689));
#1327 = CARTESIAN_POINT('',(-0.213939084272,-49.98093470235));
#1328 = CARTESIAN_POINT('',(-0.32180954597,-49.98201131844));
#1329 = CARTESIAN_POINT('',(-0.431447092149,-49.98358377856));
#1330 = CARTESIAN_POINT('',(-0.543711023286,-49.98555818643));
#1331 = CARTESIAN_POINT('',(-0.7384229121,-49.98925554672));
#1332 = CARTESIAN_POINT('',(-0.819043086333,-49.99085883663));
#1333 = CARTESIAN_POINT('',(-0.901620003021,-49.99251169669));
#1334 = CARTESIAN_POINT('',(-0.986251264683,-49.99413483982));
#1335 = CARTESIAN_POINT('',(-1.073088816517,-49.99563248131));
#1336 = CARTESIAN_POINT('',(-1.228209470252,-49.99784894892));
#1337 = CARTESIAN_POINT('',(-1.295365313738,-49.99866912317));
#1338 = CARTESIAN_POINT('',(-1.363487689997,-49.99932312604));
#1339 = CARTESIAN_POINT('',(-1.432278049537,-49.99977406004));
#1340 = CARTESIAN_POINT('',(-1.50147090605,-50.));
#1341 = CARTESIAN_POINT('',(-1.570796326795,-50.));
#1342 = ( GEOMETRIC_REPRESENTATION_CONTEXT(2) 
PARAMETRIC_REPRESENTATION_CONTEXT() REPRESENTATION_CONTEXT('2D SPACE',''
  ) );
#1343 = PCURVE('',#1344,#1349);
#1344 = CYLINDRICAL_SURFACE('',#1345,50.);
#1345 = AXIS2_PLACEMENT_3D('',#1346,#1347,#1348);
#1346 = CARTESIAN_POINT('',(0.,0.,0.));
#1347 = DIRECTION('',(-0.,-0.,-1.));
#1348 = DIRECTION('',(1.,0.,0.));
#1349 = DEFINITIONAL_REPRESENTATION('',(#1350),#1368);
#1350 = B_SPLINE_CURVE_WITH_KNOTS('',6,(#1351,#1352,#1353,#1354,#1355,
    #1356,#1357,#1358,#1359,#1360,#1361,#1362,#1363,#1364,#1365,#1366,
    #1367),.UNSPECIFIED.,.F.,.F.,(7,5,5,7),(0.,0.459116285862,
    0.770494340227,1.),.UNSPECIFIED.);
#1351 = CARTESIAN_POINT('',(-2.800365995805E-02,-14.));
#1352 = CARTESIAN_POINT('',(-2.800365995805E-02,-14.14976095252));
#1353 = CARTESIAN_POINT('',(-2.761901622192E-02,-14.29951300615));
#1354 = CARTESIAN_POINT('',(-2.684985186476E-02,-14.44745492801));
#1355 = CARTESIAN_POINT('',(-2.568745698511E-02,-14.59167537397));
#1356 = CARTESIAN_POINT('',(-2.411775743465E-02,-14.72972277805));
#1357 = CARTESIAN_POINT('',(-2.077541119559E-02,-14.94511638293));
#1358 = CARTESIAN_POINT('',(-1.922713693083E-02,-15.02792394487));
#1359 = CARTESIAN_POINT('',(-1.748083057585E-02,-15.10496430605));
#1360 = CARTESIAN_POINT('',(-1.554053940905E-02,-15.17462725757));
#1361 = CARTESIAN_POINT('',(-1.341527765097E-02,-15.23520478795));
#1362 = CARTESIAN_POINT('',(-9.428875638913E-03,-15.32145296454));
#1363 = CARTESIAN_POINT('',(-7.645278037981E-03,-15.35211250227));
#1364 = CARTESIAN_POINT('',(-5.787863739775E-03,-15.37583571127));
#1365 = CARTESIAN_POINT('',(-3.87851057416E-03,-15.39192586684));
#1366 = CARTESIAN_POINT('',(-1.941111780869E-03,-15.4));
#1367 = CARTESIAN_POINT('',(0.,-15.4));
#1368 = ( GEOMETRIC_REPRESENTATION_CONTEXT(2) 
PARAMETRIC_REPRESENTATION_CONTEXT() REPRESENTATION_CONTEXT('2D SPACE',''
  ) );
#1369 = ORIENTED_EDGE('',*,*,#1370,.T.);
#1370 = EDGE_CURVE('',#1301,#1371,#1373,.T.);
#1371 = VERTEX_POINT('',#1372);
#1372 = CARTESIAN_POINT('',(50.,0.,12.6));
#1373 = SURFACE_CURVE('',#1374,(#1407,#1443),.PCURVE_S1.);
#1374 = B_SPLINE_CURVE_WITH_KNOTS('',7,(#1375,#1376,#1377,#1378,#1379,
    #1380,#1381,#1382,#1383,#1384,#1385,#1386,#1387,#1388,#1389,#1390,
    #1391,#1392,#1393,#1394,#1395,#1396,#1397,#1398,#1399,#1400,#1401,
    #1402,#1403,#1404,#1405,#1406),.UNSPECIFIED.,.F.,.F.,(8,6,6,6,6,8),(
    0.,0.268351116018,0.498564377336,0.728783512602,0.884920832541,1.),
  .UNSPECIFIED.);
#1375 = CARTESIAN_POINT('',(50.,-4.662936703426E-15,15.4));
#1376 = CARTESIAN_POINT('',(50.,-0.198242529926,15.4));
#1377 = CARTESIAN_POINT('',(49.999082987805,-0.391528672612,
    15.367250170632));
#1378 = CARTESIAN_POINT('',(49.997331578694,-0.573595821822,
    15.30469638575));
#1379 = CARTESIAN_POINT('',(49.994998583668,-0.739204230914,
    15.216563217808));
#1380 = CARTESIAN_POINT('',(49.992439848181,-0.884364632443,
    15.108270368113));
#1381 = CARTESIAN_POINT('',(49.989962569473,-1.006747863516,
    14.986304735509));
#1382 = CARTESIAN_POINT('',(49.985872949908,-1.19154969132,
    14.748059654683));
#1383 = CARTESIAN_POINT('',(49.984147919137,-1.261815564774,
    14.631119399896));
#1384 = CARTESIAN_POINT('',(49.982685230359,-1.31743292662,
    14.509264465748));
#1385 = CARTESIAN_POINT('',(49.981549890763,-1.358808611245,
    14.384050025468));
#1386 = CARTESIAN_POINT('',(49.98078081187,-1.386268809534,
    14.256723669949));
#1387 = CARTESIAN_POINT('',(49.980396156893,-1.4,14.128363255512));
#1388 = CARTESIAN_POINT('',(49.980396156893,-1.4,13.871633469267));
#1389 = CARTESIAN_POINT('',(49.980780832226,-1.38626811186,
    13.743273294886));
#1390 = CARTESIAN_POINT('',(49.981549911552,-1.358807840506,
    13.615948752783));
#1391 = CARTESIAN_POINT('',(49.982685229926,-1.317432857171,
    13.490736309429));
#1392 = CARTESIAN_POINT('',(49.984147895098,-1.261816443679,
    13.368882510574));
#1393 = CARTESIAN_POINT('',(49.985872922837,-1.191550914607,
    13.251941922369));
#1394 = CARTESIAN_POINT('',(49.989042088798,-1.048342566507,
    13.067318832472));
#1395 = CARTESIAN_POINT('',(49.990400753801,-0.983413119501,
    12.995735358539));
#1396 = CARTESIAN_POINT('',(49.991803328098,-0.911413985229,
    12.928052991592));
#1397 = CARTESIAN_POINT('',(49.993207329465,-0.832427711783,
    12.865180143291));
#1398 = CARTESIAN_POINT('',(49.99456273739,-0.746640331379,
    12.808064876603));
#1399 = CARTESIAN_POINT('',(49.995814764846,-0.654354145029,
    12.75770211376));
#1400 = CARTESIAN_POINT('',(49.997714565626,-0.483521479822,
    12.683776218168));
#1401 = CARTESIAN_POINT('',(49.998434767837,-0.407742445318,
    12.65664792678));
#1402 = CARTESIAN_POINT('',(49.999042847978,-0.329193165475,
    12.634330914832));
#1403 = CARTESIAN_POINT('',(49.999516414056,-0.248474507566,
    12.61726746113));
#1404 = CARTESIAN_POINT('',(49.99983864019,-0.166242335668,
    12.605766456176));
#1405 = CARTESIAN_POINT('',(50.,-8.318486228994E-02,12.6));
#1406 = CARTESIAN_POINT('',(50.,-2.442490654175E-15,12.6));
#1407 = PCURVE('',#838,#1408);
#1408 = DEFINITIONAL_REPRESENTATION('',(#1409),#1442);
#1409 = B_SPLINE_CURVE_WITH_KNOTS('',7,(#1410,#1411,#1412,#1413,#1414,
    #1415,#1416,#1417,#1418,#1419,#1420,#1421,#1422,#1423,#1424,#1425,
    #1426,#1427,#1428,#1429,#1430,#1431,#1432,#1433,#1434,#1435,#1436,
    #1437,#1438,#1439,#1440,#1441),.UNSPECIFIED.,.F.,.F.,(8,6,6,6,6,8),(
    0.,0.268351116018,0.498564377336,0.728783512602,0.884920832541,1.),
  .UNSPECIFIED.);
#1410 = CARTESIAN_POINT('',(-1.570796326795,-50.));
#1411 = CARTESIAN_POINT('',(-1.712398133885,-50.));
#1412 = CARTESIAN_POINT('',(-1.850459646311,-49.9990829878));
#1413 = CARTESIAN_POINT('',(-1.985144964103,-49.99733157869));
#1414 = CARTESIAN_POINT('',(-2.116307062887,-49.99499858366));
#1415 = CARTESIAN_POINT('',(-2.243520982998,-49.99243984818));
#1416 = CARTESIAN_POINT('',(-2.365936222269,-49.98996256947));
#1417 = CARTESIAN_POINT('',(-2.581305428396,-49.9858729499));
#1418 = CARTESIAN_POINT('',(-2.678068695506,-49.98414791913));
#1419 = CARTESIAN_POINT('',(-2.772795108048,-49.98268523035));
#1420 = CARTESIAN_POINT('',(-2.866014259375,-49.98154989076));
#1421 = CARTESIAN_POINT('',(-2.958217749697,-49.98078081187));
#1422 = CARTESIAN_POINT('',(-3.049904613938,-49.98039615689));
#1423 = CARTESIAN_POINT('',(-3.233283032685,-49.98039615689));
#1424 = CARTESIAN_POINT('',(-3.324969744911,-49.98078083222));
#1425 = CARTESIAN_POINT('',(-3.417172001689,-49.98154991155));
#1426 = CARTESIAN_POINT('',(-3.510389719351,-49.98268522992));
#1427 = CARTESIAN_POINT('',(-3.605115154635,-49.98414789509));
#1428 = CARTESIAN_POINT('',(-3.701878453157,-49.98587292283));
#1429 = CARTESIAN_POINT('',(-3.868774357853,-49.98904208879));
#1430 = CARTESIAN_POINT('',(-3.937601404428,-49.9904007538));
#1431 = CARTESIAN_POINT('',(-4.00782254946,-49.99180332809));
#1432 = CARTESIAN_POINT('',(-4.079483197324,-49.99320732946));
#1433 = CARTESIAN_POINT('',(-4.152654647368,-49.99456273739));
#1434 = CARTESIAN_POINT('',(-4.227438679436,-49.99581476484));
#1435 = CARTESIAN_POINT('',(-4.360397238156,-49.99771456562));
#1436 = CARTESIAN_POINT('',(-4.417768973106,-49.99843476783));
#1437 = CARTESIAN_POINT('',(-4.475885300768,-49.99904284797));
#1438 = CARTESIAN_POINT('',(-4.534564552282,-49.99951641405));
#1439 = CARTESIAN_POINT('',(-4.593644432256,-49.99983864019));
#1440 = CARTESIAN_POINT('',(-4.652971221606,-50.));
#1441 = CARTESIAN_POINT('',(-4.712388980385,-50.));
#1442 = ( GEOMETRIC_REPRESENTATION_CONTEXT(2) 
PARAMETRIC_REPRESENTATION_CONTEXT() REPRESENTATION_CONTEXT('2D SPACE',''
  ) );
#1443 = PCURVE('',#1344,#1444);
#1444 = DEFINITIONAL_REPRESENTATION('',(#1445),#1478);
#1445 = B_SPLINE_CURVE_WITH_KNOTS('',7,(#1446,#1447,#1448,#1449,#1450,
    #1451,#1452,#1453,#1454,#1455,#1456,#1457,#1458,#1459,#1460,#1461,
    #1462,#1463,#1464,#1465,#1466,#1467,#1468,#1469,#1470,#1471,#1472,
    #1473,#1474,#1475,#1476,#1477),.UNSPECIFIED.,.F.,.F.,(8,6,6,6,6,8),(
    0.,0.268351116018,0.498564377336,0.728783512602,0.884920832541,1.),
  .UNSPECIFIED.);
#1446 = CARTESIAN_POINT('',(-6.28318530718,-15.4));
#1447 = CARTESIAN_POINT('',(-6.279220456581,-15.4));
#1448 = CARTESIAN_POINT('',(-6.275354733572,-15.36725017063));
#1449 = CARTESIAN_POINT('',(-6.271713289662,-15.30469638575));
#1450 = CARTESIAN_POINT('',(-6.268400836337,-15.2165632178));
#1451 = CARTESIAN_POINT('',(-6.265497193181,-15.10827036811));
#1452 = CARTESIAN_POINT('',(-6.263049031651,-14.9863047355));
#1453 = CARTESIAN_POINT('',(-6.259352090183,-14.74805965468));
#1454 = CARTESIAN_POINT('',(-6.257946353364,-14.63111939989));
#1455 = CARTESIAN_POINT('',(-6.256833623161,-14.50926446574));
#1456 = CARTESIAN_POINT('',(-6.256005798027,-14.38405002546));
#1457 = CARTESIAN_POINT('',(-6.255456378787,-14.25672366994));
#1458 = CARTESIAN_POINT('',(-6.255181647222,-14.12836325551));
#1459 = CARTESIAN_POINT('',(-6.255181647222,-13.87163346926));
#1460 = CARTESIAN_POINT('',(-6.255456392747,-13.74327329488));
#1461 = CARTESIAN_POINT('',(-6.256005813447,-13.61594875278));
#1462 = CARTESIAN_POINT('',(-6.256833624549,-13.49073630942));
#1463 = CARTESIAN_POINT('',(-6.25794633578,-13.36888251057));
#1464 = CARTESIAN_POINT('',(-6.259352065711,-13.25194192236));
#1465 = CARTESIAN_POINT('',(-6.262216933916,-13.06731883247));
#1466 = CARTESIAN_POINT('',(-6.263515806173,-12.99573535853));
#1467 = CARTESIAN_POINT('',(-6.264956059594,-12.92805299159));
#1468 = CARTESIAN_POINT('',(-6.266536029961,-12.86518014329));
#1469 = CARTESIAN_POINT('',(-6.268251985416,-12.8080648766));
#1470 = CARTESIAN_POINT('',(-6.27009787346,-12.75770211376));
#1471 = CARTESIAN_POINT('',(-6.273514738031,-12.68377621816));
#1472 = CARTESIAN_POINT('',(-6.275030385243,-12.65664792678));
#1473 = CARTESIAN_POINT('',(-6.27660141381,-12.63433091483));
#1474 = CARTESIAN_POINT('',(-6.278215809462,-12.61726746113));
#1475 = CARTESIAN_POINT('',(-6.27986046053,-12.60576645617));
#1476 = CARTESIAN_POINT('',(-6.281521609934,-12.6));
#1477 = CARTESIAN_POINT('',(-6.28318530718,-12.6));
#1478 = ( GEOMETRIC_REPRESENTATION_CONTEXT(2) 
PARAMETRIC_REPRESENTATION_CONTEXT() REPRESENTATION_CONTEXT('2D SPACE',''
  ) );
#1479 = ORIENTED_EDGE('',*,*,#1480,.T.);
#1480 = EDGE_CURVE('',#1371,#1278,#1481,.T.);
#1481 = SURFACE_CURVE('',#1482,(#1497,#1515),.PCURVE_S1.);
#1482 = B_SPLINE_CURVE_WITH_KNOTS('',7,(#1483,#1484,#1485,#1486,#1487,
    #1488,#1489,#1490,#1491,#1492,#1493,#1494,#1495,#1496),
  .UNSPECIFIED.,.F.,.F.,(8,6,8),(0.,0.457536385884,1.),.UNSPECIFIED.);
#1483 = CARTESIAN_POINT('',(50.,3.60176144883E-15,12.6));
#1484 = CARTESIAN_POINT('',(50.,0.167592085869,12.6));
#1485 = CARTESIAN_POINT('',(49.999344992453,0.332508833862,
    12.623406321661));
#1486 = CARTESIAN_POINT('',(49.998070679511,0.490539073195,
    12.668871728802));
#1487 = CARTESIAN_POINT('',(49.996317100856,0.63789822606,12.73402482556
    ));
#1488 = CARTESIAN_POINT('',(49.994287699601,0.771474177803,
    12.815540175762));
#1489 = CARTESIAN_POINT('',(49.992195877498,0.889113709603,
    12.909214722281));
#1490 = CARTESIAN_POINT('',(49.987831551189,1.109502267036,
    13.129603279714));
#1491 = CARTESIAN_POINT('',(49.985551505488,1.207787811296,
    13.261576780468));
#1492 = CARTESIAN_POINT('',(49.983562150183,1.285335718923,
    13.402018599417));
#1493 = CARTESIAN_POINT('',(49.981996887171,1.342855016646,
    13.548096504296));
#1494 = CARTESIAN_POINT('',(49.980929707945,1.380951703382,
    13.69762558989));
#1495 = CARTESIAN_POINT('',(49.980396156893,1.4,13.848810121424));
#1496 = CARTESIAN_POINT('',(49.980396156893,1.4,14.));
#1497 = PCURVE('',#838,#1498);
#1498 = DEFINITIONAL_REPRESENTATION('',(#1499),#1514);
#1499 = B_SPLINE_CURVE_WITH_KNOTS('',7,(#1500,#1501,#1502,#1503,#1504,
    #1505,#1506,#1507,#1508,#1509,#1510,#1511,#1512,#1513),
  .UNSPECIFIED.,.F.,.F.,(8,6,8),(0.,0.457536385884,1.),.UNSPECIFIED.);
#1500 = CARTESIAN_POINT('',(-4.712388980385,-50.));
#1501 = CARTESIAN_POINT('',(-4.832097613148,-50.));
#1502 = CARTESIAN_POINT('',(-4.949894811287,-49.99934499245));
#1503 = CARTESIAN_POINT('',(-5.06557737023,-49.99807067951));
#1504 = CARTESIAN_POINT('',(-5.178833438718,-49.99631710085));
#1505 = CARTESIAN_POINT('',(-5.289198348486,-49.9942876996));
#1506 = CARTESIAN_POINT('',(-5.395927619934,-49.99219587749));
#1507 = CARTESIAN_POINT('',(-5.618553682015,-49.98783155118));
#1508 = CARTESIAN_POINT('',(-5.734852265089,-49.98555150548));
#1509 = CARTESIAN_POINT('',(-5.847829196981,-49.98356215018));
#1510 = CARTESIAN_POINT('',(-5.958339121463,-49.98199688717));
#1511 = CARTESIAN_POINT('',(-6.067203826176,-49.98092970794));
#1512 = CARTESIAN_POINT('',(-6.175192536768,-49.98039615689));
#1513 = CARTESIAN_POINT('',(-6.28318530718,-49.98039615689));
#1514 = ( GEOMETRIC_REPRESENTATION_CONTEXT(2) 
PARAMETRIC_REPRESENTATION_CONTEXT() REPRESENTATION_CONTEXT('2D SPACE',''
  ) );
#1515 = PCURVE('',#1344,#1516);
#1516 = DEFINITIONAL_REPRESENTATION('',(#1517),#1532);
#1517 = B_SPLINE_CURVE_WITH_KNOTS('',7,(#1518,#1519,#1520,#1521,#1522,
    #1523,#1524,#1525,#1526,#1527,#1528,#1529,#1530,#1531),
  .UNSPECIFIED.,.F.,.F.,(8,6,8),(0.,0.457536385884,1.),.UNSPECIFIED.);
#1518 = CARTESIAN_POINT('',(0.,-12.6));
#1519 = CARTESIAN_POINT('',(-3.351841717385E-03,-12.6));
#1520 = CARTESIAN_POINT('',(-6.650176609701E-03,-12.62340632166));
#1521 = CARTESIAN_POINT('',(-9.810843003787E-03,-12.6688717288));
#1522 = CARTESIAN_POINT('',(-1.275820217141E-02,-12.73402482556));
#1523 = CARTESIAN_POINT('',(-1.543001485456E-02,-12.81554017576));
#1524 = CARTESIAN_POINT('',(-1.778317256177E-02,-12.90921472228));
#1525 = CARTESIAN_POINT('',(-2.219180788766E-02,-13.12960327971));
#1526 = CARTESIAN_POINT('',(-2.415803630472E-02,-13.26157678046));
#1527 = CARTESIAN_POINT('',(-2.570950054743E-02,-13.40201859941));
#1528 = CARTESIAN_POINT('',(-2.686031198503E-02,-13.54809650429));
#1529 = CARTESIAN_POINT('',(-2.762254460441E-02,-13.69762558989));
#1530 = CARTESIAN_POINT('',(-2.800365995805E-02,-13.84881012142));
#1531 = CARTESIAN_POINT('',(-2.800365995805E-02,-14.));
#1532 = ( GEOMETRIC_REPRESENTATION_CONTEXT(2) 
PARAMETRIC_REPRESENTATION_CONTEXT() REPRESENTATION_CONTEXT('2D SPACE',''
  ) );
#1533 = ORIENTED_EDGE('',*,*,#1277,.F.);
#1534 = ORIENTED_EDGE('',*,*,#869,.T.);
#1535 = ORIENTED_EDGE('',*,*,#823,.T.);
#1536 = ADVANCED_FACE('',(#1537,#1567),#1204,.F.);
#1537 = FACE_BOUND('',#1538,.F.);
#1538 = EDGE_LOOP('',(#1539));
#1539 = ORIENTED_EDGE('',*,*,#1540,.F.);
#1540 = EDGE_CURVE('',#1541,#1541,#1543,.T.);
#1541 = VERTEX_POINT('',#1542);
#1542 = CARTESIAN_POINT('',(50.,0.,10.933333333333));
#1543 = SURFACE_CURVE('',#1544,(#1549,#1560),.PCURVE_S1.);
#1544 = CIRCLE('',#1545,50.);
#1545 = AXIS2_PLACEMENT_3D('',#1546,#1547,#1548);
#1546 = CARTESIAN_POINT('',(0.,0.,10.933333333333));
#1547 = DIRECTION('',(0.,0.,-1.));
#1548 = DIRECTION('',(1.,0.,0.));
#1549 = PCURVE('',#1204,#1550);
#1550 = DEFINITIONAL_REPRESENTATION('',(#1551),#1559);
#1551 = ( BOUNDED_CURVE() B_SPLINE_CURVE(2,(#1552,#1553,#1554,#1555,
#1556,#1557,#1558),.UNSPECIFIED.,.T.,.F.) B_SPLINE_CURVE_WITH_KNOTS((1,2
    ,2,2,2,1),(-2.094395102393,0.,2.094395102393,4.188790204786,
6.28318530718,8.377580409573),.UNSPECIFIED.) CURVE() 
GEOMETRIC_REPRESENTATION_ITEM() RATIONAL_B_SPLINE_CURVE((1.,0.5,1.,0.5,
1.,0.5,1.)) REPRESENTATION_ITEM('') );
#1552 = CARTESIAN_POINT('',(50.,-4.609291841672E-15));
#1553 = CARTESIAN_POINT('',(50.,-86.60254037844));
#1554 = CARTESIAN_POINT('',(-25.,-43.30127018922));
#1555 = CARTESIAN_POINT('',(-100.,-1.685575983315E-14));
#1556 = CARTESIAN_POINT('',(-25.,43.301270189222));
#1557 = CARTESIAN_POINT('',(50.,86.602540378444));
#1558 = CARTESIAN_POINT('',(50.,-4.609291841672E-15));
#1559 = ( GEOMETRIC_REPRESENTATION_CONTEXT(2) 
PARAMETRIC_REPRESENTATION_CONTEXT() REPRESENTATION_CONTEXT('2D SPACE',''
  ) );
#1560 = PCURVE('',#1344,#1561);
#1561 = DEFINITIONAL_REPRESENTATION('',(#1562),#1566);
#1562 = LINE('',#1563,#1564);
#1563 = CARTESIAN_POINT('',(-6.28318530718,-10.93333333333));
#1564 = VECTOR('',#1565,1.);
#1565 = DIRECTION('',(1.,-0.));
#1566 = ( GEOMETRIC_REPRESENTATION_CONTEXT(2) 
PARAMETRIC_REPRESENTATION_CONTEXT() REPRESENTATION_CONTEXT('2D SPACE',''
  ) );
#1567 = FACE_BOUND('',#1568,.F.);
#1568 = EDGE_LOOP('',(#1569));
#1569 = ORIENTED_EDGE('',*,*,#1189,.F.);
#1570 = ADVANCED_FACE('',(#1571),#1238,.T.);
#1571 = FACE_BOUND('',#1572,.F.);
#1572 = EDGE_LOOP('',(#1573,#1606,#1627,#1628));
#1573 = ORIENTED_EDGE('',*,*,#1574,.T.);
#1574 = EDGE_CURVE('',#1575,#1575,#1577,.T.);
#1575 = VERTEX_POINT('',#1576);
#1576 = CARTESIAN_POINT('',(50.,0.,20.266666666667));
#1577 = SURFACE_CURVE('',#1578,(#1583,#1590),.PCURVE_S1.);
#1578 = CIRCLE('',#1579,50.);
#1579 = AXIS2_PLACEMENT_3D('',#1580,#1581,#1582);
#1580 = CARTESIAN_POINT('',(0.,0.,20.266666666667));
#1581 = DIRECTION('',(0.,0.,-1.));
#1582 = DIRECTION('',(1.,0.,0.));
#1583 = PCURVE('',#1238,#1584);
#1584 = DEFINITIONAL_REPRESENTATION('',(#1585),#1589);
#1585 = LINE('',#1586,#1587);
#1586 = CARTESIAN_POINT('',(-6.28318530718,-20.26666666666));
#1587 = VECTOR('',#1588,1.);
#1588 = DIRECTION('',(1.,-0.));
#1589 = ( GEOMETRIC_REPRESENTATION_CONTEXT(2) 
PARAMETRIC_REPRESENTATION_CONTEXT() REPRESENTATION_CONTEXT('2D SPACE',''
  ) );
#1590 = PCURVE('',#1591,#1596);
#1591 = PLANE('',#1592);
#1592 = AXIS2_PLACEMENT_3D('',#1593,#1594,#1595);
#1593 = CARTESIAN_POINT('',(-1.683003240049E-15,4.609291841672E-15,
    20.266666666667));
#1594 = DIRECTION('',(0.,0.,1.));
#1595 = DIRECTION('',(1.,0.,-0.));
#1596 = DEFINITIONAL_REPRESENTATION('',(#1597),#1605);
#1597 = ( BOUNDED_CURVE() B_SPLINE_CURVE(2,(#1598,#1599,#1600,#1601,
#1602,#1603,#1604),.UNSPECIFIED.,.T.,.F.) B_SPLINE_CURVE_WITH_KNOTS((1,2
    ,2,2,2,1),(-2.094395102393,0.,2.094395102393,4.188790204786,
6.28318530718,8.377580409573),.UNSPECIFIED.) CURVE() 
GEOMETRIC_REPRESENTATION_ITEM() RATIONAL_B_SPLINE_CURVE((1.,0.5,1.,0.5,
1.,0.5,1.)) REPRESENTATION_ITEM('') );
#1598 = CARTESIAN_POINT('',(50.,-4.609291841672E-15));
#1599 = CARTESIAN_POINT('',(50.,-86.60254037844));
#1600 = CARTESIAN_POINT('',(-25.,-43.30127018922));
#1601 = CARTESIAN_POINT('',(-100.,-1.685575983315E-14));
#1602 = CARTESIAN_POINT('',(-25.,43.301270189222));
#1603 = CARTESIAN_POINT('',(50.,86.602540378444));
#1604 = CARTESIAN_POINT('',(50.,-4.609291841672E-15));
#1605 = ( GEOMETRIC_REPRESENTATION_CONTEXT(2) 
PARAMETRIC_REPRESENTATION_CONTEXT() REPRESENTATION_CONTEXT('2D SPACE',''
  ) );
#1606 = ORIENTED_EDGE('',*,*,#1607,.T.);
#1607 = EDGE_CURVE('',#1575,#1222,#1608,.T.);
#1608 = SEAM_CURVE('',#1609,(#1613,#1620),.PCURVE_S1.);
#1609 = LINE('',#1610,#1611);
#1610 = CARTESIAN_POINT('',(50.,0.,0.));
#1611 = VECTOR('',#1612,1.);
#1612 = DIRECTION('',(0.,0.,1.));
#1613 = PCURVE('',#1238,#1614);
#1614 = DEFINITIONAL_REPRESENTATION('',(#1615),#1619);
#1615 = LINE('',#1616,#1617);
#1616 = CARTESIAN_POINT('',(-6.28318530718,0.));
#1617 = VECTOR('',#1618,1.);
#1618 = DIRECTION('',(-0.,-1.));
#1619 = ( GEOMETRIC_REPRESENTATION_CONTEXT(2) 
PARAMETRIC_REPRESENTATION_CONTEXT() REPRESENTATION_CONTEXT('2D SPACE',''
  ) );
#1620 = PCURVE('',#1238,#1621);
#1621 = DEFINITIONAL_REPRESENTATION('',(#1622),#1626);
#1622 = LINE('',#1623,#1624);
#1623 = CARTESIAN_POINT('',(-0.,0.));
#1624 = VECTOR('',#1625,1.);
#1625 = DIRECTION('',(-0.,-1.));
#1626 = ( GEOMETRIC_REPRESENTATION_CONTEXT(2) 
PARAMETRIC_REPRESENTATION_CONTEXT() REPRESENTATION_CONTEXT('2D SPACE',''
  ) );
#1627 = ORIENTED_EDGE('',*,*,#1221,.T.);
#1628 = ORIENTED_EDGE('',*,*,#1607,.F.);
#1629 = ADVANCED_FACE('',(#1630),#1344,.T.);
#1630 = FACE_BOUND('',#1631,.F.);
#1631 = EDGE_LOOP('',(#1632,#1633,#1654,#1655,#1656,#1679,#1710,#1711,
    #1712));
#1632 = ORIENTED_EDGE('',*,*,#1540,.T.);
#1633 = ORIENTED_EDGE('',*,*,#1634,.T.);
#1634 = EDGE_CURVE('',#1541,#1371,#1635,.T.);
#1635 = SEAM_CURVE('',#1636,(#1640,#1647),.PCURVE_S1.);
#1636 = LINE('',#1637,#1638);
#1637 = CARTESIAN_POINT('',(50.,0.,0.));
#1638 = VECTOR('',#1639,1.);
#1639 = DIRECTION('',(0.,0.,1.));
#1640 = PCURVE('',#1344,#1641);
#1641 = DEFINITIONAL_REPRESENTATION('',(#1642),#1646);
#1642 = LINE('',#1643,#1644);
#1643 = CARTESIAN_POINT('',(-6.28318530718,0.));
#1644 = VECTOR('',#1645,1.);
#1645 = DIRECTION('',(-0.,-1.));
#1646 = ( GEOMETRIC_REPRESENTATION_CONTEXT(2) 
PARAMETRIC_REPRESENTATION_CONTEXT() REPRESENTATION_CONTEXT('2D SPACE',''
  ) );
#1647 = PCURVE('',#1344,#1648);
#1648 = DEFINITIONAL_REPRESENTATION('',(#1649),#1653);
#1649 = LINE('',#1650,#1651);
#1650 = CARTESIAN_POINT('',(-0.,0.));
#1651 = VECTOR('',#1652,1.);
#1652 = DIRECTION('',(-0.,-1.));
#1653 = ( GEOMETRIC_REPRESENTATION_CONTEXT(2) 
PARAMETRIC_REPRESENTATION_CONTEXT() REPRESENTATION_CONTEXT('2D SPACE',''
  ) );
#1654 = ORIENTED_EDGE('',*,*,#1480,.T.);
#1655 = ORIENTED_EDGE('',*,*,#1300,.T.);
#1656 = ORIENTED_EDGE('',*,*,#1657,.T.);
#1657 = EDGE_CURVE('',#1301,#1658,#1660,.T.);
#1658 = VERTEX_POINT('',#1659);
#1659 = CARTESIAN_POINT('',(50.,0.,17.066666666667));
#1660 = SEAM_CURVE('',#1661,(#1665,#1672),.PCURVE_S1.);
#1661 = LINE('',#1662,#1663);
#1662 = CARTESIAN_POINT('',(50.,0.,0.));
#1663 = VECTOR('',#1664,1.);
#1664 = DIRECTION('',(0.,0.,1.));
#1665 = PCURVE('',#1344,#1666);
#1666 = DEFINITIONAL_REPRESENTATION('',(#1667),#1671);
#1667 = LINE('',#1668,#1669);
#1668 = CARTESIAN_POINT('',(-6.28318530718,0.));
#1669 = VECTOR('',#1670,1.);
#1670 = DIRECTION('',(-0.,-1.));
#1671 = ( GEOMETRIC_REPRESENTATION_CONTEXT(2) 
PARAMETRIC_REPRESENTATION_CONTEXT() REPRESENTATION_CONTEXT('2D SPACE',''
  ) );
#1672 = PCURVE('',#1344,#1673);
#1673 = DEFINITIONAL_REPRESENTATION('',(#1674),#1678);
#1674 = LINE('',#1675,#1676);
#1675 = CARTESIAN_POINT('',(-0.,0.));
#1676 = VECTOR('',#1677,1.);
#1677 = DIRECTION('',(-0.,-1.));
#1678 = ( GEOMETRIC_REPRESENTATION_CONTEXT(2) 
PARAMETRIC_REPRESENTATION_CONTEXT() REPRESENTATION_CONTEXT('2D SPACE',''
  ) );
#1679 = ORIENTED_EDGE('',*,*,#1680,.F.);
#1680 = EDGE_CURVE('',#1658,#1658,#1681,.T.);
#1681 = SURFACE_CURVE('',#1682,(#1687,#1694),.PCURVE_S1.);
#1682 = CIRCLE('',#1683,50.);
#1683 = AXIS2_PLACEMENT_3D('',#1684,#1685,#1686);
#1684 = CARTESIAN_POINT('',(0.,0.,17.066666666667));
#1685 = DIRECTION('',(0.,0.,-1.));
#1686 = DIRECTION('',(1.,0.,0.));
#1687 = PCURVE('',#1344,#1688);
#1688 = DEFINITIONAL_REPRESENTATION('',(#1689),#1693);
#1689 = LINE('',#1690,#1691);
#1690 = CARTESIAN_POINT('',(-6.28318530718,-17.06666666666));
#1691 = VECTOR('',#1692,1.);
#1692 = DIRECTION('',(1.,-0.));
#1693 = ( GEOMETRIC_REPRESENTATION_CONTEXT(2) 
PARAMETRIC_REPRESENTATION_CONTEXT() REPRESENTATION_CONTEXT('2D SPACE',''
  ) );
#1694 = PCURVE('',#1695,#1700);
#1695 = PLANE('',#1696);
#1696 = AXIS2_PLACEMENT_3D('',#1697,#1698,#1699);
#1697 = CARTESIAN_POINT('',(-1.683003240049E-15,4.609291841672E-15,
    17.066666666667));
#1698 = DIRECTION('',(0.,0.,1.));
#1699 = DIRECTION('',(1.,0.,-0.));
#1700 = DEFINITIONAL_REPRESENTATION('',(#1701),#1709);
#1701 = ( BOUNDED_CURVE() B_SPLINE_CURVE(2,(#1702,#1703,#1704,#1705,
#1706,#1707,#1708),.UNSPECIFIED.,.T.,.F.) B_SPLINE_CURVE_WITH_KNOTS((1,2
    ,2,2,2,1),(-2.094395102393,0.,2.094395102393,4.188790204786,
6.28318530718,8.377580409573),.UNSPECIFIED.) CURVE() 
GEOMETRIC_REPRESENTATION_ITEM() RATIONAL_B_SPLINE_CURVE((1.,0.5,1.,0.5,
1.,0.5,1.)) REPRESENTATION_ITEM('') );
#1702 = CARTESIAN_POINT('',(50.,-4.609291841672E-15));
#1703 = CARTESIAN_POINT('',(50.,-86.60254037844));
#1704 = CARTESIAN_POINT('',(-25.,-43.30127018922));
#1705 = CARTESIAN_POINT('',(-100.,-1.685575983315E-14));
#1706 = CARTESIAN_POINT('',(-25.,43.301270189222));
#1707 = CARTESIAN_POINT('',(50.,86.602540378444));
#1708 = CARTESIAN_POINT('',(50.,-4.609291841672E-15));
#1709 = ( GEOMETRIC_REPRESENTATION_CONTEXT(2) 
PARAMETRIC_REPRESENTATION_CONTEXT() REPRESENTATION_CONTEXT('2D SPACE',''
  ) );
#1710 = ORIENTED_EDGE('',*,*,#1657,.F.);
#1711 = ORIENTED_EDGE('',*,*,#1370,.T.);
#1712 = ORIENTED_EDGE('',*,*,#1634,.F.);
#1713 = ADVANCED_FACE('',(#1714,#1717),#1591,.F.);
#1714 = FACE_BOUND('',#1715,.F.);
#1715 = EDGE_LOOP('',(#1716));
#1716 = ORIENTED_EDGE('',*,*,#1574,.F.);
#1717 = FACE_BOUND('',#1718,.F.);
#1718 = EDGE_LOOP('',(#1719));
#1719 = ORIENTED_EDGE('',*,*,#1720,.F.);
#1720 = EDGE_CURVE('',#1721,#1721,#1723,.T.);
#1721 = VERTEX_POINT('',#1722);
#1722 = CARTESIAN_POINT('',(48.2,5.465713352001E-15,20.266666666667));
#1723 = SURFACE_CURVE('',#1724,(#1729,#1736),.PCURVE_S1.);
#1724 = CIRCLE('',#1725,48.2);
#1725 = AXIS2_PLACEMENT_3D('',#1726,#1727,#1728);
#1726 = CARTESIAN_POINT('',(2.481433861808E-13,5.465713352001E-15,
    20.266666666667));
#1727 = DIRECTION('',(0.,0.,1.));
#1728 = DIRECTION('',(1.,0.,0.));
#1729 = PCURVE('',#1591,#1730);
#1730 = DEFINITIONAL_REPRESENTATION('',(#1731),#1735);
#1731 = CIRCLE('',#1732,48.2);
#1732 = AXIS2_PLACEMENT_2D('',#1733,#1734);
#1733 = CARTESIAN_POINT('',(2.498263894209E-13,8.564215103288E-16));
#1734 = DIRECTION('',(1.,0.));
#1735 = ( GEOMETRIC_REPRESENTATION_CONTEXT(2) 
PARAMETRIC_REPRESENTATION_CONTEXT() REPRESENTATION_CONTEXT('2D SPACE',''
  ) );
#1736 = PCURVE('',#1737,#1742);
#1737 = CYLINDRICAL_SURFACE('',#1738,48.2);
#1738 = AXIS2_PLACEMENT_3D('',#1739,#1740,#1741);
#1739 = CARTESIAN_POINT('',(2.481433861808E-13,5.465713352001E-15,
    17.066666666667));
#1740 = DIRECTION('',(-0.,-0.,-1.));
#1741 = DIRECTION('',(1.,0.,0.));
#1742 = DEFINITIONAL_REPRESENTATION('',(#1743),#1747);
#1743 = LINE('',#1744,#1745);
#1744 = CARTESIAN_POINT('',(-0.,-3.2));
#1745 = VECTOR('',#1746,1.);
#1746 = DIRECTION('',(-1.,0.));
#1747 = ( GEOMETRIC_REPRESENTATION_CONTEXT(2) 
PARAMETRIC_REPRESENTATION_CONTEXT() REPRESENTATION_CONTEXT('2D SPACE',''
  ) );
#1748 = ADVANCED_FACE('',(#1749,#1752),#1695,.T.);
#1749 = FACE_BOUND('',#1750,.T.);
#1750 = EDGE_LOOP('',(#1751));
#1751 = ORIENTED_EDGE('',*,*,#1680,.F.);
#1752 = FACE_BOUND('',#1753,.T.);
#1753 = EDGE_LOOP('',(#1754));
#1754 = ORIENTED_EDGE('',*,*,#1755,.F.);
#1755 = EDGE_CURVE('',#1756,#1756,#1758,.T.);
#1756 = VERTEX_POINT('',#1757);
#1757 = CARTESIAN_POINT('',(48.2,5.465713352001E-15,17.066666666667));
#1758 = SURFACE_CURVE('',#1759,(#1764,#1771),.PCURVE_S1.);
#1759 = CIRCLE('',#1760,48.2);
#1760 = AXIS2_PLACEMENT_3D('',#1761,#1762,#1763);
#1761 = CARTESIAN_POINT('',(2.481433861808E-13,5.465713352001E-15,
    17.066666666667));
#1762 = DIRECTION('',(0.,0.,1.));
#1763 = DIRECTION('',(1.,0.,0.));
#1764 = PCURVE('',#1695,#1765);
#1765 = DEFINITIONAL_REPRESENTATION('',(#1766),#1770);
#1766 = CIRCLE('',#1767,48.2);
#1767 = AXIS2_PLACEMENT_2D('',#1768,#1769);
#1768 = CARTESIAN_POINT('',(2.498263894209E-13,8.564215103288E-16));
#1769 = DIRECTION('',(1.,0.));
#1770 = ( GEOMETRIC_REPRESENTATION_CONTEXT(2) 
PARAMETRIC_REPRESENTATION_CONTEXT() REPRESENTATION_CONTEXT('2D SPACE',''
  ) );
#1771 = PCURVE('',#1737,#1772);
#1772 = DEFINITIONAL_REPRESENTATION('',(#1773),#1777);
#1773 = LINE('',#1774,#1775);
#1774 = CARTESIAN_POINT('',(-0.,0.));
#1775 = VECTOR('',#1776,1.);
#1776 = DIRECTION('',(-1.,0.));
#1777 = ( GEOMETRIC_REPRESENTATION_CONTEXT(2) 
PARAMETRIC_REPRESENTATION_CONTEXT() REPRESENTATION_CONTEXT('2D SPACE',''
  ) );
#1778 = ADVANCED_FACE('',(#1779),#1737,.T.);
#1779 = FACE_BOUND('',#1780,.F.);
#1780 = EDGE_LOOP('',(#1781,#1802,#1803,#1804));
#1781 = ORIENTED_EDGE('',*,*,#1782,.T.);
#1782 = EDGE_CURVE('',#1756,#1721,#1783,.T.);
#1783 = SEAM_CURVE('',#1784,(#1788,#1795),.PCURVE_S1.);
#1784 = LINE('',#1785,#1786);
#1785 = CARTESIAN_POINT('',(48.2,5.465713352001E-15,17.066666666667));
#1786 = VECTOR('',#1787,1.);
#1787 = DIRECTION('',(0.,0.,1.));
#1788 = PCURVE('',#1737,#1789);
#1789 = DEFINITIONAL_REPRESENTATION('',(#1790),#1794);
#1790 = LINE('',#1791,#1792);
#1791 = CARTESIAN_POINT('',(-0.,0.));
#1792 = VECTOR('',#1793,1.);
#1793 = DIRECTION('',(-0.,-1.));
#1794 = ( GEOMETRIC_REPRESENTATION_CONTEXT(2) 
PARAMETRIC_REPRESENTATION_CONTEXT() REPRESENTATION_CONTEXT('2D SPACE',''
  ) );
#1795 = PCURVE('',#1737,#1796);
#1796 = DEFINITIONAL_REPRESENTATION('',(#1797),#1801);
#1797 = LINE('',#1798,#1799);
#1798 = CARTESIAN_POINT('',(-6.28318530718,0.));
#1799 = VECTOR('',#1800,1.);
#1800 = DIRECTION('',(-0.,-1.));
#1801 = ( GEOMETRIC_REPRESENTATION_CONTEXT(2) 
PARAMETRIC_REPRESENTATION_CONTEXT() REPRESENTATION_CONTEXT('2D SPACE',''
  ) );
#1802 = ORIENTED_EDGE('',*,*,#1720,.T.);
#1803 = ORIENTED_EDGE('',*,*,#1782,.F.);
#1804 = ORIENTED_EDGE('',*,*,#1755,.F.);
#1805 = ( GEOMETRIC_REPRESENTATION_CONTEXT(3) 
GLOBAL_UNCERTAINTY_ASSIGNED_CONTEXT((#1809)) 
GLOBAL_UNIT_ASSIGNED_CONTEXT((#1806,#1807,#1808)) REPRESENTATION_CONTEXT
('Context #1','3D Context with UNIT and UNCERTAINTY') );
#1806 = ( LENGTH_UNIT() NAMED_UNIT(*) SI_UNIT(.MILLI.,.METRE.) );
#1807 = ( NAMED_UNIT(*) PLANE_ANGLE_UNIT() SI_UNIT($,.RADIAN.) );
#1808 = ( NAMED_UNIT(*) SI_UNIT($,.STERADIAN.) SOLID_ANGLE_UNIT() );
#1809 = UNCERTAINTY_MEASURE_WITH_UNIT(LENGTH_MEASURE(1.E-07),#1806,
  'distance_accuracy_value','confusion accuracy');
#1810 = PRODUCT_RELATED_PRODUCT_CATEGORY('part',$,(#7));
ENDSEC;
END-ISO-10303-21;
