ISO-10303-21;
HEADER;
FILE_DESCRIPTION(('Open CASCADE Model'),'2;1');
FILE_NAME('Open CASCADE Shape Model','2026-07-21T12:24:09',('Author'),(
    'Open CASCADE'),'Open CASCADE STEP processor 7.9','Open CASCADE 7.9'
  ,'Unknown');
FILE_SCHEMA(('AUTOMOTIVE_DESIGN { 1 0 10303 214 1 1 1 1 }'));
ENDSEC;
DATA;
#1 = APPLICATION_PROTOCOL_DEFINITION('international standard',
  'automotive_design',2000,#2);
#2 = APPLICATION_CONTEXT(
  'core data for automotive mechanical design processes');
#3 = SHAPE_DEFINITION_REPRESENTATION(#4,#10);
#4 = PRODUCT_DEFINITION_SHAPE('','',#5);
#5 = PRODUCT_DEFINITION('design','',#6,#9);
#6 = PRODUCT_DEFINITION_FORMATION('','',#7);
#7 = PRODUCT('Open CASCADE STEP translator 7.9 10',
  'Open CASCADE STEP translator 7.9 10','',(#8));
#8 = PRODUCT_CONTEXT('',#2,'mechanical');
#9 = PRODUCT_DEFINITION_CONTEXT('part definition',#2,'design');
#10 = ADVANCED_BREP_SHAPE_REPRESENTATION('',(#11,#15),#8257);
#11 = AXIS2_PLACEMENT_3D('',#12,#13,#14);
#12 = CARTESIAN_POINT('',(0.,0.,0.));
#13 = DIRECTION('',(0.,0.,1.));
#14 = DIRECTION('',(1.,0.,-0.));
#15 = MANIFOLD_SOLID_BREP('',#16);
#16 = CLOSED_SHELL('',(#17,#137,#3212,#3266,#3316,#5901,#5928,#5955,
    #5982,#6009,#6036,#6063,#6090,#6117,#6124,#6151,#6178,#6205,#6232,
    #6259,#6286,#6313,#6340,#6367,#6394,#6421,#6448,#6475,#6502,#6529,
    #6556,#6583,#6610,#6637,#6664,#6691,#6718,#6745,#6772,#6799,#6826,
    #6853,#6880,#6907,#6934,#6961,#6988,#7015,#7042,#7069,#7096,#7123,
    #7150,#7177,#7204,#7231,#7258,#7285,#7312,#7339,#7366,#7393,#7420,
    #7447,#7474,#7501,#7528,#7555,#7582,#7609,#7636,#7663,#7690,#7717,
    #7744,#7771,#7798,#7825,#7852,#7879,#7906,#7933,#7960,#7987,#8014,
    #8041,#8068,#8095,#8122,#8149,#8176,#8203,#8230));
#17 = ADVANCED_FACE('',(#18),#32,.F.);
#18 = FACE_BOUND('',#19,.F.);
#19 = EDGE_LOOP('',(#20,#55,#83,#111));
#20 = ORIENTED_EDGE('',*,*,#21,.F.);
#21 = EDGE_CURVE('',#22,#24,#26,.T.);
#22 = VERTEX_POINT('',#23);
#23 = CARTESIAN_POINT('',(68.,-26.,0.));
#24 = VERTEX_POINT('',#25);
#25 = CARTESIAN_POINT('',(68.,4.274643247804,0.));
#26 = SURFACE_CURVE('',#27,(#31,#43),.PCURVE_S1.);
#27 = LINE('',#28,#29);
#28 = CARTESIAN_POINT('',(68.,-34.,0.));
#29 = VECTOR('',#30,1.);
#30 = DIRECTION('',(0.,1.,0.));
#31 = PCURVE('',#32,#37);
#32 = PLANE('',#33);
#33 = AXIS2_PLACEMENT_3D('',#34,#35,#36);
#34 = CARTESIAN_POINT('',(68.,-34.,0.));
#35 = DIRECTION('',(-1.,0.,0.));
#36 = DIRECTION('',(0.,1.,0.));
#37 = DEFINITIONAL_REPRESENTATION('',(#38),#42);
#38 = LINE('',#39,#40);
#39 = CARTESIAN_POINT('',(0.,0.));
#40 = VECTOR('',#41,1.);
#41 = DIRECTION('',(1.,0.));
#42 = ( GEOMETRIC_REPRESENTATION_CONTEXT(2) 
PARAMETRIC_REPRESENTATION_CONTEXT() REPRESENTATION_CONTEXT('2D SPACE',''
  ) );
#43 = PCURVE('',#44,#49);
#44 = PLANE('',#45);
#45 = AXIS2_PLACEMENT_3D('',#46,#47,#48);
#46 = CARTESIAN_POINT('',(-4.241163886649,19.603833947763,0.));
#47 = DIRECTION('',(0.,0.,1.));
#48 = DIRECTION('',(1.,0.,-0.));
#49 = DEFINITIONAL_REPRESENTATION('',(#50),#54);
#50 = LINE('',#51,#52);
#51 = CARTESIAN_POINT('',(72.241163886649,-53.60383394776));
#52 = VECTOR('',#53,1.);
#53 = DIRECTION('',(0.,1.));
#54 = ( GEOMETRIC_REPRESENTATION_CONTEXT(2) 
PARAMETRIC_REPRESENTATION_CONTEXT() REPRESENTATION_CONTEXT('2D SPACE',''
  ) );
#55 = ORIENTED_EDGE('',*,*,#56,.T.);
#56 = EDGE_CURVE('',#22,#57,#59,.T.);
#57 = VERTEX_POINT('',#58);
#58 = CARTESIAN_POINT('',(68.,-26.,6.));
#59 = SURFACE_CURVE('',#60,(#64,#71),.PCURVE_S1.);
#60 = LINE('',#61,#62);
#61 = CARTESIAN_POINT('',(68.,-26.,0.));
#62 = VECTOR('',#63,1.);
#63 = DIRECTION('',(0.,0.,1.));
#64 = PCURVE('',#32,#65);
#65 = DEFINITIONAL_REPRESENTATION('',(#66),#70);
#66 = LINE('',#67,#68);
#67 = CARTESIAN_POINT('',(8.,0.));
#68 = VECTOR('',#69,1.);
#69 = DIRECTION('',(0.,-1.));
#70 = ( GEOMETRIC_REPRESENTATION_CONTEXT(2) 
PARAMETRIC_REPRESENTATION_CONTEXT() REPRESENTATION_CONTEXT('2D SPACE',''
  ) );
#71 = PCURVE('',#72,#77);
#72 = CYLINDRICAL_SURFACE('',#73,8.);
#73 = AXIS2_PLACEMENT_3D('',#74,#75,#76);
#74 = CARTESIAN_POINT('',(60.,-26.,0.));
#75 = DIRECTION('',(0.,0.,1.));
#76 = DIRECTION('',(1.,0.,-0.));
#77 = DEFINITIONAL_REPRESENTATION('',(#78),#82);
#78 = LINE('',#79,#80);
#79 = CARTESIAN_POINT('',(-0.,0.));
#80 = VECTOR('',#81,1.);
#81 = DIRECTION('',(-0.,1.));
#82 = ( GEOMETRIC_REPRESENTATION_CONTEXT(2) 
PARAMETRIC_REPRESENTATION_CONTEXT() REPRESENTATION_CONTEXT('2D SPACE',''
  ) );
#83 = ORIENTED_EDGE('',*,*,#84,.T.);
#84 = EDGE_CURVE('',#57,#85,#87,.T.);
#85 = VERTEX_POINT('',#86);
#86 = CARTESIAN_POINT('',(68.,4.274643247804,6.));
#87 = SURFACE_CURVE('',#88,(#92,#99),.PCURVE_S1.);
#88 = LINE('',#89,#90);
#89 = CARTESIAN_POINT('',(68.,-34.,6.));
#90 = VECTOR('',#91,1.);
#91 = DIRECTION('',(0.,1.,0.));
#92 = PCURVE('',#32,#93);
#93 = DEFINITIONAL_REPRESENTATION('',(#94),#98);
#94 = LINE('',#95,#96);
#95 = CARTESIAN_POINT('',(0.,-6.));
#96 = VECTOR('',#97,1.);
#97 = DIRECTION('',(1.,0.));
#98 = ( GEOMETRIC_REPRESENTATION_CONTEXT(2) 
PARAMETRIC_REPRESENTATION_CONTEXT() REPRESENTATION_CONTEXT('2D SPACE',''
  ) );
#99 = PCURVE('',#100,#105);
#100 = PLANE('',#101);
#101 = AXIS2_PLACEMENT_3D('',#102,#103,#104);
#102 = CARTESIAN_POINT('',(-4.241163886649,19.603833947763,6.));
#103 = DIRECTION('',(0.,0.,1.));
#104 = DIRECTION('',(1.,0.,-0.));
#105 = DEFINITIONAL_REPRESENTATION('',(#106),#110);
#106 = LINE('',#107,#108);
#107 = CARTESIAN_POINT('',(72.241163886649,-53.60383394776));
#108 = VECTOR('',#109,1.);
#109 = DIRECTION('',(0.,1.));
#110 = ( GEOMETRIC_REPRESENTATION_CONTEXT(2) 
PARAMETRIC_REPRESENTATION_CONTEXT() REPRESENTATION_CONTEXT('2D SPACE',''
  ) );
#111 = ORIENTED_EDGE('',*,*,#112,.F.);
#112 = EDGE_CURVE('',#24,#85,#113,.T.);
#113 = SURFACE_CURVE('',#114,(#118,#125),.PCURVE_S1.);
#114 = LINE('',#115,#116);
#115 = CARTESIAN_POINT('',(68.,4.274643247804,0.));
#116 = VECTOR('',#117,1.);
#117 = DIRECTION('',(0.,0.,1.));
#118 = PCURVE('',#32,#119);
#119 = DEFINITIONAL_REPRESENTATION('',(#120),#124);
#120 = LINE('',#121,#122);
#121 = CARTESIAN_POINT('',(38.274643247804,0.));
#122 = VECTOR('',#123,1.);
#123 = DIRECTION('',(0.,-1.));
#124 = ( GEOMETRIC_REPRESENTATION_CONTEXT(2) 
PARAMETRIC_REPRESENTATION_CONTEXT() REPRESENTATION_CONTEXT('2D SPACE',''
  ) );
#125 = PCURVE('',#126,#131);
#126 = CYLINDRICAL_SURFACE('',#127,8.);
#127 = AXIS2_PLACEMENT_3D('',#128,#129,#130);
#128 = CARTESIAN_POINT('',(60.,4.274643247804,0.));
#129 = DIRECTION('',(0.,0.,1.));
#130 = DIRECTION('',(1.,0.,-0.));
#131 = DEFINITIONAL_REPRESENTATION('',(#132),#136);
#132 = LINE('',#133,#134);
#133 = CARTESIAN_POINT('',(0.,0.));
#134 = VECTOR('',#135,1.);
#135 = DIRECTION('',(0.,1.));
#136 = ( GEOMETRIC_REPRESENTATION_CONTEXT(2) 
PARAMETRIC_REPRESENTATION_CONTEXT() REPRESENTATION_CONTEXT('2D SPACE',''
  ) );
#137 = ADVANCED_FACE('',(#138,#447,#482,#517,#552,#587,#622,#657,#692,
    #727,#762,#797,#832,#867,#902,#937,#972,#1007,#1042,#1077,#1112,
    #1147,#1182,#1217,#1252,#1287,#1322,#1357,#1392,#1427,#1462,#1497,
    #1532,#1567,#1602,#1637,#1672,#1707,#1742,#1777,#1812,#1847,#1882,
    #1917,#1952,#1987,#2022,#2057,#2092,#2127,#2162,#2197,#2232,#2267,
    #2302,#2337,#2372,#2407,#2442,#2477,#2512,#2547,#2582,#2617,#2652,
    #2687,#2722,#2757,#2792,#2827,#2862,#2897,#2932,#2967,#3002,#3037,
    #3072,#3107,#3142,#3177),#44,.F.);
#138 = FACE_BOUND('',#139,.F.);
#139 = EDGE_LOOP('',(#140,#141,#165,#193,#222,#250,#279,#307,#336,#364,
    #393,#421));
#140 = ORIENTED_EDGE('',*,*,#21,.T.);
#141 = ORIENTED_EDGE('',*,*,#142,.T.);
#142 = EDGE_CURVE('',#24,#143,#145,.T.);
#143 = VERTEX_POINT('',#144);
#144 = CARTESIAN_POINT('',(67.288863382707,7.571986206648,0.));
#145 = SURFACE_CURVE('',#146,(#151,#158),.PCURVE_S1.);
#146 = CIRCLE('',#147,8.);
#147 = AXIS2_PLACEMENT_3D('',#148,#149,#150);
#148 = CARTESIAN_POINT('',(60.,4.274643247804,0.));
#149 = DIRECTION('',(0.,0.,1.));
#150 = DIRECTION('',(0.,-1.,0.));
#151 = PCURVE('',#44,#152);
#152 = DEFINITIONAL_REPRESENTATION('',(#153),#157);
#153 = CIRCLE('',#154,8.);
#154 = AXIS2_PLACEMENT_2D('',#155,#156);
#155 = CARTESIAN_POINT('',(64.241163886649,-15.32919069995));
#156 = DIRECTION('',(0.,-1.));
#157 = ( GEOMETRIC_REPRESENTATION_CONTEXT(2) 
PARAMETRIC_REPRESENTATION_CONTEXT() REPRESENTATION_CONTEXT('2D SPACE',''
  ) );
#158 = PCURVE('',#126,#159);
#159 = DEFINITIONAL_REPRESENTATION('',(#160),#164);
#160 = LINE('',#161,#162);
#161 = CARTESIAN_POINT('',(-1.570796326795,0.));
#162 = VECTOR('',#163,1.);
#163 = DIRECTION('',(1.,0.));
#164 = ( GEOMETRIC_REPRESENTATION_CONTEXT(2) 
PARAMETRIC_REPRESENTATION_CONTEXT() REPRESENTATION_CONTEXT('2D SPACE',''
  ) );
#165 = ORIENTED_EDGE('',*,*,#166,.T.);
#166 = EDGE_CURVE('',#143,#167,#169,.T.);
#167 = VERTEX_POINT('',#168);
#168 = CARTESIAN_POINT('',(32.127392470999,85.297342958844,0.));
#169 = SURFACE_CURVE('',#170,(#174,#181),.PCURVE_S1.);
#170 = LINE('',#171,#172);
#171 = CARTESIAN_POINT('',(68.,6.,0.));
#172 = VECTOR('',#173,1.);
#173 = DIRECTION('',(-0.412167869855,0.911107922838,0.));
#174 = PCURVE('',#44,#175);
#175 = DEFINITIONAL_REPRESENTATION('',(#176),#180);
#176 = LINE('',#177,#178);
#177 = CARTESIAN_POINT('',(72.241163886649,-13.60383394776));
#178 = VECTOR('',#179,1.);
#179 = DIRECTION('',(-0.412167869855,0.911107922838));
#180 = ( GEOMETRIC_REPRESENTATION_CONTEXT(2) 
PARAMETRIC_REPRESENTATION_CONTEXT() REPRESENTATION_CONTEXT('2D SPACE',''
  ) );
#181 = PCURVE('',#182,#187);
#182 = PLANE('',#183);
#183 = AXIS2_PLACEMENT_3D('',#184,#185,#186);
#184 = CARTESIAN_POINT('',(68.,6.,0.));
#185 = DIRECTION('',(-0.911107922838,-0.412167869855,0.));
#186 = DIRECTION('',(-0.412167869855,0.911107922838,0.));
#187 = DEFINITIONAL_REPRESENTATION('',(#188),#192);
#188 = LINE('',#189,#190);
#189 = CARTESIAN_POINT('',(0.,0.));
#190 = VECTOR('',#191,1.);
#191 = DIRECTION('',(1.,0.));
#192 = ( GEOMETRIC_REPRESENTATION_CONTEXT(2) 
PARAMETRIC_REPRESENTATION_CONTEXT() REPRESENTATION_CONTEXT('2D SPACE',''
  ) );
#193 = ORIENTED_EDGE('',*,*,#194,.T.);
#194 = EDGE_CURVE('',#167,#195,#197,.T.);
#195 = VERTEX_POINT('',#196);
#196 = CARTESIAN_POINT('',(24.838529088292,90.,0.));
#197 = SURFACE_CURVE('',#198,(#203,#210),.PCURVE_S1.);
#198 = CIRCLE('',#199,8.);
#199 = AXIS2_PLACEMENT_3D('',#200,#201,#202);
#200 = CARTESIAN_POINT('',(24.838529088292,82.,0.));
#201 = DIRECTION('',(0.,0.,1.));
#202 = DIRECTION('',(0.,-1.,0.));
#203 = PCURVE('',#44,#204);
#204 = DEFINITIONAL_REPRESENTATION('',(#205),#209);
#205 = CIRCLE('',#206,8.);
#206 = AXIS2_PLACEMENT_2D('',#207,#208);
#207 = CARTESIAN_POINT('',(29.079692974941,62.396166052237));
#208 = DIRECTION('',(0.,-1.));
#209 = ( GEOMETRIC_REPRESENTATION_CONTEXT(2) 
PARAMETRIC_REPRESENTATION_CONTEXT() REPRESENTATION_CONTEXT('2D SPACE',''
  ) );
#210 = PCURVE('',#211,#216);
#211 = CYLINDRICAL_SURFACE('',#212,8.);
#212 = AXIS2_PLACEMENT_3D('',#213,#214,#215);
#213 = CARTESIAN_POINT('',(24.838529088292,82.,0.));
#214 = DIRECTION('',(0.,0.,1.));
#215 = DIRECTION('',(0.911107922838,0.412167869855,-0.));
#216 = DEFINITIONAL_REPRESENTATION('',(#217),#221);
#217 = LINE('',#218,#219);
#218 = CARTESIAN_POINT('',(-1.995628489714,0.));
#219 = VECTOR('',#220,1.);
#220 = DIRECTION('',(1.,0.));
#221 = ( GEOMETRIC_REPRESENTATION_CONTEXT(2) 
PARAMETRIC_REPRESENTATION_CONTEXT() REPRESENTATION_CONTEXT('2D SPACE',''
  ) );
#222 = ORIENTED_EDGE('',*,*,#223,.T.);
#223 = EDGE_CURVE('',#195,#224,#226,.T.);
#224 = VERTEX_POINT('',#225);
#225 = CARTESIAN_POINT('',(-30.33858774272,90.,0.));
#226 = SURFACE_CURVE('',#227,(#231,#238),.PCURVE_S1.);
#227 = LINE('',#228,#229);
#228 = CARTESIAN_POINT('',(30.,90.,0.));
#229 = VECTOR('',#230,1.);
#230 = DIRECTION('',(-1.,0.,0.));
#231 = PCURVE('',#44,#232);
#232 = DEFINITIONAL_REPRESENTATION('',(#233),#237);
#233 = LINE('',#234,#235);
#234 = CARTESIAN_POINT('',(34.241163886649,70.396166052237));
#235 = VECTOR('',#236,1.);
#236 = DIRECTION('',(-1.,0.));
#237 = ( GEOMETRIC_REPRESENTATION_CONTEXT(2) 
PARAMETRIC_REPRESENTATION_CONTEXT() REPRESENTATION_CONTEXT('2D SPACE',''
  ) );
#238 = PCURVE('',#239,#244);
#239 = PLANE('',#240);
#240 = AXIS2_PLACEMENT_3D('',#241,#242,#243);
#241 = CARTESIAN_POINT('',(30.,90.,0.));
#242 = DIRECTION('',(0.,-1.,0.));
#243 = DIRECTION('',(-1.,0.,0.));
#244 = DEFINITIONAL_REPRESENTATION('',(#245),#249);
#245 = LINE('',#246,#247);
#246 = CARTESIAN_POINT('',(0.,-0.));
#247 = VECTOR('',#248,1.);
#248 = DIRECTION('',(1.,0.));
#249 = ( GEOMETRIC_REPRESENTATION_CONTEXT(2) 
PARAMETRIC_REPRESENTATION_CONTEXT() REPRESENTATION_CONTEXT('2D SPACE',''
  ) );
#250 = ORIENTED_EDGE('',*,*,#251,.T.);
#251 = EDGE_CURVE('',#224,#252,#254,.T.);
#252 = VERTEX_POINT('',#253);
#253 = CARTESIAN_POINT('',(-36.39317180488,87.228958962769,0.));
#254 = SURFACE_CURVE('',#255,(#260,#267),.PCURVE_S1.);
#255 = CIRCLE('',#256,8.);
#256 = AXIS2_PLACEMENT_3D('',#257,#258,#259);
#257 = CARTESIAN_POINT('',(-30.33858774272,82.,0.));
#258 = DIRECTION('',(0.,0.,1.));
#259 = DIRECTION('',(0.,-1.,0.));
#260 = PCURVE('',#44,#261);
#261 = DEFINITIONAL_REPRESENTATION('',(#262),#266);
#262 = CIRCLE('',#263,8.);
#263 = AXIS2_PLACEMENT_2D('',#264,#265);
#264 = CARTESIAN_POINT('',(-26.09742385608,62.396166052237));
#265 = DIRECTION('',(0.,-1.));
#266 = ( GEOMETRIC_REPRESENTATION_CONTEXT(2) 
PARAMETRIC_REPRESENTATION_CONTEXT() REPRESENTATION_CONTEXT('2D SPACE',''
  ) );
#267 = PCURVE('',#268,#273);
#268 = CYLINDRICAL_SURFACE('',#269,8.);
#269 = AXIS2_PLACEMENT_3D('',#270,#271,#272);
#270 = CARTESIAN_POINT('',(-30.33858774272,82.,0.));
#271 = DIRECTION('',(0.,0.,1.));
#272 = DIRECTION('',(-0.,1.,0.));
#273 = DEFINITIONAL_REPRESENTATION('',(#274),#278);
#274 = LINE('',#275,#276);
#275 = CARTESIAN_POINT('',(-3.14159265359,0.));
#276 = VECTOR('',#277,1.);
#277 = DIRECTION('',(1.,0.));
#278 = ( GEOMETRIC_REPRESENTATION_CONTEXT(2) 
PARAMETRIC_REPRESENTATION_CONTEXT() REPRESENTATION_CONTEXT('2D SPACE',''
  ) );
#279 = ORIENTED_EDGE('',*,*,#280,.T.);
#280 = EDGE_CURVE('',#252,#281,#283,.T.);
#281 = VERTEX_POINT('',#282);
#282 = CARTESIAN_POINT('',(-70.05458406215,48.252586875401,0.));
#283 = SURFACE_CURVE('',#284,(#288,#295),.PCURVE_S1.);
#284 = LINE('',#285,#286);
#285 = CARTESIAN_POINT('',(-34.,90.,0.));
#286 = VECTOR('',#287,1.);
#287 = DIRECTION('',(-0.653619870346,-0.756823007769,0.));
#288 = PCURVE('',#44,#289);
#289 = DEFINITIONAL_REPRESENTATION('',(#290),#294);
#290 = LINE('',#291,#292);
#291 = CARTESIAN_POINT('',(-29.75883611335,70.396166052237));
#292 = VECTOR('',#293,1.);
#293 = DIRECTION('',(-0.653619870346,-0.756823007769));
#294 = ( GEOMETRIC_REPRESENTATION_CONTEXT(2) 
PARAMETRIC_REPRESENTATION_CONTEXT() REPRESENTATION_CONTEXT('2D SPACE',''
  ) );
#295 = PCURVE('',#296,#301);
#296 = PLANE('',#297);
#297 = AXIS2_PLACEMENT_3D('',#298,#299,#300);
#298 = CARTESIAN_POINT('',(-34.,90.,0.));
#299 = DIRECTION('',(0.756823007769,-0.653619870346,0.));
#300 = DIRECTION('',(-0.653619870346,-0.756823007769,0.));
#301 = DEFINITIONAL_REPRESENTATION('',(#302),#306);
#302 = LINE('',#303,#304);
#303 = CARTESIAN_POINT('',(0.,0.));
#304 = VECTOR('',#305,1.);
#305 = DIRECTION('',(1.,0.));
#306 = ( GEOMETRIC_REPRESENTATION_CONTEXT(2) 
PARAMETRIC_REPRESENTATION_CONTEXT() REPRESENTATION_CONTEXT('2D SPACE',''
  ) );
#307 = ORIENTED_EDGE('',*,*,#308,.T.);
#308 = EDGE_CURVE('',#281,#309,#311,.T.);
#309 = VERTEX_POINT('',#310);
#310 = CARTESIAN_POINT('',(-72.,43.023627912633,0.));
#311 = SURFACE_CURVE('',#312,(#317,#324),.PCURVE_S1.);
#312 = CIRCLE('',#313,8.);
#313 = AXIS2_PLACEMENT_3D('',#314,#315,#316);
#314 = CARTESIAN_POINT('',(-64.,43.023627912633,0.));
#315 = DIRECTION('',(0.,0.,1.));
#316 = DIRECTION('',(0.,-1.,0.));
#317 = PCURVE('',#44,#318);
#318 = DEFINITIONAL_REPRESENTATION('',(#319),#323);
#319 = CIRCLE('',#320,8.);
#320 = AXIS2_PLACEMENT_2D('',#321,#322);
#321 = CARTESIAN_POINT('',(-59.75883611335,23.41979396487));
#322 = DIRECTION('',(0.,-1.));
#323 = ( GEOMETRIC_REPRESENTATION_CONTEXT(2) 
PARAMETRIC_REPRESENTATION_CONTEXT() REPRESENTATION_CONTEXT('2D SPACE',''
  ) );
#324 = PCURVE('',#325,#330);
#325 = CYLINDRICAL_SURFACE('',#326,8.);
#326 = AXIS2_PLACEMENT_3D('',#327,#328,#329);
#327 = CARTESIAN_POINT('',(-64.,43.023627912633,0.));
#328 = DIRECTION('',(0.,0.,1.));
#329 = DIRECTION('',(-0.756823007769,0.653619870346,0.));
#330 = DEFINITIONAL_REPRESENTATION('',(#331),#335);
#331 = LINE('',#332,#333);
#332 = CARTESIAN_POINT('',(-4.00003138229,0.));
#333 = VECTOR('',#334,1.);
#334 = DIRECTION('',(1.,0.));
#335 = ( GEOMETRIC_REPRESENTATION_CONTEXT(2) 
PARAMETRIC_REPRESENTATION_CONTEXT() REPRESENTATION_CONTEXT('2D SPACE',''
  ) );
#336 = ORIENTED_EDGE('',*,*,#337,.T.);
#337 = EDGE_CURVE('',#309,#338,#340,.T.);
#338 = VERTEX_POINT('',#339);
#339 = CARTESIAN_POINT('',(-72.,-26.,0.));
#340 = SURFACE_CURVE('',#341,(#345,#352),.PCURVE_S1.);
#341 = LINE('',#342,#343);
#342 = CARTESIAN_POINT('',(-72.,46.,0.));
#343 = VECTOR('',#344,1.);
#344 = DIRECTION('',(0.,-1.,0.));
#345 = PCURVE('',#44,#346);
#346 = DEFINITIONAL_REPRESENTATION('',(#347),#351);
#347 = LINE('',#348,#349);
#348 = CARTESIAN_POINT('',(-67.75883611335,26.396166052237));
#349 = VECTOR('',#350,1.);
#350 = DIRECTION('',(0.,-1.));
#351 = ( GEOMETRIC_REPRESENTATION_CONTEXT(2) 
PARAMETRIC_REPRESENTATION_CONTEXT() REPRESENTATION_CONTEXT('2D SPACE',''
  ) );
#352 = PCURVE('',#353,#358);
#353 = PLANE('',#354);
#354 = AXIS2_PLACEMENT_3D('',#355,#356,#357);
#355 = CARTESIAN_POINT('',(-72.,46.,0.));
#356 = DIRECTION('',(1.,0.,-0.));
#357 = DIRECTION('',(0.,-1.,0.));
#358 = DEFINITIONAL_REPRESENTATION('',(#359),#363);
#359 = LINE('',#360,#361);
#360 = CARTESIAN_POINT('',(0.,0.));
#361 = VECTOR('',#362,1.);
#362 = DIRECTION('',(1.,0.));
#363 = ( GEOMETRIC_REPRESENTATION_CONTEXT(2) 
PARAMETRIC_REPRESENTATION_CONTEXT() REPRESENTATION_CONTEXT('2D SPACE',''
  ) );
#364 = ORIENTED_EDGE('',*,*,#365,.T.);
#365 = EDGE_CURVE('',#338,#366,#368,.T.);
#366 = VERTEX_POINT('',#367);
#367 = CARTESIAN_POINT('',(-64.,-34.,0.));
#368 = SURFACE_CURVE('',#369,(#374,#381),.PCURVE_S1.);
#369 = CIRCLE('',#370,8.);
#370 = AXIS2_PLACEMENT_3D('',#371,#372,#373);
#371 = CARTESIAN_POINT('',(-64.,-26.,0.));
#372 = DIRECTION('',(0.,0.,1.));
#373 = DIRECTION('',(0.,-1.,0.));
#374 = PCURVE('',#44,#375);
#375 = DEFINITIONAL_REPRESENTATION('',(#376),#380);
#376 = CIRCLE('',#377,8.);
#377 = AXIS2_PLACEMENT_2D('',#378,#379);
#378 = CARTESIAN_POINT('',(-59.75883611335,-45.60383394776));
#379 = DIRECTION('',(0.,-1.));
#380 = ( GEOMETRIC_REPRESENTATION_CONTEXT(2) 
PARAMETRIC_REPRESENTATION_CONTEXT() REPRESENTATION_CONTEXT('2D SPACE',''
  ) );
#381 = PCURVE('',#382,#387);
#382 = CYLINDRICAL_SURFACE('',#383,8.);
#383 = AXIS2_PLACEMENT_3D('',#384,#385,#386);
#384 = CARTESIAN_POINT('',(-64.,-26.,0.));
#385 = DIRECTION('',(0.,0.,1.));
#386 = DIRECTION('',(-1.,0.,0.));
#387 = DEFINITIONAL_REPRESENTATION('',(#388),#392);
#388 = LINE('',#389,#390);
#389 = CARTESIAN_POINT('',(-4.712388980385,0.));
#390 = VECTOR('',#391,1.);
#391 = DIRECTION('',(1.,0.));
#392 = ( GEOMETRIC_REPRESENTATION_CONTEXT(2) 
PARAMETRIC_REPRESENTATION_CONTEXT() REPRESENTATION_CONTEXT('2D SPACE',''
  ) );
#393 = ORIENTED_EDGE('',*,*,#394,.T.);
#394 = EDGE_CURVE('',#366,#395,#397,.T.);
#395 = VERTEX_POINT('',#396);
#396 = CARTESIAN_POINT('',(60.,-34.,0.));
#397 = SURFACE_CURVE('',#398,(#402,#409),.PCURVE_S1.);
#398 = LINE('',#399,#400);
#399 = CARTESIAN_POINT('',(-72.,-34.,0.));
#400 = VECTOR('',#401,1.);
#401 = DIRECTION('',(1.,0.,0.));
#402 = PCURVE('',#44,#403);
#403 = DEFINITIONAL_REPRESENTATION('',(#404),#408);
#404 = LINE('',#405,#406);
#405 = CARTESIAN_POINT('',(-67.75883611335,-53.60383394776));
#406 = VECTOR('',#407,1.);
#407 = DIRECTION('',(1.,0.));
#408 = ( GEOMETRIC_REPRESENTATION_CONTEXT(2) 
PARAMETRIC_REPRESENTATION_CONTEXT() REPRESENTATION_CONTEXT('2D SPACE',''
  ) );
#409 = PCURVE('',#410,#415);
#410 = PLANE('',#411);
#411 = AXIS2_PLACEMENT_3D('',#412,#413,#414);
#412 = CARTESIAN_POINT('',(-72.,-34.,0.));
#413 = DIRECTION('',(0.,1.,0.));
#414 = DIRECTION('',(1.,0.,0.));
#415 = DEFINITIONAL_REPRESENTATION('',(#416),#420);
#416 = LINE('',#417,#418);
#417 = CARTESIAN_POINT('',(0.,0.));
#418 = VECTOR('',#419,1.);
#419 = DIRECTION('',(1.,0.));
#420 = ( GEOMETRIC_REPRESENTATION_CONTEXT(2) 
PARAMETRIC_REPRESENTATION_CONTEXT() REPRESENTATION_CONTEXT('2D SPACE',''
  ) );
#421 = ORIENTED_EDGE('',*,*,#422,.F.);
#422 = EDGE_CURVE('',#22,#395,#423,.T.);
#423 = SURFACE_CURVE('',#424,(#429,#440),.PCURVE_S1.);
#424 = CIRCLE('',#425,8.);
#425 = AXIS2_PLACEMENT_3D('',#426,#427,#428);
#426 = CARTESIAN_POINT('',(60.,-26.,0.));
#427 = DIRECTION('',(-0.,-0.,-1.));
#428 = DIRECTION('',(0.,-1.,0.));
#429 = PCURVE('',#44,#430);
#430 = DEFINITIONAL_REPRESENTATION('',(#431),#439);
#431 = ( BOUNDED_CURVE() B_SPLINE_CURVE(2,(#432,#433,#434,#435,#436,#437
,#438),.UNSPECIFIED.,.T.,.F.) B_SPLINE_CURVE_WITH_KNOTS((1,2,2,2,2,1),(
    -2.094395102393,0.,2.094395102393,4.188790204786,6.28318530718,
8.377580409573),.UNSPECIFIED.) CURVE() GEOMETRIC_REPRESENTATION_ITEM() 
RATIONAL_B_SPLINE_CURVE((1.,0.5,1.,0.5,1.,0.5,1.)) REPRESENTATION_ITEM(
  '') );
#432 = CARTESIAN_POINT('',(64.241163886649,-53.60383394776));
#433 = CARTESIAN_POINT('',(50.384757426098,-53.60383394776));
#434 = CARTESIAN_POINT('',(57.312960656373,-41.60383394776));
#435 = CARTESIAN_POINT('',(64.241163886649,-29.60383394776));
#436 = CARTESIAN_POINT('',(71.169367116924,-41.60383394776));
#437 = CARTESIAN_POINT('',(78.0975703472,-53.60383394776));
#438 = CARTESIAN_POINT('',(64.241163886649,-53.60383394776));
#439 = ( GEOMETRIC_REPRESENTATION_CONTEXT(2) 
PARAMETRIC_REPRESENTATION_CONTEXT() REPRESENTATION_CONTEXT('2D SPACE',''
  ) );
#440 = PCURVE('',#72,#441);
#441 = DEFINITIONAL_REPRESENTATION('',(#442),#446);
#442 = LINE('',#443,#444);
#443 = CARTESIAN_POINT('',(4.712388980385,-0.));
#444 = VECTOR('',#445,1.);
#445 = DIRECTION('',(-1.,0.));
#446 = ( GEOMETRIC_REPRESENTATION_CONTEXT(2) 
PARAMETRIC_REPRESENTATION_CONTEXT() REPRESENTATION_CONTEXT('2D SPACE',''
  ) );
#447 = FACE_BOUND('',#448,.F.);
#448 = EDGE_LOOP('',(#449));
#449 = ORIENTED_EDGE('',*,*,#450,.T.);
#450 = EDGE_CURVE('',#451,#451,#453,.T.);
#451 = VERTEX_POINT('',#452);
#452 = CARTESIAN_POINT('',(-65.95,-25.4,0.));
#453 = SURFACE_CURVE('',#454,(#459,#470),.PCURVE_S1.);
#454 = CIRCLE('',#455,2.45);
#455 = AXIS2_PLACEMENT_3D('',#456,#457,#458);
#456 = CARTESIAN_POINT('',(-63.5,-25.4,0.));
#457 = DIRECTION('',(0.,0.,-1.));
#458 = DIRECTION('',(-1.,0.,0.));
#459 = PCURVE('',#44,#460);
#460 = DEFINITIONAL_REPRESENTATION('',(#461),#469);
#461 = ( BOUNDED_CURVE() B_SPLINE_CURVE(2,(#462,#463,#464,#465,#466,#467
,#468),.UNSPECIFIED.,.T.,.F.) B_SPLINE_CURVE_WITH_KNOTS((1,2,2,2,2,1),(
    -2.094395102393,0.,2.094395102393,4.188790204786,6.28318530718,
8.377580409573),.UNSPECIFIED.) CURVE() GEOMETRIC_REPRESENTATION_ITEM() 
RATIONAL_B_SPLINE_CURVE((1.,0.5,1.,0.5,1.,0.5,1.)) REPRESENTATION_ITEM(
  '') );
#462 = CARTESIAN_POINT('',(-61.70883611335,-45.00383394776));
#463 = CARTESIAN_POINT('',(-61.70883611335,-40.76030946921));
#464 = CARTESIAN_POINT('',(-58.03383611335,-42.88207170849));
#465 = CARTESIAN_POINT('',(-54.35883611335,-45.00383394776));
#466 = CARTESIAN_POINT('',(-58.03383611335,-47.12559618703));
#467 = CARTESIAN_POINT('',(-61.70883611335,-49.2473584263));
#468 = CARTESIAN_POINT('',(-61.70883611335,-45.00383394776));
#469 = ( GEOMETRIC_REPRESENTATION_CONTEXT(2) 
PARAMETRIC_REPRESENTATION_CONTEXT() REPRESENTATION_CONTEXT('2D SPACE',''
  ) );
#470 = PCURVE('',#471,#476);
#471 = CYLINDRICAL_SURFACE('',#472,2.45);
#472 = AXIS2_PLACEMENT_3D('',#473,#474,#475);
#473 = CARTESIAN_POINT('',(-63.5,-25.4,6.));
#474 = DIRECTION('',(0.,0.,-1.));
#475 = DIRECTION('',(-1.,0.,0.));
#476 = DEFINITIONAL_REPRESENTATION('',(#477),#481);
#477 = LINE('',#478,#479);
#478 = CARTESIAN_POINT('',(0.,6.));
#479 = VECTOR('',#480,1.);
#480 = DIRECTION('',(1.,0.));
#481 = ( GEOMETRIC_REPRESENTATION_CONTEXT(2) 
PARAMETRIC_REPRESENTATION_CONTEXT() REPRESENTATION_CONTEXT('2D SPACE',''
  ) );
#482 = FACE_BOUND('',#483,.F.);
#483 = EDGE_LOOP('',(#484));
#484 = ORIENTED_EDGE('',*,*,#485,.T.);
#485 = EDGE_CURVE('',#486,#486,#488,.T.);
#486 = VERTEX_POINT('',#487);
#487 = CARTESIAN_POINT('',(-53.25,-25.4,0.));
#488 = SURFACE_CURVE('',#489,(#494,#505),.PCURVE_S1.);
#489 = CIRCLE('',#490,2.45);
#490 = AXIS2_PLACEMENT_3D('',#491,#492,#493);
#491 = CARTESIAN_POINT('',(-50.8,-25.4,0.));
#492 = DIRECTION('',(0.,0.,-1.));
#493 = DIRECTION('',(-1.,0.,0.));
#494 = PCURVE('',#44,#495);
#495 = DEFINITIONAL_REPRESENTATION('',(#496),#504);
#496 = ( BOUNDED_CURVE() B_SPLINE_CURVE(2,(#497,#498,#499,#500,#501,#502
,#503),.UNSPECIFIED.,.T.,.F.) B_SPLINE_CURVE_WITH_KNOTS((1,2,2,2,2,1),(
    -2.094395102393,0.,2.094395102393,4.188790204786,6.28318530718,
8.377580409573),.UNSPECIFIED.) CURVE() GEOMETRIC_REPRESENTATION_ITEM() 
RATIONAL_B_SPLINE_CURVE((1.,0.5,1.,0.5,1.,0.5,1.)) REPRESENTATION_ITEM(
  '') );
#497 = CARTESIAN_POINT('',(-49.00883611335,-45.00383394776));
#498 = CARTESIAN_POINT('',(-49.00883611335,-40.76030946921));
#499 = CARTESIAN_POINT('',(-45.33383611335,-42.88207170849));
#500 = CARTESIAN_POINT('',(-41.65883611335,-45.00383394776));
#501 = CARTESIAN_POINT('',(-45.33383611335,-47.12559618703));
#502 = CARTESIAN_POINT('',(-49.00883611335,-49.2473584263));
#503 = CARTESIAN_POINT('',(-49.00883611335,-45.00383394776));
#504 = ( GEOMETRIC_REPRESENTATION_CONTEXT(2) 
PARAMETRIC_REPRESENTATION_CONTEXT() REPRESENTATION_CONTEXT('2D SPACE',''
  ) );
#505 = PCURVE('',#506,#511);
#506 = CYLINDRICAL_SURFACE('',#507,2.45);
#507 = AXIS2_PLACEMENT_3D('',#508,#509,#510);
#508 = CARTESIAN_POINT('',(-50.8,-25.4,6.));
#509 = DIRECTION('',(0.,0.,-1.));
#510 = DIRECTION('',(-1.,0.,0.));
#511 = DEFINITIONAL_REPRESENTATION('',(#512),#516);
#512 = LINE('',#513,#514);
#513 = CARTESIAN_POINT('',(0.,6.));
#514 = VECTOR('',#515,1.);
#515 = DIRECTION('',(1.,0.));
#516 = ( GEOMETRIC_REPRESENTATION_CONTEXT(2) 
PARAMETRIC_REPRESENTATION_CONTEXT() REPRESENTATION_CONTEXT('2D SPACE',''
  ) );
#517 = FACE_BOUND('',#518,.F.);
#518 = EDGE_LOOP('',(#519));
#519 = ORIENTED_EDGE('',*,*,#520,.T.);
#520 = EDGE_CURVE('',#521,#521,#523,.T.);
#521 = VERTEX_POINT('',#522);
#522 = CARTESIAN_POINT('',(-40.55,-25.4,0.));
#523 = SURFACE_CURVE('',#524,(#529,#540),.PCURVE_S1.);
#524 = CIRCLE('',#525,2.45);
#525 = AXIS2_PLACEMENT_3D('',#526,#527,#528);
#526 = CARTESIAN_POINT('',(-38.1,-25.4,0.));
#527 = DIRECTION('',(0.,0.,-1.));
#528 = DIRECTION('',(-1.,0.,0.));
#529 = PCURVE('',#44,#530);
#530 = DEFINITIONAL_REPRESENTATION('',(#531),#539);
#531 = ( BOUNDED_CURVE() B_SPLINE_CURVE(2,(#532,#533,#534,#535,#536,#537
,#538),.UNSPECIFIED.,.T.,.F.) B_SPLINE_CURVE_WITH_KNOTS((1,2,2,2,2,1),(
    -2.094395102393,0.,2.094395102393,4.188790204786,6.28318530718,
8.377580409573),.UNSPECIFIED.) CURVE() GEOMETRIC_REPRESENTATION_ITEM() 
RATIONAL_B_SPLINE_CURVE((1.,0.5,1.,0.5,1.,0.5,1.)) REPRESENTATION_ITEM(
  '') );
#532 = CARTESIAN_POINT('',(-36.30883611335,-45.00383394776));
#533 = CARTESIAN_POINT('',(-36.30883611335,-40.76030946921));
#534 = CARTESIAN_POINT('',(-32.63383611335,-42.88207170849));
#535 = CARTESIAN_POINT('',(-28.95883611335,-45.00383394776));
#536 = CARTESIAN_POINT('',(-32.63383611335,-47.12559618703));
#537 = CARTESIAN_POINT('',(-36.30883611335,-49.2473584263));
#538 = CARTESIAN_POINT('',(-36.30883611335,-45.00383394776));
#539 = ( GEOMETRIC_REPRESENTATION_CONTEXT(2) 
PARAMETRIC_REPRESENTATION_CONTEXT() REPRESENTATION_CONTEXT('2D SPACE',''
  ) );
#540 = PCURVE('',#541,#546);
#541 = CYLINDRICAL_SURFACE('',#542,2.45);
#542 = AXIS2_PLACEMENT_3D('',#543,#544,#545);
#543 = CARTESIAN_POINT('',(-38.1,-25.4,6.));
#544 = DIRECTION('',(0.,0.,-1.));
#545 = DIRECTION('',(-1.,0.,0.));
#546 = DEFINITIONAL_REPRESENTATION('',(#547),#551);
#547 = LINE('',#548,#549);
#548 = CARTESIAN_POINT('',(0.,6.));
#549 = VECTOR('',#550,1.);
#550 = DIRECTION('',(1.,0.));
#551 = ( GEOMETRIC_REPRESENTATION_CONTEXT(2) 
PARAMETRIC_REPRESENTATION_CONTEXT() REPRESENTATION_CONTEXT('2D SPACE',''
  ) );
#552 = FACE_BOUND('',#553,.F.);
#553 = EDGE_LOOP('',(#554));
#554 = ORIENTED_EDGE('',*,*,#555,.T.);
#555 = EDGE_CURVE('',#556,#556,#558,.T.);
#556 = VERTEX_POINT('',#557);
#557 = CARTESIAN_POINT('',(-65.95,-12.7,0.));
#558 = SURFACE_CURVE('',#559,(#564,#575),.PCURVE_S1.);
#559 = CIRCLE('',#560,2.45);
#560 = AXIS2_PLACEMENT_3D('',#561,#562,#563);
#561 = CARTESIAN_POINT('',(-63.5,-12.7,0.));
#562 = DIRECTION('',(0.,0.,-1.));
#563 = DIRECTION('',(-1.,0.,0.));
#564 = PCURVE('',#44,#565);
#565 = DEFINITIONAL_REPRESENTATION('',(#566),#574);
#566 = ( BOUNDED_CURVE() B_SPLINE_CURVE(2,(#567,#568,#569,#570,#571,#572
,#573),.UNSPECIFIED.,.T.,.F.) B_SPLINE_CURVE_WITH_KNOTS((1,2,2,2,2,1),(
    -2.094395102393,0.,2.094395102393,4.188790204786,6.28318530718,
8.377580409573),.UNSPECIFIED.) CURVE() GEOMETRIC_REPRESENTATION_ITEM() 
RATIONAL_B_SPLINE_CURVE((1.,0.5,1.,0.5,1.,0.5,1.)) REPRESENTATION_ITEM(
  '') );
#567 = CARTESIAN_POINT('',(-61.70883611335,-32.30383394776));
#568 = CARTESIAN_POINT('',(-61.70883611335,-28.06030946921));
#569 = CARTESIAN_POINT('',(-58.03383611335,-30.18207170849));
#570 = CARTESIAN_POINT('',(-54.35883611335,-32.30383394776));
#571 = CARTESIAN_POINT('',(-58.03383611335,-34.42559618703));
#572 = CARTESIAN_POINT('',(-61.70883611335,-36.5473584263));
#573 = CARTESIAN_POINT('',(-61.70883611335,-32.30383394776));
#574 = ( GEOMETRIC_REPRESENTATION_CONTEXT(2) 
PARAMETRIC_REPRESENTATION_CONTEXT() REPRESENTATION_CONTEXT('2D SPACE',''
  ) );
#575 = PCURVE('',#576,#581);
#576 = CYLINDRICAL_SURFACE('',#577,2.45);
#577 = AXIS2_PLACEMENT_3D('',#578,#579,#580);
#578 = CARTESIAN_POINT('',(-63.5,-12.7,6.));
#579 = DIRECTION('',(0.,0.,-1.));
#580 = DIRECTION('',(-1.,0.,0.));
#581 = DEFINITIONAL_REPRESENTATION('',(#582),#586);
#582 = LINE('',#583,#584);
#583 = CARTESIAN_POINT('',(0.,6.));
#584 = VECTOR('',#585,1.);
#585 = DIRECTION('',(1.,0.));
#586 = ( GEOMETRIC_REPRESENTATION_CONTEXT(2) 
PARAMETRIC_REPRESENTATION_CONTEXT() REPRESENTATION_CONTEXT('2D SPACE',''
  ) );
#587 = FACE_BOUND('',#588,.F.);
#588 = EDGE_LOOP('',(#589));
#589 = ORIENTED_EDGE('',*,*,#590,.T.);
#590 = EDGE_CURVE('',#591,#591,#593,.T.);
#591 = VERTEX_POINT('',#592);
#592 = CARTESIAN_POINT('',(-53.25,-12.7,0.));
#593 = SURFACE_CURVE('',#594,(#599,#610),.PCURVE_S1.);
#594 = CIRCLE('',#595,2.45);
#595 = AXIS2_PLACEMENT_3D('',#596,#597,#598);
#596 = CARTESIAN_POINT('',(-50.8,-12.7,0.));
#597 = DIRECTION('',(0.,0.,-1.));
#598 = DIRECTION('',(-1.,0.,0.));
#599 = PCURVE('',#44,#600);
#600 = DEFINITIONAL_REPRESENTATION('',(#601),#609);
#601 = ( BOUNDED_CURVE() B_SPLINE_CURVE(2,(#602,#603,#604,#605,#606,#607
,#608),.UNSPECIFIED.,.T.,.F.) B_SPLINE_CURVE_WITH_KNOTS((1,2,2,2,2,1),(
    -2.094395102393,0.,2.094395102393,4.188790204786,6.28318530718,
8.377580409573),.UNSPECIFIED.) CURVE() GEOMETRIC_REPRESENTATION_ITEM() 
RATIONAL_B_SPLINE_CURVE((1.,0.5,1.,0.5,1.,0.5,1.)) REPRESENTATION_ITEM(
  '') );
#602 = CARTESIAN_POINT('',(-49.00883611335,-32.30383394776));
#603 = CARTESIAN_POINT('',(-49.00883611335,-28.06030946921));
#604 = CARTESIAN_POINT('',(-45.33383611335,-30.18207170849));
#605 = CARTESIAN_POINT('',(-41.65883611335,-32.30383394776));
#606 = CARTESIAN_POINT('',(-45.33383611335,-34.42559618703));
#607 = CARTESIAN_POINT('',(-49.00883611335,-36.5473584263));
#608 = CARTESIAN_POINT('',(-49.00883611335,-32.30383394776));
#609 = ( GEOMETRIC_REPRESENTATION_CONTEXT(2) 
PARAMETRIC_REPRESENTATION_CONTEXT() REPRESENTATION_CONTEXT('2D SPACE',''
  ) );
#610 = PCURVE('',#611,#616);
#611 = CYLINDRICAL_SURFACE('',#612,2.45);
#612 = AXIS2_PLACEMENT_3D('',#613,#614,#615);
#613 = CARTESIAN_POINT('',(-50.8,-12.7,6.));
#614 = DIRECTION('',(0.,0.,-1.));
#615 = DIRECTION('',(-1.,0.,0.));
#616 = DEFINITIONAL_REPRESENTATION('',(#617),#621);
#617 = LINE('',#618,#619);
#618 = CARTESIAN_POINT('',(0.,6.));
#619 = VECTOR('',#620,1.);
#620 = DIRECTION('',(1.,0.));
#621 = ( GEOMETRIC_REPRESENTATION_CONTEXT(2) 
PARAMETRIC_REPRESENTATION_CONTEXT() REPRESENTATION_CONTEXT('2D SPACE',''
  ) );
#622 = FACE_BOUND('',#623,.F.);
#623 = EDGE_LOOP('',(#624));
#624 = ORIENTED_EDGE('',*,*,#625,.T.);
#625 = EDGE_CURVE('',#626,#626,#628,.T.);
#626 = VERTEX_POINT('',#627);
#627 = CARTESIAN_POINT('',(-40.55,-12.7,0.));
#628 = SURFACE_CURVE('',#629,(#634,#645),.PCURVE_S1.);
#629 = CIRCLE('',#630,2.45);
#630 = AXIS2_PLACEMENT_3D('',#631,#632,#633);
#631 = CARTESIAN_POINT('',(-38.1,-12.7,0.));
#632 = DIRECTION('',(0.,0.,-1.));
#633 = DIRECTION('',(-1.,0.,0.));
#634 = PCURVE('',#44,#635);
#635 = DEFINITIONAL_REPRESENTATION('',(#636),#644);
#636 = ( BOUNDED_CURVE() B_SPLINE_CURVE(2,(#637,#638,#639,#640,#641,#642
,#643),.UNSPECIFIED.,.T.,.F.) B_SPLINE_CURVE_WITH_KNOTS((1,2,2,2,2,1),(
    -2.094395102393,0.,2.094395102393,4.188790204786,6.28318530718,
8.377580409573),.UNSPECIFIED.) CURVE() GEOMETRIC_REPRESENTATION_ITEM() 
RATIONAL_B_SPLINE_CURVE((1.,0.5,1.,0.5,1.,0.5,1.)) REPRESENTATION_ITEM(
  '') );
#637 = CARTESIAN_POINT('',(-36.30883611335,-32.30383394776));
#638 = CARTESIAN_POINT('',(-36.30883611335,-28.06030946921));
#639 = CARTESIAN_POINT('',(-32.63383611335,-30.18207170849));
#640 = CARTESIAN_POINT('',(-28.95883611335,-32.30383394776));
#641 = CARTESIAN_POINT('',(-32.63383611335,-34.42559618703));
#642 = CARTESIAN_POINT('',(-36.30883611335,-36.5473584263));
#643 = CARTESIAN_POINT('',(-36.30883611335,-32.30383394776));
#644 = ( GEOMETRIC_REPRESENTATION_CONTEXT(2) 
PARAMETRIC_REPRESENTATION_CONTEXT() REPRESENTATION_CONTEXT('2D SPACE',''
  ) );
#645 = PCURVE('',#646,#651);
#646 = CYLINDRICAL_SURFACE('',#647,2.45);
#647 = AXIS2_PLACEMENT_3D('',#648,#649,#650);
#648 = CARTESIAN_POINT('',(-38.1,-12.7,6.));
#649 = DIRECTION('',(0.,0.,-1.));
#650 = DIRECTION('',(-1.,0.,0.));
#651 = DEFINITIONAL_REPRESENTATION('',(#652),#656);
#652 = LINE('',#653,#654);
#653 = CARTESIAN_POINT('',(0.,6.));
#654 = VECTOR('',#655,1.);
#655 = DIRECTION('',(1.,0.));
#656 = ( GEOMETRIC_REPRESENTATION_CONTEXT(2) 
PARAMETRIC_REPRESENTATION_CONTEXT() REPRESENTATION_CONTEXT('2D SPACE',''
  ) );
#657 = FACE_BOUND('',#658,.F.);
#658 = EDGE_LOOP('',(#659));
#659 = ORIENTED_EDGE('',*,*,#660,.T.);
#660 = EDGE_CURVE('',#661,#661,#663,.T.);
#661 = VERTEX_POINT('',#662);
#662 = CARTESIAN_POINT('',(-27.85,-25.4,0.));
#663 = SURFACE_CURVE('',#664,(#669,#680),.PCURVE_S1.);
#664 = CIRCLE('',#665,2.45);
#665 = AXIS2_PLACEMENT_3D('',#666,#667,#668);
#666 = CARTESIAN_POINT('',(-25.4,-25.4,0.));
#667 = DIRECTION('',(0.,0.,-1.));
#668 = DIRECTION('',(-1.,0.,0.));
#669 = PCURVE('',#44,#670);
#670 = DEFINITIONAL_REPRESENTATION('',(#671),#679);
#671 = ( BOUNDED_CURVE() B_SPLINE_CURVE(2,(#672,#673,#674,#675,#676,#677
,#678),.UNSPECIFIED.,.T.,.F.) B_SPLINE_CURVE_WITH_KNOTS((1,2,2,2,2,1),(
    -2.094395102393,0.,2.094395102393,4.188790204786,6.28318530718,
8.377580409573),.UNSPECIFIED.) CURVE() GEOMETRIC_REPRESENTATION_ITEM() 
RATIONAL_B_SPLINE_CURVE((1.,0.5,1.,0.5,1.,0.5,1.)) REPRESENTATION_ITEM(
  '') );
#672 = CARTESIAN_POINT('',(-23.60883611335,-45.00383394776));
#673 = CARTESIAN_POINT('',(-23.60883611335,-40.76030946921));
#674 = CARTESIAN_POINT('',(-19.93383611335,-42.88207170849));
#675 = CARTESIAN_POINT('',(-16.25883611335,-45.00383394776));
#676 = CARTESIAN_POINT('',(-19.93383611335,-47.12559618703));
#677 = CARTESIAN_POINT('',(-23.60883611335,-49.2473584263));
#678 = CARTESIAN_POINT('',(-23.60883611335,-45.00383394776));
#679 = ( GEOMETRIC_REPRESENTATION_CONTEXT(2) 
PARAMETRIC_REPRESENTATION_CONTEXT() REPRESENTATION_CONTEXT('2D SPACE',''
  ) );
#680 = PCURVE('',#681,#686);
#681 = CYLINDRICAL_SURFACE('',#682,2.45);
#682 = AXIS2_PLACEMENT_3D('',#683,#684,#685);
#683 = CARTESIAN_POINT('',(-25.4,-25.4,6.));
#684 = DIRECTION('',(0.,0.,-1.));
#685 = DIRECTION('',(-1.,0.,0.));
#686 = DEFINITIONAL_REPRESENTATION('',(#687),#691);
#687 = LINE('',#688,#689);
#688 = CARTESIAN_POINT('',(0.,6.));
#689 = VECTOR('',#690,1.);
#690 = DIRECTION('',(1.,0.));
#691 = ( GEOMETRIC_REPRESENTATION_CONTEXT(2) 
PARAMETRIC_REPRESENTATION_CONTEXT() REPRESENTATION_CONTEXT('2D SPACE',''
  ) );
#692 = FACE_BOUND('',#693,.F.);
#693 = EDGE_LOOP('',(#694));
#694 = ORIENTED_EDGE('',*,*,#695,.T.);
#695 = EDGE_CURVE('',#696,#696,#698,.T.);
#696 = VERTEX_POINT('',#697);
#697 = CARTESIAN_POINT('',(-15.15,-25.4,0.));
#698 = SURFACE_CURVE('',#699,(#704,#715),.PCURVE_S1.);
#699 = CIRCLE('',#700,2.45);
#700 = AXIS2_PLACEMENT_3D('',#701,#702,#703);
#701 = CARTESIAN_POINT('',(-12.7,-25.4,0.));
#702 = DIRECTION('',(0.,0.,-1.));
#703 = DIRECTION('',(-1.,0.,0.));
#704 = PCURVE('',#44,#705);
#705 = DEFINITIONAL_REPRESENTATION('',(#706),#714);
#706 = ( BOUNDED_CURVE() B_SPLINE_CURVE(2,(#707,#708,#709,#710,#711,#712
,#713),.UNSPECIFIED.,.T.,.F.) B_SPLINE_CURVE_WITH_KNOTS((1,2,2,2,2,1),(
    -2.094395102393,0.,2.094395102393,4.188790204786,6.28318530718,
8.377580409573),.UNSPECIFIED.) CURVE() GEOMETRIC_REPRESENTATION_ITEM() 
RATIONAL_B_SPLINE_CURVE((1.,0.5,1.,0.5,1.,0.5,1.)) REPRESENTATION_ITEM(
  '') );
#707 = CARTESIAN_POINT('',(-10.90883611335,-45.00383394776));
#708 = CARTESIAN_POINT('',(-10.90883611335,-40.76030946921));
#709 = CARTESIAN_POINT('',(-7.233836113351,-42.88207170849));
#710 = CARTESIAN_POINT('',(-3.558836113351,-45.00383394776));
#711 = CARTESIAN_POINT('',(-7.233836113351,-47.12559618703));
#712 = CARTESIAN_POINT('',(-10.90883611335,-49.2473584263));
#713 = CARTESIAN_POINT('',(-10.90883611335,-45.00383394776));
#714 = ( GEOMETRIC_REPRESENTATION_CONTEXT(2) 
PARAMETRIC_REPRESENTATION_CONTEXT() REPRESENTATION_CONTEXT('2D SPACE',''
  ) );
#715 = PCURVE('',#716,#721);
#716 = CYLINDRICAL_SURFACE('',#717,2.45);
#717 = AXIS2_PLACEMENT_3D('',#718,#719,#720);
#718 = CARTESIAN_POINT('',(-12.7,-25.4,6.));
#719 = DIRECTION('',(0.,0.,-1.));
#720 = DIRECTION('',(-1.,0.,0.));
#721 = DEFINITIONAL_REPRESENTATION('',(#722),#726);
#722 = LINE('',#723,#724);
#723 = CARTESIAN_POINT('',(0.,6.));
#724 = VECTOR('',#725,1.);
#725 = DIRECTION('',(1.,0.));
#726 = ( GEOMETRIC_REPRESENTATION_CONTEXT(2) 
PARAMETRIC_REPRESENTATION_CONTEXT() REPRESENTATION_CONTEXT('2D SPACE',''
  ) );
#727 = FACE_BOUND('',#728,.F.);
#728 = EDGE_LOOP('',(#729));
#729 = ORIENTED_EDGE('',*,*,#730,.T.);
#730 = EDGE_CURVE('',#731,#731,#733,.T.);
#731 = VERTEX_POINT('',#732);
#732 = CARTESIAN_POINT('',(-27.85,-12.7,0.));
#733 = SURFACE_CURVE('',#734,(#739,#750),.PCURVE_S1.);
#734 = CIRCLE('',#735,2.45);
#735 = AXIS2_PLACEMENT_3D('',#736,#737,#738);
#736 = CARTESIAN_POINT('',(-25.4,-12.7,0.));
#737 = DIRECTION('',(0.,0.,-1.));
#738 = DIRECTION('',(-1.,0.,0.));
#739 = PCURVE('',#44,#740);
#740 = DEFINITIONAL_REPRESENTATION('',(#741),#749);
#741 = ( BOUNDED_CURVE() B_SPLINE_CURVE(2,(#742,#743,#744,#745,#746,#747
,#748),.UNSPECIFIED.,.T.,.F.) B_SPLINE_CURVE_WITH_KNOTS((1,2,2,2,2,1),(
    -2.094395102393,0.,2.094395102393,4.188790204786,6.28318530718,
8.377580409573),.UNSPECIFIED.) CURVE() GEOMETRIC_REPRESENTATION_ITEM() 
RATIONAL_B_SPLINE_CURVE((1.,0.5,1.,0.5,1.,0.5,1.)) REPRESENTATION_ITEM(
  '') );
#742 = CARTESIAN_POINT('',(-23.60883611335,-32.30383394776));
#743 = CARTESIAN_POINT('',(-23.60883611335,-28.06030946921));
#744 = CARTESIAN_POINT('',(-19.93383611335,-30.18207170849));
#745 = CARTESIAN_POINT('',(-16.25883611335,-32.30383394776));
#746 = CARTESIAN_POINT('',(-19.93383611335,-34.42559618703));
#747 = CARTESIAN_POINT('',(-23.60883611335,-36.5473584263));
#748 = CARTESIAN_POINT('',(-23.60883611335,-32.30383394776));
#749 = ( GEOMETRIC_REPRESENTATION_CONTEXT(2) 
PARAMETRIC_REPRESENTATION_CONTEXT() REPRESENTATION_CONTEXT('2D SPACE',''
  ) );
#750 = PCURVE('',#751,#756);
#751 = CYLINDRICAL_SURFACE('',#752,2.45);
#752 = AXIS2_PLACEMENT_3D('',#753,#754,#755);
#753 = CARTESIAN_POINT('',(-25.4,-12.7,6.));
#754 = DIRECTION('',(0.,0.,-1.));
#755 = DIRECTION('',(-1.,0.,0.));
#756 = DEFINITIONAL_REPRESENTATION('',(#757),#761);
#757 = LINE('',#758,#759);
#758 = CARTESIAN_POINT('',(0.,6.));
#759 = VECTOR('',#760,1.);
#760 = DIRECTION('',(1.,0.));
#761 = ( GEOMETRIC_REPRESENTATION_CONTEXT(2) 
PARAMETRIC_REPRESENTATION_CONTEXT() REPRESENTATION_CONTEXT('2D SPACE',''
  ) );
#762 = FACE_BOUND('',#763,.F.);
#763 = EDGE_LOOP('',(#764));
#764 = ORIENTED_EDGE('',*,*,#765,.T.);
#765 = EDGE_CURVE('',#766,#766,#768,.T.);
#766 = VERTEX_POINT('',#767);
#767 = CARTESIAN_POINT('',(-15.15,-12.7,0.));
#768 = SURFACE_CURVE('',#769,(#774,#785),.PCURVE_S1.);
#769 = CIRCLE('',#770,2.45);
#770 = AXIS2_PLACEMENT_3D('',#771,#772,#773);
#771 = CARTESIAN_POINT('',(-12.7,-12.7,0.));
#772 = DIRECTION('',(0.,0.,-1.));
#773 = DIRECTION('',(-1.,0.,0.));
#774 = PCURVE('',#44,#775);
#775 = DEFINITIONAL_REPRESENTATION('',(#776),#784);
#776 = ( BOUNDED_CURVE() B_SPLINE_CURVE(2,(#777,#778,#779,#780,#781,#782
,#783),.UNSPECIFIED.,.T.,.F.) B_SPLINE_CURVE_WITH_KNOTS((1,2,2,2,2,1),(
    -2.094395102393,0.,2.094395102393,4.188790204786,6.28318530718,
8.377580409573),.UNSPECIFIED.) CURVE() GEOMETRIC_REPRESENTATION_ITEM() 
RATIONAL_B_SPLINE_CURVE((1.,0.5,1.,0.5,1.,0.5,1.)) REPRESENTATION_ITEM(
  '') );
#777 = CARTESIAN_POINT('',(-10.90883611335,-32.30383394776));
#778 = CARTESIAN_POINT('',(-10.90883611335,-28.06030946921));
#779 = CARTESIAN_POINT('',(-7.233836113351,-30.18207170849));
#780 = CARTESIAN_POINT('',(-3.558836113351,-32.30383394776));
#781 = CARTESIAN_POINT('',(-7.233836113351,-34.42559618703));
#782 = CARTESIAN_POINT('',(-10.90883611335,-36.5473584263));
#783 = CARTESIAN_POINT('',(-10.90883611335,-32.30383394776));
#784 = ( GEOMETRIC_REPRESENTATION_CONTEXT(2) 
PARAMETRIC_REPRESENTATION_CONTEXT() REPRESENTATION_CONTEXT('2D SPACE',''
  ) );
#785 = PCURVE('',#786,#791);
#786 = CYLINDRICAL_SURFACE('',#787,2.45);
#787 = AXIS2_PLACEMENT_3D('',#788,#789,#790);
#788 = CARTESIAN_POINT('',(-12.7,-12.7,6.));
#789 = DIRECTION('',(0.,0.,-1.));
#790 = DIRECTION('',(-1.,0.,0.));
#791 = DEFINITIONAL_REPRESENTATION('',(#792),#796);
#792 = LINE('',#793,#794);
#793 = CARTESIAN_POINT('',(0.,6.));
#794 = VECTOR('',#795,1.);
#795 = DIRECTION('',(1.,0.));
#796 = ( GEOMETRIC_REPRESENTATION_CONTEXT(2) 
PARAMETRIC_REPRESENTATION_CONTEXT() REPRESENTATION_CONTEXT('2D SPACE',''
  ) );
#797 = FACE_BOUND('',#798,.F.);
#798 = EDGE_LOOP('',(#799));
#799 = ORIENTED_EDGE('',*,*,#800,.T.);
#800 = EDGE_CURVE('',#801,#801,#803,.T.);
#801 = VERTEX_POINT('',#802);
#802 = CARTESIAN_POINT('',(-65.95,-6.000769315822E-16,0.));
#803 = SURFACE_CURVE('',#804,(#809,#820),.PCURVE_S1.);
#804 = CIRCLE('',#805,2.45);
#805 = AXIS2_PLACEMENT_3D('',#806,#807,#808);
#806 = CARTESIAN_POINT('',(-63.5,0.,0.));
#807 = DIRECTION('',(0.,0.,-1.));
#808 = DIRECTION('',(-1.,0.,0.));
#809 = PCURVE('',#44,#810);
#810 = DEFINITIONAL_REPRESENTATION('',(#811),#819);
#811 = ( BOUNDED_CURVE() B_SPLINE_CURVE(2,(#812,#813,#814,#815,#816,#817
,#818),.UNSPECIFIED.,.T.,.F.) B_SPLINE_CURVE_WITH_KNOTS((1,2,2,2,2,1),(
    -2.094395102393,0.,2.094395102393,4.188790204786,6.28318530718,
8.377580409573),.UNSPECIFIED.) CURVE() GEOMETRIC_REPRESENTATION_ITEM() 
RATIONAL_B_SPLINE_CURVE((1.,0.5,1.,0.5,1.,0.5,1.)) REPRESENTATION_ITEM(
  '') );
#812 = CARTESIAN_POINT('',(-61.70883611335,-19.60383394776));
#813 = CARTESIAN_POINT('',(-61.70883611335,-15.36030946921));
#814 = CARTESIAN_POINT('',(-58.03383611335,-17.48207170849));
#815 = CARTESIAN_POINT('',(-54.35883611335,-19.60383394776));
#816 = CARTESIAN_POINT('',(-58.03383611335,-21.72559618703));
#817 = CARTESIAN_POINT('',(-61.70883611335,-23.8473584263));
#818 = CARTESIAN_POINT('',(-61.70883611335,-19.60383394776));
#819 = ( GEOMETRIC_REPRESENTATION_CONTEXT(2) 
PARAMETRIC_REPRESENTATION_CONTEXT() REPRESENTATION_CONTEXT('2D SPACE',''
  ) );
#820 = PCURVE('',#821,#826);
#821 = CYLINDRICAL_SURFACE('',#822,2.45);
#822 = AXIS2_PLACEMENT_3D('',#823,#824,#825);
#823 = CARTESIAN_POINT('',(-63.5,0.,6.));
#824 = DIRECTION('',(0.,0.,-1.));
#825 = DIRECTION('',(-1.,0.,0.));
#826 = DEFINITIONAL_REPRESENTATION('',(#827),#831);
#827 = LINE('',#828,#829);
#828 = CARTESIAN_POINT('',(0.,6.));
#829 = VECTOR('',#830,1.);
#830 = DIRECTION('',(1.,0.));
#831 = ( GEOMETRIC_REPRESENTATION_CONTEXT(2) 
PARAMETRIC_REPRESENTATION_CONTEXT() REPRESENTATION_CONTEXT('2D SPACE',''
  ) );
#832 = FACE_BOUND('',#833,.F.);
#833 = EDGE_LOOP('',(#834));
#834 = ORIENTED_EDGE('',*,*,#835,.T.);
#835 = EDGE_CURVE('',#836,#836,#838,.T.);
#836 = VERTEX_POINT('',#837);
#837 = CARTESIAN_POINT('',(-53.25,-6.000769315822E-16,0.));
#838 = SURFACE_CURVE('',#839,(#844,#855),.PCURVE_S1.);
#839 = CIRCLE('',#840,2.45);
#840 = AXIS2_PLACEMENT_3D('',#841,#842,#843);
#841 = CARTESIAN_POINT('',(-50.8,0.,0.));
#842 = DIRECTION('',(0.,0.,-1.));
#843 = DIRECTION('',(-1.,0.,0.));
#844 = PCURVE('',#44,#845);
#845 = DEFINITIONAL_REPRESENTATION('',(#846),#854);
#846 = ( BOUNDED_CURVE() B_SPLINE_CURVE(2,(#847,#848,#849,#850,#851,#852
,#853),.UNSPECIFIED.,.T.,.F.) B_SPLINE_CURVE_WITH_KNOTS((1,2,2,2,2,1),(
    -2.094395102393,0.,2.094395102393,4.188790204786,6.28318530718,
8.377580409573),.UNSPECIFIED.) CURVE() GEOMETRIC_REPRESENTATION_ITEM() 
RATIONAL_B_SPLINE_CURVE((1.,0.5,1.,0.5,1.,0.5,1.)) REPRESENTATION_ITEM(
  '') );
#847 = CARTESIAN_POINT('',(-49.00883611335,-19.60383394776));
#848 = CARTESIAN_POINT('',(-49.00883611335,-15.36030946921));
#849 = CARTESIAN_POINT('',(-45.33383611335,-17.48207170849));
#850 = CARTESIAN_POINT('',(-41.65883611335,-19.60383394776));
#851 = CARTESIAN_POINT('',(-45.33383611335,-21.72559618703));
#852 = CARTESIAN_POINT('',(-49.00883611335,-23.8473584263));
#853 = CARTESIAN_POINT('',(-49.00883611335,-19.60383394776));
#854 = ( GEOMETRIC_REPRESENTATION_CONTEXT(2) 
PARAMETRIC_REPRESENTATION_CONTEXT() REPRESENTATION_CONTEXT('2D SPACE',''
  ) );
#855 = PCURVE('',#856,#861);
#856 = CYLINDRICAL_SURFACE('',#857,2.45);
#857 = AXIS2_PLACEMENT_3D('',#858,#859,#860);
#858 = CARTESIAN_POINT('',(-50.8,0.,6.));
#859 = DIRECTION('',(0.,0.,-1.));
#860 = DIRECTION('',(-1.,0.,0.));
#861 = DEFINITIONAL_REPRESENTATION('',(#862),#866);
#862 = LINE('',#863,#864);
#863 = CARTESIAN_POINT('',(0.,6.));
#864 = VECTOR('',#865,1.);
#865 = DIRECTION('',(1.,0.));
#866 = ( GEOMETRIC_REPRESENTATION_CONTEXT(2) 
PARAMETRIC_REPRESENTATION_CONTEXT() REPRESENTATION_CONTEXT('2D SPACE',''
  ) );
#867 = FACE_BOUND('',#868,.F.);
#868 = EDGE_LOOP('',(#869));
#869 = ORIENTED_EDGE('',*,*,#870,.T.);
#870 = EDGE_CURVE('',#871,#871,#873,.T.);
#871 = VERTEX_POINT('',#872);
#872 = CARTESIAN_POINT('',(-40.55,-6.000769315822E-16,0.));
#873 = SURFACE_CURVE('',#874,(#879,#890),.PCURVE_S1.);
#874 = CIRCLE('',#875,2.45);
#875 = AXIS2_PLACEMENT_3D('',#876,#877,#878);
#876 = CARTESIAN_POINT('',(-38.1,0.,0.));
#877 = DIRECTION('',(0.,0.,-1.));
#878 = DIRECTION('',(-1.,0.,0.));
#879 = PCURVE('',#44,#880);
#880 = DEFINITIONAL_REPRESENTATION('',(#881),#889);
#881 = ( BOUNDED_CURVE() B_SPLINE_CURVE(2,(#882,#883,#884,#885,#886,#887
,#888),.UNSPECIFIED.,.T.,.F.) B_SPLINE_CURVE_WITH_KNOTS((1,2,2,2,2,1),(
    -2.094395102393,0.,2.094395102393,4.188790204786,6.28318530718,
8.377580409573),.UNSPECIFIED.) CURVE() GEOMETRIC_REPRESENTATION_ITEM() 
RATIONAL_B_SPLINE_CURVE((1.,0.5,1.,0.5,1.,0.5,1.)) REPRESENTATION_ITEM(
  '') );
#882 = CARTESIAN_POINT('',(-36.30883611335,-19.60383394776));
#883 = CARTESIAN_POINT('',(-36.30883611335,-15.36030946921));
#884 = CARTESIAN_POINT('',(-32.63383611335,-17.48207170849));
#885 = CARTESIAN_POINT('',(-28.95883611335,-19.60383394776));
#886 = CARTESIAN_POINT('',(-32.63383611335,-21.72559618703));
#887 = CARTESIAN_POINT('',(-36.30883611335,-23.8473584263));
#888 = CARTESIAN_POINT('',(-36.30883611335,-19.60383394776));
#889 = ( GEOMETRIC_REPRESENTATION_CONTEXT(2) 
PARAMETRIC_REPRESENTATION_CONTEXT() REPRESENTATION_CONTEXT('2D SPACE',''
  ) );
#890 = PCURVE('',#891,#896);
#891 = CYLINDRICAL_SURFACE('',#892,2.45);
#892 = AXIS2_PLACEMENT_3D('',#893,#894,#895);
#893 = CARTESIAN_POINT('',(-38.1,0.,6.));
#894 = DIRECTION('',(0.,0.,-1.));
#895 = DIRECTION('',(-1.,0.,0.));
#896 = DEFINITIONAL_REPRESENTATION('',(#897),#901);
#897 = LINE('',#898,#899);
#898 = CARTESIAN_POINT('',(0.,6.));
#899 = VECTOR('',#900,1.);
#900 = DIRECTION('',(1.,0.));
#901 = ( GEOMETRIC_REPRESENTATION_CONTEXT(2) 
PARAMETRIC_REPRESENTATION_CONTEXT() REPRESENTATION_CONTEXT('2D SPACE',''
  ) );
#902 = FACE_BOUND('',#903,.F.);
#903 = EDGE_LOOP('',(#904));
#904 = ORIENTED_EDGE('',*,*,#905,.T.);
#905 = EDGE_CURVE('',#906,#906,#908,.T.);
#906 = VERTEX_POINT('',#907);
#907 = CARTESIAN_POINT('',(-65.95,12.7,0.));
#908 = SURFACE_CURVE('',#909,(#914,#925),.PCURVE_S1.);
#909 = CIRCLE('',#910,2.45);
#910 = AXIS2_PLACEMENT_3D('',#911,#912,#913);
#911 = CARTESIAN_POINT('',(-63.5,12.7,0.));
#912 = DIRECTION('',(0.,0.,-1.));
#913 = DIRECTION('',(-1.,0.,0.));
#914 = PCURVE('',#44,#915);
#915 = DEFINITIONAL_REPRESENTATION('',(#916),#924);
#916 = ( BOUNDED_CURVE() B_SPLINE_CURVE(2,(#917,#918,#919,#920,#921,#922
,#923),.UNSPECIFIED.,.T.,.F.) B_SPLINE_CURVE_WITH_KNOTS((1,2,2,2,2,1),(
    -2.094395102393,0.,2.094395102393,4.188790204786,6.28318530718,
8.377580409573),.UNSPECIFIED.) CURVE() GEOMETRIC_REPRESENTATION_ITEM() 
RATIONAL_B_SPLINE_CURVE((1.,0.5,1.,0.5,1.,0.5,1.)) REPRESENTATION_ITEM(
  '') );
#917 = CARTESIAN_POINT('',(-61.70883611335,-6.903833947763));
#918 = CARTESIAN_POINT('',(-61.70883611335,-2.660309469219));
#919 = CARTESIAN_POINT('',(-58.03383611335,-4.782071708491));
#920 = CARTESIAN_POINT('',(-54.35883611335,-6.903833947763));
#921 = CARTESIAN_POINT('',(-58.03383611335,-9.025596187035));
#922 = CARTESIAN_POINT('',(-61.70883611335,-11.1473584263));
#923 = CARTESIAN_POINT('',(-61.70883611335,-6.903833947763));
#924 = ( GEOMETRIC_REPRESENTATION_CONTEXT(2) 
PARAMETRIC_REPRESENTATION_CONTEXT() REPRESENTATION_CONTEXT('2D SPACE',''
  ) );
#925 = PCURVE('',#926,#931);
#926 = CYLINDRICAL_SURFACE('',#927,2.45);
#927 = AXIS2_PLACEMENT_3D('',#928,#929,#930);
#928 = CARTESIAN_POINT('',(-63.5,12.7,6.));
#929 = DIRECTION('',(0.,0.,-1.));
#930 = DIRECTION('',(-1.,0.,0.));
#931 = DEFINITIONAL_REPRESENTATION('',(#932),#936);
#932 = LINE('',#933,#934);
#933 = CARTESIAN_POINT('',(0.,6.));
#934 = VECTOR('',#935,1.);
#935 = DIRECTION('',(1.,0.));
#936 = ( GEOMETRIC_REPRESENTATION_CONTEXT(2) 
PARAMETRIC_REPRESENTATION_CONTEXT() REPRESENTATION_CONTEXT('2D SPACE',''
  ) );
#937 = FACE_BOUND('',#938,.F.);
#938 = EDGE_LOOP('',(#939));
#939 = ORIENTED_EDGE('',*,*,#940,.T.);
#940 = EDGE_CURVE('',#941,#941,#943,.T.);
#941 = VERTEX_POINT('',#942);
#942 = CARTESIAN_POINT('',(-53.25,12.7,0.));
#943 = SURFACE_CURVE('',#944,(#949,#960),.PCURVE_S1.);
#944 = CIRCLE('',#945,2.45);
#945 = AXIS2_PLACEMENT_3D('',#946,#947,#948);
#946 = CARTESIAN_POINT('',(-50.8,12.7,0.));
#947 = DIRECTION('',(0.,0.,-1.));
#948 = DIRECTION('',(-1.,0.,0.));
#949 = PCURVE('',#44,#950);
#950 = DEFINITIONAL_REPRESENTATION('',(#951),#959);
#951 = ( BOUNDED_CURVE() B_SPLINE_CURVE(2,(#952,#953,#954,#955,#956,#957
,#958),.UNSPECIFIED.,.T.,.F.) B_SPLINE_CURVE_WITH_KNOTS((1,2,2,2,2,1),(
    -2.094395102393,0.,2.094395102393,4.188790204786,6.28318530718,
8.377580409573),.UNSPECIFIED.) CURVE() GEOMETRIC_REPRESENTATION_ITEM() 
RATIONAL_B_SPLINE_CURVE((1.,0.5,1.,0.5,1.,0.5,1.)) REPRESENTATION_ITEM(
  '') );
#952 = CARTESIAN_POINT('',(-49.00883611335,-6.903833947763));
#953 = CARTESIAN_POINT('',(-49.00883611335,-2.660309469219));
#954 = CARTESIAN_POINT('',(-45.33383611335,-4.782071708491));
#955 = CARTESIAN_POINT('',(-41.65883611335,-6.903833947763));
#956 = CARTESIAN_POINT('',(-45.33383611335,-9.025596187035));
#957 = CARTESIAN_POINT('',(-49.00883611335,-11.1473584263));
#958 = CARTESIAN_POINT('',(-49.00883611335,-6.903833947763));
#959 = ( GEOMETRIC_REPRESENTATION_CONTEXT(2) 
PARAMETRIC_REPRESENTATION_CONTEXT() REPRESENTATION_CONTEXT('2D SPACE',''
  ) );
#960 = PCURVE('',#961,#966);
#961 = CYLINDRICAL_SURFACE('',#962,2.45);
#962 = AXIS2_PLACEMENT_3D('',#963,#964,#965);
#963 = CARTESIAN_POINT('',(-50.8,12.7,6.));
#964 = DIRECTION('',(0.,0.,-1.));
#965 = DIRECTION('',(-1.,0.,0.));
#966 = DEFINITIONAL_REPRESENTATION('',(#967),#971);
#967 = LINE('',#968,#969);
#968 = CARTESIAN_POINT('',(0.,6.));
#969 = VECTOR('',#970,1.);
#970 = DIRECTION('',(1.,0.));
#971 = ( GEOMETRIC_REPRESENTATION_CONTEXT(2) 
PARAMETRIC_REPRESENTATION_CONTEXT() REPRESENTATION_CONTEXT('2D SPACE',''
  ) );
#972 = FACE_BOUND('',#973,.F.);
#973 = EDGE_LOOP('',(#974));
#974 = ORIENTED_EDGE('',*,*,#975,.T.);
#975 = EDGE_CURVE('',#976,#976,#978,.T.);
#976 = VERTEX_POINT('',#977);
#977 = CARTESIAN_POINT('',(-40.55,12.7,0.));
#978 = SURFACE_CURVE('',#979,(#984,#995),.PCURVE_S1.);
#979 = CIRCLE('',#980,2.45);
#980 = AXIS2_PLACEMENT_3D('',#981,#982,#983);
#981 = CARTESIAN_POINT('',(-38.1,12.7,0.));
#982 = DIRECTION('',(0.,0.,-1.));
#983 = DIRECTION('',(-1.,0.,0.));
#984 = PCURVE('',#44,#985);
#985 = DEFINITIONAL_REPRESENTATION('',(#986),#994);
#986 = ( BOUNDED_CURVE() B_SPLINE_CURVE(2,(#987,#988,#989,#990,#991,#992
,#993),.UNSPECIFIED.,.T.,.F.) B_SPLINE_CURVE_WITH_KNOTS((1,2,2,2,2,1),(
    -2.094395102393,0.,2.094395102393,4.188790204786,6.28318530718,
8.377580409573),.UNSPECIFIED.) CURVE() GEOMETRIC_REPRESENTATION_ITEM() 
RATIONAL_B_SPLINE_CURVE((1.,0.5,1.,0.5,1.,0.5,1.)) REPRESENTATION_ITEM(
  '') );
#987 = CARTESIAN_POINT('',(-36.30883611335,-6.903833947763));
#988 = CARTESIAN_POINT('',(-36.30883611335,-2.660309469219));
#989 = CARTESIAN_POINT('',(-32.63383611335,-4.782071708491));
#990 = CARTESIAN_POINT('',(-28.95883611335,-6.903833947763));
#991 = CARTESIAN_POINT('',(-32.63383611335,-9.025596187035));
#992 = CARTESIAN_POINT('',(-36.30883611335,-11.1473584263));
#993 = CARTESIAN_POINT('',(-36.30883611335,-6.903833947763));
#994 = ( GEOMETRIC_REPRESENTATION_CONTEXT(2) 
PARAMETRIC_REPRESENTATION_CONTEXT() REPRESENTATION_CONTEXT('2D SPACE',''
  ) );
#995 = PCURVE('',#996,#1001);
#996 = CYLINDRICAL_SURFACE('',#997,2.45);
#997 = AXIS2_PLACEMENT_3D('',#998,#999,#1000);
#998 = CARTESIAN_POINT('',(-38.1,12.7,6.));
#999 = DIRECTION('',(0.,0.,-1.));
#1000 = DIRECTION('',(-1.,0.,0.));
#1001 = DEFINITIONAL_REPRESENTATION('',(#1002),#1006);
#1002 = LINE('',#1003,#1004);
#1003 = CARTESIAN_POINT('',(0.,6.));
#1004 = VECTOR('',#1005,1.);
#1005 = DIRECTION('',(1.,0.));
#1006 = ( GEOMETRIC_REPRESENTATION_CONTEXT(2) 
PARAMETRIC_REPRESENTATION_CONTEXT() REPRESENTATION_CONTEXT('2D SPACE',''
  ) );
#1007 = FACE_BOUND('',#1008,.F.);
#1008 = EDGE_LOOP('',(#1009));
#1009 = ORIENTED_EDGE('',*,*,#1010,.T.);
#1010 = EDGE_CURVE('',#1011,#1011,#1013,.T.);
#1011 = VERTEX_POINT('',#1012);
#1012 = CARTESIAN_POINT('',(-27.85,-6.000769315822E-16,0.));
#1013 = SURFACE_CURVE('',#1014,(#1019,#1030),.PCURVE_S1.);
#1014 = CIRCLE('',#1015,2.45);
#1015 = AXIS2_PLACEMENT_3D('',#1016,#1017,#1018);
#1016 = CARTESIAN_POINT('',(-25.4,0.,0.));
#1017 = DIRECTION('',(0.,0.,-1.));
#1018 = DIRECTION('',(-1.,0.,0.));
#1019 = PCURVE('',#44,#1020);
#1020 = DEFINITIONAL_REPRESENTATION('',(#1021),#1029);
#1021 = ( BOUNDED_CURVE() B_SPLINE_CURVE(2,(#1022,#1023,#1024,#1025,
#1026,#1027,#1028),.UNSPECIFIED.,.T.,.F.) B_SPLINE_CURVE_WITH_KNOTS((1,2
    ,2,2,2,1),(-2.094395102393,0.,2.094395102393,4.188790204786,
6.28318530718,8.377580409573),.UNSPECIFIED.) CURVE() 
GEOMETRIC_REPRESENTATION_ITEM() RATIONAL_B_SPLINE_CURVE((1.,0.5,1.,0.5,
1.,0.5,1.)) REPRESENTATION_ITEM('') );
#1022 = CARTESIAN_POINT('',(-23.60883611335,-19.60383394776));
#1023 = CARTESIAN_POINT('',(-23.60883611335,-15.36030946921));
#1024 = CARTESIAN_POINT('',(-19.93383611335,-17.48207170849));
#1025 = CARTESIAN_POINT('',(-16.25883611335,-19.60383394776));
#1026 = CARTESIAN_POINT('',(-19.93383611335,-21.72559618703));
#1027 = CARTESIAN_POINT('',(-23.60883611335,-23.8473584263));
#1028 = CARTESIAN_POINT('',(-23.60883611335,-19.60383394776));
#1029 = ( GEOMETRIC_REPRESENTATION_CONTEXT(2) 
PARAMETRIC_REPRESENTATION_CONTEXT() REPRESENTATION_CONTEXT('2D SPACE',''
  ) );
#1030 = PCURVE('',#1031,#1036);
#1031 = CYLINDRICAL_SURFACE('',#1032,2.45);
#1032 = AXIS2_PLACEMENT_3D('',#1033,#1034,#1035);
#1033 = CARTESIAN_POINT('',(-25.4,0.,6.));
#1034 = DIRECTION('',(0.,0.,-1.));
#1035 = DIRECTION('',(-1.,0.,0.));
#1036 = DEFINITIONAL_REPRESENTATION('',(#1037),#1041);
#1037 = LINE('',#1038,#1039);
#1038 = CARTESIAN_POINT('',(0.,6.));
#1039 = VECTOR('',#1040,1.);
#1040 = DIRECTION('',(1.,0.));
#1041 = ( GEOMETRIC_REPRESENTATION_CONTEXT(2) 
PARAMETRIC_REPRESENTATION_CONTEXT() REPRESENTATION_CONTEXT('2D SPACE',''
  ) );
#1042 = FACE_BOUND('',#1043,.F.);
#1043 = EDGE_LOOP('',(#1044));
#1044 = ORIENTED_EDGE('',*,*,#1045,.T.);
#1045 = EDGE_CURVE('',#1046,#1046,#1048,.T.);
#1046 = VERTEX_POINT('',#1047);
#1047 = CARTESIAN_POINT('',(-15.15,-6.000769315822E-16,0.));
#1048 = SURFACE_CURVE('',#1049,(#1054,#1065),.PCURVE_S1.);
#1049 = CIRCLE('',#1050,2.45);
#1050 = AXIS2_PLACEMENT_3D('',#1051,#1052,#1053);
#1051 = CARTESIAN_POINT('',(-12.7,0.,0.));
#1052 = DIRECTION('',(0.,0.,-1.));
#1053 = DIRECTION('',(-1.,0.,0.));
#1054 = PCURVE('',#44,#1055);
#1055 = DEFINITIONAL_REPRESENTATION('',(#1056),#1064);
#1056 = ( BOUNDED_CURVE() B_SPLINE_CURVE(2,(#1057,#1058,#1059,#1060,
#1061,#1062,#1063),.UNSPECIFIED.,.T.,.F.) B_SPLINE_CURVE_WITH_KNOTS((1,2
    ,2,2,2,1),(-2.094395102393,0.,2.094395102393,4.188790204786,
6.28318530718,8.377580409573),.UNSPECIFIED.) CURVE() 
GEOMETRIC_REPRESENTATION_ITEM() RATIONAL_B_SPLINE_CURVE((1.,0.5,1.,0.5,
1.,0.5,1.)) REPRESENTATION_ITEM('') );
#1057 = CARTESIAN_POINT('',(-10.90883611335,-19.60383394776));
#1058 = CARTESIAN_POINT('',(-10.90883611335,-15.36030946921));
#1059 = CARTESIAN_POINT('',(-7.233836113351,-17.48207170849));
#1060 = CARTESIAN_POINT('',(-3.558836113351,-19.60383394776));
#1061 = CARTESIAN_POINT('',(-7.233836113351,-21.72559618703));
#1062 = CARTESIAN_POINT('',(-10.90883611335,-23.8473584263));
#1063 = CARTESIAN_POINT('',(-10.90883611335,-19.60383394776));
#1064 = ( GEOMETRIC_REPRESENTATION_CONTEXT(2) 
PARAMETRIC_REPRESENTATION_CONTEXT() REPRESENTATION_CONTEXT('2D SPACE',''
  ) );
#1065 = PCURVE('',#1066,#1071);
#1066 = CYLINDRICAL_SURFACE('',#1067,2.45);
#1067 = AXIS2_PLACEMENT_3D('',#1068,#1069,#1070);
#1068 = CARTESIAN_POINT('',(-12.7,0.,6.));
#1069 = DIRECTION('',(0.,0.,-1.));
#1070 = DIRECTION('',(-1.,0.,0.));
#1071 = DEFINITIONAL_REPRESENTATION('',(#1072),#1076);
#1072 = LINE('',#1073,#1074);
#1073 = CARTESIAN_POINT('',(0.,6.));
#1074 = VECTOR('',#1075,1.);
#1075 = DIRECTION('',(1.,0.));
#1076 = ( GEOMETRIC_REPRESENTATION_CONTEXT(2) 
PARAMETRIC_REPRESENTATION_CONTEXT() REPRESENTATION_CONTEXT('2D SPACE',''
  ) );
#1077 = FACE_BOUND('',#1078,.F.);
#1078 = EDGE_LOOP('',(#1079));
#1079 = ORIENTED_EDGE('',*,*,#1080,.T.);
#1080 = EDGE_CURVE('',#1081,#1081,#1083,.T.);
#1081 = VERTEX_POINT('',#1082);
#1082 = CARTESIAN_POINT('',(-27.85,12.7,0.));
#1083 = SURFACE_CURVE('',#1084,(#1089,#1100),.PCURVE_S1.);
#1084 = CIRCLE('',#1085,2.45);
#1085 = AXIS2_PLACEMENT_3D('',#1086,#1087,#1088);
#1086 = CARTESIAN_POINT('',(-25.4,12.7,0.));
#1087 = DIRECTION('',(0.,0.,-1.));
#1088 = DIRECTION('',(-1.,0.,0.));
#1089 = PCURVE('',#44,#1090);
#1090 = DEFINITIONAL_REPRESENTATION('',(#1091),#1099);
#1091 = ( BOUNDED_CURVE() B_SPLINE_CURVE(2,(#1092,#1093,#1094,#1095,
#1096,#1097,#1098),.UNSPECIFIED.,.T.,.F.) B_SPLINE_CURVE_WITH_KNOTS((1,2
    ,2,2,2,1),(-2.094395102393,0.,2.094395102393,4.188790204786,
6.28318530718,8.377580409573),.UNSPECIFIED.) CURVE() 
GEOMETRIC_REPRESENTATION_ITEM() RATIONAL_B_SPLINE_CURVE((1.,0.5,1.,0.5,
1.,0.5,1.)) REPRESENTATION_ITEM('') );
#1092 = CARTESIAN_POINT('',(-23.60883611335,-6.903833947763));
#1093 = CARTESIAN_POINT('',(-23.60883611335,-2.660309469219));
#1094 = CARTESIAN_POINT('',(-19.93383611335,-4.782071708491));
#1095 = CARTESIAN_POINT('',(-16.25883611335,-6.903833947763));
#1096 = CARTESIAN_POINT('',(-19.93383611335,-9.025596187035));
#1097 = CARTESIAN_POINT('',(-23.60883611335,-11.1473584263));
#1098 = CARTESIAN_POINT('',(-23.60883611335,-6.903833947763));
#1099 = ( GEOMETRIC_REPRESENTATION_CONTEXT(2) 
PARAMETRIC_REPRESENTATION_CONTEXT() REPRESENTATION_CONTEXT('2D SPACE',''
  ) );
#1100 = PCURVE('',#1101,#1106);
#1101 = CYLINDRICAL_SURFACE('',#1102,2.45);
#1102 = AXIS2_PLACEMENT_3D('',#1103,#1104,#1105);
#1103 = CARTESIAN_POINT('',(-25.4,12.7,6.));
#1104 = DIRECTION('',(0.,0.,-1.));
#1105 = DIRECTION('',(-1.,0.,0.));
#1106 = DEFINITIONAL_REPRESENTATION('',(#1107),#1111);
#1107 = LINE('',#1108,#1109);
#1108 = CARTESIAN_POINT('',(0.,6.));
#1109 = VECTOR('',#1110,1.);
#1110 = DIRECTION('',(1.,0.));
#1111 = ( GEOMETRIC_REPRESENTATION_CONTEXT(2) 
PARAMETRIC_REPRESENTATION_CONTEXT() REPRESENTATION_CONTEXT('2D SPACE',''
  ) );
#1112 = FACE_BOUND('',#1113,.F.);
#1113 = EDGE_LOOP('',(#1114));
#1114 = ORIENTED_EDGE('',*,*,#1115,.T.);
#1115 = EDGE_CURVE('',#1116,#1116,#1118,.T.);
#1116 = VERTEX_POINT('',#1117);
#1117 = CARTESIAN_POINT('',(-15.15,12.7,0.));
#1118 = SURFACE_CURVE('',#1119,(#1124,#1135),.PCURVE_S1.);
#1119 = CIRCLE('',#1120,2.45);
#1120 = AXIS2_PLACEMENT_3D('',#1121,#1122,#1123);
#1121 = CARTESIAN_POINT('',(-12.7,12.7,0.));
#1122 = DIRECTION('',(0.,0.,-1.));
#1123 = DIRECTION('',(-1.,0.,0.));
#1124 = PCURVE('',#44,#1125);
#1125 = DEFINITIONAL_REPRESENTATION('',(#1126),#1134);
#1126 = ( BOUNDED_CURVE() B_SPLINE_CURVE(2,(#1127,#1128,#1129,#1130,
#1131,#1132,#1133),.UNSPECIFIED.,.T.,.F.) B_SPLINE_CURVE_WITH_KNOTS((1,2
    ,2,2,2,1),(-2.094395102393,0.,2.094395102393,4.188790204786,
6.28318530718,8.377580409573),.UNSPECIFIED.) CURVE() 
GEOMETRIC_REPRESENTATION_ITEM() RATIONAL_B_SPLINE_CURVE((1.,0.5,1.,0.5,
1.,0.5,1.)) REPRESENTATION_ITEM('') );
#1127 = CARTESIAN_POINT('',(-10.90883611335,-6.903833947763));
#1128 = CARTESIAN_POINT('',(-10.90883611335,-2.660309469219));
#1129 = CARTESIAN_POINT('',(-7.233836113351,-4.782071708491));
#1130 = CARTESIAN_POINT('',(-3.558836113351,-6.903833947763));
#1131 = CARTESIAN_POINT('',(-7.233836113351,-9.025596187035));
#1132 = CARTESIAN_POINT('',(-10.90883611335,-11.1473584263));
#1133 = CARTESIAN_POINT('',(-10.90883611335,-6.903833947763));
#1134 = ( GEOMETRIC_REPRESENTATION_CONTEXT(2) 
PARAMETRIC_REPRESENTATION_CONTEXT() REPRESENTATION_CONTEXT('2D SPACE',''
  ) );
#1135 = PCURVE('',#1136,#1141);
#1136 = CYLINDRICAL_SURFACE('',#1137,2.45);
#1137 = AXIS2_PLACEMENT_3D('',#1138,#1139,#1140);
#1138 = CARTESIAN_POINT('',(-12.7,12.7,6.));
#1139 = DIRECTION('',(0.,0.,-1.));
#1140 = DIRECTION('',(-1.,0.,0.));
#1141 = DEFINITIONAL_REPRESENTATION('',(#1142),#1146);
#1142 = LINE('',#1143,#1144);
#1143 = CARTESIAN_POINT('',(0.,6.));
#1144 = VECTOR('',#1145,1.);
#1145 = DIRECTION('',(1.,0.));
#1146 = ( GEOMETRIC_REPRESENTATION_CONTEXT(2) 
PARAMETRIC_REPRESENTATION_CONTEXT() REPRESENTATION_CONTEXT('2D SPACE',''
  ) );
#1147 = FACE_BOUND('',#1148,.F.);
#1148 = EDGE_LOOP('',(#1149));
#1149 = ORIENTED_EDGE('',*,*,#1150,.T.);
#1150 = EDGE_CURVE('',#1151,#1151,#1153,.T.);
#1151 = VERTEX_POINT('',#1152);
#1152 = CARTESIAN_POINT('',(-2.45,-25.4,0.));
#1153 = SURFACE_CURVE('',#1154,(#1159,#1170),.PCURVE_S1.);
#1154 = CIRCLE('',#1155,2.45);
#1155 = AXIS2_PLACEMENT_3D('',#1156,#1157,#1158);
#1156 = CARTESIAN_POINT('',(0.,-25.4,0.));
#1157 = DIRECTION('',(0.,0.,-1.));
#1158 = DIRECTION('',(-1.,0.,0.));
#1159 = PCURVE('',#44,#1160);
#1160 = DEFINITIONAL_REPRESENTATION('',(#1161),#1169);
#1161 = ( BOUNDED_CURVE() B_SPLINE_CURVE(2,(#1162,#1163,#1164,#1165,
#1166,#1167,#1168),.UNSPECIFIED.,.T.,.F.) B_SPLINE_CURVE_WITH_KNOTS((1,2
    ,2,2,2,1),(-2.094395102393,0.,2.094395102393,4.188790204786,
6.28318530718,8.377580409573),.UNSPECIFIED.) CURVE() 
GEOMETRIC_REPRESENTATION_ITEM() RATIONAL_B_SPLINE_CURVE((1.,0.5,1.,0.5,
1.,0.5,1.)) REPRESENTATION_ITEM('') );
#1162 = CARTESIAN_POINT('',(1.791163886649,-45.00383394776));
#1163 = CARTESIAN_POINT('',(1.791163886649,-40.76030946921));
#1164 = CARTESIAN_POINT('',(5.466163886649,-42.88207170849));
#1165 = CARTESIAN_POINT('',(9.141163886649,-45.00383394776));
#1166 = CARTESIAN_POINT('',(5.466163886649,-47.12559618703));
#1167 = CARTESIAN_POINT('',(1.791163886649,-49.2473584263));
#1168 = CARTESIAN_POINT('',(1.791163886649,-45.00383394776));
#1169 = ( GEOMETRIC_REPRESENTATION_CONTEXT(2) 
PARAMETRIC_REPRESENTATION_CONTEXT() REPRESENTATION_CONTEXT('2D SPACE',''
  ) );
#1170 = PCURVE('',#1171,#1176);
#1171 = CYLINDRICAL_SURFACE('',#1172,2.45);
#1172 = AXIS2_PLACEMENT_3D('',#1173,#1174,#1175);
#1173 = CARTESIAN_POINT('',(0.,-25.4,6.));
#1174 = DIRECTION('',(0.,0.,-1.));
#1175 = DIRECTION('',(-1.,0.,0.));
#1176 = DEFINITIONAL_REPRESENTATION('',(#1177),#1181);
#1177 = LINE('',#1178,#1179);
#1178 = CARTESIAN_POINT('',(0.,6.));
#1179 = VECTOR('',#1180,1.);
#1180 = DIRECTION('',(1.,0.));
#1181 = ( GEOMETRIC_REPRESENTATION_CONTEXT(2) 
PARAMETRIC_REPRESENTATION_CONTEXT() REPRESENTATION_CONTEXT('2D SPACE',''
  ) );
#1182 = FACE_BOUND('',#1183,.F.);
#1183 = EDGE_LOOP('',(#1184));
#1184 = ORIENTED_EDGE('',*,*,#1185,.T.);
#1185 = EDGE_CURVE('',#1186,#1186,#1188,.T.);
#1186 = VERTEX_POINT('',#1187);
#1187 = CARTESIAN_POINT('',(10.25,-25.4,0.));
#1188 = SURFACE_CURVE('',#1189,(#1194,#1205),.PCURVE_S1.);
#1189 = CIRCLE('',#1190,2.45);
#1190 = AXIS2_PLACEMENT_3D('',#1191,#1192,#1193);
#1191 = CARTESIAN_POINT('',(12.7,-25.4,0.));
#1192 = DIRECTION('',(0.,0.,-1.));
#1193 = DIRECTION('',(-1.,0.,0.));
#1194 = PCURVE('',#44,#1195);
#1195 = DEFINITIONAL_REPRESENTATION('',(#1196),#1204);
#1196 = ( BOUNDED_CURVE() B_SPLINE_CURVE(2,(#1197,#1198,#1199,#1200,
#1201,#1202,#1203),.UNSPECIFIED.,.T.,.F.) B_SPLINE_CURVE_WITH_KNOTS((1,2
    ,2,2,2,1),(-2.094395102393,0.,2.094395102393,4.188790204786,
6.28318530718,8.377580409573),.UNSPECIFIED.) CURVE() 
GEOMETRIC_REPRESENTATION_ITEM() RATIONAL_B_SPLINE_CURVE((1.,0.5,1.,0.5,
1.,0.5,1.)) REPRESENTATION_ITEM('') );
#1197 = CARTESIAN_POINT('',(14.491163886649,-45.00383394776));
#1198 = CARTESIAN_POINT('',(14.491163886649,-40.76030946921));
#1199 = CARTESIAN_POINT('',(18.166163886649,-42.88207170849));
#1200 = CARTESIAN_POINT('',(21.841163886649,-45.00383394776));
#1201 = CARTESIAN_POINT('',(18.166163886649,-47.12559618703));
#1202 = CARTESIAN_POINT('',(14.491163886649,-49.2473584263));
#1203 = CARTESIAN_POINT('',(14.491163886649,-45.00383394776));
#1204 = ( GEOMETRIC_REPRESENTATION_CONTEXT(2) 
PARAMETRIC_REPRESENTATION_CONTEXT() REPRESENTATION_CONTEXT('2D SPACE',''
  ) );
#1205 = PCURVE('',#1206,#1211);
#1206 = CYLINDRICAL_SURFACE('',#1207,2.45);
#1207 = AXIS2_PLACEMENT_3D('',#1208,#1209,#1210);
#1208 = CARTESIAN_POINT('',(12.7,-25.4,6.));
#1209 = DIRECTION('',(0.,0.,-1.));
#1210 = DIRECTION('',(-1.,0.,0.));
#1211 = DEFINITIONAL_REPRESENTATION('',(#1212),#1216);
#1212 = LINE('',#1213,#1214);
#1213 = CARTESIAN_POINT('',(0.,6.));
#1214 = VECTOR('',#1215,1.);
#1215 = DIRECTION('',(1.,0.));
#1216 = ( GEOMETRIC_REPRESENTATION_CONTEXT(2) 
PARAMETRIC_REPRESENTATION_CONTEXT() REPRESENTATION_CONTEXT('2D SPACE',''
  ) );
#1217 = FACE_BOUND('',#1218,.F.);
#1218 = EDGE_LOOP('',(#1219));
#1219 = ORIENTED_EDGE('',*,*,#1220,.T.);
#1220 = EDGE_CURVE('',#1221,#1221,#1223,.T.);
#1221 = VERTEX_POINT('',#1222);
#1222 = CARTESIAN_POINT('',(-2.45,-12.7,0.));
#1223 = SURFACE_CURVE('',#1224,(#1229,#1240),.PCURVE_S1.);
#1224 = CIRCLE('',#1225,2.45);
#1225 = AXIS2_PLACEMENT_3D('',#1226,#1227,#1228);
#1226 = CARTESIAN_POINT('',(0.,-12.7,0.));
#1227 = DIRECTION('',(0.,0.,-1.));
#1228 = DIRECTION('',(-1.,0.,0.));
#1229 = PCURVE('',#44,#1230);
#1230 = DEFINITIONAL_REPRESENTATION('',(#1231),#1239);
#1231 = ( BOUNDED_CURVE() B_SPLINE_CURVE(2,(#1232,#1233,#1234,#1235,
#1236,#1237,#1238),.UNSPECIFIED.,.T.,.F.) B_SPLINE_CURVE_WITH_KNOTS((1,2
    ,2,2,2,1),(-2.094395102393,0.,2.094395102393,4.188790204786,
6.28318530718,8.377580409573),.UNSPECIFIED.) CURVE() 
GEOMETRIC_REPRESENTATION_ITEM() RATIONAL_B_SPLINE_CURVE((1.,0.5,1.,0.5,
1.,0.5,1.)) REPRESENTATION_ITEM('') );
#1232 = CARTESIAN_POINT('',(1.791163886649,-32.30383394776));
#1233 = CARTESIAN_POINT('',(1.791163886649,-28.06030946921));
#1234 = CARTESIAN_POINT('',(5.466163886649,-30.18207170849));
#1235 = CARTESIAN_POINT('',(9.141163886649,-32.30383394776));
#1236 = CARTESIAN_POINT('',(5.466163886649,-34.42559618703));
#1237 = CARTESIAN_POINT('',(1.791163886649,-36.5473584263));
#1238 = CARTESIAN_POINT('',(1.791163886649,-32.30383394776));
#1239 = ( GEOMETRIC_REPRESENTATION_CONTEXT(2) 
PARAMETRIC_REPRESENTATION_CONTEXT() REPRESENTATION_CONTEXT('2D SPACE',''
  ) );
#1240 = PCURVE('',#1241,#1246);
#1241 = CYLINDRICAL_SURFACE('',#1242,2.45);
#1242 = AXIS2_PLACEMENT_3D('',#1243,#1244,#1245);
#1243 = CARTESIAN_POINT('',(0.,-12.7,6.));
#1244 = DIRECTION('',(0.,0.,-1.));
#1245 = DIRECTION('',(-1.,0.,0.));
#1246 = DEFINITIONAL_REPRESENTATION('',(#1247),#1251);
#1247 = LINE('',#1248,#1249);
#1248 = CARTESIAN_POINT('',(0.,6.));
#1249 = VECTOR('',#1250,1.);
#1250 = DIRECTION('',(1.,0.));
#1251 = ( GEOMETRIC_REPRESENTATION_CONTEXT(2) 
PARAMETRIC_REPRESENTATION_CONTEXT() REPRESENTATION_CONTEXT('2D SPACE',''
  ) );
#1252 = FACE_BOUND('',#1253,.F.);
#1253 = EDGE_LOOP('',(#1254));
#1254 = ORIENTED_EDGE('',*,*,#1255,.T.);
#1255 = EDGE_CURVE('',#1256,#1256,#1258,.T.);
#1256 = VERTEX_POINT('',#1257);
#1257 = CARTESIAN_POINT('',(10.25,-12.7,0.));
#1258 = SURFACE_CURVE('',#1259,(#1264,#1275),.PCURVE_S1.);
#1259 = CIRCLE('',#1260,2.45);
#1260 = AXIS2_PLACEMENT_3D('',#1261,#1262,#1263);
#1261 = CARTESIAN_POINT('',(12.7,-12.7,0.));
#1262 = DIRECTION('',(0.,0.,-1.));
#1263 = DIRECTION('',(-1.,0.,0.));
#1264 = PCURVE('',#44,#1265);
#1265 = DEFINITIONAL_REPRESENTATION('',(#1266),#1274);
#1266 = ( BOUNDED_CURVE() B_SPLINE_CURVE(2,(#1267,#1268,#1269,#1270,
#1271,#1272,#1273),.UNSPECIFIED.,.T.,.F.) B_SPLINE_CURVE_WITH_KNOTS((1,2
    ,2,2,2,1),(-2.094395102393,0.,2.094395102393,4.188790204786,
6.28318530718,8.377580409573),.UNSPECIFIED.) CURVE() 
GEOMETRIC_REPRESENTATION_ITEM() RATIONAL_B_SPLINE_CURVE((1.,0.5,1.,0.5,
1.,0.5,1.)) REPRESENTATION_ITEM('') );
#1267 = CARTESIAN_POINT('',(14.491163886649,-32.30383394776));
#1268 = CARTESIAN_POINT('',(14.491163886649,-28.06030946921));
#1269 = CARTESIAN_POINT('',(18.166163886649,-30.18207170849));
#1270 = CARTESIAN_POINT('',(21.841163886649,-32.30383394776));
#1271 = CARTESIAN_POINT('',(18.166163886649,-34.42559618703));
#1272 = CARTESIAN_POINT('',(14.491163886649,-36.5473584263));
#1273 = CARTESIAN_POINT('',(14.491163886649,-32.30383394776));
#1274 = ( GEOMETRIC_REPRESENTATION_CONTEXT(2) 
PARAMETRIC_REPRESENTATION_CONTEXT() REPRESENTATION_CONTEXT('2D SPACE',''
  ) );
#1275 = PCURVE('',#1276,#1281);
#1276 = CYLINDRICAL_SURFACE('',#1277,2.45);
#1277 = AXIS2_PLACEMENT_3D('',#1278,#1279,#1280);
#1278 = CARTESIAN_POINT('',(12.7,-12.7,6.));
#1279 = DIRECTION('',(0.,0.,-1.));
#1280 = DIRECTION('',(-1.,0.,0.));
#1281 = DEFINITIONAL_REPRESENTATION('',(#1282),#1286);
#1282 = LINE('',#1283,#1284);
#1283 = CARTESIAN_POINT('',(0.,6.));
#1284 = VECTOR('',#1285,1.);
#1285 = DIRECTION('',(1.,0.));
#1286 = ( GEOMETRIC_REPRESENTATION_CONTEXT(2) 
PARAMETRIC_REPRESENTATION_CONTEXT() REPRESENTATION_CONTEXT('2D SPACE',''
  ) );
#1287 = FACE_BOUND('',#1288,.F.);
#1288 = EDGE_LOOP('',(#1289));
#1289 = ORIENTED_EDGE('',*,*,#1290,.T.);
#1290 = EDGE_CURVE('',#1291,#1291,#1293,.T.);
#1291 = VERTEX_POINT('',#1292);
#1292 = CARTESIAN_POINT('',(22.95,-25.4,0.));
#1293 = SURFACE_CURVE('',#1294,(#1299,#1310),.PCURVE_S1.);
#1294 = CIRCLE('',#1295,2.45);
#1295 = AXIS2_PLACEMENT_3D('',#1296,#1297,#1298);
#1296 = CARTESIAN_POINT('',(25.4,-25.4,0.));
#1297 = DIRECTION('',(0.,0.,-1.));
#1298 = DIRECTION('',(-1.,0.,0.));
#1299 = PCURVE('',#44,#1300);
#1300 = DEFINITIONAL_REPRESENTATION('',(#1301),#1309);
#1301 = ( BOUNDED_CURVE() B_SPLINE_CURVE(2,(#1302,#1303,#1304,#1305,
#1306,#1307,#1308),.UNSPECIFIED.,.T.,.F.) B_SPLINE_CURVE_WITH_KNOTS((1,2
    ,2,2,2,1),(-2.094395102393,0.,2.094395102393,4.188790204786,
6.28318530718,8.377580409573),.UNSPECIFIED.) CURVE() 
GEOMETRIC_REPRESENTATION_ITEM() RATIONAL_B_SPLINE_CURVE((1.,0.5,1.,0.5,
1.,0.5,1.)) REPRESENTATION_ITEM('') );
#1302 = CARTESIAN_POINT('',(27.191163886649,-45.00383394776));
#1303 = CARTESIAN_POINT('',(27.191163886649,-40.76030946921));
#1304 = CARTESIAN_POINT('',(30.866163886649,-42.88207170849));
#1305 = CARTESIAN_POINT('',(34.541163886649,-45.00383394776));
#1306 = CARTESIAN_POINT('',(30.866163886649,-47.12559618703));
#1307 = CARTESIAN_POINT('',(27.191163886649,-49.2473584263));
#1308 = CARTESIAN_POINT('',(27.191163886649,-45.00383394776));
#1309 = ( GEOMETRIC_REPRESENTATION_CONTEXT(2) 
PARAMETRIC_REPRESENTATION_CONTEXT() REPRESENTATION_CONTEXT('2D SPACE',''
  ) );
#1310 = PCURVE('',#1311,#1316);
#1311 = CYLINDRICAL_SURFACE('',#1312,2.45);
#1312 = AXIS2_PLACEMENT_3D('',#1313,#1314,#1315);
#1313 = CARTESIAN_POINT('',(25.4,-25.4,6.));
#1314 = DIRECTION('',(0.,0.,-1.));
#1315 = DIRECTION('',(-1.,0.,0.));
#1316 = DEFINITIONAL_REPRESENTATION('',(#1317),#1321);
#1317 = LINE('',#1318,#1319);
#1318 = CARTESIAN_POINT('',(0.,6.));
#1319 = VECTOR('',#1320,1.);
#1320 = DIRECTION('',(1.,0.));
#1321 = ( GEOMETRIC_REPRESENTATION_CONTEXT(2) 
PARAMETRIC_REPRESENTATION_CONTEXT() REPRESENTATION_CONTEXT('2D SPACE',''
  ) );
#1322 = FACE_BOUND('',#1323,.F.);
#1323 = EDGE_LOOP('',(#1324));
#1324 = ORIENTED_EDGE('',*,*,#1325,.T.);
#1325 = EDGE_CURVE('',#1326,#1326,#1328,.T.);
#1326 = VERTEX_POINT('',#1327);
#1327 = CARTESIAN_POINT('',(35.65,-25.4,0.));
#1328 = SURFACE_CURVE('',#1329,(#1334,#1345),.PCURVE_S1.);
#1329 = CIRCLE('',#1330,2.45);
#1330 = AXIS2_PLACEMENT_3D('',#1331,#1332,#1333);
#1331 = CARTESIAN_POINT('',(38.1,-25.4,0.));
#1332 = DIRECTION('',(0.,0.,-1.));
#1333 = DIRECTION('',(-1.,0.,0.));
#1334 = PCURVE('',#44,#1335);
#1335 = DEFINITIONAL_REPRESENTATION('',(#1336),#1344);
#1336 = ( BOUNDED_CURVE() B_SPLINE_CURVE(2,(#1337,#1338,#1339,#1340,
#1341,#1342,#1343),.UNSPECIFIED.,.T.,.F.) B_SPLINE_CURVE_WITH_KNOTS((1,2
    ,2,2,2,1),(-2.094395102393,0.,2.094395102393,4.188790204786,
6.28318530718,8.377580409573),.UNSPECIFIED.) CURVE() 
GEOMETRIC_REPRESENTATION_ITEM() RATIONAL_B_SPLINE_CURVE((1.,0.5,1.,0.5,
1.,0.5,1.)) REPRESENTATION_ITEM('') );
#1337 = CARTESIAN_POINT('',(39.891163886649,-45.00383394776));
#1338 = CARTESIAN_POINT('',(39.891163886649,-40.76030946921));
#1339 = CARTESIAN_POINT('',(43.566163886649,-42.88207170849));
#1340 = CARTESIAN_POINT('',(47.241163886649,-45.00383394776));
#1341 = CARTESIAN_POINT('',(43.566163886649,-47.12559618703));
#1342 = CARTESIAN_POINT('',(39.891163886649,-49.2473584263));
#1343 = CARTESIAN_POINT('',(39.891163886649,-45.00383394776));
#1344 = ( GEOMETRIC_REPRESENTATION_CONTEXT(2) 
PARAMETRIC_REPRESENTATION_CONTEXT() REPRESENTATION_CONTEXT('2D SPACE',''
  ) );
#1345 = PCURVE('',#1346,#1351);
#1346 = CYLINDRICAL_SURFACE('',#1347,2.45);
#1347 = AXIS2_PLACEMENT_3D('',#1348,#1349,#1350);
#1348 = CARTESIAN_POINT('',(38.1,-25.4,6.));
#1349 = DIRECTION('',(0.,0.,-1.));
#1350 = DIRECTION('',(-1.,0.,0.));
#1351 = DEFINITIONAL_REPRESENTATION('',(#1352),#1356);
#1352 = LINE('',#1353,#1354);
#1353 = CARTESIAN_POINT('',(0.,6.));
#1354 = VECTOR('',#1355,1.);
#1355 = DIRECTION('',(1.,0.));
#1356 = ( GEOMETRIC_REPRESENTATION_CONTEXT(2) 
PARAMETRIC_REPRESENTATION_CONTEXT() REPRESENTATION_CONTEXT('2D SPACE',''
  ) );
#1357 = FACE_BOUND('',#1358,.F.);
#1358 = EDGE_LOOP('',(#1359));
#1359 = ORIENTED_EDGE('',*,*,#1360,.T.);
#1360 = EDGE_CURVE('',#1361,#1361,#1363,.T.);
#1361 = VERTEX_POINT('',#1362);
#1362 = CARTESIAN_POINT('',(48.35,-25.4,0.));
#1363 = SURFACE_CURVE('',#1364,(#1369,#1380),.PCURVE_S1.);
#1364 = CIRCLE('',#1365,2.45);
#1365 = AXIS2_PLACEMENT_3D('',#1366,#1367,#1368);
#1366 = CARTESIAN_POINT('',(50.8,-25.4,0.));
#1367 = DIRECTION('',(0.,0.,-1.));
#1368 = DIRECTION('',(-1.,0.,0.));
#1369 = PCURVE('',#44,#1370);
#1370 = DEFINITIONAL_REPRESENTATION('',(#1371),#1379);
#1371 = ( BOUNDED_CURVE() B_SPLINE_CURVE(2,(#1372,#1373,#1374,#1375,
#1376,#1377,#1378),.UNSPECIFIED.,.T.,.F.) B_SPLINE_CURVE_WITH_KNOTS((1,2
    ,2,2,2,1),(-2.094395102393,0.,2.094395102393,4.188790204786,
6.28318530718,8.377580409573),.UNSPECIFIED.) CURVE() 
GEOMETRIC_REPRESENTATION_ITEM() RATIONAL_B_SPLINE_CURVE((1.,0.5,1.,0.5,
1.,0.5,1.)) REPRESENTATION_ITEM('') );
#1372 = CARTESIAN_POINT('',(52.591163886649,-45.00383394776));
#1373 = CARTESIAN_POINT('',(52.591163886649,-40.76030946921));
#1374 = CARTESIAN_POINT('',(56.266163886649,-42.88207170849));
#1375 = CARTESIAN_POINT('',(59.941163886649,-45.00383394776));
#1376 = CARTESIAN_POINT('',(56.266163886649,-47.12559618703));
#1377 = CARTESIAN_POINT('',(52.591163886649,-49.2473584263));
#1378 = CARTESIAN_POINT('',(52.591163886649,-45.00383394776));
#1379 = ( GEOMETRIC_REPRESENTATION_CONTEXT(2) 
PARAMETRIC_REPRESENTATION_CONTEXT() REPRESENTATION_CONTEXT('2D SPACE',''
  ) );
#1380 = PCURVE('',#1381,#1386);
#1381 = CYLINDRICAL_SURFACE('',#1382,2.45);
#1382 = AXIS2_PLACEMENT_3D('',#1383,#1384,#1385);
#1383 = CARTESIAN_POINT('',(50.8,-25.4,6.));
#1384 = DIRECTION('',(0.,0.,-1.));
#1385 = DIRECTION('',(-1.,0.,0.));
#1386 = DEFINITIONAL_REPRESENTATION('',(#1387),#1391);
#1387 = LINE('',#1388,#1389);
#1388 = CARTESIAN_POINT('',(0.,6.));
#1389 = VECTOR('',#1390,1.);
#1390 = DIRECTION('',(1.,0.));
#1391 = ( GEOMETRIC_REPRESENTATION_CONTEXT(2) 
PARAMETRIC_REPRESENTATION_CONTEXT() REPRESENTATION_CONTEXT('2D SPACE',''
  ) );
#1392 = FACE_BOUND('',#1393,.F.);
#1393 = EDGE_LOOP('',(#1394));
#1394 = ORIENTED_EDGE('',*,*,#1395,.T.);
#1395 = EDGE_CURVE('',#1396,#1396,#1398,.T.);
#1396 = VERTEX_POINT('',#1397);
#1397 = CARTESIAN_POINT('',(22.95,-12.7,0.));
#1398 = SURFACE_CURVE('',#1399,(#1404,#1415),.PCURVE_S1.);
#1399 = CIRCLE('',#1400,2.45);
#1400 = AXIS2_PLACEMENT_3D('',#1401,#1402,#1403);
#1401 = CARTESIAN_POINT('',(25.4,-12.7,0.));
#1402 = DIRECTION('',(0.,0.,-1.));
#1403 = DIRECTION('',(-1.,0.,0.));
#1404 = PCURVE('',#44,#1405);
#1405 = DEFINITIONAL_REPRESENTATION('',(#1406),#1414);
#1406 = ( BOUNDED_CURVE() B_SPLINE_CURVE(2,(#1407,#1408,#1409,#1410,
#1411,#1412,#1413),.UNSPECIFIED.,.T.,.F.) B_SPLINE_CURVE_WITH_KNOTS((1,2
    ,2,2,2,1),(-2.094395102393,0.,2.094395102393,4.188790204786,
6.28318530718,8.377580409573),.UNSPECIFIED.) CURVE() 
GEOMETRIC_REPRESENTATION_ITEM() RATIONAL_B_SPLINE_CURVE((1.,0.5,1.,0.5,
1.,0.5,1.)) REPRESENTATION_ITEM('') );
#1407 = CARTESIAN_POINT('',(27.191163886649,-32.30383394776));
#1408 = CARTESIAN_POINT('',(27.191163886649,-28.06030946921));
#1409 = CARTESIAN_POINT('',(30.866163886649,-30.18207170849));
#1410 = CARTESIAN_POINT('',(34.541163886649,-32.30383394776));
#1411 = CARTESIAN_POINT('',(30.866163886649,-34.42559618703));
#1412 = CARTESIAN_POINT('',(27.191163886649,-36.5473584263));
#1413 = CARTESIAN_POINT('',(27.191163886649,-32.30383394776));
#1414 = ( GEOMETRIC_REPRESENTATION_CONTEXT(2) 
PARAMETRIC_REPRESENTATION_CONTEXT() REPRESENTATION_CONTEXT('2D SPACE',''
  ) );
#1415 = PCURVE('',#1416,#1421);
#1416 = CYLINDRICAL_SURFACE('',#1417,2.45);
#1417 = AXIS2_PLACEMENT_3D('',#1418,#1419,#1420);
#1418 = CARTESIAN_POINT('',(25.4,-12.7,6.));
#1419 = DIRECTION('',(0.,0.,-1.));
#1420 = DIRECTION('',(-1.,0.,0.));
#1421 = DEFINITIONAL_REPRESENTATION('',(#1422),#1426);
#1422 = LINE('',#1423,#1424);
#1423 = CARTESIAN_POINT('',(0.,6.));
#1424 = VECTOR('',#1425,1.);
#1425 = DIRECTION('',(1.,0.));
#1426 = ( GEOMETRIC_REPRESENTATION_CONTEXT(2) 
PARAMETRIC_REPRESENTATION_CONTEXT() REPRESENTATION_CONTEXT('2D SPACE',''
  ) );
#1427 = FACE_BOUND('',#1428,.F.);
#1428 = EDGE_LOOP('',(#1429));
#1429 = ORIENTED_EDGE('',*,*,#1430,.T.);
#1430 = EDGE_CURVE('',#1431,#1431,#1433,.T.);
#1431 = VERTEX_POINT('',#1432);
#1432 = CARTESIAN_POINT('',(35.65,-12.7,0.));
#1433 = SURFACE_CURVE('',#1434,(#1439,#1450),.PCURVE_S1.);
#1434 = CIRCLE('',#1435,2.45);
#1435 = AXIS2_PLACEMENT_3D('',#1436,#1437,#1438);
#1436 = CARTESIAN_POINT('',(38.1,-12.7,0.));
#1437 = DIRECTION('',(0.,0.,-1.));
#1438 = DIRECTION('',(-1.,0.,0.));
#1439 = PCURVE('',#44,#1440);
#1440 = DEFINITIONAL_REPRESENTATION('',(#1441),#1449);
#1441 = ( BOUNDED_CURVE() B_SPLINE_CURVE(2,(#1442,#1443,#1444,#1445,
#1446,#1447,#1448),.UNSPECIFIED.,.T.,.F.) B_SPLINE_CURVE_WITH_KNOTS((1,2
    ,2,2,2,1),(-2.094395102393,0.,2.094395102393,4.188790204786,
6.28318530718,8.377580409573),.UNSPECIFIED.) CURVE() 
GEOMETRIC_REPRESENTATION_ITEM() RATIONAL_B_SPLINE_CURVE((1.,0.5,1.,0.5,
1.,0.5,1.)) REPRESENTATION_ITEM('') );
#1442 = CARTESIAN_POINT('',(39.891163886649,-32.30383394776));
#1443 = CARTESIAN_POINT('',(39.891163886649,-28.06030946921));
#1444 = CARTESIAN_POINT('',(43.566163886649,-30.18207170849));
#1445 = CARTESIAN_POINT('',(47.241163886649,-32.30383394776));
#1446 = CARTESIAN_POINT('',(43.566163886649,-34.42559618703));
#1447 = CARTESIAN_POINT('',(39.891163886649,-36.5473584263));
#1448 = CARTESIAN_POINT('',(39.891163886649,-32.30383394776));
#1449 = ( GEOMETRIC_REPRESENTATION_CONTEXT(2) 
PARAMETRIC_REPRESENTATION_CONTEXT() REPRESENTATION_CONTEXT('2D SPACE',''
  ) );
#1450 = PCURVE('',#1451,#1456);
#1451 = CYLINDRICAL_SURFACE('',#1452,2.45);
#1452 = AXIS2_PLACEMENT_3D('',#1453,#1454,#1455);
#1453 = CARTESIAN_POINT('',(38.1,-12.7,6.));
#1454 = DIRECTION('',(0.,0.,-1.));
#1455 = DIRECTION('',(-1.,0.,0.));
#1456 = DEFINITIONAL_REPRESENTATION('',(#1457),#1461);
#1457 = LINE('',#1458,#1459);
#1458 = CARTESIAN_POINT('',(0.,6.));
#1459 = VECTOR('',#1460,1.);
#1460 = DIRECTION('',(1.,0.));
#1461 = ( GEOMETRIC_REPRESENTATION_CONTEXT(2) 
PARAMETRIC_REPRESENTATION_CONTEXT() REPRESENTATION_CONTEXT('2D SPACE',''
  ) );
#1462 = FACE_BOUND('',#1463,.F.);
#1463 = EDGE_LOOP('',(#1464));
#1464 = ORIENTED_EDGE('',*,*,#1465,.T.);
#1465 = EDGE_CURVE('',#1466,#1466,#1468,.T.);
#1466 = VERTEX_POINT('',#1467);
#1467 = CARTESIAN_POINT('',(48.35,-12.7,0.));
#1468 = SURFACE_CURVE('',#1469,(#1474,#1485),.PCURVE_S1.);
#1469 = CIRCLE('',#1470,2.45);
#1470 = AXIS2_PLACEMENT_3D('',#1471,#1472,#1473);
#1471 = CARTESIAN_POINT('',(50.8,-12.7,0.));
#1472 = DIRECTION('',(0.,0.,-1.));
#1473 = DIRECTION('',(-1.,0.,0.));
#1474 = PCURVE('',#44,#1475);
#1475 = DEFINITIONAL_REPRESENTATION('',(#1476),#1484);
#1476 = ( BOUNDED_CURVE() B_SPLINE_CURVE(2,(#1477,#1478,#1479,#1480,
#1481,#1482,#1483),.UNSPECIFIED.,.T.,.F.) B_SPLINE_CURVE_WITH_KNOTS((1,2
    ,2,2,2,1),(-2.094395102393,0.,2.094395102393,4.188790204786,
6.28318530718,8.377580409573),.UNSPECIFIED.) CURVE() 
GEOMETRIC_REPRESENTATION_ITEM() RATIONAL_B_SPLINE_CURVE((1.,0.5,1.,0.5,
1.,0.5,1.)) REPRESENTATION_ITEM('') );
#1477 = CARTESIAN_POINT('',(52.591163886649,-32.30383394776));
#1478 = CARTESIAN_POINT('',(52.591163886649,-28.06030946921));
#1479 = CARTESIAN_POINT('',(56.266163886649,-30.18207170849));
#1480 = CARTESIAN_POINT('',(59.941163886649,-32.30383394776));
#1481 = CARTESIAN_POINT('',(56.266163886649,-34.42559618703));
#1482 = CARTESIAN_POINT('',(52.591163886649,-36.5473584263));
#1483 = CARTESIAN_POINT('',(52.591163886649,-32.30383394776));
#1484 = ( GEOMETRIC_REPRESENTATION_CONTEXT(2) 
PARAMETRIC_REPRESENTATION_CONTEXT() REPRESENTATION_CONTEXT('2D SPACE',''
  ) );
#1485 = PCURVE('',#1486,#1491);
#1486 = CYLINDRICAL_SURFACE('',#1487,2.45);
#1487 = AXIS2_PLACEMENT_3D('',#1488,#1489,#1490);
#1488 = CARTESIAN_POINT('',(50.8,-12.7,6.));
#1489 = DIRECTION('',(0.,0.,-1.));
#1490 = DIRECTION('',(-1.,0.,0.));
#1491 = DEFINITIONAL_REPRESENTATION('',(#1492),#1496);
#1492 = LINE('',#1493,#1494);
#1493 = CARTESIAN_POINT('',(0.,6.));
#1494 = VECTOR('',#1495,1.);
#1495 = DIRECTION('',(1.,0.));
#1496 = ( GEOMETRIC_REPRESENTATION_CONTEXT(2) 
PARAMETRIC_REPRESENTATION_CONTEXT() REPRESENTATION_CONTEXT('2D SPACE',''
  ) );
#1497 = FACE_BOUND('',#1498,.F.);
#1498 = EDGE_LOOP('',(#1499));
#1499 = ORIENTED_EDGE('',*,*,#1500,.T.);
#1500 = EDGE_CURVE('',#1501,#1501,#1503,.T.);
#1501 = VERTEX_POINT('',#1502);
#1502 = CARTESIAN_POINT('',(-8.,-1.959434878636E-15,0.));
#1503 = SURFACE_CURVE('',#1504,(#1509,#1520),.PCURVE_S1.);
#1504 = CIRCLE('',#1505,8.);
#1505 = AXIS2_PLACEMENT_3D('',#1506,#1507,#1508);
#1506 = CARTESIAN_POINT('',(0.,0.,0.));
#1507 = DIRECTION('',(0.,0.,-1.));
#1508 = DIRECTION('',(-1.,0.,0.));
#1509 = PCURVE('',#44,#1510);
#1510 = DEFINITIONAL_REPRESENTATION('',(#1511),#1519);
#1511 = ( BOUNDED_CURVE() B_SPLINE_CURVE(2,(#1512,#1513,#1514,#1515,
#1516,#1517,#1518),.UNSPECIFIED.,.T.,.F.) B_SPLINE_CURVE_WITH_KNOTS((1,2
    ,2,2,2,1),(-2.094395102393,0.,2.094395102393,4.188790204786,
6.28318530718,8.377580409573),.UNSPECIFIED.) CURVE() 
GEOMETRIC_REPRESENTATION_ITEM() RATIONAL_B_SPLINE_CURVE((1.,0.5,1.,0.5,
1.,0.5,1.)) REPRESENTATION_ITEM('') );
#1512 = CARTESIAN_POINT('',(-3.758836113351,-19.60383394776));
#1513 = CARTESIAN_POINT('',(-3.758836113351,-5.747427487212));
#1514 = CARTESIAN_POINT('',(8.241163886649,-12.67563071748));
#1515 = CARTESIAN_POINT('',(20.241163886649,-19.60383394776));
#1516 = CARTESIAN_POINT('',(8.241163886649,-26.53203717803));
#1517 = CARTESIAN_POINT('',(-3.758836113351,-33.46024040831));
#1518 = CARTESIAN_POINT('',(-3.758836113351,-19.60383394776));
#1519 = ( GEOMETRIC_REPRESENTATION_CONTEXT(2) 
PARAMETRIC_REPRESENTATION_CONTEXT() REPRESENTATION_CONTEXT('2D SPACE',''
  ) );
#1520 = PCURVE('',#1521,#1526);
#1521 = CYLINDRICAL_SURFACE('',#1522,8.);
#1522 = AXIS2_PLACEMENT_3D('',#1523,#1524,#1525);
#1523 = CARTESIAN_POINT('',(0.,0.,6.));
#1524 = DIRECTION('',(0.,0.,-1.));
#1525 = DIRECTION('',(-1.,0.,0.));
#1526 = DEFINITIONAL_REPRESENTATION('',(#1527),#1531);
#1527 = LINE('',#1528,#1529);
#1528 = CARTESIAN_POINT('',(0.,6.));
#1529 = VECTOR('',#1530,1.);
#1530 = DIRECTION('',(1.,0.));
#1531 = ( GEOMETRIC_REPRESENTATION_CONTEXT(2) 
PARAMETRIC_REPRESENTATION_CONTEXT() REPRESENTATION_CONTEXT('2D SPACE',''
  ) );
#1532 = FACE_BOUND('',#1533,.F.);
#1533 = EDGE_LOOP('',(#1534));
#1534 = ORIENTED_EDGE('',*,*,#1535,.T.);
#1535 = EDGE_CURVE('',#1536,#1536,#1538,.T.);
#1536 = VERTEX_POINT('',#1537);
#1537 = CARTESIAN_POINT('',(10.25,-6.000769315822E-16,0.));
#1538 = SURFACE_CURVE('',#1539,(#1544,#1555),.PCURVE_S1.);
#1539 = CIRCLE('',#1540,2.45);
#1540 = AXIS2_PLACEMENT_3D('',#1541,#1542,#1543);
#1541 = CARTESIAN_POINT('',(12.7,0.,0.));
#1542 = DIRECTION('',(0.,0.,-1.));
#1543 = DIRECTION('',(-1.,0.,0.));
#1544 = PCURVE('',#44,#1545);
#1545 = DEFINITIONAL_REPRESENTATION('',(#1546),#1554);
#1546 = ( BOUNDED_CURVE() B_SPLINE_CURVE(2,(#1547,#1548,#1549,#1550,
#1551,#1552,#1553),.UNSPECIFIED.,.T.,.F.) B_SPLINE_CURVE_WITH_KNOTS((1,2
    ,2,2,2,1),(-2.094395102393,0.,2.094395102393,4.188790204786,
6.28318530718,8.377580409573),.UNSPECIFIED.) CURVE() 
GEOMETRIC_REPRESENTATION_ITEM() RATIONAL_B_SPLINE_CURVE((1.,0.5,1.,0.5,
1.,0.5,1.)) REPRESENTATION_ITEM('') );
#1547 = CARTESIAN_POINT('',(14.491163886649,-19.60383394776));
#1548 = CARTESIAN_POINT('',(14.491163886649,-15.36030946921));
#1549 = CARTESIAN_POINT('',(18.166163886649,-17.48207170849));
#1550 = CARTESIAN_POINT('',(21.841163886649,-19.60383394776));
#1551 = CARTESIAN_POINT('',(18.166163886649,-21.72559618703));
#1552 = CARTESIAN_POINT('',(14.491163886649,-23.8473584263));
#1553 = CARTESIAN_POINT('',(14.491163886649,-19.60383394776));
#1554 = ( GEOMETRIC_REPRESENTATION_CONTEXT(2) 
PARAMETRIC_REPRESENTATION_CONTEXT() REPRESENTATION_CONTEXT('2D SPACE',''
  ) );
#1555 = PCURVE('',#1556,#1561);
#1556 = CYLINDRICAL_SURFACE('',#1557,2.45);
#1557 = AXIS2_PLACEMENT_3D('',#1558,#1559,#1560);
#1558 = CARTESIAN_POINT('',(12.7,0.,6.));
#1559 = DIRECTION('',(0.,0.,-1.));
#1560 = DIRECTION('',(-1.,0.,0.));
#1561 = DEFINITIONAL_REPRESENTATION('',(#1562),#1566);
#1562 = LINE('',#1563,#1564);
#1563 = CARTESIAN_POINT('',(0.,6.));
#1564 = VECTOR('',#1565,1.);
#1565 = DIRECTION('',(1.,0.));
#1566 = ( GEOMETRIC_REPRESENTATION_CONTEXT(2) 
PARAMETRIC_REPRESENTATION_CONTEXT() REPRESENTATION_CONTEXT('2D SPACE',''
  ) );
#1567 = FACE_BOUND('',#1568,.F.);
#1568 = EDGE_LOOP('',(#1569));
#1569 = ORIENTED_EDGE('',*,*,#1570,.T.);
#1570 = EDGE_CURVE('',#1571,#1571,#1573,.T.);
#1571 = VERTEX_POINT('',#1572);
#1572 = CARTESIAN_POINT('',(-2.45,12.7,0.));
#1573 = SURFACE_CURVE('',#1574,(#1579,#1590),.PCURVE_S1.);
#1574 = CIRCLE('',#1575,2.45);
#1575 = AXIS2_PLACEMENT_3D('',#1576,#1577,#1578);
#1576 = CARTESIAN_POINT('',(0.,12.7,0.));
#1577 = DIRECTION('',(0.,0.,-1.));
#1578 = DIRECTION('',(-1.,0.,0.));
#1579 = PCURVE('',#44,#1580);
#1580 = DEFINITIONAL_REPRESENTATION('',(#1581),#1589);
#1581 = ( BOUNDED_CURVE() B_SPLINE_CURVE(2,(#1582,#1583,#1584,#1585,
#1586,#1587,#1588),.UNSPECIFIED.,.T.,.F.) B_SPLINE_CURVE_WITH_KNOTS((1,2
    ,2,2,2,1),(-2.094395102393,0.,2.094395102393,4.188790204786,
6.28318530718,8.377580409573),.UNSPECIFIED.) CURVE() 
GEOMETRIC_REPRESENTATION_ITEM() RATIONAL_B_SPLINE_CURVE((1.,0.5,1.,0.5,
1.,0.5,1.)) REPRESENTATION_ITEM('') );
#1582 = CARTESIAN_POINT('',(1.791163886649,-6.903833947763));
#1583 = CARTESIAN_POINT('',(1.791163886649,-2.660309469219));
#1584 = CARTESIAN_POINT('',(5.466163886649,-4.782071708491));
#1585 = CARTESIAN_POINT('',(9.141163886649,-6.903833947763));
#1586 = CARTESIAN_POINT('',(5.466163886649,-9.025596187035));
#1587 = CARTESIAN_POINT('',(1.791163886649,-11.1473584263));
#1588 = CARTESIAN_POINT('',(1.791163886649,-6.903833947763));
#1589 = ( GEOMETRIC_REPRESENTATION_CONTEXT(2) 
PARAMETRIC_REPRESENTATION_CONTEXT() REPRESENTATION_CONTEXT('2D SPACE',''
  ) );
#1590 = PCURVE('',#1591,#1596);
#1591 = CYLINDRICAL_SURFACE('',#1592,2.45);
#1592 = AXIS2_PLACEMENT_3D('',#1593,#1594,#1595);
#1593 = CARTESIAN_POINT('',(0.,12.7,6.));
#1594 = DIRECTION('',(0.,0.,-1.));
#1595 = DIRECTION('',(-1.,0.,0.));
#1596 = DEFINITIONAL_REPRESENTATION('',(#1597),#1601);
#1597 = LINE('',#1598,#1599);
#1598 = CARTESIAN_POINT('',(0.,6.));
#1599 = VECTOR('',#1600,1.);
#1600 = DIRECTION('',(1.,0.));
#1601 = ( GEOMETRIC_REPRESENTATION_CONTEXT(2) 
PARAMETRIC_REPRESENTATION_CONTEXT() REPRESENTATION_CONTEXT('2D SPACE',''
  ) );
#1602 = FACE_BOUND('',#1603,.F.);
#1603 = EDGE_LOOP('',(#1604));
#1604 = ORIENTED_EDGE('',*,*,#1605,.T.);
#1605 = EDGE_CURVE('',#1606,#1606,#1608,.T.);
#1606 = VERTEX_POINT('',#1607);
#1607 = CARTESIAN_POINT('',(10.25,12.7,0.));
#1608 = SURFACE_CURVE('',#1609,(#1614,#1625),.PCURVE_S1.);
#1609 = CIRCLE('',#1610,2.45);
#1610 = AXIS2_PLACEMENT_3D('',#1611,#1612,#1613);
#1611 = CARTESIAN_POINT('',(12.7,12.7,0.));
#1612 = DIRECTION('',(0.,0.,-1.));
#1613 = DIRECTION('',(-1.,0.,0.));
#1614 = PCURVE('',#44,#1615);
#1615 = DEFINITIONAL_REPRESENTATION('',(#1616),#1624);
#1616 = ( BOUNDED_CURVE() B_SPLINE_CURVE(2,(#1617,#1618,#1619,#1620,
#1621,#1622,#1623),.UNSPECIFIED.,.T.,.F.) B_SPLINE_CURVE_WITH_KNOTS((1,2
    ,2,2,2,1),(-2.094395102393,0.,2.094395102393,4.188790204786,
6.28318530718,8.377580409573),.UNSPECIFIED.) CURVE() 
GEOMETRIC_REPRESENTATION_ITEM() RATIONAL_B_SPLINE_CURVE((1.,0.5,1.,0.5,
1.,0.5,1.)) REPRESENTATION_ITEM('') );
#1617 = CARTESIAN_POINT('',(14.491163886649,-6.903833947763));
#1618 = CARTESIAN_POINT('',(14.491163886649,-2.660309469219));
#1619 = CARTESIAN_POINT('',(18.166163886649,-4.782071708491));
#1620 = CARTESIAN_POINT('',(21.841163886649,-6.903833947763));
#1621 = CARTESIAN_POINT('',(18.166163886649,-9.025596187035));
#1622 = CARTESIAN_POINT('',(14.491163886649,-11.1473584263));
#1623 = CARTESIAN_POINT('',(14.491163886649,-6.903833947763));
#1624 = ( GEOMETRIC_REPRESENTATION_CONTEXT(2) 
PARAMETRIC_REPRESENTATION_CONTEXT() REPRESENTATION_CONTEXT('2D SPACE',''
  ) );
#1625 = PCURVE('',#1626,#1631);
#1626 = CYLINDRICAL_SURFACE('',#1627,2.45);
#1627 = AXIS2_PLACEMENT_3D('',#1628,#1629,#1630);
#1628 = CARTESIAN_POINT('',(12.7,12.7,6.));
#1629 = DIRECTION('',(0.,0.,-1.));
#1630 = DIRECTION('',(-1.,0.,0.));
#1631 = DEFINITIONAL_REPRESENTATION('',(#1632),#1636);
#1632 = LINE('',#1633,#1634);
#1633 = CARTESIAN_POINT('',(0.,6.));
#1634 = VECTOR('',#1635,1.);
#1635 = DIRECTION('',(1.,0.));
#1636 = ( GEOMETRIC_REPRESENTATION_CONTEXT(2) 
PARAMETRIC_REPRESENTATION_CONTEXT() REPRESENTATION_CONTEXT('2D SPACE',''
  ) );
#1637 = FACE_BOUND('',#1638,.F.);
#1638 = EDGE_LOOP('',(#1639));
#1639 = ORIENTED_EDGE('',*,*,#1640,.T.);
#1640 = EDGE_CURVE('',#1641,#1641,#1643,.T.);
#1641 = VERTEX_POINT('',#1642);
#1642 = CARTESIAN_POINT('',(22.95,-6.000769315822E-16,0.));
#1643 = SURFACE_CURVE('',#1644,(#1649,#1660),.PCURVE_S1.);
#1644 = CIRCLE('',#1645,2.45);
#1645 = AXIS2_PLACEMENT_3D('',#1646,#1647,#1648);
#1646 = CARTESIAN_POINT('',(25.4,0.,0.));
#1647 = DIRECTION('',(0.,0.,-1.));
#1648 = DIRECTION('',(-1.,0.,0.));
#1649 = PCURVE('',#44,#1650);
#1650 = DEFINITIONAL_REPRESENTATION('',(#1651),#1659);
#1651 = ( BOUNDED_CURVE() B_SPLINE_CURVE(2,(#1652,#1653,#1654,#1655,
#1656,#1657,#1658),.UNSPECIFIED.,.T.,.F.) B_SPLINE_CURVE_WITH_KNOTS((1,2
    ,2,2,2,1),(-2.094395102393,0.,2.094395102393,4.188790204786,
6.28318530718,8.377580409573),.UNSPECIFIED.) CURVE() 
GEOMETRIC_REPRESENTATION_ITEM() RATIONAL_B_SPLINE_CURVE((1.,0.5,1.,0.5,
1.,0.5,1.)) REPRESENTATION_ITEM('') );
#1652 = CARTESIAN_POINT('',(27.191163886649,-19.60383394776));
#1653 = CARTESIAN_POINT('',(27.191163886649,-15.36030946921));
#1654 = CARTESIAN_POINT('',(30.866163886649,-17.48207170849));
#1655 = CARTESIAN_POINT('',(34.541163886649,-19.60383394776));
#1656 = CARTESIAN_POINT('',(30.866163886649,-21.72559618703));
#1657 = CARTESIAN_POINT('',(27.191163886649,-23.8473584263));
#1658 = CARTESIAN_POINT('',(27.191163886649,-19.60383394776));
#1659 = ( GEOMETRIC_REPRESENTATION_CONTEXT(2) 
PARAMETRIC_REPRESENTATION_CONTEXT() REPRESENTATION_CONTEXT('2D SPACE',''
  ) );
#1660 = PCURVE('',#1661,#1666);
#1661 = CYLINDRICAL_SURFACE('',#1662,2.45);
#1662 = AXIS2_PLACEMENT_3D('',#1663,#1664,#1665);
#1663 = CARTESIAN_POINT('',(25.4,0.,6.));
#1664 = DIRECTION('',(0.,0.,-1.));
#1665 = DIRECTION('',(-1.,0.,0.));
#1666 = DEFINITIONAL_REPRESENTATION('',(#1667),#1671);
#1667 = LINE('',#1668,#1669);
#1668 = CARTESIAN_POINT('',(0.,6.));
#1669 = VECTOR('',#1670,1.);
#1670 = DIRECTION('',(1.,0.));
#1671 = ( GEOMETRIC_REPRESENTATION_CONTEXT(2) 
PARAMETRIC_REPRESENTATION_CONTEXT() REPRESENTATION_CONTEXT('2D SPACE',''
  ) );
#1672 = FACE_BOUND('',#1673,.F.);
#1673 = EDGE_LOOP('',(#1674));
#1674 = ORIENTED_EDGE('',*,*,#1675,.T.);
#1675 = EDGE_CURVE('',#1676,#1676,#1678,.T.);
#1676 = VERTEX_POINT('',#1677);
#1677 = CARTESIAN_POINT('',(35.65,-6.000769315822E-16,0.));
#1678 = SURFACE_CURVE('',#1679,(#1684,#1695),.PCURVE_S1.);
#1679 = CIRCLE('',#1680,2.45);
#1680 = AXIS2_PLACEMENT_3D('',#1681,#1682,#1683);
#1681 = CARTESIAN_POINT('',(38.1,0.,0.));
#1682 = DIRECTION('',(0.,0.,-1.));
#1683 = DIRECTION('',(-1.,0.,0.));
#1684 = PCURVE('',#44,#1685);
#1685 = DEFINITIONAL_REPRESENTATION('',(#1686),#1694);
#1686 = ( BOUNDED_CURVE() B_SPLINE_CURVE(2,(#1687,#1688,#1689,#1690,
#1691,#1692,#1693),.UNSPECIFIED.,.T.,.F.) B_SPLINE_CURVE_WITH_KNOTS((1,2
    ,2,2,2,1),(-2.094395102393,0.,2.094395102393,4.188790204786,
6.28318530718,8.377580409573),.UNSPECIFIED.) CURVE() 
GEOMETRIC_REPRESENTATION_ITEM() RATIONAL_B_SPLINE_CURVE((1.,0.5,1.,0.5,
1.,0.5,1.)) REPRESENTATION_ITEM('') );
#1687 = CARTESIAN_POINT('',(39.891163886649,-19.60383394776));
#1688 = CARTESIAN_POINT('',(39.891163886649,-15.36030946921));
#1689 = CARTESIAN_POINT('',(43.566163886649,-17.48207170849));
#1690 = CARTESIAN_POINT('',(47.241163886649,-19.60383394776));
#1691 = CARTESIAN_POINT('',(43.566163886649,-21.72559618703));
#1692 = CARTESIAN_POINT('',(39.891163886649,-23.8473584263));
#1693 = CARTESIAN_POINT('',(39.891163886649,-19.60383394776));
#1694 = ( GEOMETRIC_REPRESENTATION_CONTEXT(2) 
PARAMETRIC_REPRESENTATION_CONTEXT() REPRESENTATION_CONTEXT('2D SPACE',''
  ) );
#1695 = PCURVE('',#1696,#1701);
#1696 = CYLINDRICAL_SURFACE('',#1697,2.45);
#1697 = AXIS2_PLACEMENT_3D('',#1698,#1699,#1700);
#1698 = CARTESIAN_POINT('',(38.1,0.,6.));
#1699 = DIRECTION('',(0.,0.,-1.));
#1700 = DIRECTION('',(-1.,0.,0.));
#1701 = DEFINITIONAL_REPRESENTATION('',(#1702),#1706);
#1702 = LINE('',#1703,#1704);
#1703 = CARTESIAN_POINT('',(0.,6.));
#1704 = VECTOR('',#1705,1.);
#1705 = DIRECTION('',(1.,0.));
#1706 = ( GEOMETRIC_REPRESENTATION_CONTEXT(2) 
PARAMETRIC_REPRESENTATION_CONTEXT() REPRESENTATION_CONTEXT('2D SPACE',''
  ) );
#1707 = FACE_BOUND('',#1708,.F.);
#1708 = EDGE_LOOP('',(#1709));
#1709 = ORIENTED_EDGE('',*,*,#1710,.T.);
#1710 = EDGE_CURVE('',#1711,#1711,#1713,.T.);
#1711 = VERTEX_POINT('',#1712);
#1712 = CARTESIAN_POINT('',(48.35,-6.000769315822E-16,0.));
#1713 = SURFACE_CURVE('',#1714,(#1719,#1730),.PCURVE_S1.);
#1714 = CIRCLE('',#1715,2.45);
#1715 = AXIS2_PLACEMENT_3D('',#1716,#1717,#1718);
#1716 = CARTESIAN_POINT('',(50.8,0.,0.));
#1717 = DIRECTION('',(0.,0.,-1.));
#1718 = DIRECTION('',(-1.,0.,0.));
#1719 = PCURVE('',#44,#1720);
#1720 = DEFINITIONAL_REPRESENTATION('',(#1721),#1729);
#1721 = ( BOUNDED_CURVE() B_SPLINE_CURVE(2,(#1722,#1723,#1724,#1725,
#1726,#1727,#1728),.UNSPECIFIED.,.T.,.F.) B_SPLINE_CURVE_WITH_KNOTS((1,2
    ,2,2,2,1),(-2.094395102393,0.,2.094395102393,4.188790204786,
6.28318530718,8.377580409573),.UNSPECIFIED.) CURVE() 
GEOMETRIC_REPRESENTATION_ITEM() RATIONAL_B_SPLINE_CURVE((1.,0.5,1.,0.5,
1.,0.5,1.)) REPRESENTATION_ITEM('') );
#1722 = CARTESIAN_POINT('',(52.591163886649,-19.60383394776));
#1723 = CARTESIAN_POINT('',(52.591163886649,-15.36030946921));
#1724 = CARTESIAN_POINT('',(56.266163886649,-17.48207170849));
#1725 = CARTESIAN_POINT('',(59.941163886649,-19.60383394776));
#1726 = CARTESIAN_POINT('',(56.266163886649,-21.72559618703));
#1727 = CARTESIAN_POINT('',(52.591163886649,-23.8473584263));
#1728 = CARTESIAN_POINT('',(52.591163886649,-19.60383394776));
#1729 = ( GEOMETRIC_REPRESENTATION_CONTEXT(2) 
PARAMETRIC_REPRESENTATION_CONTEXT() REPRESENTATION_CONTEXT('2D SPACE',''
  ) );
#1730 = PCURVE('',#1731,#1736);
#1731 = CYLINDRICAL_SURFACE('',#1732,2.45);
#1732 = AXIS2_PLACEMENT_3D('',#1733,#1734,#1735);
#1733 = CARTESIAN_POINT('',(50.8,0.,6.));
#1734 = DIRECTION('',(0.,0.,-1.));
#1735 = DIRECTION('',(-1.,0.,0.));
#1736 = DEFINITIONAL_REPRESENTATION('',(#1737),#1741);
#1737 = LINE('',#1738,#1739);
#1738 = CARTESIAN_POINT('',(0.,6.));
#1739 = VECTOR('',#1740,1.);
#1740 = DIRECTION('',(1.,0.));
#1741 = ( GEOMETRIC_REPRESENTATION_CONTEXT(2) 
PARAMETRIC_REPRESENTATION_CONTEXT() REPRESENTATION_CONTEXT('2D SPACE',''
  ) );
#1742 = FACE_BOUND('',#1743,.F.);
#1743 = EDGE_LOOP('',(#1744));
#1744 = ORIENTED_EDGE('',*,*,#1745,.T.);
#1745 = EDGE_CURVE('',#1746,#1746,#1748,.T.);
#1746 = VERTEX_POINT('',#1747);
#1747 = CARTESIAN_POINT('',(22.95,12.7,0.));
#1748 = SURFACE_CURVE('',#1749,(#1754,#1765),.PCURVE_S1.);
#1749 = CIRCLE('',#1750,2.45);
#1750 = AXIS2_PLACEMENT_3D('',#1751,#1752,#1753);
#1751 = CARTESIAN_POINT('',(25.4,12.7,0.));
#1752 = DIRECTION('',(0.,0.,-1.));
#1753 = DIRECTION('',(-1.,0.,0.));
#1754 = PCURVE('',#44,#1755);
#1755 = DEFINITIONAL_REPRESENTATION('',(#1756),#1764);
#1756 = ( BOUNDED_CURVE() B_SPLINE_CURVE(2,(#1757,#1758,#1759,#1760,
#1761,#1762,#1763),.UNSPECIFIED.,.T.,.F.) B_SPLINE_CURVE_WITH_KNOTS((1,2
    ,2,2,2,1),(-2.094395102393,0.,2.094395102393,4.188790204786,
6.28318530718,8.377580409573),.UNSPECIFIED.) CURVE() 
GEOMETRIC_REPRESENTATION_ITEM() RATIONAL_B_SPLINE_CURVE((1.,0.5,1.,0.5,
1.,0.5,1.)) REPRESENTATION_ITEM('') );
#1757 = CARTESIAN_POINT('',(27.191163886649,-6.903833947763));
#1758 = CARTESIAN_POINT('',(27.191163886649,-2.660309469219));
#1759 = CARTESIAN_POINT('',(30.866163886649,-4.782071708491));
#1760 = CARTESIAN_POINT('',(34.541163886649,-6.903833947763));
#1761 = CARTESIAN_POINT('',(30.866163886649,-9.025596187035));
#1762 = CARTESIAN_POINT('',(27.191163886649,-11.1473584263));
#1763 = CARTESIAN_POINT('',(27.191163886649,-6.903833947763));
#1764 = ( GEOMETRIC_REPRESENTATION_CONTEXT(2) 
PARAMETRIC_REPRESENTATION_CONTEXT() REPRESENTATION_CONTEXT('2D SPACE',''
  ) );
#1765 = PCURVE('',#1766,#1771);
#1766 = CYLINDRICAL_SURFACE('',#1767,2.45);
#1767 = AXIS2_PLACEMENT_3D('',#1768,#1769,#1770);
#1768 = CARTESIAN_POINT('',(25.4,12.7,6.));
#1769 = DIRECTION('',(0.,0.,-1.));
#1770 = DIRECTION('',(-1.,0.,0.));
#1771 = DEFINITIONAL_REPRESENTATION('',(#1772),#1776);
#1772 = LINE('',#1773,#1774);
#1773 = CARTESIAN_POINT('',(0.,6.));
#1774 = VECTOR('',#1775,1.);
#1775 = DIRECTION('',(1.,0.));
#1776 = ( GEOMETRIC_REPRESENTATION_CONTEXT(2) 
PARAMETRIC_REPRESENTATION_CONTEXT() REPRESENTATION_CONTEXT('2D SPACE',''
  ) );
#1777 = FACE_BOUND('',#1778,.F.);
#1778 = EDGE_LOOP('',(#1779));
#1779 = ORIENTED_EDGE('',*,*,#1780,.T.);
#1780 = EDGE_CURVE('',#1781,#1781,#1783,.T.);
#1781 = VERTEX_POINT('',#1782);
#1782 = CARTESIAN_POINT('',(35.65,12.7,0.));
#1783 = SURFACE_CURVE('',#1784,(#1789,#1800),.PCURVE_S1.);
#1784 = CIRCLE('',#1785,2.45);
#1785 = AXIS2_PLACEMENT_3D('',#1786,#1787,#1788);
#1786 = CARTESIAN_POINT('',(38.1,12.7,0.));
#1787 = DIRECTION('',(0.,0.,-1.));
#1788 = DIRECTION('',(-1.,0.,0.));
#1789 = PCURVE('',#44,#1790);
#1790 = DEFINITIONAL_REPRESENTATION('',(#1791),#1799);
#1791 = ( BOUNDED_CURVE() B_SPLINE_CURVE(2,(#1792,#1793,#1794,#1795,
#1796,#1797,#1798),.UNSPECIFIED.,.T.,.F.) B_SPLINE_CURVE_WITH_KNOTS((1,2
    ,2,2,2,1),(-2.094395102393,0.,2.094395102393,4.188790204786,
6.28318530718,8.377580409573),.UNSPECIFIED.) CURVE() 
GEOMETRIC_REPRESENTATION_ITEM() RATIONAL_B_SPLINE_CURVE((1.,0.5,1.,0.5,
1.,0.5,1.)) REPRESENTATION_ITEM('') );
#1792 = CARTESIAN_POINT('',(39.891163886649,-6.903833947763));
#1793 = CARTESIAN_POINT('',(39.891163886649,-2.660309469219));
#1794 = CARTESIAN_POINT('',(43.566163886649,-4.782071708491));
#1795 = CARTESIAN_POINT('',(47.241163886649,-6.903833947763));
#1796 = CARTESIAN_POINT('',(43.566163886649,-9.025596187035));
#1797 = CARTESIAN_POINT('',(39.891163886649,-11.1473584263));
#1798 = CARTESIAN_POINT('',(39.891163886649,-6.903833947763));
#1799 = ( GEOMETRIC_REPRESENTATION_CONTEXT(2) 
PARAMETRIC_REPRESENTATION_CONTEXT() REPRESENTATION_CONTEXT('2D SPACE',''
  ) );
#1800 = PCURVE('',#1801,#1806);
#1801 = CYLINDRICAL_SURFACE('',#1802,2.45);
#1802 = AXIS2_PLACEMENT_3D('',#1803,#1804,#1805);
#1803 = CARTESIAN_POINT('',(38.1,12.7,6.));
#1804 = DIRECTION('',(0.,0.,-1.));
#1805 = DIRECTION('',(-1.,0.,0.));
#1806 = DEFINITIONAL_REPRESENTATION('',(#1807),#1811);
#1807 = LINE('',#1808,#1809);
#1808 = CARTESIAN_POINT('',(0.,6.));
#1809 = VECTOR('',#1810,1.);
#1810 = DIRECTION('',(1.,0.));
#1811 = ( GEOMETRIC_REPRESENTATION_CONTEXT(2) 
PARAMETRIC_REPRESENTATION_CONTEXT() REPRESENTATION_CONTEXT('2D SPACE',''
  ) );
#1812 = FACE_BOUND('',#1813,.F.);
#1813 = EDGE_LOOP('',(#1814));
#1814 = ORIENTED_EDGE('',*,*,#1815,.T.);
#1815 = EDGE_CURVE('',#1816,#1816,#1818,.T.);
#1816 = VERTEX_POINT('',#1817);
#1817 = CARTESIAN_POINT('',(48.35,12.7,0.));
#1818 = SURFACE_CURVE('',#1819,(#1824,#1835),.PCURVE_S1.);
#1819 = CIRCLE('',#1820,2.45);
#1820 = AXIS2_PLACEMENT_3D('',#1821,#1822,#1823);
#1821 = CARTESIAN_POINT('',(50.8,12.7,0.));
#1822 = DIRECTION('',(0.,0.,-1.));
#1823 = DIRECTION('',(-1.,0.,0.));
#1824 = PCURVE('',#44,#1825);
#1825 = DEFINITIONAL_REPRESENTATION('',(#1826),#1834);
#1826 = ( BOUNDED_CURVE() B_SPLINE_CURVE(2,(#1827,#1828,#1829,#1830,
#1831,#1832,#1833),.UNSPECIFIED.,.T.,.F.) B_SPLINE_CURVE_WITH_KNOTS((1,2
    ,2,2,2,1),(-2.094395102393,0.,2.094395102393,4.188790204786,
6.28318530718,8.377580409573),.UNSPECIFIED.) CURVE() 
GEOMETRIC_REPRESENTATION_ITEM() RATIONAL_B_SPLINE_CURVE((1.,0.5,1.,0.5,
1.,0.5,1.)) REPRESENTATION_ITEM('') );
#1827 = CARTESIAN_POINT('',(52.591163886649,-6.903833947763));
#1828 = CARTESIAN_POINT('',(52.591163886649,-2.660309469219));
#1829 = CARTESIAN_POINT('',(56.266163886649,-4.782071708491));
#1830 = CARTESIAN_POINT('',(59.941163886649,-6.903833947763));
#1831 = CARTESIAN_POINT('',(56.266163886649,-9.025596187035));
#1832 = CARTESIAN_POINT('',(52.591163886649,-11.1473584263));
#1833 = CARTESIAN_POINT('',(52.591163886649,-6.903833947763));
#1834 = ( GEOMETRIC_REPRESENTATION_CONTEXT(2) 
PARAMETRIC_REPRESENTATION_CONTEXT() REPRESENTATION_CONTEXT('2D SPACE',''
  ) );
#1835 = PCURVE('',#1836,#1841);
#1836 = CYLINDRICAL_SURFACE('',#1837,2.45);
#1837 = AXIS2_PLACEMENT_3D('',#1838,#1839,#1840);
#1838 = CARTESIAN_POINT('',(50.8,12.7,6.));
#1839 = DIRECTION('',(0.,0.,-1.));
#1840 = DIRECTION('',(-1.,0.,0.));
#1841 = DEFINITIONAL_REPRESENTATION('',(#1842),#1846);
#1842 = LINE('',#1843,#1844);
#1843 = CARTESIAN_POINT('',(0.,6.));
#1844 = VECTOR('',#1845,1.);
#1845 = DIRECTION('',(1.,0.));
#1846 = ( GEOMETRIC_REPRESENTATION_CONTEXT(2) 
PARAMETRIC_REPRESENTATION_CONTEXT() REPRESENTATION_CONTEXT('2D SPACE',''
  ) );
#1847 = FACE_BOUND('',#1848,.F.);
#1848 = EDGE_LOOP('',(#1849));
#1849 = ORIENTED_EDGE('',*,*,#1850,.T.);
#1850 = EDGE_CURVE('',#1851,#1851,#1853,.T.);
#1851 = VERTEX_POINT('',#1852);
#1852 = CARTESIAN_POINT('',(-65.95,25.4,0.));
#1853 = SURFACE_CURVE('',#1854,(#1859,#1870),.PCURVE_S1.);
#1854 = CIRCLE('',#1855,2.45);
#1855 = AXIS2_PLACEMENT_3D('',#1856,#1857,#1858);
#1856 = CARTESIAN_POINT('',(-63.5,25.4,0.));
#1857 = DIRECTION('',(0.,0.,-1.));
#1858 = DIRECTION('',(-1.,0.,0.));
#1859 = PCURVE('',#44,#1860);
#1860 = DEFINITIONAL_REPRESENTATION('',(#1861),#1869);
#1861 = ( BOUNDED_CURVE() B_SPLINE_CURVE(2,(#1862,#1863,#1864,#1865,
#1866,#1867,#1868),.UNSPECIFIED.,.T.,.F.) B_SPLINE_CURVE_WITH_KNOTS((1,2
    ,2,2,2,1),(-2.094395102393,0.,2.094395102393,4.188790204786,
6.28318530718,8.377580409573),.UNSPECIFIED.) CURVE() 
GEOMETRIC_REPRESENTATION_ITEM() RATIONAL_B_SPLINE_CURVE((1.,0.5,1.,0.5,
1.,0.5,1.)) REPRESENTATION_ITEM('') );
#1862 = CARTESIAN_POINT('',(-61.70883611335,5.796166052237));
#1863 = CARTESIAN_POINT('',(-61.70883611335,10.039690530781));
#1864 = CARTESIAN_POINT('',(-58.03383611335,7.917928291509));
#1865 = CARTESIAN_POINT('',(-54.35883611335,5.796166052237));
#1866 = CARTESIAN_POINT('',(-58.03383611335,3.674403812965));
#1867 = CARTESIAN_POINT('',(-61.70883611335,1.552641573693));
#1868 = CARTESIAN_POINT('',(-61.70883611335,5.796166052237));
#1869 = ( GEOMETRIC_REPRESENTATION_CONTEXT(2) 
PARAMETRIC_REPRESENTATION_CONTEXT() REPRESENTATION_CONTEXT('2D SPACE',''
  ) );
#1870 = PCURVE('',#1871,#1876);
#1871 = CYLINDRICAL_SURFACE('',#1872,2.45);
#1872 = AXIS2_PLACEMENT_3D('',#1873,#1874,#1875);
#1873 = CARTESIAN_POINT('',(-63.5,25.4,6.));
#1874 = DIRECTION('',(0.,0.,-1.));
#1875 = DIRECTION('',(-1.,0.,0.));
#1876 = DEFINITIONAL_REPRESENTATION('',(#1877),#1881);
#1877 = LINE('',#1878,#1879);
#1878 = CARTESIAN_POINT('',(0.,6.));
#1879 = VECTOR('',#1880,1.);
#1880 = DIRECTION('',(1.,0.));
#1881 = ( GEOMETRIC_REPRESENTATION_CONTEXT(2) 
PARAMETRIC_REPRESENTATION_CONTEXT() REPRESENTATION_CONTEXT('2D SPACE',''
  ) );
#1882 = FACE_BOUND('',#1883,.F.);
#1883 = EDGE_LOOP('',(#1884));
#1884 = ORIENTED_EDGE('',*,*,#1885,.T.);
#1885 = EDGE_CURVE('',#1886,#1886,#1888,.T.);
#1886 = VERTEX_POINT('',#1887);
#1887 = CARTESIAN_POINT('',(-65.95,38.1,0.));
#1888 = SURFACE_CURVE('',#1889,(#1894,#1905),.PCURVE_S1.);
#1889 = CIRCLE('',#1890,2.45);
#1890 = AXIS2_PLACEMENT_3D('',#1891,#1892,#1893);
#1891 = CARTESIAN_POINT('',(-63.5,38.1,0.));
#1892 = DIRECTION('',(0.,0.,-1.));
#1893 = DIRECTION('',(-1.,0.,0.));
#1894 = PCURVE('',#44,#1895);
#1895 = DEFINITIONAL_REPRESENTATION('',(#1896),#1904);
#1896 = ( BOUNDED_CURVE() B_SPLINE_CURVE(2,(#1897,#1898,#1899,#1900,
#1901,#1902,#1903),.UNSPECIFIED.,.T.,.F.) B_SPLINE_CURVE_WITH_KNOTS((1,2
    ,2,2,2,1),(-2.094395102393,0.,2.094395102393,4.188790204786,
6.28318530718,8.377580409573),.UNSPECIFIED.) CURVE() 
GEOMETRIC_REPRESENTATION_ITEM() RATIONAL_B_SPLINE_CURVE((1.,0.5,1.,0.5,
1.,0.5,1.)) REPRESENTATION_ITEM('') );
#1897 = CARTESIAN_POINT('',(-61.70883611335,18.496166052237));
#1898 = CARTESIAN_POINT('',(-61.70883611335,22.739690530781));
#1899 = CARTESIAN_POINT('',(-58.03383611335,20.617928291509));
#1900 = CARTESIAN_POINT('',(-54.35883611335,18.496166052237));
#1901 = CARTESIAN_POINT('',(-58.03383611335,16.374403812965));
#1902 = CARTESIAN_POINT('',(-61.70883611335,14.252641573693));
#1903 = CARTESIAN_POINT('',(-61.70883611335,18.496166052237));
#1904 = ( GEOMETRIC_REPRESENTATION_CONTEXT(2) 
PARAMETRIC_REPRESENTATION_CONTEXT() REPRESENTATION_CONTEXT('2D SPACE',''
  ) );
#1905 = PCURVE('',#1906,#1911);
#1906 = CYLINDRICAL_SURFACE('',#1907,2.45);
#1907 = AXIS2_PLACEMENT_3D('',#1908,#1909,#1910);
#1908 = CARTESIAN_POINT('',(-63.5,38.1,6.));
#1909 = DIRECTION('',(0.,0.,-1.));
#1910 = DIRECTION('',(-1.,0.,0.));
#1911 = DEFINITIONAL_REPRESENTATION('',(#1912),#1916);
#1912 = LINE('',#1913,#1914);
#1913 = CARTESIAN_POINT('',(0.,6.));
#1914 = VECTOR('',#1915,1.);
#1915 = DIRECTION('',(1.,0.));
#1916 = ( GEOMETRIC_REPRESENTATION_CONTEXT(2) 
PARAMETRIC_REPRESENTATION_CONTEXT() REPRESENTATION_CONTEXT('2D SPACE',''
  ) );
#1917 = FACE_BOUND('',#1918,.F.);
#1918 = EDGE_LOOP('',(#1919));
#1919 = ORIENTED_EDGE('',*,*,#1920,.T.);
#1920 = EDGE_CURVE('',#1921,#1921,#1923,.T.);
#1921 = VERTEX_POINT('',#1922);
#1922 = CARTESIAN_POINT('',(-53.25,25.4,0.));
#1923 = SURFACE_CURVE('',#1924,(#1929,#1940),.PCURVE_S1.);
#1924 = CIRCLE('',#1925,2.45);
#1925 = AXIS2_PLACEMENT_3D('',#1926,#1927,#1928);
#1926 = CARTESIAN_POINT('',(-50.8,25.4,0.));
#1927 = DIRECTION('',(0.,0.,-1.));
#1928 = DIRECTION('',(-1.,0.,0.));
#1929 = PCURVE('',#44,#1930);
#1930 = DEFINITIONAL_REPRESENTATION('',(#1931),#1939);
#1931 = ( BOUNDED_CURVE() B_SPLINE_CURVE(2,(#1932,#1933,#1934,#1935,
#1936,#1937,#1938),.UNSPECIFIED.,.T.,.F.) B_SPLINE_CURVE_WITH_KNOTS((1,2
    ,2,2,2,1),(-2.094395102393,0.,2.094395102393,4.188790204786,
6.28318530718,8.377580409573),.UNSPECIFIED.) CURVE() 
GEOMETRIC_REPRESENTATION_ITEM() RATIONAL_B_SPLINE_CURVE((1.,0.5,1.,0.5,
1.,0.5,1.)) REPRESENTATION_ITEM('') );
#1932 = CARTESIAN_POINT('',(-49.00883611335,5.796166052237));
#1933 = CARTESIAN_POINT('',(-49.00883611335,10.039690530781));
#1934 = CARTESIAN_POINT('',(-45.33383611335,7.917928291509));
#1935 = CARTESIAN_POINT('',(-41.65883611335,5.796166052237));
#1936 = CARTESIAN_POINT('',(-45.33383611335,3.674403812965));
#1937 = CARTESIAN_POINT('',(-49.00883611335,1.552641573693));
#1938 = CARTESIAN_POINT('',(-49.00883611335,5.796166052237));
#1939 = ( GEOMETRIC_REPRESENTATION_CONTEXT(2) 
PARAMETRIC_REPRESENTATION_CONTEXT() REPRESENTATION_CONTEXT('2D SPACE',''
  ) );
#1940 = PCURVE('',#1941,#1946);
#1941 = CYLINDRICAL_SURFACE('',#1942,2.45);
#1942 = AXIS2_PLACEMENT_3D('',#1943,#1944,#1945);
#1943 = CARTESIAN_POINT('',(-50.8,25.4,6.));
#1944 = DIRECTION('',(0.,0.,-1.));
#1945 = DIRECTION('',(-1.,0.,0.));
#1946 = DEFINITIONAL_REPRESENTATION('',(#1947),#1951);
#1947 = LINE('',#1948,#1949);
#1948 = CARTESIAN_POINT('',(0.,6.));
#1949 = VECTOR('',#1950,1.);
#1950 = DIRECTION('',(1.,0.));
#1951 = ( GEOMETRIC_REPRESENTATION_CONTEXT(2) 
PARAMETRIC_REPRESENTATION_CONTEXT() REPRESENTATION_CONTEXT('2D SPACE',''
  ) );
#1952 = FACE_BOUND('',#1953,.F.);
#1953 = EDGE_LOOP('',(#1954));
#1954 = ORIENTED_EDGE('',*,*,#1955,.T.);
#1955 = EDGE_CURVE('',#1956,#1956,#1958,.T.);
#1956 = VERTEX_POINT('',#1957);
#1957 = CARTESIAN_POINT('',(-46.1,25.4,0.));
#1958 = SURFACE_CURVE('',#1959,(#1964,#1975),.PCURVE_S1.);
#1959 = CIRCLE('',#1960,8.);
#1960 = AXIS2_PLACEMENT_3D('',#1961,#1962,#1963);
#1961 = CARTESIAN_POINT('',(-38.1,25.4,0.));
#1962 = DIRECTION('',(0.,0.,-1.));
#1963 = DIRECTION('',(-1.,0.,0.));
#1964 = PCURVE('',#44,#1965);
#1965 = DEFINITIONAL_REPRESENTATION('',(#1966),#1974);
#1966 = ( BOUNDED_CURVE() B_SPLINE_CURVE(2,(#1967,#1968,#1969,#1970,
#1971,#1972,#1973),.UNSPECIFIED.,.T.,.F.) B_SPLINE_CURVE_WITH_KNOTS((1,2
    ,2,2,2,1),(-2.094395102393,0.,2.094395102393,4.188790204786,
6.28318530718,8.377580409573),.UNSPECIFIED.) CURVE() 
GEOMETRIC_REPRESENTATION_ITEM() RATIONAL_B_SPLINE_CURVE((1.,0.5,1.,0.5,
1.,0.5,1.)) REPRESENTATION_ITEM('') );
#1967 = CARTESIAN_POINT('',(-41.85883611335,5.796166052237));
#1968 = CARTESIAN_POINT('',(-41.85883611335,19.652572512788));
#1969 = CARTESIAN_POINT('',(-29.85883611335,12.724369282513));
#1970 = CARTESIAN_POINT('',(-17.85883611335,5.796166052237));
#1971 = CARTESIAN_POINT('',(-29.85883611335,-1.132037178038));
#1972 = CARTESIAN_POINT('',(-41.85883611335,-8.060240408314));
#1973 = CARTESIAN_POINT('',(-41.85883611335,5.796166052237));
#1974 = ( GEOMETRIC_REPRESENTATION_CONTEXT(2) 
PARAMETRIC_REPRESENTATION_CONTEXT() REPRESENTATION_CONTEXT('2D SPACE',''
  ) );
#1975 = PCURVE('',#1976,#1981);
#1976 = CYLINDRICAL_SURFACE('',#1977,8.);
#1977 = AXIS2_PLACEMENT_3D('',#1978,#1979,#1980);
#1978 = CARTESIAN_POINT('',(-38.1,25.4,6.));
#1979 = DIRECTION('',(0.,0.,-1.));
#1980 = DIRECTION('',(-1.,0.,0.));
#1981 = DEFINITIONAL_REPRESENTATION('',(#1982),#1986);
#1982 = LINE('',#1983,#1984);
#1983 = CARTESIAN_POINT('',(0.,6.));
#1984 = VECTOR('',#1985,1.);
#1985 = DIRECTION('',(1.,0.));
#1986 = ( GEOMETRIC_REPRESENTATION_CONTEXT(2) 
PARAMETRIC_REPRESENTATION_CONTEXT() REPRESENTATION_CONTEXT('2D SPACE',''
  ) );
#1987 = FACE_BOUND('',#1988,.F.);
#1988 = EDGE_LOOP('',(#1989));
#1989 = ORIENTED_EDGE('',*,*,#1990,.T.);
#1990 = EDGE_CURVE('',#1991,#1991,#1993,.T.);
#1991 = VERTEX_POINT('',#1992);
#1992 = CARTESIAN_POINT('',(-53.25,38.1,0.));
#1993 = SURFACE_CURVE('',#1994,(#1999,#2010),.PCURVE_S1.);
#1994 = CIRCLE('',#1995,2.45);
#1995 = AXIS2_PLACEMENT_3D('',#1996,#1997,#1998);
#1996 = CARTESIAN_POINT('',(-50.8,38.1,0.));
#1997 = DIRECTION('',(0.,0.,-1.));
#1998 = DIRECTION('',(-1.,0.,0.));
#1999 = PCURVE('',#44,#2000);
#2000 = DEFINITIONAL_REPRESENTATION('',(#2001),#2009);
#2001 = ( BOUNDED_CURVE() B_SPLINE_CURVE(2,(#2002,#2003,#2004,#2005,
#2006,#2007,#2008),.UNSPECIFIED.,.T.,.F.) B_SPLINE_CURVE_WITH_KNOTS((1,2
    ,2,2,2,1),(-2.094395102393,0.,2.094395102393,4.188790204786,
6.28318530718,8.377580409573),.UNSPECIFIED.) CURVE() 
GEOMETRIC_REPRESENTATION_ITEM() RATIONAL_B_SPLINE_CURVE((1.,0.5,1.,0.5,
1.,0.5,1.)) REPRESENTATION_ITEM('') );
#2002 = CARTESIAN_POINT('',(-49.00883611335,18.496166052237));
#2003 = CARTESIAN_POINT('',(-49.00883611335,22.739690530781));
#2004 = CARTESIAN_POINT('',(-45.33383611335,20.617928291509));
#2005 = CARTESIAN_POINT('',(-41.65883611335,18.496166052237));
#2006 = CARTESIAN_POINT('',(-45.33383611335,16.374403812965));
#2007 = CARTESIAN_POINT('',(-49.00883611335,14.252641573693));
#2008 = CARTESIAN_POINT('',(-49.00883611335,18.496166052237));
#2009 = ( GEOMETRIC_REPRESENTATION_CONTEXT(2) 
PARAMETRIC_REPRESENTATION_CONTEXT() REPRESENTATION_CONTEXT('2D SPACE',''
  ) );
#2010 = PCURVE('',#2011,#2016);
#2011 = CYLINDRICAL_SURFACE('',#2012,2.45);
#2012 = AXIS2_PLACEMENT_3D('',#2013,#2014,#2015);
#2013 = CARTESIAN_POINT('',(-50.8,38.1,6.));
#2014 = DIRECTION('',(0.,0.,-1.));
#2015 = DIRECTION('',(-1.,0.,0.));
#2016 = DEFINITIONAL_REPRESENTATION('',(#2017),#2021);
#2017 = LINE('',#2018,#2019);
#2018 = CARTESIAN_POINT('',(0.,6.));
#2019 = VECTOR('',#2020,1.);
#2020 = DIRECTION('',(1.,0.));
#2021 = ( GEOMETRIC_REPRESENTATION_CONTEXT(2) 
PARAMETRIC_REPRESENTATION_CONTEXT() REPRESENTATION_CONTEXT('2D SPACE',''
  ) );
#2022 = FACE_BOUND('',#2023,.F.);
#2023 = EDGE_LOOP('',(#2024));
#2024 = ORIENTED_EDGE('',*,*,#2025,.T.);
#2025 = EDGE_CURVE('',#2026,#2026,#2028,.T.);
#2026 = VERTEX_POINT('',#2027);
#2027 = CARTESIAN_POINT('',(-40.55,38.1,0.));
#2028 = SURFACE_CURVE('',#2029,(#2034,#2045),.PCURVE_S1.);
#2029 = CIRCLE('',#2030,2.45);
#2030 = AXIS2_PLACEMENT_3D('',#2031,#2032,#2033);
#2031 = CARTESIAN_POINT('',(-38.1,38.1,0.));
#2032 = DIRECTION('',(0.,0.,-1.));
#2033 = DIRECTION('',(-1.,0.,0.));
#2034 = PCURVE('',#44,#2035);
#2035 = DEFINITIONAL_REPRESENTATION('',(#2036),#2044);
#2036 = ( BOUNDED_CURVE() B_SPLINE_CURVE(2,(#2037,#2038,#2039,#2040,
#2041,#2042,#2043),.UNSPECIFIED.,.T.,.F.) B_SPLINE_CURVE_WITH_KNOTS((1,2
    ,2,2,2,1),(-2.094395102393,0.,2.094395102393,4.188790204786,
6.28318530718,8.377580409573),.UNSPECIFIED.) CURVE() 
GEOMETRIC_REPRESENTATION_ITEM() RATIONAL_B_SPLINE_CURVE((1.,0.5,1.,0.5,
1.,0.5,1.)) REPRESENTATION_ITEM('') );
#2037 = CARTESIAN_POINT('',(-36.30883611335,18.496166052237));
#2038 = CARTESIAN_POINT('',(-36.30883611335,22.739690530781));
#2039 = CARTESIAN_POINT('',(-32.63383611335,20.617928291509));
#2040 = CARTESIAN_POINT('',(-28.95883611335,18.496166052237));
#2041 = CARTESIAN_POINT('',(-32.63383611335,16.374403812965));
#2042 = CARTESIAN_POINT('',(-36.30883611335,14.252641573693));
#2043 = CARTESIAN_POINT('',(-36.30883611335,18.496166052237));
#2044 = ( GEOMETRIC_REPRESENTATION_CONTEXT(2) 
PARAMETRIC_REPRESENTATION_CONTEXT() REPRESENTATION_CONTEXT('2D SPACE',''
  ) );
#2045 = PCURVE('',#2046,#2051);
#2046 = CYLINDRICAL_SURFACE('',#2047,2.45);
#2047 = AXIS2_PLACEMENT_3D('',#2048,#2049,#2050);
#2048 = CARTESIAN_POINT('',(-38.1,38.1,6.));
#2049 = DIRECTION('',(0.,0.,-1.));
#2050 = DIRECTION('',(-1.,0.,0.));
#2051 = DEFINITIONAL_REPRESENTATION('',(#2052),#2056);
#2052 = LINE('',#2053,#2054);
#2053 = CARTESIAN_POINT('',(0.,6.));
#2054 = VECTOR('',#2055,1.);
#2055 = DIRECTION('',(1.,0.));
#2056 = ( GEOMETRIC_REPRESENTATION_CONTEXT(2) 
PARAMETRIC_REPRESENTATION_CONTEXT() REPRESENTATION_CONTEXT('2D SPACE',''
  ) );
#2057 = FACE_BOUND('',#2058,.F.);
#2058 = EDGE_LOOP('',(#2059));
#2059 = ORIENTED_EDGE('',*,*,#2060,.T.);
#2060 = EDGE_CURVE('',#2061,#2061,#2063,.T.);
#2061 = VERTEX_POINT('',#2062);
#2062 = CARTESIAN_POINT('',(-53.25,50.8,0.));
#2063 = SURFACE_CURVE('',#2064,(#2069,#2080),.PCURVE_S1.);
#2064 = CIRCLE('',#2065,2.45);
#2065 = AXIS2_PLACEMENT_3D('',#2066,#2067,#2068);
#2066 = CARTESIAN_POINT('',(-50.8,50.8,0.));
#2067 = DIRECTION('',(0.,0.,-1.));
#2068 = DIRECTION('',(-1.,0.,0.));
#2069 = PCURVE('',#44,#2070);
#2070 = DEFINITIONAL_REPRESENTATION('',(#2071),#2079);
#2071 = ( BOUNDED_CURVE() B_SPLINE_CURVE(2,(#2072,#2073,#2074,#2075,
#2076,#2077,#2078),.UNSPECIFIED.,.T.,.F.) B_SPLINE_CURVE_WITH_KNOTS((1,2
    ,2,2,2,1),(-2.094395102393,0.,2.094395102393,4.188790204786,
6.28318530718,8.377580409573),.UNSPECIFIED.) CURVE() 
GEOMETRIC_REPRESENTATION_ITEM() RATIONAL_B_SPLINE_CURVE((1.,0.5,1.,0.5,
1.,0.5,1.)) REPRESENTATION_ITEM('') );
#2072 = CARTESIAN_POINT('',(-49.00883611335,31.196166052237));
#2073 = CARTESIAN_POINT('',(-49.00883611335,35.439690530781));
#2074 = CARTESIAN_POINT('',(-45.33383611335,33.317928291509));
#2075 = CARTESIAN_POINT('',(-41.65883611335,31.196166052237));
#2076 = CARTESIAN_POINT('',(-45.33383611335,29.074403812965));
#2077 = CARTESIAN_POINT('',(-49.00883611335,26.952641573693));
#2078 = CARTESIAN_POINT('',(-49.00883611335,31.196166052237));
#2079 = ( GEOMETRIC_REPRESENTATION_CONTEXT(2) 
PARAMETRIC_REPRESENTATION_CONTEXT() REPRESENTATION_CONTEXT('2D SPACE',''
  ) );
#2080 = PCURVE('',#2081,#2086);
#2081 = CYLINDRICAL_SURFACE('',#2082,2.45);
#2082 = AXIS2_PLACEMENT_3D('',#2083,#2084,#2085);
#2083 = CARTESIAN_POINT('',(-50.8,50.8,6.));
#2084 = DIRECTION('',(0.,0.,-1.));
#2085 = DIRECTION('',(-1.,0.,0.));
#2086 = DEFINITIONAL_REPRESENTATION('',(#2087),#2091);
#2087 = LINE('',#2088,#2089);
#2088 = CARTESIAN_POINT('',(0.,6.));
#2089 = VECTOR('',#2090,1.);
#2090 = DIRECTION('',(1.,0.));
#2091 = ( GEOMETRIC_REPRESENTATION_CONTEXT(2) 
PARAMETRIC_REPRESENTATION_CONTEXT() REPRESENTATION_CONTEXT('2D SPACE',''
  ) );
#2092 = FACE_BOUND('',#2093,.F.);
#2093 = EDGE_LOOP('',(#2094));
#2094 = ORIENTED_EDGE('',*,*,#2095,.T.);
#2095 = EDGE_CURVE('',#2096,#2096,#2098,.T.);
#2096 = VERTEX_POINT('',#2097);
#2097 = CARTESIAN_POINT('',(-40.55,50.8,0.));
#2098 = SURFACE_CURVE('',#2099,(#2104,#2115),.PCURVE_S1.);
#2099 = CIRCLE('',#2100,2.45);
#2100 = AXIS2_PLACEMENT_3D('',#2101,#2102,#2103);
#2101 = CARTESIAN_POINT('',(-38.1,50.8,0.));
#2102 = DIRECTION('',(0.,0.,-1.));
#2103 = DIRECTION('',(-1.,0.,0.));
#2104 = PCURVE('',#44,#2105);
#2105 = DEFINITIONAL_REPRESENTATION('',(#2106),#2114);
#2106 = ( BOUNDED_CURVE() B_SPLINE_CURVE(2,(#2107,#2108,#2109,#2110,
#2111,#2112,#2113),.UNSPECIFIED.,.T.,.F.) B_SPLINE_CURVE_WITH_KNOTS((1,2
    ,2,2,2,1),(-2.094395102393,0.,2.094395102393,4.188790204786,
6.28318530718,8.377580409573),.UNSPECIFIED.) CURVE() 
GEOMETRIC_REPRESENTATION_ITEM() RATIONAL_B_SPLINE_CURVE((1.,0.5,1.,0.5,
1.,0.5,1.)) REPRESENTATION_ITEM('') );
#2107 = CARTESIAN_POINT('',(-36.30883611335,31.196166052237));
#2108 = CARTESIAN_POINT('',(-36.30883611335,35.439690530781));
#2109 = CARTESIAN_POINT('',(-32.63383611335,33.317928291509));
#2110 = CARTESIAN_POINT('',(-28.95883611335,31.196166052237));
#2111 = CARTESIAN_POINT('',(-32.63383611335,29.074403812965));
#2112 = CARTESIAN_POINT('',(-36.30883611335,26.952641573693));
#2113 = CARTESIAN_POINT('',(-36.30883611335,31.196166052237));
#2114 = ( GEOMETRIC_REPRESENTATION_CONTEXT(2) 
PARAMETRIC_REPRESENTATION_CONTEXT() REPRESENTATION_CONTEXT('2D SPACE',''
  ) );
#2115 = PCURVE('',#2116,#2121);
#2116 = CYLINDRICAL_SURFACE('',#2117,2.45);
#2117 = AXIS2_PLACEMENT_3D('',#2118,#2119,#2120);
#2118 = CARTESIAN_POINT('',(-38.1,50.8,6.));
#2119 = DIRECTION('',(0.,0.,-1.));
#2120 = DIRECTION('',(-1.,0.,0.));
#2121 = DEFINITIONAL_REPRESENTATION('',(#2122),#2126);
#2122 = LINE('',#2123,#2124);
#2123 = CARTESIAN_POINT('',(0.,6.));
#2124 = VECTOR('',#2125,1.);
#2125 = DIRECTION('',(1.,0.));
#2126 = ( GEOMETRIC_REPRESENTATION_CONTEXT(2) 
PARAMETRIC_REPRESENTATION_CONTEXT() REPRESENTATION_CONTEXT('2D SPACE',''
  ) );
#2127 = FACE_BOUND('',#2128,.F.);
#2128 = EDGE_LOOP('',(#2129));
#2129 = ORIENTED_EDGE('',*,*,#2130,.T.);
#2130 = EDGE_CURVE('',#2131,#2131,#2133,.T.);
#2131 = VERTEX_POINT('',#2132);
#2132 = CARTESIAN_POINT('',(-27.85,25.4,0.));
#2133 = SURFACE_CURVE('',#2134,(#2139,#2150),.PCURVE_S1.);
#2134 = CIRCLE('',#2135,2.45);
#2135 = AXIS2_PLACEMENT_3D('',#2136,#2137,#2138);
#2136 = CARTESIAN_POINT('',(-25.4,25.4,0.));
#2137 = DIRECTION('',(0.,0.,-1.));
#2138 = DIRECTION('',(-1.,0.,0.));
#2139 = PCURVE('',#44,#2140);
#2140 = DEFINITIONAL_REPRESENTATION('',(#2141),#2149);
#2141 = ( BOUNDED_CURVE() B_SPLINE_CURVE(2,(#2142,#2143,#2144,#2145,
#2146,#2147,#2148),.UNSPECIFIED.,.T.,.F.) B_SPLINE_CURVE_WITH_KNOTS((1,2
    ,2,2,2,1),(-2.094395102393,0.,2.094395102393,4.188790204786,
6.28318530718,8.377580409573),.UNSPECIFIED.) CURVE() 
GEOMETRIC_REPRESENTATION_ITEM() RATIONAL_B_SPLINE_CURVE((1.,0.5,1.,0.5,
1.,0.5,1.)) REPRESENTATION_ITEM('') );
#2142 = CARTESIAN_POINT('',(-23.60883611335,5.796166052237));
#2143 = CARTESIAN_POINT('',(-23.60883611335,10.039690530781));
#2144 = CARTESIAN_POINT('',(-19.93383611335,7.917928291509));
#2145 = CARTESIAN_POINT('',(-16.25883611335,5.796166052237));
#2146 = CARTESIAN_POINT('',(-19.93383611335,3.674403812965));
#2147 = CARTESIAN_POINT('',(-23.60883611335,1.552641573693));
#2148 = CARTESIAN_POINT('',(-23.60883611335,5.796166052237));
#2149 = ( GEOMETRIC_REPRESENTATION_CONTEXT(2) 
PARAMETRIC_REPRESENTATION_CONTEXT() REPRESENTATION_CONTEXT('2D SPACE',''
  ) );
#2150 = PCURVE('',#2151,#2156);
#2151 = CYLINDRICAL_SURFACE('',#2152,2.45);
#2152 = AXIS2_PLACEMENT_3D('',#2153,#2154,#2155);
#2153 = CARTESIAN_POINT('',(-25.4,25.4,6.));
#2154 = DIRECTION('',(0.,0.,-1.));
#2155 = DIRECTION('',(-1.,0.,0.));
#2156 = DEFINITIONAL_REPRESENTATION('',(#2157),#2161);
#2157 = LINE('',#2158,#2159);
#2158 = CARTESIAN_POINT('',(0.,6.));
#2159 = VECTOR('',#2160,1.);
#2160 = DIRECTION('',(1.,0.));
#2161 = ( GEOMETRIC_REPRESENTATION_CONTEXT(2) 
PARAMETRIC_REPRESENTATION_CONTEXT() REPRESENTATION_CONTEXT('2D SPACE',''
  ) );
#2162 = FACE_BOUND('',#2163,.F.);
#2163 = EDGE_LOOP('',(#2164));
#2164 = ORIENTED_EDGE('',*,*,#2165,.T.);
#2165 = EDGE_CURVE('',#2166,#2166,#2168,.T.);
#2166 = VERTEX_POINT('',#2167);
#2167 = CARTESIAN_POINT('',(-27.85,38.1,0.));
#2168 = SURFACE_CURVE('',#2169,(#2174,#2185),.PCURVE_S1.);
#2169 = CIRCLE('',#2170,2.45);
#2170 = AXIS2_PLACEMENT_3D('',#2171,#2172,#2173);
#2171 = CARTESIAN_POINT('',(-25.4,38.1,0.));
#2172 = DIRECTION('',(0.,0.,-1.));
#2173 = DIRECTION('',(-1.,0.,0.));
#2174 = PCURVE('',#44,#2175);
#2175 = DEFINITIONAL_REPRESENTATION('',(#2176),#2184);
#2176 = ( BOUNDED_CURVE() B_SPLINE_CURVE(2,(#2177,#2178,#2179,#2180,
#2181,#2182,#2183),.UNSPECIFIED.,.T.,.F.) B_SPLINE_CURVE_WITH_KNOTS((1,2
    ,2,2,2,1),(-2.094395102393,0.,2.094395102393,4.188790204786,
6.28318530718,8.377580409573),.UNSPECIFIED.) CURVE() 
GEOMETRIC_REPRESENTATION_ITEM() RATIONAL_B_SPLINE_CURVE((1.,0.5,1.,0.5,
1.,0.5,1.)) REPRESENTATION_ITEM('') );
#2177 = CARTESIAN_POINT('',(-23.60883611335,18.496166052237));
#2178 = CARTESIAN_POINT('',(-23.60883611335,22.739690530781));
#2179 = CARTESIAN_POINT('',(-19.93383611335,20.617928291509));
#2180 = CARTESIAN_POINT('',(-16.25883611335,18.496166052237));
#2181 = CARTESIAN_POINT('',(-19.93383611335,16.374403812965));
#2182 = CARTESIAN_POINT('',(-23.60883611335,14.252641573693));
#2183 = CARTESIAN_POINT('',(-23.60883611335,18.496166052237));
#2184 = ( GEOMETRIC_REPRESENTATION_CONTEXT(2) 
PARAMETRIC_REPRESENTATION_CONTEXT() REPRESENTATION_CONTEXT('2D SPACE',''
  ) );
#2185 = PCURVE('',#2186,#2191);
#2186 = CYLINDRICAL_SURFACE('',#2187,2.45);
#2187 = AXIS2_PLACEMENT_3D('',#2188,#2189,#2190);
#2188 = CARTESIAN_POINT('',(-25.4,38.1,6.));
#2189 = DIRECTION('',(0.,0.,-1.));
#2190 = DIRECTION('',(-1.,0.,0.));
#2191 = DEFINITIONAL_REPRESENTATION('',(#2192),#2196);
#2192 = LINE('',#2193,#2194);
#2193 = CARTESIAN_POINT('',(0.,6.));
#2194 = VECTOR('',#2195,1.);
#2195 = DIRECTION('',(1.,0.));
#2196 = ( GEOMETRIC_REPRESENTATION_CONTEXT(2) 
PARAMETRIC_REPRESENTATION_CONTEXT() REPRESENTATION_CONTEXT('2D SPACE',''
  ) );
#2197 = FACE_BOUND('',#2198,.F.);
#2198 = EDGE_LOOP('',(#2199));
#2199 = ORIENTED_EDGE('',*,*,#2200,.T.);
#2200 = EDGE_CURVE('',#2201,#2201,#2203,.T.);
#2201 = VERTEX_POINT('',#2202);
#2202 = CARTESIAN_POINT('',(-15.15,25.4,0.));
#2203 = SURFACE_CURVE('',#2204,(#2209,#2220),.PCURVE_S1.);
#2204 = CIRCLE('',#2205,2.45);
#2205 = AXIS2_PLACEMENT_3D('',#2206,#2207,#2208);
#2206 = CARTESIAN_POINT('',(-12.7,25.4,0.));
#2207 = DIRECTION('',(0.,0.,-1.));
#2208 = DIRECTION('',(-1.,0.,0.));
#2209 = PCURVE('',#44,#2210);
#2210 = DEFINITIONAL_REPRESENTATION('',(#2211),#2219);
#2211 = ( BOUNDED_CURVE() B_SPLINE_CURVE(2,(#2212,#2213,#2214,#2215,
#2216,#2217,#2218),.UNSPECIFIED.,.T.,.F.) B_SPLINE_CURVE_WITH_KNOTS((1,2
    ,2,2,2,1),(-2.094395102393,0.,2.094395102393,4.188790204786,
6.28318530718,8.377580409573),.UNSPECIFIED.) CURVE() 
GEOMETRIC_REPRESENTATION_ITEM() RATIONAL_B_SPLINE_CURVE((1.,0.5,1.,0.5,
1.,0.5,1.)) REPRESENTATION_ITEM('') );
#2212 = CARTESIAN_POINT('',(-10.90883611335,5.796166052237));
#2213 = CARTESIAN_POINT('',(-10.90883611335,10.039690530781));
#2214 = CARTESIAN_POINT('',(-7.233836113351,7.917928291509));
#2215 = CARTESIAN_POINT('',(-3.558836113351,5.796166052237));
#2216 = CARTESIAN_POINT('',(-7.233836113351,3.674403812965));
#2217 = CARTESIAN_POINT('',(-10.90883611335,1.552641573693));
#2218 = CARTESIAN_POINT('',(-10.90883611335,5.796166052237));
#2219 = ( GEOMETRIC_REPRESENTATION_CONTEXT(2) 
PARAMETRIC_REPRESENTATION_CONTEXT() REPRESENTATION_CONTEXT('2D SPACE',''
  ) );
#2220 = PCURVE('',#2221,#2226);
#2221 = CYLINDRICAL_SURFACE('',#2222,2.45);
#2222 = AXIS2_PLACEMENT_3D('',#2223,#2224,#2225);
#2223 = CARTESIAN_POINT('',(-12.7,25.4,6.));
#2224 = DIRECTION('',(0.,0.,-1.));
#2225 = DIRECTION('',(-1.,0.,0.));
#2226 = DEFINITIONAL_REPRESENTATION('',(#2227),#2231);
#2227 = LINE('',#2228,#2229);
#2228 = CARTESIAN_POINT('',(0.,6.));
#2229 = VECTOR('',#2230,1.);
#2230 = DIRECTION('',(1.,0.));
#2231 = ( GEOMETRIC_REPRESENTATION_CONTEXT(2) 
PARAMETRIC_REPRESENTATION_CONTEXT() REPRESENTATION_CONTEXT('2D SPACE',''
  ) );
#2232 = FACE_BOUND('',#2233,.F.);
#2233 = EDGE_LOOP('',(#2234));
#2234 = ORIENTED_EDGE('',*,*,#2235,.T.);
#2235 = EDGE_CURVE('',#2236,#2236,#2238,.T.);
#2236 = VERTEX_POINT('',#2237);
#2237 = CARTESIAN_POINT('',(-15.15,38.1,0.));
#2238 = SURFACE_CURVE('',#2239,(#2244,#2255),.PCURVE_S1.);
#2239 = CIRCLE('',#2240,2.45);
#2240 = AXIS2_PLACEMENT_3D('',#2241,#2242,#2243);
#2241 = CARTESIAN_POINT('',(-12.7,38.1,0.));
#2242 = DIRECTION('',(0.,0.,-1.));
#2243 = DIRECTION('',(-1.,0.,0.));
#2244 = PCURVE('',#44,#2245);
#2245 = DEFINITIONAL_REPRESENTATION('',(#2246),#2254);
#2246 = ( BOUNDED_CURVE() B_SPLINE_CURVE(2,(#2247,#2248,#2249,#2250,
#2251,#2252,#2253),.UNSPECIFIED.,.T.,.F.) B_SPLINE_CURVE_WITH_KNOTS((1,2
    ,2,2,2,1),(-2.094395102393,0.,2.094395102393,4.188790204786,
6.28318530718,8.377580409573),.UNSPECIFIED.) CURVE() 
GEOMETRIC_REPRESENTATION_ITEM() RATIONAL_B_SPLINE_CURVE((1.,0.5,1.,0.5,
1.,0.5,1.)) REPRESENTATION_ITEM('') );
#2247 = CARTESIAN_POINT('',(-10.90883611335,18.496166052237));
#2248 = CARTESIAN_POINT('',(-10.90883611335,22.739690530781));
#2249 = CARTESIAN_POINT('',(-7.233836113351,20.617928291509));
#2250 = CARTESIAN_POINT('',(-3.558836113351,18.496166052237));
#2251 = CARTESIAN_POINT('',(-7.233836113351,16.374403812965));
#2252 = CARTESIAN_POINT('',(-10.90883611335,14.252641573693));
#2253 = CARTESIAN_POINT('',(-10.90883611335,18.496166052237));
#2254 = ( GEOMETRIC_REPRESENTATION_CONTEXT(2) 
PARAMETRIC_REPRESENTATION_CONTEXT() REPRESENTATION_CONTEXT('2D SPACE',''
  ) );
#2255 = PCURVE('',#2256,#2261);
#2256 = CYLINDRICAL_SURFACE('',#2257,2.45);
#2257 = AXIS2_PLACEMENT_3D('',#2258,#2259,#2260);
#2258 = CARTESIAN_POINT('',(-12.7,38.1,6.));
#2259 = DIRECTION('',(0.,0.,-1.));
#2260 = DIRECTION('',(-1.,0.,0.));
#2261 = DEFINITIONAL_REPRESENTATION('',(#2262),#2266);
#2262 = LINE('',#2263,#2264);
#2263 = CARTESIAN_POINT('',(0.,6.));
#2264 = VECTOR('',#2265,1.);
#2265 = DIRECTION('',(1.,0.));
#2266 = ( GEOMETRIC_REPRESENTATION_CONTEXT(2) 
PARAMETRIC_REPRESENTATION_CONTEXT() REPRESENTATION_CONTEXT('2D SPACE',''
  ) );
#2267 = FACE_BOUND('',#2268,.F.);
#2268 = EDGE_LOOP('',(#2269));
#2269 = ORIENTED_EDGE('',*,*,#2270,.T.);
#2270 = EDGE_CURVE('',#2271,#2271,#2273,.T.);
#2271 = VERTEX_POINT('',#2272);
#2272 = CARTESIAN_POINT('',(-27.85,50.8,0.));
#2273 = SURFACE_CURVE('',#2274,(#2279,#2290),.PCURVE_S1.);
#2274 = CIRCLE('',#2275,2.45);
#2275 = AXIS2_PLACEMENT_3D('',#2276,#2277,#2278);
#2276 = CARTESIAN_POINT('',(-25.4,50.8,0.));
#2277 = DIRECTION('',(0.,0.,-1.));
#2278 = DIRECTION('',(-1.,0.,0.));
#2279 = PCURVE('',#44,#2280);
#2280 = DEFINITIONAL_REPRESENTATION('',(#2281),#2289);
#2281 = ( BOUNDED_CURVE() B_SPLINE_CURVE(2,(#2282,#2283,#2284,#2285,
#2286,#2287,#2288),.UNSPECIFIED.,.T.,.F.) B_SPLINE_CURVE_WITH_KNOTS((1,2
    ,2,2,2,1),(-2.094395102393,0.,2.094395102393,4.188790204786,
6.28318530718,8.377580409573),.UNSPECIFIED.) CURVE() 
GEOMETRIC_REPRESENTATION_ITEM() RATIONAL_B_SPLINE_CURVE((1.,0.5,1.,0.5,
1.,0.5,1.)) REPRESENTATION_ITEM('') );
#2282 = CARTESIAN_POINT('',(-23.60883611335,31.196166052237));
#2283 = CARTESIAN_POINT('',(-23.60883611335,35.439690530781));
#2284 = CARTESIAN_POINT('',(-19.93383611335,33.317928291509));
#2285 = CARTESIAN_POINT('',(-16.25883611335,31.196166052237));
#2286 = CARTESIAN_POINT('',(-19.93383611335,29.074403812965));
#2287 = CARTESIAN_POINT('',(-23.60883611335,26.952641573693));
#2288 = CARTESIAN_POINT('',(-23.60883611335,31.196166052237));
#2289 = ( GEOMETRIC_REPRESENTATION_CONTEXT(2) 
PARAMETRIC_REPRESENTATION_CONTEXT() REPRESENTATION_CONTEXT('2D SPACE',''
  ) );
#2290 = PCURVE('',#2291,#2296);
#2291 = CYLINDRICAL_SURFACE('',#2292,2.45);
#2292 = AXIS2_PLACEMENT_3D('',#2293,#2294,#2295);
#2293 = CARTESIAN_POINT('',(-25.4,50.8,6.));
#2294 = DIRECTION('',(0.,0.,-1.));
#2295 = DIRECTION('',(-1.,0.,0.));
#2296 = DEFINITIONAL_REPRESENTATION('',(#2297),#2301);
#2297 = LINE('',#2298,#2299);
#2298 = CARTESIAN_POINT('',(0.,6.));
#2299 = VECTOR('',#2300,1.);
#2300 = DIRECTION('',(1.,0.));
#2301 = ( GEOMETRIC_REPRESENTATION_CONTEXT(2) 
PARAMETRIC_REPRESENTATION_CONTEXT() REPRESENTATION_CONTEXT('2D SPACE',''
  ) );
#2302 = FACE_BOUND('',#2303,.F.);
#2303 = EDGE_LOOP('',(#2304));
#2304 = ORIENTED_EDGE('',*,*,#2305,.T.);
#2305 = EDGE_CURVE('',#2306,#2306,#2308,.T.);
#2306 = VERTEX_POINT('',#2307);
#2307 = CARTESIAN_POINT('',(-15.15,50.8,0.));
#2308 = SURFACE_CURVE('',#2309,(#2314,#2325),.PCURVE_S1.);
#2309 = CIRCLE('',#2310,2.45);
#2310 = AXIS2_PLACEMENT_3D('',#2311,#2312,#2313);
#2311 = CARTESIAN_POINT('',(-12.7,50.8,0.));
#2312 = DIRECTION('',(0.,0.,-1.));
#2313 = DIRECTION('',(-1.,0.,0.));
#2314 = PCURVE('',#44,#2315);
#2315 = DEFINITIONAL_REPRESENTATION('',(#2316),#2324);
#2316 = ( BOUNDED_CURVE() B_SPLINE_CURVE(2,(#2317,#2318,#2319,#2320,
#2321,#2322,#2323),.UNSPECIFIED.,.T.,.F.) B_SPLINE_CURVE_WITH_KNOTS((1,2
    ,2,2,2,1),(-2.094395102393,0.,2.094395102393,4.188790204786,
6.28318530718,8.377580409573),.UNSPECIFIED.) CURVE() 
GEOMETRIC_REPRESENTATION_ITEM() RATIONAL_B_SPLINE_CURVE((1.,0.5,1.,0.5,
1.,0.5,1.)) REPRESENTATION_ITEM('') );
#2317 = CARTESIAN_POINT('',(-10.90883611335,31.196166052237));
#2318 = CARTESIAN_POINT('',(-10.90883611335,35.439690530781));
#2319 = CARTESIAN_POINT('',(-7.233836113351,33.317928291509));
#2320 = CARTESIAN_POINT('',(-3.558836113351,31.196166052237));
#2321 = CARTESIAN_POINT('',(-7.233836113351,29.074403812965));
#2322 = CARTESIAN_POINT('',(-10.90883611335,26.952641573693));
#2323 = CARTESIAN_POINT('',(-10.90883611335,31.196166052237));
#2324 = ( GEOMETRIC_REPRESENTATION_CONTEXT(2) 
PARAMETRIC_REPRESENTATION_CONTEXT() REPRESENTATION_CONTEXT('2D SPACE',''
  ) );
#2325 = PCURVE('',#2326,#2331);
#2326 = CYLINDRICAL_SURFACE('',#2327,2.45);
#2327 = AXIS2_PLACEMENT_3D('',#2328,#2329,#2330);
#2328 = CARTESIAN_POINT('',(-12.7,50.8,6.));
#2329 = DIRECTION('',(0.,0.,-1.));
#2330 = DIRECTION('',(-1.,0.,0.));
#2331 = DEFINITIONAL_REPRESENTATION('',(#2332),#2336);
#2332 = LINE('',#2333,#2334);
#2333 = CARTESIAN_POINT('',(0.,6.));
#2334 = VECTOR('',#2335,1.);
#2335 = DIRECTION('',(1.,0.));
#2336 = ( GEOMETRIC_REPRESENTATION_CONTEXT(2) 
PARAMETRIC_REPRESENTATION_CONTEXT() REPRESENTATION_CONTEXT('2D SPACE',''
  ) );
#2337 = FACE_BOUND('',#2338,.F.);
#2338 = EDGE_LOOP('',(#2339));
#2339 = ORIENTED_EDGE('',*,*,#2340,.T.);
#2340 = EDGE_CURVE('',#2341,#2341,#2343,.T.);
#2341 = VERTEX_POINT('',#2342);
#2342 = CARTESIAN_POINT('',(-40.55,63.5,0.));
#2343 = SURFACE_CURVE('',#2344,(#2349,#2360),.PCURVE_S1.);
#2344 = CIRCLE('',#2345,2.45);
#2345 = AXIS2_PLACEMENT_3D('',#2346,#2347,#2348);
#2346 = CARTESIAN_POINT('',(-38.1,63.5,0.));
#2347 = DIRECTION('',(0.,0.,-1.));
#2348 = DIRECTION('',(-1.,0.,0.));
#2349 = PCURVE('',#44,#2350);
#2350 = DEFINITIONAL_REPRESENTATION('',(#2351),#2359);
#2351 = ( BOUNDED_CURVE() B_SPLINE_CURVE(2,(#2352,#2353,#2354,#2355,
#2356,#2357,#2358),.UNSPECIFIED.,.T.,.F.) B_SPLINE_CURVE_WITH_KNOTS((1,2
    ,2,2,2,1),(-2.094395102393,0.,2.094395102393,4.188790204786,
6.28318530718,8.377580409573),.UNSPECIFIED.) CURVE() 
GEOMETRIC_REPRESENTATION_ITEM() RATIONAL_B_SPLINE_CURVE((1.,0.5,1.,0.5,
1.,0.5,1.)) REPRESENTATION_ITEM('') );
#2352 = CARTESIAN_POINT('',(-36.30883611335,43.896166052237));
#2353 = CARTESIAN_POINT('',(-36.30883611335,48.139690530781));
#2354 = CARTESIAN_POINT('',(-32.63383611335,46.017928291509));
#2355 = CARTESIAN_POINT('',(-28.95883611335,43.896166052237));
#2356 = CARTESIAN_POINT('',(-32.63383611335,41.774403812965));
#2357 = CARTESIAN_POINT('',(-36.30883611335,39.652641573693));
#2358 = CARTESIAN_POINT('',(-36.30883611335,43.896166052237));
#2359 = ( GEOMETRIC_REPRESENTATION_CONTEXT(2) 
PARAMETRIC_REPRESENTATION_CONTEXT() REPRESENTATION_CONTEXT('2D SPACE',''
  ) );
#2360 = PCURVE('',#2361,#2366);
#2361 = CYLINDRICAL_SURFACE('',#2362,2.45);
#2362 = AXIS2_PLACEMENT_3D('',#2363,#2364,#2365);
#2363 = CARTESIAN_POINT('',(-38.1,63.5,6.));
#2364 = DIRECTION('',(0.,0.,-1.));
#2365 = DIRECTION('',(-1.,0.,0.));
#2366 = DEFINITIONAL_REPRESENTATION('',(#2367),#2371);
#2367 = LINE('',#2368,#2369);
#2368 = CARTESIAN_POINT('',(0.,6.));
#2369 = VECTOR('',#2370,1.);
#2370 = DIRECTION('',(1.,0.));
#2371 = ( GEOMETRIC_REPRESENTATION_CONTEXT(2) 
PARAMETRIC_REPRESENTATION_CONTEXT() REPRESENTATION_CONTEXT('2D SPACE',''
  ) );
#2372 = FACE_BOUND('',#2373,.F.);
#2373 = EDGE_LOOP('',(#2374));
#2374 = ORIENTED_EDGE('',*,*,#2375,.T.);
#2375 = EDGE_CURVE('',#2376,#2376,#2378,.T.);
#2376 = VERTEX_POINT('',#2377);
#2377 = CARTESIAN_POINT('',(-40.55,76.2,0.));
#2378 = SURFACE_CURVE('',#2379,(#2384,#2395),.PCURVE_S1.);
#2379 = CIRCLE('',#2380,2.45);
#2380 = AXIS2_PLACEMENT_3D('',#2381,#2382,#2383);
#2381 = CARTESIAN_POINT('',(-38.1,76.2,0.));
#2382 = DIRECTION('',(0.,0.,-1.));
#2383 = DIRECTION('',(-1.,0.,0.));
#2384 = PCURVE('',#44,#2385);
#2385 = DEFINITIONAL_REPRESENTATION('',(#2386),#2394);
#2386 = ( BOUNDED_CURVE() B_SPLINE_CURVE(2,(#2387,#2388,#2389,#2390,
#2391,#2392,#2393),.UNSPECIFIED.,.T.,.F.) B_SPLINE_CURVE_WITH_KNOTS((1,2
    ,2,2,2,1),(-2.094395102393,0.,2.094395102393,4.188790204786,
6.28318530718,8.377580409573),.UNSPECIFIED.) CURVE() 
GEOMETRIC_REPRESENTATION_ITEM() RATIONAL_B_SPLINE_CURVE((1.,0.5,1.,0.5,
1.,0.5,1.)) REPRESENTATION_ITEM('') );
#2387 = CARTESIAN_POINT('',(-36.30883611335,56.596166052237));
#2388 = CARTESIAN_POINT('',(-36.30883611335,60.839690530781));
#2389 = CARTESIAN_POINT('',(-32.63383611335,58.717928291509));
#2390 = CARTESIAN_POINT('',(-28.95883611335,56.596166052237));
#2391 = CARTESIAN_POINT('',(-32.63383611335,54.474403812965));
#2392 = CARTESIAN_POINT('',(-36.30883611335,52.352641573693));
#2393 = CARTESIAN_POINT('',(-36.30883611335,56.596166052237));
#2394 = ( GEOMETRIC_REPRESENTATION_CONTEXT(2) 
PARAMETRIC_REPRESENTATION_CONTEXT() REPRESENTATION_CONTEXT('2D SPACE',''
  ) );
#2395 = PCURVE('',#2396,#2401);
#2396 = CYLINDRICAL_SURFACE('',#2397,2.45);
#2397 = AXIS2_PLACEMENT_3D('',#2398,#2399,#2400);
#2398 = CARTESIAN_POINT('',(-38.1,76.2,6.));
#2399 = DIRECTION('',(0.,0.,-1.));
#2400 = DIRECTION('',(-1.,0.,0.));
#2401 = DEFINITIONAL_REPRESENTATION('',(#2402),#2406);
#2402 = LINE('',#2403,#2404);
#2403 = CARTESIAN_POINT('',(0.,6.));
#2404 = VECTOR('',#2405,1.);
#2405 = DIRECTION('',(1.,0.));
#2406 = ( GEOMETRIC_REPRESENTATION_CONTEXT(2) 
PARAMETRIC_REPRESENTATION_CONTEXT() REPRESENTATION_CONTEXT('2D SPACE',''
  ) );
#2407 = FACE_BOUND('',#2408,.F.);
#2408 = EDGE_LOOP('',(#2409));
#2409 = ORIENTED_EDGE('',*,*,#2410,.T.);
#2410 = EDGE_CURVE('',#2411,#2411,#2413,.T.);
#2411 = VERTEX_POINT('',#2412);
#2412 = CARTESIAN_POINT('',(-27.85,63.5,0.));
#2413 = SURFACE_CURVE('',#2414,(#2419,#2430),.PCURVE_S1.);
#2414 = CIRCLE('',#2415,2.45);
#2415 = AXIS2_PLACEMENT_3D('',#2416,#2417,#2418);
#2416 = CARTESIAN_POINT('',(-25.4,63.5,0.));
#2417 = DIRECTION('',(0.,0.,-1.));
#2418 = DIRECTION('',(-1.,0.,0.));
#2419 = PCURVE('',#44,#2420);
#2420 = DEFINITIONAL_REPRESENTATION('',(#2421),#2429);
#2421 = ( BOUNDED_CURVE() B_SPLINE_CURVE(2,(#2422,#2423,#2424,#2425,
#2426,#2427,#2428),.UNSPECIFIED.,.T.,.F.) B_SPLINE_CURVE_WITH_KNOTS((1,2
    ,2,2,2,1),(-2.094395102393,0.,2.094395102393,4.188790204786,
6.28318530718,8.377580409573),.UNSPECIFIED.) CURVE() 
GEOMETRIC_REPRESENTATION_ITEM() RATIONAL_B_SPLINE_CURVE((1.,0.5,1.,0.5,
1.,0.5,1.)) REPRESENTATION_ITEM('') );
#2422 = CARTESIAN_POINT('',(-23.60883611335,43.896166052237));
#2423 = CARTESIAN_POINT('',(-23.60883611335,48.139690530781));
#2424 = CARTESIAN_POINT('',(-19.93383611335,46.017928291509));
#2425 = CARTESIAN_POINT('',(-16.25883611335,43.896166052237));
#2426 = CARTESIAN_POINT('',(-19.93383611335,41.774403812965));
#2427 = CARTESIAN_POINT('',(-23.60883611335,39.652641573693));
#2428 = CARTESIAN_POINT('',(-23.60883611335,43.896166052237));
#2429 = ( GEOMETRIC_REPRESENTATION_CONTEXT(2) 
PARAMETRIC_REPRESENTATION_CONTEXT() REPRESENTATION_CONTEXT('2D SPACE',''
  ) );
#2430 = PCURVE('',#2431,#2436);
#2431 = CYLINDRICAL_SURFACE('',#2432,2.45);
#2432 = AXIS2_PLACEMENT_3D('',#2433,#2434,#2435);
#2433 = CARTESIAN_POINT('',(-25.4,63.5,6.));
#2434 = DIRECTION('',(0.,0.,-1.));
#2435 = DIRECTION('',(-1.,0.,0.));
#2436 = DEFINITIONAL_REPRESENTATION('',(#2437),#2441);
#2437 = LINE('',#2438,#2439);
#2438 = CARTESIAN_POINT('',(0.,6.));
#2439 = VECTOR('',#2440,1.);
#2440 = DIRECTION('',(1.,0.));
#2441 = ( GEOMETRIC_REPRESENTATION_CONTEXT(2) 
PARAMETRIC_REPRESENTATION_CONTEXT() REPRESENTATION_CONTEXT('2D SPACE',''
  ) );
#2442 = FACE_BOUND('',#2443,.F.);
#2443 = EDGE_LOOP('',(#2444));
#2444 = ORIENTED_EDGE('',*,*,#2445,.T.);
#2445 = EDGE_CURVE('',#2446,#2446,#2448,.T.);
#2446 = VERTEX_POINT('',#2447);
#2447 = CARTESIAN_POINT('',(-15.15,63.5,0.));
#2448 = SURFACE_CURVE('',#2449,(#2454,#2465),.PCURVE_S1.);
#2449 = CIRCLE('',#2450,2.45);
#2450 = AXIS2_PLACEMENT_3D('',#2451,#2452,#2453);
#2451 = CARTESIAN_POINT('',(-12.7,63.5,0.));
#2452 = DIRECTION('',(0.,0.,-1.));
#2453 = DIRECTION('',(-1.,0.,0.));
#2454 = PCURVE('',#44,#2455);
#2455 = DEFINITIONAL_REPRESENTATION('',(#2456),#2464);
#2456 = ( BOUNDED_CURVE() B_SPLINE_CURVE(2,(#2457,#2458,#2459,#2460,
#2461,#2462,#2463),.UNSPECIFIED.,.T.,.F.) B_SPLINE_CURVE_WITH_KNOTS((1,2
    ,2,2,2,1),(-2.094395102393,0.,2.094395102393,4.188790204786,
6.28318530718,8.377580409573),.UNSPECIFIED.) CURVE() 
GEOMETRIC_REPRESENTATION_ITEM() RATIONAL_B_SPLINE_CURVE((1.,0.5,1.,0.5,
1.,0.5,1.)) REPRESENTATION_ITEM('') );
#2457 = CARTESIAN_POINT('',(-10.90883611335,43.896166052237));
#2458 = CARTESIAN_POINT('',(-10.90883611335,48.139690530781));
#2459 = CARTESIAN_POINT('',(-7.233836113351,46.017928291509));
#2460 = CARTESIAN_POINT('',(-3.558836113351,43.896166052237));
#2461 = CARTESIAN_POINT('',(-7.233836113351,41.774403812965));
#2462 = CARTESIAN_POINT('',(-10.90883611335,39.652641573693));
#2463 = CARTESIAN_POINT('',(-10.90883611335,43.896166052237));
#2464 = ( GEOMETRIC_REPRESENTATION_CONTEXT(2) 
PARAMETRIC_REPRESENTATION_CONTEXT() REPRESENTATION_CONTEXT('2D SPACE',''
  ) );
#2465 = PCURVE('',#2466,#2471);
#2466 = CYLINDRICAL_SURFACE('',#2467,2.45);
#2467 = AXIS2_PLACEMENT_3D('',#2468,#2469,#2470);
#2468 = CARTESIAN_POINT('',(-12.7,63.5,6.));
#2469 = DIRECTION('',(0.,0.,-1.));
#2470 = DIRECTION('',(-1.,0.,0.));
#2471 = DEFINITIONAL_REPRESENTATION('',(#2472),#2476);
#2472 = LINE('',#2473,#2474);
#2473 = CARTESIAN_POINT('',(0.,6.));
#2474 = VECTOR('',#2475,1.);
#2475 = DIRECTION('',(1.,0.));
#2476 = ( GEOMETRIC_REPRESENTATION_CONTEXT(2) 
PARAMETRIC_REPRESENTATION_CONTEXT() REPRESENTATION_CONTEXT('2D SPACE',''
  ) );
#2477 = FACE_BOUND('',#2478,.F.);
#2478 = EDGE_LOOP('',(#2479));
#2479 = ORIENTED_EDGE('',*,*,#2480,.T.);
#2480 = EDGE_CURVE('',#2481,#2481,#2483,.T.);
#2481 = VERTEX_POINT('',#2482);
#2482 = CARTESIAN_POINT('',(-27.85,76.2,0.));
#2483 = SURFACE_CURVE('',#2484,(#2489,#2500),.PCURVE_S1.);
#2484 = CIRCLE('',#2485,2.45);
#2485 = AXIS2_PLACEMENT_3D('',#2486,#2487,#2488);
#2486 = CARTESIAN_POINT('',(-25.4,76.2,0.));
#2487 = DIRECTION('',(0.,0.,-1.));
#2488 = DIRECTION('',(-1.,0.,0.));
#2489 = PCURVE('',#44,#2490);
#2490 = DEFINITIONAL_REPRESENTATION('',(#2491),#2499);
#2491 = ( BOUNDED_CURVE() B_SPLINE_CURVE(2,(#2492,#2493,#2494,#2495,
#2496,#2497,#2498),.UNSPECIFIED.,.T.,.F.) B_SPLINE_CURVE_WITH_KNOTS((1,2
    ,2,2,2,1),(-2.094395102393,0.,2.094395102393,4.188790204786,
6.28318530718,8.377580409573),.UNSPECIFIED.) CURVE() 
GEOMETRIC_REPRESENTATION_ITEM() RATIONAL_B_SPLINE_CURVE((1.,0.5,1.,0.5,
1.,0.5,1.)) REPRESENTATION_ITEM('') );
#2492 = CARTESIAN_POINT('',(-23.60883611335,56.596166052237));
#2493 = CARTESIAN_POINT('',(-23.60883611335,60.839690530781));
#2494 = CARTESIAN_POINT('',(-19.93383611335,58.717928291509));
#2495 = CARTESIAN_POINT('',(-16.25883611335,56.596166052237));
#2496 = CARTESIAN_POINT('',(-19.93383611335,54.474403812965));
#2497 = CARTESIAN_POINT('',(-23.60883611335,52.352641573693));
#2498 = CARTESIAN_POINT('',(-23.60883611335,56.596166052237));
#2499 = ( GEOMETRIC_REPRESENTATION_CONTEXT(2) 
PARAMETRIC_REPRESENTATION_CONTEXT() REPRESENTATION_CONTEXT('2D SPACE',''
  ) );
#2500 = PCURVE('',#2501,#2506);
#2501 = CYLINDRICAL_SURFACE('',#2502,2.45);
#2502 = AXIS2_PLACEMENT_3D('',#2503,#2504,#2505);
#2503 = CARTESIAN_POINT('',(-25.4,76.2,6.));
#2504 = DIRECTION('',(0.,0.,-1.));
#2505 = DIRECTION('',(-1.,0.,0.));
#2506 = DEFINITIONAL_REPRESENTATION('',(#2507),#2511);
#2507 = LINE('',#2508,#2509);
#2508 = CARTESIAN_POINT('',(0.,6.));
#2509 = VECTOR('',#2510,1.);
#2510 = DIRECTION('',(1.,0.));
#2511 = ( GEOMETRIC_REPRESENTATION_CONTEXT(2) 
PARAMETRIC_REPRESENTATION_CONTEXT() REPRESENTATION_CONTEXT('2D SPACE',''
  ) );
#2512 = FACE_BOUND('',#2513,.F.);
#2513 = EDGE_LOOP('',(#2514));
#2514 = ORIENTED_EDGE('',*,*,#2515,.T.);
#2515 = EDGE_CURVE('',#2516,#2516,#2518,.T.);
#2516 = VERTEX_POINT('',#2517);
#2517 = CARTESIAN_POINT('',(-15.15,76.2,0.));
#2518 = SURFACE_CURVE('',#2519,(#2524,#2535),.PCURVE_S1.);
#2519 = CIRCLE('',#2520,2.45);
#2520 = AXIS2_PLACEMENT_3D('',#2521,#2522,#2523);
#2521 = CARTESIAN_POINT('',(-12.7,76.2,0.));
#2522 = DIRECTION('',(0.,0.,-1.));
#2523 = DIRECTION('',(-1.,0.,0.));
#2524 = PCURVE('',#44,#2525);
#2525 = DEFINITIONAL_REPRESENTATION('',(#2526),#2534);
#2526 = ( BOUNDED_CURVE() B_SPLINE_CURVE(2,(#2527,#2528,#2529,#2530,
#2531,#2532,#2533),.UNSPECIFIED.,.T.,.F.) B_SPLINE_CURVE_WITH_KNOTS((1,2
    ,2,2,2,1),(-2.094395102393,0.,2.094395102393,4.188790204786,
6.28318530718,8.377580409573),.UNSPECIFIED.) CURVE() 
GEOMETRIC_REPRESENTATION_ITEM() RATIONAL_B_SPLINE_CURVE((1.,0.5,1.,0.5,
1.,0.5,1.)) REPRESENTATION_ITEM('') );
#2527 = CARTESIAN_POINT('',(-10.90883611335,56.596166052237));
#2528 = CARTESIAN_POINT('',(-10.90883611335,60.839690530781));
#2529 = CARTESIAN_POINT('',(-7.233836113351,58.717928291509));
#2530 = CARTESIAN_POINT('',(-3.558836113351,56.596166052237));
#2531 = CARTESIAN_POINT('',(-7.233836113351,54.474403812965));
#2532 = CARTESIAN_POINT('',(-10.90883611335,52.352641573693));
#2533 = CARTESIAN_POINT('',(-10.90883611335,56.596166052237));
#2534 = ( GEOMETRIC_REPRESENTATION_CONTEXT(2) 
PARAMETRIC_REPRESENTATION_CONTEXT() REPRESENTATION_CONTEXT('2D SPACE',''
  ) );
#2535 = PCURVE('',#2536,#2541);
#2536 = CYLINDRICAL_SURFACE('',#2537,2.45);
#2537 = AXIS2_PLACEMENT_3D('',#2538,#2539,#2540);
#2538 = CARTESIAN_POINT('',(-12.7,76.2,6.));
#2539 = DIRECTION('',(0.,0.,-1.));
#2540 = DIRECTION('',(-1.,0.,0.));
#2541 = DEFINITIONAL_REPRESENTATION('',(#2542),#2546);
#2542 = LINE('',#2543,#2544);
#2543 = CARTESIAN_POINT('',(0.,6.));
#2544 = VECTOR('',#2545,1.);
#2545 = DIRECTION('',(1.,0.));
#2546 = ( GEOMETRIC_REPRESENTATION_CONTEXT(2) 
PARAMETRIC_REPRESENTATION_CONTEXT() REPRESENTATION_CONTEXT('2D SPACE',''
  ) );
#2547 = FACE_BOUND('',#2548,.F.);
#2548 = EDGE_LOOP('',(#2549));
#2549 = ORIENTED_EDGE('',*,*,#2550,.T.);
#2550 = EDGE_CURVE('',#2551,#2551,#2553,.T.);
#2551 = VERTEX_POINT('',#2552);
#2552 = CARTESIAN_POINT('',(-2.45,25.4,0.));
#2553 = SURFACE_CURVE('',#2554,(#2559,#2570),.PCURVE_S1.);
#2554 = CIRCLE('',#2555,2.45);
#2555 = AXIS2_PLACEMENT_3D('',#2556,#2557,#2558);
#2556 = CARTESIAN_POINT('',(0.,25.4,0.));
#2557 = DIRECTION('',(0.,0.,-1.));
#2558 = DIRECTION('',(-1.,0.,0.));
#2559 = PCURVE('',#44,#2560);
#2560 = DEFINITIONAL_REPRESENTATION('',(#2561),#2569);
#2561 = ( BOUNDED_CURVE() B_SPLINE_CURVE(2,(#2562,#2563,#2564,#2565,
#2566,#2567,#2568),.UNSPECIFIED.,.T.,.F.) B_SPLINE_CURVE_WITH_KNOTS((1,2
    ,2,2,2,1),(-2.094395102393,0.,2.094395102393,4.188790204786,
6.28318530718,8.377580409573),.UNSPECIFIED.) CURVE() 
GEOMETRIC_REPRESENTATION_ITEM() RATIONAL_B_SPLINE_CURVE((1.,0.5,1.,0.5,
1.,0.5,1.)) REPRESENTATION_ITEM('') );
#2562 = CARTESIAN_POINT('',(1.791163886649,5.796166052237));
#2563 = CARTESIAN_POINT('',(1.791163886649,10.039690530781));
#2564 = CARTESIAN_POINT('',(5.466163886649,7.917928291509));
#2565 = CARTESIAN_POINT('',(9.141163886649,5.796166052237));
#2566 = CARTESIAN_POINT('',(5.466163886649,3.674403812965));
#2567 = CARTESIAN_POINT('',(1.791163886649,1.552641573693));
#2568 = CARTESIAN_POINT('',(1.791163886649,5.796166052237));
#2569 = ( GEOMETRIC_REPRESENTATION_CONTEXT(2) 
PARAMETRIC_REPRESENTATION_CONTEXT() REPRESENTATION_CONTEXT('2D SPACE',''
  ) );
#2570 = PCURVE('',#2571,#2576);
#2571 = CYLINDRICAL_SURFACE('',#2572,2.45);
#2572 = AXIS2_PLACEMENT_3D('',#2573,#2574,#2575);
#2573 = CARTESIAN_POINT('',(0.,25.4,6.));
#2574 = DIRECTION('',(0.,0.,-1.));
#2575 = DIRECTION('',(-1.,0.,0.));
#2576 = DEFINITIONAL_REPRESENTATION('',(#2577),#2581);
#2577 = LINE('',#2578,#2579);
#2578 = CARTESIAN_POINT('',(0.,6.));
#2579 = VECTOR('',#2580,1.);
#2580 = DIRECTION('',(1.,0.));
#2581 = ( GEOMETRIC_REPRESENTATION_CONTEXT(2) 
PARAMETRIC_REPRESENTATION_CONTEXT() REPRESENTATION_CONTEXT('2D SPACE',''
  ) );
#2582 = FACE_BOUND('',#2583,.F.);
#2583 = EDGE_LOOP('',(#2584));
#2584 = ORIENTED_EDGE('',*,*,#2585,.T.);
#2585 = EDGE_CURVE('',#2586,#2586,#2588,.T.);
#2586 = VERTEX_POINT('',#2587);
#2587 = CARTESIAN_POINT('',(-2.45,38.1,0.));
#2588 = SURFACE_CURVE('',#2589,(#2594,#2605),.PCURVE_S1.);
#2589 = CIRCLE('',#2590,2.45);
#2590 = AXIS2_PLACEMENT_3D('',#2591,#2592,#2593);
#2591 = CARTESIAN_POINT('',(0.,38.1,0.));
#2592 = DIRECTION('',(0.,0.,-1.));
#2593 = DIRECTION('',(-1.,0.,0.));
#2594 = PCURVE('',#44,#2595);
#2595 = DEFINITIONAL_REPRESENTATION('',(#2596),#2604);
#2596 = ( BOUNDED_CURVE() B_SPLINE_CURVE(2,(#2597,#2598,#2599,#2600,
#2601,#2602,#2603),.UNSPECIFIED.,.T.,.F.) B_SPLINE_CURVE_WITH_KNOTS((1,2
    ,2,2,2,1),(-2.094395102393,0.,2.094395102393,4.188790204786,
6.28318530718,8.377580409573),.UNSPECIFIED.) CURVE() 
GEOMETRIC_REPRESENTATION_ITEM() RATIONAL_B_SPLINE_CURVE((1.,0.5,1.,0.5,
1.,0.5,1.)) REPRESENTATION_ITEM('') );
#2597 = CARTESIAN_POINT('',(1.791163886649,18.496166052237));
#2598 = CARTESIAN_POINT('',(1.791163886649,22.739690530781));
#2599 = CARTESIAN_POINT('',(5.466163886649,20.617928291509));
#2600 = CARTESIAN_POINT('',(9.141163886649,18.496166052237));
#2601 = CARTESIAN_POINT('',(5.466163886649,16.374403812965));
#2602 = CARTESIAN_POINT('',(1.791163886649,14.252641573693));
#2603 = CARTESIAN_POINT('',(1.791163886649,18.496166052237));
#2604 = ( GEOMETRIC_REPRESENTATION_CONTEXT(2) 
PARAMETRIC_REPRESENTATION_CONTEXT() REPRESENTATION_CONTEXT('2D SPACE',''
  ) );
#2605 = PCURVE('',#2606,#2611);
#2606 = CYLINDRICAL_SURFACE('',#2607,2.45);
#2607 = AXIS2_PLACEMENT_3D('',#2608,#2609,#2610);
#2608 = CARTESIAN_POINT('',(0.,38.1,6.));
#2609 = DIRECTION('',(0.,0.,-1.));
#2610 = DIRECTION('',(-1.,0.,0.));
#2611 = DEFINITIONAL_REPRESENTATION('',(#2612),#2616);
#2612 = LINE('',#2613,#2614);
#2613 = CARTESIAN_POINT('',(0.,6.));
#2614 = VECTOR('',#2615,1.);
#2615 = DIRECTION('',(1.,0.));
#2616 = ( GEOMETRIC_REPRESENTATION_CONTEXT(2) 
PARAMETRIC_REPRESENTATION_CONTEXT() REPRESENTATION_CONTEXT('2D SPACE',''
  ) );
#2617 = FACE_BOUND('',#2618,.F.);
#2618 = EDGE_LOOP('',(#2619));
#2619 = ORIENTED_EDGE('',*,*,#2620,.T.);
#2620 = EDGE_CURVE('',#2621,#2621,#2623,.T.);
#2621 = VERTEX_POINT('',#2622);
#2622 = CARTESIAN_POINT('',(10.25,25.4,0.));
#2623 = SURFACE_CURVE('',#2624,(#2629,#2640),.PCURVE_S1.);
#2624 = CIRCLE('',#2625,2.45);
#2625 = AXIS2_PLACEMENT_3D('',#2626,#2627,#2628);
#2626 = CARTESIAN_POINT('',(12.7,25.4,0.));
#2627 = DIRECTION('',(0.,0.,-1.));
#2628 = DIRECTION('',(-1.,0.,0.));
#2629 = PCURVE('',#44,#2630);
#2630 = DEFINITIONAL_REPRESENTATION('',(#2631),#2639);
#2631 = ( BOUNDED_CURVE() B_SPLINE_CURVE(2,(#2632,#2633,#2634,#2635,
#2636,#2637,#2638),.UNSPECIFIED.,.T.,.F.) B_SPLINE_CURVE_WITH_KNOTS((1,2
    ,2,2,2,1),(-2.094395102393,0.,2.094395102393,4.188790204786,
6.28318530718,8.377580409573),.UNSPECIFIED.) CURVE() 
GEOMETRIC_REPRESENTATION_ITEM() RATIONAL_B_SPLINE_CURVE((1.,0.5,1.,0.5,
1.,0.5,1.)) REPRESENTATION_ITEM('') );
#2632 = CARTESIAN_POINT('',(14.491163886649,5.796166052237));
#2633 = CARTESIAN_POINT('',(14.491163886649,10.039690530781));
#2634 = CARTESIAN_POINT('',(18.166163886649,7.917928291509));
#2635 = CARTESIAN_POINT('',(21.841163886649,5.796166052237));
#2636 = CARTESIAN_POINT('',(18.166163886649,3.674403812965));
#2637 = CARTESIAN_POINT('',(14.491163886649,1.552641573693));
#2638 = CARTESIAN_POINT('',(14.491163886649,5.796166052237));
#2639 = ( GEOMETRIC_REPRESENTATION_CONTEXT(2) 
PARAMETRIC_REPRESENTATION_CONTEXT() REPRESENTATION_CONTEXT('2D SPACE',''
  ) );
#2640 = PCURVE('',#2641,#2646);
#2641 = CYLINDRICAL_SURFACE('',#2642,2.45);
#2642 = AXIS2_PLACEMENT_3D('',#2643,#2644,#2645);
#2643 = CARTESIAN_POINT('',(12.7,25.4,6.));
#2644 = DIRECTION('',(0.,0.,-1.));
#2645 = DIRECTION('',(-1.,0.,0.));
#2646 = DEFINITIONAL_REPRESENTATION('',(#2647),#2651);
#2647 = LINE('',#2648,#2649);
#2648 = CARTESIAN_POINT('',(0.,6.));
#2649 = VECTOR('',#2650,1.);
#2650 = DIRECTION('',(1.,0.));
#2651 = ( GEOMETRIC_REPRESENTATION_CONTEXT(2) 
PARAMETRIC_REPRESENTATION_CONTEXT() REPRESENTATION_CONTEXT('2D SPACE',''
  ) );
#2652 = FACE_BOUND('',#2653,.F.);
#2653 = EDGE_LOOP('',(#2654));
#2654 = ORIENTED_EDGE('',*,*,#2655,.T.);
#2655 = EDGE_CURVE('',#2656,#2656,#2658,.T.);
#2656 = VERTEX_POINT('',#2657);
#2657 = CARTESIAN_POINT('',(10.25,38.1,0.));
#2658 = SURFACE_CURVE('',#2659,(#2664,#2675),.PCURVE_S1.);
#2659 = CIRCLE('',#2660,2.45);
#2660 = AXIS2_PLACEMENT_3D('',#2661,#2662,#2663);
#2661 = CARTESIAN_POINT('',(12.7,38.1,0.));
#2662 = DIRECTION('',(0.,0.,-1.));
#2663 = DIRECTION('',(-1.,0.,0.));
#2664 = PCURVE('',#44,#2665);
#2665 = DEFINITIONAL_REPRESENTATION('',(#2666),#2674);
#2666 = ( BOUNDED_CURVE() B_SPLINE_CURVE(2,(#2667,#2668,#2669,#2670,
#2671,#2672,#2673),.UNSPECIFIED.,.T.,.F.) B_SPLINE_CURVE_WITH_KNOTS((1,2
    ,2,2,2,1),(-2.094395102393,0.,2.094395102393,4.188790204786,
6.28318530718,8.377580409573),.UNSPECIFIED.) CURVE() 
GEOMETRIC_REPRESENTATION_ITEM() RATIONAL_B_SPLINE_CURVE((1.,0.5,1.,0.5,
1.,0.5,1.)) REPRESENTATION_ITEM('') );
#2667 = CARTESIAN_POINT('',(14.491163886649,18.496166052237));
#2668 = CARTESIAN_POINT('',(14.491163886649,22.739690530781));
#2669 = CARTESIAN_POINT('',(18.166163886649,20.617928291509));
#2670 = CARTESIAN_POINT('',(21.841163886649,18.496166052237));
#2671 = CARTESIAN_POINT('',(18.166163886649,16.374403812965));
#2672 = CARTESIAN_POINT('',(14.491163886649,14.252641573693));
#2673 = CARTESIAN_POINT('',(14.491163886649,18.496166052237));
#2674 = ( GEOMETRIC_REPRESENTATION_CONTEXT(2) 
PARAMETRIC_REPRESENTATION_CONTEXT() REPRESENTATION_CONTEXT('2D SPACE',''
  ) );
#2675 = PCURVE('',#2676,#2681);
#2676 = CYLINDRICAL_SURFACE('',#2677,2.45);
#2677 = AXIS2_PLACEMENT_3D('',#2678,#2679,#2680);
#2678 = CARTESIAN_POINT('',(12.7,38.1,6.));
#2679 = DIRECTION('',(0.,0.,-1.));
#2680 = DIRECTION('',(-1.,0.,0.));
#2681 = DEFINITIONAL_REPRESENTATION('',(#2682),#2686);
#2682 = LINE('',#2683,#2684);
#2683 = CARTESIAN_POINT('',(0.,6.));
#2684 = VECTOR('',#2685,1.);
#2685 = DIRECTION('',(1.,0.));
#2686 = ( GEOMETRIC_REPRESENTATION_CONTEXT(2) 
PARAMETRIC_REPRESENTATION_CONTEXT() REPRESENTATION_CONTEXT('2D SPACE',''
  ) );
#2687 = FACE_BOUND('',#2688,.F.);
#2688 = EDGE_LOOP('',(#2689));
#2689 = ORIENTED_EDGE('',*,*,#2690,.T.);
#2690 = EDGE_CURVE('',#2691,#2691,#2693,.T.);
#2691 = VERTEX_POINT('',#2692);
#2692 = CARTESIAN_POINT('',(-2.45,50.8,0.));
#2693 = SURFACE_CURVE('',#2694,(#2699,#2710),.PCURVE_S1.);
#2694 = CIRCLE('',#2695,2.45);
#2695 = AXIS2_PLACEMENT_3D('',#2696,#2697,#2698);
#2696 = CARTESIAN_POINT('',(0.,50.8,0.));
#2697 = DIRECTION('',(0.,0.,-1.));
#2698 = DIRECTION('',(-1.,0.,0.));
#2699 = PCURVE('',#44,#2700);
#2700 = DEFINITIONAL_REPRESENTATION('',(#2701),#2709);
#2701 = ( BOUNDED_CURVE() B_SPLINE_CURVE(2,(#2702,#2703,#2704,#2705,
#2706,#2707,#2708),.UNSPECIFIED.,.T.,.F.) B_SPLINE_CURVE_WITH_KNOTS((1,2
    ,2,2,2,1),(-2.094395102393,0.,2.094395102393,4.188790204786,
6.28318530718,8.377580409573),.UNSPECIFIED.) CURVE() 
GEOMETRIC_REPRESENTATION_ITEM() RATIONAL_B_SPLINE_CURVE((1.,0.5,1.,0.5,
1.,0.5,1.)) REPRESENTATION_ITEM('') );
#2702 = CARTESIAN_POINT('',(1.791163886649,31.196166052237));
#2703 = CARTESIAN_POINT('',(1.791163886649,35.439690530781));
#2704 = CARTESIAN_POINT('',(5.466163886649,33.317928291509));
#2705 = CARTESIAN_POINT('',(9.141163886649,31.196166052237));
#2706 = CARTESIAN_POINT('',(5.466163886649,29.074403812965));
#2707 = CARTESIAN_POINT('',(1.791163886649,26.952641573693));
#2708 = CARTESIAN_POINT('',(1.791163886649,31.196166052237));
#2709 = ( GEOMETRIC_REPRESENTATION_CONTEXT(2) 
PARAMETRIC_REPRESENTATION_CONTEXT() REPRESENTATION_CONTEXT('2D SPACE',''
  ) );
#2710 = PCURVE('',#2711,#2716);
#2711 = CYLINDRICAL_SURFACE('',#2712,2.45);
#2712 = AXIS2_PLACEMENT_3D('',#2713,#2714,#2715);
#2713 = CARTESIAN_POINT('',(0.,50.8,6.));
#2714 = DIRECTION('',(0.,0.,-1.));
#2715 = DIRECTION('',(-1.,0.,0.));
#2716 = DEFINITIONAL_REPRESENTATION('',(#2717),#2721);
#2717 = LINE('',#2718,#2719);
#2718 = CARTESIAN_POINT('',(0.,6.));
#2719 = VECTOR('',#2720,1.);
#2720 = DIRECTION('',(1.,0.));
#2721 = ( GEOMETRIC_REPRESENTATION_CONTEXT(2) 
PARAMETRIC_REPRESENTATION_CONTEXT() REPRESENTATION_CONTEXT('2D SPACE',''
  ) );
#2722 = FACE_BOUND('',#2723,.F.);
#2723 = EDGE_LOOP('',(#2724));
#2724 = ORIENTED_EDGE('',*,*,#2725,.T.);
#2725 = EDGE_CURVE('',#2726,#2726,#2728,.T.);
#2726 = VERTEX_POINT('',#2727);
#2727 = CARTESIAN_POINT('',(10.25,50.8,0.));
#2728 = SURFACE_CURVE('',#2729,(#2734,#2745),.PCURVE_S1.);
#2729 = CIRCLE('',#2730,2.45);
#2730 = AXIS2_PLACEMENT_3D('',#2731,#2732,#2733);
#2731 = CARTESIAN_POINT('',(12.7,50.8,0.));
#2732 = DIRECTION('',(0.,0.,-1.));
#2733 = DIRECTION('',(-1.,0.,0.));
#2734 = PCURVE('',#44,#2735);
#2735 = DEFINITIONAL_REPRESENTATION('',(#2736),#2744);
#2736 = ( BOUNDED_CURVE() B_SPLINE_CURVE(2,(#2737,#2738,#2739,#2740,
#2741,#2742,#2743),.UNSPECIFIED.,.T.,.F.) B_SPLINE_CURVE_WITH_KNOTS((1,2
    ,2,2,2,1),(-2.094395102393,0.,2.094395102393,4.188790204786,
6.28318530718,8.377580409573),.UNSPECIFIED.) CURVE() 
GEOMETRIC_REPRESENTATION_ITEM() RATIONAL_B_SPLINE_CURVE((1.,0.5,1.,0.5,
1.,0.5,1.)) REPRESENTATION_ITEM('') );
#2737 = CARTESIAN_POINT('',(14.491163886649,31.196166052237));
#2738 = CARTESIAN_POINT('',(14.491163886649,35.439690530781));
#2739 = CARTESIAN_POINT('',(18.166163886649,33.317928291509));
#2740 = CARTESIAN_POINT('',(21.841163886649,31.196166052237));
#2741 = CARTESIAN_POINT('',(18.166163886649,29.074403812965));
#2742 = CARTESIAN_POINT('',(14.491163886649,26.952641573693));
#2743 = CARTESIAN_POINT('',(14.491163886649,31.196166052237));
#2744 = ( GEOMETRIC_REPRESENTATION_CONTEXT(2) 
PARAMETRIC_REPRESENTATION_CONTEXT() REPRESENTATION_CONTEXT('2D SPACE',''
  ) );
#2745 = PCURVE('',#2746,#2751);
#2746 = CYLINDRICAL_SURFACE('',#2747,2.45);
#2747 = AXIS2_PLACEMENT_3D('',#2748,#2749,#2750);
#2748 = CARTESIAN_POINT('',(12.7,50.8,6.));
#2749 = DIRECTION('',(0.,0.,-1.));
#2750 = DIRECTION('',(-1.,0.,0.));
#2751 = DEFINITIONAL_REPRESENTATION('',(#2752),#2756);
#2752 = LINE('',#2753,#2754);
#2753 = CARTESIAN_POINT('',(0.,6.));
#2754 = VECTOR('',#2755,1.);
#2755 = DIRECTION('',(1.,0.));
#2756 = ( GEOMETRIC_REPRESENTATION_CONTEXT(2) 
PARAMETRIC_REPRESENTATION_CONTEXT() REPRESENTATION_CONTEXT('2D SPACE',''
  ) );
#2757 = FACE_BOUND('',#2758,.F.);
#2758 = EDGE_LOOP('',(#2759));
#2759 = ORIENTED_EDGE('',*,*,#2760,.T.);
#2760 = EDGE_CURVE('',#2761,#2761,#2763,.T.);
#2761 = VERTEX_POINT('',#2762);
#2762 = CARTESIAN_POINT('',(22.95,25.4,0.));
#2763 = SURFACE_CURVE('',#2764,(#2769,#2780),.PCURVE_S1.);
#2764 = CIRCLE('',#2765,2.45);
#2765 = AXIS2_PLACEMENT_3D('',#2766,#2767,#2768);
#2766 = CARTESIAN_POINT('',(25.4,25.4,0.));
#2767 = DIRECTION('',(0.,0.,-1.));
#2768 = DIRECTION('',(-1.,0.,0.));
#2769 = PCURVE('',#44,#2770);
#2770 = DEFINITIONAL_REPRESENTATION('',(#2771),#2779);
#2771 = ( BOUNDED_CURVE() B_SPLINE_CURVE(2,(#2772,#2773,#2774,#2775,
#2776,#2777,#2778),.UNSPECIFIED.,.T.,.F.) B_SPLINE_CURVE_WITH_KNOTS((1,2
    ,2,2,2,1),(-2.094395102393,0.,2.094395102393,4.188790204786,
6.28318530718,8.377580409573),.UNSPECIFIED.) CURVE() 
GEOMETRIC_REPRESENTATION_ITEM() RATIONAL_B_SPLINE_CURVE((1.,0.5,1.,0.5,
1.,0.5,1.)) REPRESENTATION_ITEM('') );
#2772 = CARTESIAN_POINT('',(27.191163886649,5.796166052237));
#2773 = CARTESIAN_POINT('',(27.191163886649,10.039690530781));
#2774 = CARTESIAN_POINT('',(30.866163886649,7.917928291509));
#2775 = CARTESIAN_POINT('',(34.541163886649,5.796166052237));
#2776 = CARTESIAN_POINT('',(30.866163886649,3.674403812965));
#2777 = CARTESIAN_POINT('',(27.191163886649,1.552641573693));
#2778 = CARTESIAN_POINT('',(27.191163886649,5.796166052237));
#2779 = ( GEOMETRIC_REPRESENTATION_CONTEXT(2) 
PARAMETRIC_REPRESENTATION_CONTEXT() REPRESENTATION_CONTEXT('2D SPACE',''
  ) );
#2780 = PCURVE('',#2781,#2786);
#2781 = CYLINDRICAL_SURFACE('',#2782,2.45);
#2782 = AXIS2_PLACEMENT_3D('',#2783,#2784,#2785);
#2783 = CARTESIAN_POINT('',(25.4,25.4,6.));
#2784 = DIRECTION('',(0.,0.,-1.));
#2785 = DIRECTION('',(-1.,0.,0.));
#2786 = DEFINITIONAL_REPRESENTATION('',(#2787),#2791);
#2787 = LINE('',#2788,#2789);
#2788 = CARTESIAN_POINT('',(0.,6.));
#2789 = VECTOR('',#2790,1.);
#2790 = DIRECTION('',(1.,0.));
#2791 = ( GEOMETRIC_REPRESENTATION_CONTEXT(2) 
PARAMETRIC_REPRESENTATION_CONTEXT() REPRESENTATION_CONTEXT('2D SPACE',''
  ) );
#2792 = FACE_BOUND('',#2793,.F.);
#2793 = EDGE_LOOP('',(#2794));
#2794 = ORIENTED_EDGE('',*,*,#2795,.T.);
#2795 = EDGE_CURVE('',#2796,#2796,#2798,.T.);
#2796 = VERTEX_POINT('',#2797);
#2797 = CARTESIAN_POINT('',(35.65,25.4,0.));
#2798 = SURFACE_CURVE('',#2799,(#2804,#2815),.PCURVE_S1.);
#2799 = CIRCLE('',#2800,2.45);
#2800 = AXIS2_PLACEMENT_3D('',#2801,#2802,#2803);
#2801 = CARTESIAN_POINT('',(38.1,25.4,0.));
#2802 = DIRECTION('',(0.,0.,-1.));
#2803 = DIRECTION('',(-1.,0.,0.));
#2804 = PCURVE('',#44,#2805);
#2805 = DEFINITIONAL_REPRESENTATION('',(#2806),#2814);
#2806 = ( BOUNDED_CURVE() B_SPLINE_CURVE(2,(#2807,#2808,#2809,#2810,
#2811,#2812,#2813),.UNSPECIFIED.,.T.,.F.) B_SPLINE_CURVE_WITH_KNOTS((1,2
    ,2,2,2,1),(-2.094395102393,0.,2.094395102393,4.188790204786,
6.28318530718,8.377580409573),.UNSPECIFIED.) CURVE() 
GEOMETRIC_REPRESENTATION_ITEM() RATIONAL_B_SPLINE_CURVE((1.,0.5,1.,0.5,
1.,0.5,1.)) REPRESENTATION_ITEM('') );
#2807 = CARTESIAN_POINT('',(39.891163886649,5.796166052237));
#2808 = CARTESIAN_POINT('',(39.891163886649,10.039690530781));
#2809 = CARTESIAN_POINT('',(43.566163886649,7.917928291509));
#2810 = CARTESIAN_POINT('',(47.241163886649,5.796166052237));
#2811 = CARTESIAN_POINT('',(43.566163886649,3.674403812965));
#2812 = CARTESIAN_POINT('',(39.891163886649,1.552641573693));
#2813 = CARTESIAN_POINT('',(39.891163886649,5.796166052237));
#2814 = ( GEOMETRIC_REPRESENTATION_CONTEXT(2) 
PARAMETRIC_REPRESENTATION_CONTEXT() REPRESENTATION_CONTEXT('2D SPACE',''
  ) );
#2815 = PCURVE('',#2816,#2821);
#2816 = CYLINDRICAL_SURFACE('',#2817,2.45);
#2817 = AXIS2_PLACEMENT_3D('',#2818,#2819,#2820);
#2818 = CARTESIAN_POINT('',(38.1,25.4,6.));
#2819 = DIRECTION('',(0.,0.,-1.));
#2820 = DIRECTION('',(-1.,0.,0.));
#2821 = DEFINITIONAL_REPRESENTATION('',(#2822),#2826);
#2822 = LINE('',#2823,#2824);
#2823 = CARTESIAN_POINT('',(0.,6.));
#2824 = VECTOR('',#2825,1.);
#2825 = DIRECTION('',(1.,0.));
#2826 = ( GEOMETRIC_REPRESENTATION_CONTEXT(2) 
PARAMETRIC_REPRESENTATION_CONTEXT() REPRESENTATION_CONTEXT('2D SPACE',''
  ) );
#2827 = FACE_BOUND('',#2828,.F.);
#2828 = EDGE_LOOP('',(#2829));
#2829 = ORIENTED_EDGE('',*,*,#2830,.T.);
#2830 = EDGE_CURVE('',#2831,#2831,#2833,.T.);
#2831 = VERTEX_POINT('',#2832);
#2832 = CARTESIAN_POINT('',(22.95,38.1,0.));
#2833 = SURFACE_CURVE('',#2834,(#2839,#2850),.PCURVE_S1.);
#2834 = CIRCLE('',#2835,2.45);
#2835 = AXIS2_PLACEMENT_3D('',#2836,#2837,#2838);
#2836 = CARTESIAN_POINT('',(25.4,38.1,0.));
#2837 = DIRECTION('',(0.,0.,-1.));
#2838 = DIRECTION('',(-1.,0.,0.));
#2839 = PCURVE('',#44,#2840);
#2840 = DEFINITIONAL_REPRESENTATION('',(#2841),#2849);
#2841 = ( BOUNDED_CURVE() B_SPLINE_CURVE(2,(#2842,#2843,#2844,#2845,
#2846,#2847,#2848),.UNSPECIFIED.,.T.,.F.) B_SPLINE_CURVE_WITH_KNOTS((1,2
    ,2,2,2,1),(-2.094395102393,0.,2.094395102393,4.188790204786,
6.28318530718,8.377580409573),.UNSPECIFIED.) CURVE() 
GEOMETRIC_REPRESENTATION_ITEM() RATIONAL_B_SPLINE_CURVE((1.,0.5,1.,0.5,
1.,0.5,1.)) REPRESENTATION_ITEM('') );
#2842 = CARTESIAN_POINT('',(27.191163886649,18.496166052237));
#2843 = CARTESIAN_POINT('',(27.191163886649,22.739690530781));
#2844 = CARTESIAN_POINT('',(30.866163886649,20.617928291509));
#2845 = CARTESIAN_POINT('',(34.541163886649,18.496166052237));
#2846 = CARTESIAN_POINT('',(30.866163886649,16.374403812965));
#2847 = CARTESIAN_POINT('',(27.191163886649,14.252641573693));
#2848 = CARTESIAN_POINT('',(27.191163886649,18.496166052237));
#2849 = ( GEOMETRIC_REPRESENTATION_CONTEXT(2) 
PARAMETRIC_REPRESENTATION_CONTEXT() REPRESENTATION_CONTEXT('2D SPACE',''
  ) );
#2850 = PCURVE('',#2851,#2856);
#2851 = CYLINDRICAL_SURFACE('',#2852,2.45);
#2852 = AXIS2_PLACEMENT_3D('',#2853,#2854,#2855);
#2853 = CARTESIAN_POINT('',(25.4,38.1,6.));
#2854 = DIRECTION('',(0.,0.,-1.));
#2855 = DIRECTION('',(-1.,0.,0.));
#2856 = DEFINITIONAL_REPRESENTATION('',(#2857),#2861);
#2857 = LINE('',#2858,#2859);
#2858 = CARTESIAN_POINT('',(0.,6.));
#2859 = VECTOR('',#2860,1.);
#2860 = DIRECTION('',(1.,0.));
#2861 = ( GEOMETRIC_REPRESENTATION_CONTEXT(2) 
PARAMETRIC_REPRESENTATION_CONTEXT() REPRESENTATION_CONTEXT('2D SPACE',''
  ) );
#2862 = FACE_BOUND('',#2863,.F.);
#2863 = EDGE_LOOP('',(#2864));
#2864 = ORIENTED_EDGE('',*,*,#2865,.T.);
#2865 = EDGE_CURVE('',#2866,#2866,#2868,.T.);
#2866 = VERTEX_POINT('',#2867);
#2867 = CARTESIAN_POINT('',(35.65,38.1,0.));
#2868 = SURFACE_CURVE('',#2869,(#2874,#2885),.PCURVE_S1.);
#2869 = CIRCLE('',#2870,2.45);
#2870 = AXIS2_PLACEMENT_3D('',#2871,#2872,#2873);
#2871 = CARTESIAN_POINT('',(38.1,38.1,0.));
#2872 = DIRECTION('',(0.,0.,-1.));
#2873 = DIRECTION('',(-1.,0.,0.));
#2874 = PCURVE('',#44,#2875);
#2875 = DEFINITIONAL_REPRESENTATION('',(#2876),#2884);
#2876 = ( BOUNDED_CURVE() B_SPLINE_CURVE(2,(#2877,#2878,#2879,#2880,
#2881,#2882,#2883),.UNSPECIFIED.,.T.,.F.) B_SPLINE_CURVE_WITH_KNOTS((1,2
    ,2,2,2,1),(-2.094395102393,0.,2.094395102393,4.188790204786,
6.28318530718,8.377580409573),.UNSPECIFIED.) CURVE() 
GEOMETRIC_REPRESENTATION_ITEM() RATIONAL_B_SPLINE_CURVE((1.,0.5,1.,0.5,
1.,0.5,1.)) REPRESENTATION_ITEM('') );
#2877 = CARTESIAN_POINT('',(39.891163886649,18.496166052237));
#2878 = CARTESIAN_POINT('',(39.891163886649,22.739690530781));
#2879 = CARTESIAN_POINT('',(43.566163886649,20.617928291509));
#2880 = CARTESIAN_POINT('',(47.241163886649,18.496166052237));
#2881 = CARTESIAN_POINT('',(43.566163886649,16.374403812965));
#2882 = CARTESIAN_POINT('',(39.891163886649,14.252641573693));
#2883 = CARTESIAN_POINT('',(39.891163886649,18.496166052237));
#2884 = ( GEOMETRIC_REPRESENTATION_CONTEXT(2) 
PARAMETRIC_REPRESENTATION_CONTEXT() REPRESENTATION_CONTEXT('2D SPACE',''
  ) );
#2885 = PCURVE('',#2886,#2891);
#2886 = CYLINDRICAL_SURFACE('',#2887,2.45);
#2887 = AXIS2_PLACEMENT_3D('',#2888,#2889,#2890);
#2888 = CARTESIAN_POINT('',(38.1,38.1,6.));
#2889 = DIRECTION('',(0.,0.,-1.));
#2890 = DIRECTION('',(-1.,0.,0.));
#2891 = DEFINITIONAL_REPRESENTATION('',(#2892),#2896);
#2892 = LINE('',#2893,#2894);
#2893 = CARTESIAN_POINT('',(0.,6.));
#2894 = VECTOR('',#2895,1.);
#2895 = DIRECTION('',(1.,0.));
#2896 = ( GEOMETRIC_REPRESENTATION_CONTEXT(2) 
PARAMETRIC_REPRESENTATION_CONTEXT() REPRESENTATION_CONTEXT('2D SPACE',''
  ) );
#2897 = FACE_BOUND('',#2898,.F.);
#2898 = EDGE_LOOP('',(#2899));
#2899 = ORIENTED_EDGE('',*,*,#2900,.T.);
#2900 = EDGE_CURVE('',#2901,#2901,#2903,.T.);
#2901 = VERTEX_POINT('',#2902);
#2902 = CARTESIAN_POINT('',(48.35,25.4,0.));
#2903 = SURFACE_CURVE('',#2904,(#2909,#2920),.PCURVE_S1.);
#2904 = CIRCLE('',#2905,2.45);
#2905 = AXIS2_PLACEMENT_3D('',#2906,#2907,#2908);
#2906 = CARTESIAN_POINT('',(50.8,25.4,0.));
#2907 = DIRECTION('',(0.,0.,-1.));
#2908 = DIRECTION('',(-1.,0.,0.));
#2909 = PCURVE('',#44,#2910);
#2910 = DEFINITIONAL_REPRESENTATION('',(#2911),#2919);
#2911 = ( BOUNDED_CURVE() B_SPLINE_CURVE(2,(#2912,#2913,#2914,#2915,
#2916,#2917,#2918),.UNSPECIFIED.,.T.,.F.) B_SPLINE_CURVE_WITH_KNOTS((1,2
    ,2,2,2,1),(-2.094395102393,0.,2.094395102393,4.188790204786,
6.28318530718,8.377580409573),.UNSPECIFIED.) CURVE() 
GEOMETRIC_REPRESENTATION_ITEM() RATIONAL_B_SPLINE_CURVE((1.,0.5,1.,0.5,
1.,0.5,1.)) REPRESENTATION_ITEM('') );
#2912 = CARTESIAN_POINT('',(52.591163886649,5.796166052237));
#2913 = CARTESIAN_POINT('',(52.591163886649,10.039690530781));
#2914 = CARTESIAN_POINT('',(56.266163886649,7.917928291509));
#2915 = CARTESIAN_POINT('',(59.941163886649,5.796166052237));
#2916 = CARTESIAN_POINT('',(56.266163886649,3.674403812965));
#2917 = CARTESIAN_POINT('',(52.591163886649,1.552641573693));
#2918 = CARTESIAN_POINT('',(52.591163886649,5.796166052237));
#2919 = ( GEOMETRIC_REPRESENTATION_CONTEXT(2) 
PARAMETRIC_REPRESENTATION_CONTEXT() REPRESENTATION_CONTEXT('2D SPACE',''
  ) );
#2920 = PCURVE('',#2921,#2926);
#2921 = CYLINDRICAL_SURFACE('',#2922,2.45);
#2922 = AXIS2_PLACEMENT_3D('',#2923,#2924,#2925);
#2923 = CARTESIAN_POINT('',(50.8,25.4,6.));
#2924 = DIRECTION('',(0.,0.,-1.));
#2925 = DIRECTION('',(-1.,0.,0.));
#2926 = DEFINITIONAL_REPRESENTATION('',(#2927),#2931);
#2927 = LINE('',#2928,#2929);
#2928 = CARTESIAN_POINT('',(0.,6.));
#2929 = VECTOR('',#2930,1.);
#2930 = DIRECTION('',(1.,0.));
#2931 = ( GEOMETRIC_REPRESENTATION_CONTEXT(2) 
PARAMETRIC_REPRESENTATION_CONTEXT() REPRESENTATION_CONTEXT('2D SPACE',''
  ) );
#2932 = FACE_BOUND('',#2933,.F.);
#2933 = EDGE_LOOP('',(#2934));
#2934 = ORIENTED_EDGE('',*,*,#2935,.T.);
#2935 = EDGE_CURVE('',#2936,#2936,#2938,.T.);
#2936 = VERTEX_POINT('',#2937);
#2937 = CARTESIAN_POINT('',(22.95,50.8,0.));
#2938 = SURFACE_CURVE('',#2939,(#2944,#2955),.PCURVE_S1.);
#2939 = CIRCLE('',#2940,2.45);
#2940 = AXIS2_PLACEMENT_3D('',#2941,#2942,#2943);
#2941 = CARTESIAN_POINT('',(25.4,50.8,0.));
#2942 = DIRECTION('',(0.,0.,-1.));
#2943 = DIRECTION('',(-1.,0.,0.));
#2944 = PCURVE('',#44,#2945);
#2945 = DEFINITIONAL_REPRESENTATION('',(#2946),#2954);
#2946 = ( BOUNDED_CURVE() B_SPLINE_CURVE(2,(#2947,#2948,#2949,#2950,
#2951,#2952,#2953),.UNSPECIFIED.,.T.,.F.) B_SPLINE_CURVE_WITH_KNOTS((1,2
    ,2,2,2,1),(-2.094395102393,0.,2.094395102393,4.188790204786,
6.28318530718,8.377580409573),.UNSPECIFIED.) CURVE() 
GEOMETRIC_REPRESENTATION_ITEM() RATIONAL_B_SPLINE_CURVE((1.,0.5,1.,0.5,
1.,0.5,1.)) REPRESENTATION_ITEM('') );
#2947 = CARTESIAN_POINT('',(27.191163886649,31.196166052237));
#2948 = CARTESIAN_POINT('',(27.191163886649,35.439690530781));
#2949 = CARTESIAN_POINT('',(30.866163886649,33.317928291509));
#2950 = CARTESIAN_POINT('',(34.541163886649,31.196166052237));
#2951 = CARTESIAN_POINT('',(30.866163886649,29.074403812965));
#2952 = CARTESIAN_POINT('',(27.191163886649,26.952641573693));
#2953 = CARTESIAN_POINT('',(27.191163886649,31.196166052237));
#2954 = ( GEOMETRIC_REPRESENTATION_CONTEXT(2) 
PARAMETRIC_REPRESENTATION_CONTEXT() REPRESENTATION_CONTEXT('2D SPACE',''
  ) );
#2955 = PCURVE('',#2956,#2961);
#2956 = CYLINDRICAL_SURFACE('',#2957,2.45);
#2957 = AXIS2_PLACEMENT_3D('',#2958,#2959,#2960);
#2958 = CARTESIAN_POINT('',(25.4,50.8,6.));
#2959 = DIRECTION('',(0.,0.,-1.));
#2960 = DIRECTION('',(-1.,0.,0.));
#2961 = DEFINITIONAL_REPRESENTATION('',(#2962),#2966);
#2962 = LINE('',#2963,#2964);
#2963 = CARTESIAN_POINT('',(0.,6.));
#2964 = VECTOR('',#2965,1.);
#2965 = DIRECTION('',(1.,0.));
#2966 = ( GEOMETRIC_REPRESENTATION_CONTEXT(2) 
PARAMETRIC_REPRESENTATION_CONTEXT() REPRESENTATION_CONTEXT('2D SPACE',''
  ) );
#2967 = FACE_BOUND('',#2968,.F.);
#2968 = EDGE_LOOP('',(#2969));
#2969 = ORIENTED_EDGE('',*,*,#2970,.T.);
#2970 = EDGE_CURVE('',#2971,#2971,#2973,.T.);
#2971 = VERTEX_POINT('',#2972);
#2972 = CARTESIAN_POINT('',(35.65,50.8,0.));
#2973 = SURFACE_CURVE('',#2974,(#2979,#2990),.PCURVE_S1.);
#2974 = CIRCLE('',#2975,2.45);
#2975 = AXIS2_PLACEMENT_3D('',#2976,#2977,#2978);
#2976 = CARTESIAN_POINT('',(38.1,50.8,0.));
#2977 = DIRECTION('',(0.,0.,-1.));
#2978 = DIRECTION('',(-1.,0.,0.));
#2979 = PCURVE('',#44,#2980);
#2980 = DEFINITIONAL_REPRESENTATION('',(#2981),#2989);
#2981 = ( BOUNDED_CURVE() B_SPLINE_CURVE(2,(#2982,#2983,#2984,#2985,
#2986,#2987,#2988),.UNSPECIFIED.,.T.,.F.) B_SPLINE_CURVE_WITH_KNOTS((1,2
    ,2,2,2,1),(-2.094395102393,0.,2.094395102393,4.188790204786,
6.28318530718,8.377580409573),.UNSPECIFIED.) CURVE() 
GEOMETRIC_REPRESENTATION_ITEM() RATIONAL_B_SPLINE_CURVE((1.,0.5,1.,0.5,
1.,0.5,1.)) REPRESENTATION_ITEM('') );
#2982 = CARTESIAN_POINT('',(39.891163886649,31.196166052237));
#2983 = CARTESIAN_POINT('',(39.891163886649,35.439690530781));
#2984 = CARTESIAN_POINT('',(43.566163886649,33.317928291509));
#2985 = CARTESIAN_POINT('',(47.241163886649,31.196166052237));
#2986 = CARTESIAN_POINT('',(43.566163886649,29.074403812965));
#2987 = CARTESIAN_POINT('',(39.891163886649,26.952641573693));
#2988 = CARTESIAN_POINT('',(39.891163886649,31.196166052237));
#2989 = ( GEOMETRIC_REPRESENTATION_CONTEXT(2) 
PARAMETRIC_REPRESENTATION_CONTEXT() REPRESENTATION_CONTEXT('2D SPACE',''
  ) );
#2990 = PCURVE('',#2991,#2996);
#2991 = CYLINDRICAL_SURFACE('',#2992,2.45);
#2992 = AXIS2_PLACEMENT_3D('',#2993,#2994,#2995);
#2993 = CARTESIAN_POINT('',(38.1,50.8,6.));
#2994 = DIRECTION('',(0.,0.,-1.));
#2995 = DIRECTION('',(-1.,0.,0.));
#2996 = DEFINITIONAL_REPRESENTATION('',(#2997),#3001);
#2997 = LINE('',#2998,#2999);
#2998 = CARTESIAN_POINT('',(0.,6.));
#2999 = VECTOR('',#3000,1.);
#3000 = DIRECTION('',(1.,0.));
#3001 = ( GEOMETRIC_REPRESENTATION_CONTEXT(2) 
PARAMETRIC_REPRESENTATION_CONTEXT() REPRESENTATION_CONTEXT('2D SPACE',''
  ) );
#3002 = FACE_BOUND('',#3003,.F.);
#3003 = EDGE_LOOP('',(#3004));
#3004 = ORIENTED_EDGE('',*,*,#3005,.T.);
#3005 = EDGE_CURVE('',#3006,#3006,#3008,.T.);
#3006 = VERTEX_POINT('',#3007);
#3007 = CARTESIAN_POINT('',(-2.45,63.5,0.));
#3008 = SURFACE_CURVE('',#3009,(#3014,#3025),.PCURVE_S1.);
#3009 = CIRCLE('',#3010,2.45);
#3010 = AXIS2_PLACEMENT_3D('',#3011,#3012,#3013);
#3011 = CARTESIAN_POINT('',(0.,63.5,0.));
#3012 = DIRECTION('',(0.,0.,-1.));
#3013 = DIRECTION('',(-1.,0.,0.));
#3014 = PCURVE('',#44,#3015);
#3015 = DEFINITIONAL_REPRESENTATION('',(#3016),#3024);
#3016 = ( BOUNDED_CURVE() B_SPLINE_CURVE(2,(#3017,#3018,#3019,#3020,
#3021,#3022,#3023),.UNSPECIFIED.,.T.,.F.) B_SPLINE_CURVE_WITH_KNOTS((1,2
    ,2,2,2,1),(-2.094395102393,0.,2.094395102393,4.188790204786,
6.28318530718,8.377580409573),.UNSPECIFIED.) CURVE() 
GEOMETRIC_REPRESENTATION_ITEM() RATIONAL_B_SPLINE_CURVE((1.,0.5,1.,0.5,
1.,0.5,1.)) REPRESENTATION_ITEM('') );
#3017 = CARTESIAN_POINT('',(1.791163886649,43.896166052237));
#3018 = CARTESIAN_POINT('',(1.791163886649,48.139690530781));
#3019 = CARTESIAN_POINT('',(5.466163886649,46.017928291509));
#3020 = CARTESIAN_POINT('',(9.141163886649,43.896166052237));
#3021 = CARTESIAN_POINT('',(5.466163886649,41.774403812965));
#3022 = CARTESIAN_POINT('',(1.791163886649,39.652641573693));
#3023 = CARTESIAN_POINT('',(1.791163886649,43.896166052237));
#3024 = ( GEOMETRIC_REPRESENTATION_CONTEXT(2) 
PARAMETRIC_REPRESENTATION_CONTEXT() REPRESENTATION_CONTEXT('2D SPACE',''
  ) );
#3025 = PCURVE('',#3026,#3031);
#3026 = CYLINDRICAL_SURFACE('',#3027,2.45);
#3027 = AXIS2_PLACEMENT_3D('',#3028,#3029,#3030);
#3028 = CARTESIAN_POINT('',(0.,63.5,6.));
#3029 = DIRECTION('',(0.,0.,-1.));
#3030 = DIRECTION('',(-1.,0.,0.));
#3031 = DEFINITIONAL_REPRESENTATION('',(#3032),#3036);
#3032 = LINE('',#3033,#3034);
#3033 = CARTESIAN_POINT('',(0.,6.));
#3034 = VECTOR('',#3035,1.);
#3035 = DIRECTION('',(1.,0.));
#3036 = ( GEOMETRIC_REPRESENTATION_CONTEXT(2) 
PARAMETRIC_REPRESENTATION_CONTEXT() REPRESENTATION_CONTEXT('2D SPACE',''
  ) );
#3037 = FACE_BOUND('',#3038,.F.);
#3038 = EDGE_LOOP('',(#3039));
#3039 = ORIENTED_EDGE('',*,*,#3040,.T.);
#3040 = EDGE_CURVE('',#3041,#3041,#3043,.T.);
#3041 = VERTEX_POINT('',#3042);
#3042 = CARTESIAN_POINT('',(10.25,63.5,0.));
#3043 = SURFACE_CURVE('',#3044,(#3049,#3060),.PCURVE_S1.);
#3044 = CIRCLE('',#3045,2.45);
#3045 = AXIS2_PLACEMENT_3D('',#3046,#3047,#3048);
#3046 = CARTESIAN_POINT('',(12.7,63.5,0.));
#3047 = DIRECTION('',(0.,0.,-1.));
#3048 = DIRECTION('',(-1.,0.,0.));
#3049 = PCURVE('',#44,#3050);
#3050 = DEFINITIONAL_REPRESENTATION('',(#3051),#3059);
#3051 = ( BOUNDED_CURVE() B_SPLINE_CURVE(2,(#3052,#3053,#3054,#3055,
#3056,#3057,#3058),.UNSPECIFIED.,.T.,.F.) B_SPLINE_CURVE_WITH_KNOTS((1,2
    ,2,2,2,1),(-2.094395102393,0.,2.094395102393,4.188790204786,
6.28318530718,8.377580409573),.UNSPECIFIED.) CURVE() 
GEOMETRIC_REPRESENTATION_ITEM() RATIONAL_B_SPLINE_CURVE((1.,0.5,1.,0.5,
1.,0.5,1.)) REPRESENTATION_ITEM('') );
#3052 = CARTESIAN_POINT('',(14.491163886649,43.896166052237));
#3053 = CARTESIAN_POINT('',(14.491163886649,48.139690530781));
#3054 = CARTESIAN_POINT('',(18.166163886649,46.017928291509));
#3055 = CARTESIAN_POINT('',(21.841163886649,43.896166052237));
#3056 = CARTESIAN_POINT('',(18.166163886649,41.774403812965));
#3057 = CARTESIAN_POINT('',(14.491163886649,39.652641573693));
#3058 = CARTESIAN_POINT('',(14.491163886649,43.896166052237));
#3059 = ( GEOMETRIC_REPRESENTATION_CONTEXT(2) 
PARAMETRIC_REPRESENTATION_CONTEXT() REPRESENTATION_CONTEXT('2D SPACE',''
  ) );
#3060 = PCURVE('',#3061,#3066);
#3061 = CYLINDRICAL_SURFACE('',#3062,2.45);
#3062 = AXIS2_PLACEMENT_3D('',#3063,#3064,#3065);
#3063 = CARTESIAN_POINT('',(12.7,63.5,6.));
#3064 = DIRECTION('',(0.,0.,-1.));
#3065 = DIRECTION('',(-1.,0.,0.));
#3066 = DEFINITIONAL_REPRESENTATION('',(#3067),#3071);
#3067 = LINE('',#3068,#3069);
#3068 = CARTESIAN_POINT('',(0.,6.));
#3069 = VECTOR('',#3070,1.);
#3070 = DIRECTION('',(1.,0.));
#3071 = ( GEOMETRIC_REPRESENTATION_CONTEXT(2) 
PARAMETRIC_REPRESENTATION_CONTEXT() REPRESENTATION_CONTEXT('2D SPACE',''
  ) );
#3072 = FACE_BOUND('',#3073,.F.);
#3073 = EDGE_LOOP('',(#3074));
#3074 = ORIENTED_EDGE('',*,*,#3075,.T.);
#3075 = EDGE_CURVE('',#3076,#3076,#3078,.T.);
#3076 = VERTEX_POINT('',#3077);
#3077 = CARTESIAN_POINT('',(-2.45,76.2,0.));
#3078 = SURFACE_CURVE('',#3079,(#3084,#3095),.PCURVE_S1.);
#3079 = CIRCLE('',#3080,2.45);
#3080 = AXIS2_PLACEMENT_3D('',#3081,#3082,#3083);
#3081 = CARTESIAN_POINT('',(0.,76.2,0.));
#3082 = DIRECTION('',(0.,0.,-1.));
#3083 = DIRECTION('',(-1.,0.,0.));
#3084 = PCURVE('',#44,#3085);
#3085 = DEFINITIONAL_REPRESENTATION('',(#3086),#3094);
#3086 = ( BOUNDED_CURVE() B_SPLINE_CURVE(2,(#3087,#3088,#3089,#3090,
#3091,#3092,#3093),.UNSPECIFIED.,.T.,.F.) B_SPLINE_CURVE_WITH_KNOTS((1,2
    ,2,2,2,1),(-2.094395102393,0.,2.094395102393,4.188790204786,
6.28318530718,8.377580409573),.UNSPECIFIED.) CURVE() 
GEOMETRIC_REPRESENTATION_ITEM() RATIONAL_B_SPLINE_CURVE((1.,0.5,1.,0.5,
1.,0.5,1.)) REPRESENTATION_ITEM('') );
#3087 = CARTESIAN_POINT('',(1.791163886649,56.596166052237));
#3088 = CARTESIAN_POINT('',(1.791163886649,60.839690530781));
#3089 = CARTESIAN_POINT('',(5.466163886649,58.717928291509));
#3090 = CARTESIAN_POINT('',(9.141163886649,56.596166052237));
#3091 = CARTESIAN_POINT('',(5.466163886649,54.474403812965));
#3092 = CARTESIAN_POINT('',(1.791163886649,52.352641573693));
#3093 = CARTESIAN_POINT('',(1.791163886649,56.596166052237));
#3094 = ( GEOMETRIC_REPRESENTATION_CONTEXT(2) 
PARAMETRIC_REPRESENTATION_CONTEXT() REPRESENTATION_CONTEXT('2D SPACE',''
  ) );
#3095 = PCURVE('',#3096,#3101);
#3096 = CYLINDRICAL_SURFACE('',#3097,2.45);
#3097 = AXIS2_PLACEMENT_3D('',#3098,#3099,#3100);
#3098 = CARTESIAN_POINT('',(0.,76.2,6.));
#3099 = DIRECTION('',(0.,0.,-1.));
#3100 = DIRECTION('',(-1.,0.,0.));
#3101 = DEFINITIONAL_REPRESENTATION('',(#3102),#3106);
#3102 = LINE('',#3103,#3104);
#3103 = CARTESIAN_POINT('',(0.,6.));
#3104 = VECTOR('',#3105,1.);
#3105 = DIRECTION('',(1.,0.));
#3106 = ( GEOMETRIC_REPRESENTATION_CONTEXT(2) 
PARAMETRIC_REPRESENTATION_CONTEXT() REPRESENTATION_CONTEXT('2D SPACE',''
  ) );
#3107 = FACE_BOUND('',#3108,.F.);
#3108 = EDGE_LOOP('',(#3109));
#3109 = ORIENTED_EDGE('',*,*,#3110,.T.);
#3110 = EDGE_CURVE('',#3111,#3111,#3113,.T.);
#3111 = VERTEX_POINT('',#3112);
#3112 = CARTESIAN_POINT('',(10.25,76.2,0.));
#3113 = SURFACE_CURVE('',#3114,(#3119,#3130),.PCURVE_S1.);
#3114 = CIRCLE('',#3115,2.45);
#3115 = AXIS2_PLACEMENT_3D('',#3116,#3117,#3118);
#3116 = CARTESIAN_POINT('',(12.7,76.2,0.));
#3117 = DIRECTION('',(0.,0.,-1.));
#3118 = DIRECTION('',(-1.,0.,0.));
#3119 = PCURVE('',#44,#3120);
#3120 = DEFINITIONAL_REPRESENTATION('',(#3121),#3129);
#3121 = ( BOUNDED_CURVE() B_SPLINE_CURVE(2,(#3122,#3123,#3124,#3125,
#3126,#3127,#3128),.UNSPECIFIED.,.T.,.F.) B_SPLINE_CURVE_WITH_KNOTS((1,2
    ,2,2,2,1),(-2.094395102393,0.,2.094395102393,4.188790204786,
6.28318530718,8.377580409573),.UNSPECIFIED.) CURVE() 
GEOMETRIC_REPRESENTATION_ITEM() RATIONAL_B_SPLINE_CURVE((1.,0.5,1.,0.5,
1.,0.5,1.)) REPRESENTATION_ITEM('') );
#3122 = CARTESIAN_POINT('',(14.491163886649,56.596166052237));
#3123 = CARTESIAN_POINT('',(14.491163886649,60.839690530781));
#3124 = CARTESIAN_POINT('',(18.166163886649,58.717928291509));
#3125 = CARTESIAN_POINT('',(21.841163886649,56.596166052237));
#3126 = CARTESIAN_POINT('',(18.166163886649,54.474403812965));
#3127 = CARTESIAN_POINT('',(14.491163886649,52.352641573693));
#3128 = CARTESIAN_POINT('',(14.491163886649,56.596166052237));
#3129 = ( GEOMETRIC_REPRESENTATION_CONTEXT(2) 
PARAMETRIC_REPRESENTATION_CONTEXT() REPRESENTATION_CONTEXT('2D SPACE',''
  ) );
#3130 = PCURVE('',#3131,#3136);
#3131 = CYLINDRICAL_SURFACE('',#3132,2.45);
#3132 = AXIS2_PLACEMENT_3D('',#3133,#3134,#3135);
#3133 = CARTESIAN_POINT('',(12.7,76.2,6.));
#3134 = DIRECTION('',(0.,0.,-1.));
#3135 = DIRECTION('',(-1.,0.,0.));
#3136 = DEFINITIONAL_REPRESENTATION('',(#3137),#3141);
#3137 = LINE('',#3138,#3139);
#3138 = CARTESIAN_POINT('',(0.,6.));
#3139 = VECTOR('',#3140,1.);
#3140 = DIRECTION('',(1.,0.));
#3141 = ( GEOMETRIC_REPRESENTATION_CONTEXT(2) 
PARAMETRIC_REPRESENTATION_CONTEXT() REPRESENTATION_CONTEXT('2D SPACE',''
  ) );
#3142 = FACE_BOUND('',#3143,.F.);
#3143 = EDGE_LOOP('',(#3144));
#3144 = ORIENTED_EDGE('',*,*,#3145,.T.);
#3145 = EDGE_CURVE('',#3146,#3146,#3148,.T.);
#3146 = VERTEX_POINT('',#3147);
#3147 = CARTESIAN_POINT('',(22.95,63.5,0.));
#3148 = SURFACE_CURVE('',#3149,(#3154,#3165),.PCURVE_S1.);
#3149 = CIRCLE('',#3150,2.45);
#3150 = AXIS2_PLACEMENT_3D('',#3151,#3152,#3153);
#3151 = CARTESIAN_POINT('',(25.4,63.5,0.));
#3152 = DIRECTION('',(0.,0.,-1.));
#3153 = DIRECTION('',(-1.,0.,0.));
#3154 = PCURVE('',#44,#3155);
#3155 = DEFINITIONAL_REPRESENTATION('',(#3156),#3164);
#3156 = ( BOUNDED_CURVE() B_SPLINE_CURVE(2,(#3157,#3158,#3159,#3160,
#3161,#3162,#3163),.UNSPECIFIED.,.T.,.F.) B_SPLINE_CURVE_WITH_KNOTS((1,2
    ,2,2,2,1),(-2.094395102393,0.,2.094395102393,4.188790204786,
6.28318530718,8.377580409573),.UNSPECIFIED.) CURVE() 
GEOMETRIC_REPRESENTATION_ITEM() RATIONAL_B_SPLINE_CURVE((1.,0.5,1.,0.5,
1.,0.5,1.)) REPRESENTATION_ITEM('') );
#3157 = CARTESIAN_POINT('',(27.191163886649,43.896166052237));
#3158 = CARTESIAN_POINT('',(27.191163886649,48.139690530781));
#3159 = CARTESIAN_POINT('',(30.866163886649,46.017928291509));
#3160 = CARTESIAN_POINT('',(34.541163886649,43.896166052237));
#3161 = CARTESIAN_POINT('',(30.866163886649,41.774403812965));
#3162 = CARTESIAN_POINT('',(27.191163886649,39.652641573693));
#3163 = CARTESIAN_POINT('',(27.191163886649,43.896166052237));
#3164 = ( GEOMETRIC_REPRESENTATION_CONTEXT(2) 
PARAMETRIC_REPRESENTATION_CONTEXT() REPRESENTATION_CONTEXT('2D SPACE',''
  ) );
#3165 = PCURVE('',#3166,#3171);
#3166 = CYLINDRICAL_SURFACE('',#3167,2.45);
#3167 = AXIS2_PLACEMENT_3D('',#3168,#3169,#3170);
#3168 = CARTESIAN_POINT('',(25.4,63.5,6.));
#3169 = DIRECTION('',(0.,0.,-1.));
#3170 = DIRECTION('',(-1.,0.,0.));
#3171 = DEFINITIONAL_REPRESENTATION('',(#3172),#3176);
#3172 = LINE('',#3173,#3174);
#3173 = CARTESIAN_POINT('',(0.,6.));
#3174 = VECTOR('',#3175,1.);
#3175 = DIRECTION('',(1.,0.));
#3176 = ( GEOMETRIC_REPRESENTATION_CONTEXT(2) 
PARAMETRIC_REPRESENTATION_CONTEXT() REPRESENTATION_CONTEXT('2D SPACE',''
  ) );
#3177 = FACE_BOUND('',#3178,.F.);
#3178 = EDGE_LOOP('',(#3179));
#3179 = ORIENTED_EDGE('',*,*,#3180,.T.);
#3180 = EDGE_CURVE('',#3181,#3181,#3183,.T.);
#3181 = VERTEX_POINT('',#3182);
#3182 = CARTESIAN_POINT('',(22.95,76.2,0.));
#3183 = SURFACE_CURVE('',#3184,(#3189,#3200),.PCURVE_S1.);
#3184 = CIRCLE('',#3185,2.45);
#3185 = AXIS2_PLACEMENT_3D('',#3186,#3187,#3188);
#3186 = CARTESIAN_POINT('',(25.4,76.2,0.));
#3187 = DIRECTION('',(0.,0.,-1.));
#3188 = DIRECTION('',(-1.,0.,0.));
#3189 = PCURVE('',#44,#3190);
#3190 = DEFINITIONAL_REPRESENTATION('',(#3191),#3199);
#3191 = ( BOUNDED_CURVE() B_SPLINE_CURVE(2,(#3192,#3193,#3194,#3195,
#3196,#3197,#3198),.UNSPECIFIED.,.T.,.F.) B_SPLINE_CURVE_WITH_KNOTS((1,2
    ,2,2,2,1),(-2.094395102393,0.,2.094395102393,4.188790204786,
6.28318530718,8.377580409573),.UNSPECIFIED.) CURVE() 
GEOMETRIC_REPRESENTATION_ITEM() RATIONAL_B_SPLINE_CURVE((1.,0.5,1.,0.5,
1.,0.5,1.)) REPRESENTATION_ITEM('') );
#3192 = CARTESIAN_POINT('',(27.191163886649,56.596166052237));
#3193 = CARTESIAN_POINT('',(27.191163886649,60.839690530781));
#3194 = CARTESIAN_POINT('',(30.866163886649,58.717928291509));
#3195 = CARTESIAN_POINT('',(34.541163886649,56.596166052237));
#3196 = CARTESIAN_POINT('',(30.866163886649,54.474403812965));
#3197 = CARTESIAN_POINT('',(27.191163886649,52.352641573693));
#3198 = CARTESIAN_POINT('',(27.191163886649,56.596166052237));
#3199 = ( GEOMETRIC_REPRESENTATION_CONTEXT(2) 
PARAMETRIC_REPRESENTATION_CONTEXT() REPRESENTATION_CONTEXT('2D SPACE',''
  ) );
#3200 = PCURVE('',#3201,#3206);
#3201 = CYLINDRICAL_SURFACE('',#3202,2.45);
#3202 = AXIS2_PLACEMENT_3D('',#3203,#3204,#3205);
#3203 = CARTESIAN_POINT('',(25.4,76.2,6.));
#3204 = DIRECTION('',(0.,0.,-1.));
#3205 = DIRECTION('',(-1.,0.,0.));
#3206 = DEFINITIONAL_REPRESENTATION('',(#3207),#3211);
#3207 = LINE('',#3208,#3209);
#3208 = CARTESIAN_POINT('',(0.,6.));
#3209 = VECTOR('',#3210,1.);
#3210 = DIRECTION('',(1.,0.));
#3211 = ( GEOMETRIC_REPRESENTATION_CONTEXT(2) 
PARAMETRIC_REPRESENTATION_CONTEXT() REPRESENTATION_CONTEXT('2D SPACE',''
  ) );
#3212 = ADVANCED_FACE('',(#3213),#72,.T.);
#3213 = FACE_BOUND('',#3214,.F.);
#3214 = EDGE_LOOP('',(#3215,#3216,#3239,#3265));
#3215 = ORIENTED_EDGE('',*,*,#422,.T.);
#3216 = ORIENTED_EDGE('',*,*,#3217,.T.);
#3217 = EDGE_CURVE('',#395,#3218,#3220,.T.);
#3218 = VERTEX_POINT('',#3219);
#3219 = CARTESIAN_POINT('',(60.,-34.,6.));
#3220 = SURFACE_CURVE('',#3221,(#3225,#3232),.PCURVE_S1.);
#3221 = LINE('',#3222,#3223);
#3222 = CARTESIAN_POINT('',(60.,-34.,0.));
#3223 = VECTOR('',#3224,1.);
#3224 = DIRECTION('',(0.,0.,1.));
#3225 = PCURVE('',#72,#3226);
#3226 = DEFINITIONAL_REPRESENTATION('',(#3227),#3231);
#3227 = LINE('',#3228,#3229);
#3228 = CARTESIAN_POINT('',(-1.570796326795,0.));
#3229 = VECTOR('',#3230,1.);
#3230 = DIRECTION('',(-0.,1.));
#3231 = ( GEOMETRIC_REPRESENTATION_CONTEXT(2) 
PARAMETRIC_REPRESENTATION_CONTEXT() REPRESENTATION_CONTEXT('2D SPACE',''
  ) );
#3232 = PCURVE('',#410,#3233);
#3233 = DEFINITIONAL_REPRESENTATION('',(#3234),#3238);
#3234 = LINE('',#3235,#3236);
#3235 = CARTESIAN_POINT('',(132.,0.));
#3236 = VECTOR('',#3237,1.);
#3237 = DIRECTION('',(0.,-1.));
#3238 = ( GEOMETRIC_REPRESENTATION_CONTEXT(2) 
PARAMETRIC_REPRESENTATION_CONTEXT() REPRESENTATION_CONTEXT('2D SPACE',''
  ) );
#3239 = ORIENTED_EDGE('',*,*,#3240,.F.);
#3240 = EDGE_CURVE('',#57,#3218,#3241,.T.);
#3241 = SURFACE_CURVE('',#3242,(#3247,#3254),.PCURVE_S1.);
#3242 = CIRCLE('',#3243,8.);
#3243 = AXIS2_PLACEMENT_3D('',#3244,#3245,#3246);
#3244 = CARTESIAN_POINT('',(60.,-26.,6.));
#3245 = DIRECTION('',(-0.,-0.,-1.));
#3246 = DIRECTION('',(0.,-1.,0.));
#3247 = PCURVE('',#72,#3248);
#3248 = DEFINITIONAL_REPRESENTATION('',(#3249),#3253);
#3249 = LINE('',#3250,#3251);
#3250 = CARTESIAN_POINT('',(4.712388980385,6.));
#3251 = VECTOR('',#3252,1.);
#3252 = DIRECTION('',(-1.,0.));
#3253 = ( GEOMETRIC_REPRESENTATION_CONTEXT(2) 
PARAMETRIC_REPRESENTATION_CONTEXT() REPRESENTATION_CONTEXT('2D SPACE',''
  ) );
#3254 = PCURVE('',#100,#3255);
#3255 = DEFINITIONAL_REPRESENTATION('',(#3256),#3264);
#3256 = ( BOUNDED_CURVE() B_SPLINE_CURVE(2,(#3257,#3258,#3259,#3260,
#3261,#3262,#3263),.UNSPECIFIED.,.T.,.F.) B_SPLINE_CURVE_WITH_KNOTS((1,2
    ,2,2,2,1),(-2.094395102393,0.,2.094395102393,4.188790204786,
6.28318530718,8.377580409573),.UNSPECIFIED.) CURVE() 
GEOMETRIC_REPRESENTATION_ITEM() RATIONAL_B_SPLINE_CURVE((1.,0.5,1.,0.5,
1.,0.5,1.)) REPRESENTATION_ITEM('') );
#3257 = CARTESIAN_POINT('',(64.241163886649,-53.60383394776));
#3258 = CARTESIAN_POINT('',(50.384757426098,-53.60383394776));
#3259 = CARTESIAN_POINT('',(57.312960656373,-41.60383394776));
#3260 = CARTESIAN_POINT('',(64.241163886649,-29.60383394776));
#3261 = CARTESIAN_POINT('',(71.169367116924,-41.60383394776));
#3262 = CARTESIAN_POINT('',(78.0975703472,-53.60383394776));
#3263 = CARTESIAN_POINT('',(64.241163886649,-53.60383394776));
#3264 = ( GEOMETRIC_REPRESENTATION_CONTEXT(2) 
PARAMETRIC_REPRESENTATION_CONTEXT() REPRESENTATION_CONTEXT('2D SPACE',''
  ) );
#3265 = ORIENTED_EDGE('',*,*,#56,.F.);
#3266 = ADVANCED_FACE('',(#3267),#126,.T.);
#3267 = FACE_BOUND('',#3268,.T.);
#3268 = EDGE_LOOP('',(#3269,#3270,#3293,#3315));
#3269 = ORIENTED_EDGE('',*,*,#142,.T.);
#3270 = ORIENTED_EDGE('',*,*,#3271,.T.);
#3271 = EDGE_CURVE('',#143,#3272,#3274,.T.);
#3272 = VERTEX_POINT('',#3273);
#3273 = CARTESIAN_POINT('',(67.288863382707,7.571986206648,6.));
#3274 = SURFACE_CURVE('',#3275,(#3279,#3286),.PCURVE_S1.);
#3275 = LINE('',#3276,#3277);
#3276 = CARTESIAN_POINT('',(67.288863382707,7.571986206648,0.));
#3277 = VECTOR('',#3278,1.);
#3278 = DIRECTION('',(0.,0.,1.));
#3279 = PCURVE('',#126,#3280);
#3280 = DEFINITIONAL_REPRESENTATION('',(#3281),#3285);
#3281 = LINE('',#3282,#3283);
#3282 = CARTESIAN_POINT('',(0.424832162919,0.));
#3283 = VECTOR('',#3284,1.);
#3284 = DIRECTION('',(0.,1.));
#3285 = ( GEOMETRIC_REPRESENTATION_CONTEXT(2) 
PARAMETRIC_REPRESENTATION_CONTEXT() REPRESENTATION_CONTEXT('2D SPACE',''
  ) );
#3286 = PCURVE('',#182,#3287);
#3287 = DEFINITIONAL_REPRESENTATION('',(#3288),#3292);
#3288 = LINE('',#3289,#3290);
#3289 = CARTESIAN_POINT('',(1.725356752196,0.));
#3290 = VECTOR('',#3291,1.);
#3291 = DIRECTION('',(0.,-1.));
#3292 = ( GEOMETRIC_REPRESENTATION_CONTEXT(2) 
PARAMETRIC_REPRESENTATION_CONTEXT() REPRESENTATION_CONTEXT('2D SPACE',''
  ) );
#3293 = ORIENTED_EDGE('',*,*,#3294,.F.);
#3294 = EDGE_CURVE('',#85,#3272,#3295,.T.);
#3295 = SURFACE_CURVE('',#3296,(#3301,#3308),.PCURVE_S1.);
#3296 = CIRCLE('',#3297,8.);
#3297 = AXIS2_PLACEMENT_3D('',#3298,#3299,#3300);
#3298 = CARTESIAN_POINT('',(60.,4.274643247804,6.));
#3299 = DIRECTION('',(0.,0.,1.));
#3300 = DIRECTION('',(0.,-1.,0.));
#3301 = PCURVE('',#126,#3302);
#3302 = DEFINITIONAL_REPRESENTATION('',(#3303),#3307);
#3303 = LINE('',#3304,#3305);
#3304 = CARTESIAN_POINT('',(-1.570796326795,6.));
#3305 = VECTOR('',#3306,1.);
#3306 = DIRECTION('',(1.,0.));
#3307 = ( GEOMETRIC_REPRESENTATION_CONTEXT(2) 
PARAMETRIC_REPRESENTATION_CONTEXT() REPRESENTATION_CONTEXT('2D SPACE',''
  ) );
#3308 = PCURVE('',#100,#3309);
#3309 = DEFINITIONAL_REPRESENTATION('',(#3310),#3314);
#3310 = CIRCLE('',#3311,8.);
#3311 = AXIS2_PLACEMENT_2D('',#3312,#3313);
#3312 = CARTESIAN_POINT('',(64.241163886649,-15.32919069995));
#3313 = DIRECTION('',(0.,-1.));
#3314 = ( GEOMETRIC_REPRESENTATION_CONTEXT(2) 
PARAMETRIC_REPRESENTATION_CONTEXT() REPRESENTATION_CONTEXT('2D SPACE',''
  ) );
#3315 = ORIENTED_EDGE('',*,*,#112,.F.);
#3316 = ADVANCED_FACE('',(#3317,#3531,#3561,#3591,#3621,#3651,#3681,
    #3711,#3741,#3771,#3801,#3831,#3861,#3891,#3921,#3951,#3981,#4011,
    #4041,#4071,#4101,#4131,#4161,#4191,#4221,#4251,#4281,#4311,#4341,
    #4371,#4401,#4431,#4461,#4491,#4521,#4551,#4581,#4611,#4641,#4671,
    #4701,#4731,#4761,#4791,#4821,#4851,#4881,#4911,#4941,#4971,#5001,
    #5031,#5061,#5091,#5121,#5151,#5181,#5211,#5241,#5271,#5301,#5331,
    #5361,#5391,#5421,#5451,#5481,#5511,#5541,#5571,#5601,#5631,#5661,
    #5691,#5721,#5751,#5781,#5811,#5841,#5871),#100,.T.);
#3317 = FACE_BOUND('',#3318,.T.);
#3318 = EDGE_LOOP('',(#3319,#3320,#3321,#3344,#3368,#3391,#3415,#3438,
    #3462,#3485,#3509,#3530));
#3319 = ORIENTED_EDGE('',*,*,#84,.T.);
#3320 = ORIENTED_EDGE('',*,*,#3294,.T.);
#3321 = ORIENTED_EDGE('',*,*,#3322,.T.);
#3322 = EDGE_CURVE('',#3272,#3323,#3325,.T.);
#3323 = VERTEX_POINT('',#3324);
#3324 = CARTESIAN_POINT('',(32.127392470999,85.297342958844,6.));
#3325 = SURFACE_CURVE('',#3326,(#3330,#3337),.PCURVE_S1.);
#3326 = LINE('',#3327,#3328);
#3327 = CARTESIAN_POINT('',(68.,6.,6.));
#3328 = VECTOR('',#3329,1.);
#3329 = DIRECTION('',(-0.412167869855,0.911107922838,0.));
#3330 = PCURVE('',#100,#3331);
#3331 = DEFINITIONAL_REPRESENTATION('',(#3332),#3336);
#3332 = LINE('',#3333,#3334);
#3333 = CARTESIAN_POINT('',(72.241163886649,-13.60383394776));
#3334 = VECTOR('',#3335,1.);
#3335 = DIRECTION('',(-0.412167869855,0.911107922838));
#3336 = ( GEOMETRIC_REPRESENTATION_CONTEXT(2) 
PARAMETRIC_REPRESENTATION_CONTEXT() REPRESENTATION_CONTEXT('2D SPACE',''
  ) );
#3337 = PCURVE('',#182,#3338);
#3338 = DEFINITIONAL_REPRESENTATION('',(#3339),#3343);
#3339 = LINE('',#3340,#3341);
#3340 = CARTESIAN_POINT('',(0.,-6.));
#3341 = VECTOR('',#3342,1.);
#3342 = DIRECTION('',(1.,0.));
#3343 = ( GEOMETRIC_REPRESENTATION_CONTEXT(2) 
PARAMETRIC_REPRESENTATION_CONTEXT() REPRESENTATION_CONTEXT('2D SPACE',''
  ) );
#3344 = ORIENTED_EDGE('',*,*,#3345,.T.);
#3345 = EDGE_CURVE('',#3323,#3346,#3348,.T.);
#3346 = VERTEX_POINT('',#3347);
#3347 = CARTESIAN_POINT('',(24.838529088292,90.,6.));
#3348 = SURFACE_CURVE('',#3349,(#3354,#3361),.PCURVE_S1.);
#3349 = CIRCLE('',#3350,8.);
#3350 = AXIS2_PLACEMENT_3D('',#3351,#3352,#3353);
#3351 = CARTESIAN_POINT('',(24.838529088292,82.,6.));
#3352 = DIRECTION('',(0.,0.,1.));
#3353 = DIRECTION('',(0.,-1.,0.));
#3354 = PCURVE('',#100,#3355);
#3355 = DEFINITIONAL_REPRESENTATION('',(#3356),#3360);
#3356 = CIRCLE('',#3357,8.);
#3357 = AXIS2_PLACEMENT_2D('',#3358,#3359);
#3358 = CARTESIAN_POINT('',(29.079692974941,62.396166052237));
#3359 = DIRECTION('',(0.,-1.));
#3360 = ( GEOMETRIC_REPRESENTATION_CONTEXT(2) 
PARAMETRIC_REPRESENTATION_CONTEXT() REPRESENTATION_CONTEXT('2D SPACE',''
  ) );
#3361 = PCURVE('',#211,#3362);
#3362 = DEFINITIONAL_REPRESENTATION('',(#3363),#3367);
#3363 = LINE('',#3364,#3365);
#3364 = CARTESIAN_POINT('',(-1.995628489714,6.));
#3365 = VECTOR('',#3366,1.);
#3366 = DIRECTION('',(1.,0.));
#3367 = ( GEOMETRIC_REPRESENTATION_CONTEXT(2) 
PARAMETRIC_REPRESENTATION_CONTEXT() REPRESENTATION_CONTEXT('2D SPACE',''
  ) );
#3368 = ORIENTED_EDGE('',*,*,#3369,.T.);
#3369 = EDGE_CURVE('',#3346,#3370,#3372,.T.);
#3370 = VERTEX_POINT('',#3371);
#3371 = CARTESIAN_POINT('',(-30.33858774272,90.,6.));
#3372 = SURFACE_CURVE('',#3373,(#3377,#3384),.PCURVE_S1.);
#3373 = LINE('',#3374,#3375);
#3374 = CARTESIAN_POINT('',(30.,90.,6.));
#3375 = VECTOR('',#3376,1.);
#3376 = DIRECTION('',(-1.,0.,0.));
#3377 = PCURVE('',#100,#3378);
#3378 = DEFINITIONAL_REPRESENTATION('',(#3379),#3383);
#3379 = LINE('',#3380,#3381);
#3380 = CARTESIAN_POINT('',(34.241163886649,70.396166052237));
#3381 = VECTOR('',#3382,1.);
#3382 = DIRECTION('',(-1.,0.));
#3383 = ( GEOMETRIC_REPRESENTATION_CONTEXT(2) 
PARAMETRIC_REPRESENTATION_CONTEXT() REPRESENTATION_CONTEXT('2D SPACE',''
  ) );
#3384 = PCURVE('',#239,#3385);
#3385 = DEFINITIONAL_REPRESENTATION('',(#3386),#3390);
#3386 = LINE('',#3387,#3388);
#3387 = CARTESIAN_POINT('',(0.,-6.));
#3388 = VECTOR('',#3389,1.);
#3389 = DIRECTION('',(1.,0.));
#3390 = ( GEOMETRIC_REPRESENTATION_CONTEXT(2) 
PARAMETRIC_REPRESENTATION_CONTEXT() REPRESENTATION_CONTEXT('2D SPACE',''
  ) );
#3391 = ORIENTED_EDGE('',*,*,#3392,.T.);
#3392 = EDGE_CURVE('',#3370,#3393,#3395,.T.);
#3393 = VERTEX_POINT('',#3394);
#3394 = CARTESIAN_POINT('',(-36.39317180488,87.228958962769,6.));
#3395 = SURFACE_CURVE('',#3396,(#3401,#3408),.PCURVE_S1.);
#3396 = CIRCLE('',#3397,8.);
#3397 = AXIS2_PLACEMENT_3D('',#3398,#3399,#3400);
#3398 = CARTESIAN_POINT('',(-30.33858774272,82.,6.));
#3399 = DIRECTION('',(0.,0.,1.));
#3400 = DIRECTION('',(0.,-1.,0.));
#3401 = PCURVE('',#100,#3402);
#3402 = DEFINITIONAL_REPRESENTATION('',(#3403),#3407);
#3403 = CIRCLE('',#3404,8.);
#3404 = AXIS2_PLACEMENT_2D('',#3405,#3406);
#3405 = CARTESIAN_POINT('',(-26.09742385608,62.396166052237));
#3406 = DIRECTION('',(0.,-1.));
#3407 = ( GEOMETRIC_REPRESENTATION_CONTEXT(2) 
PARAMETRIC_REPRESENTATION_CONTEXT() REPRESENTATION_CONTEXT('2D SPACE',''
  ) );
#3408 = PCURVE('',#268,#3409);
#3409 = DEFINITIONAL_REPRESENTATION('',(#3410),#3414);
#3410 = LINE('',#3411,#3412);
#3411 = CARTESIAN_POINT('',(-3.14159265359,6.));
#3412 = VECTOR('',#3413,1.);
#3413 = DIRECTION('',(1.,0.));
#3414 = ( GEOMETRIC_REPRESENTATION_CONTEXT(2) 
PARAMETRIC_REPRESENTATION_CONTEXT() REPRESENTATION_CONTEXT('2D SPACE',''
  ) );
#3415 = ORIENTED_EDGE('',*,*,#3416,.T.);
#3416 = EDGE_CURVE('',#3393,#3417,#3419,.T.);
#3417 = VERTEX_POINT('',#3418);
#3418 = CARTESIAN_POINT('',(-70.05458406215,48.252586875401,6.));
#3419 = SURFACE_CURVE('',#3420,(#3424,#3431),.PCURVE_S1.);
#3420 = LINE('',#3421,#3422);
#3421 = CARTESIAN_POINT('',(-34.,90.,6.));
#3422 = VECTOR('',#3423,1.);
#3423 = DIRECTION('',(-0.653619870346,-0.756823007769,0.));
#3424 = PCURVE('',#100,#3425);
#3425 = DEFINITIONAL_REPRESENTATION('',(#3426),#3430);
#3426 = LINE('',#3427,#3428);
#3427 = CARTESIAN_POINT('',(-29.75883611335,70.396166052237));
#3428 = VECTOR('',#3429,1.);
#3429 = DIRECTION('',(-0.653619870346,-0.756823007769));
#3430 = ( GEOMETRIC_REPRESENTATION_CONTEXT(2) 
PARAMETRIC_REPRESENTATION_CONTEXT() REPRESENTATION_CONTEXT('2D SPACE',''
  ) );
#3431 = PCURVE('',#296,#3432);
#3432 = DEFINITIONAL_REPRESENTATION('',(#3433),#3437);
#3433 = LINE('',#3434,#3435);
#3434 = CARTESIAN_POINT('',(0.,-6.));
#3435 = VECTOR('',#3436,1.);
#3436 = DIRECTION('',(1.,0.));
#3437 = ( GEOMETRIC_REPRESENTATION_CONTEXT(2) 
PARAMETRIC_REPRESENTATION_CONTEXT() REPRESENTATION_CONTEXT('2D SPACE',''
  ) );
#3438 = ORIENTED_EDGE('',*,*,#3439,.T.);
#3439 = EDGE_CURVE('',#3417,#3440,#3442,.T.);
#3440 = VERTEX_POINT('',#3441);
#3441 = CARTESIAN_POINT('',(-72.,43.023627912633,6.));
#3442 = SURFACE_CURVE('',#3443,(#3448,#3455),.PCURVE_S1.);
#3443 = CIRCLE('',#3444,8.);
#3444 = AXIS2_PLACEMENT_3D('',#3445,#3446,#3447);
#3445 = CARTESIAN_POINT('',(-64.,43.023627912633,6.));
#3446 = DIRECTION('',(0.,0.,1.));
#3447 = DIRECTION('',(0.,-1.,0.));
#3448 = PCURVE('',#100,#3449);
#3449 = DEFINITIONAL_REPRESENTATION('',(#3450),#3454);
#3450 = CIRCLE('',#3451,8.);
#3451 = AXIS2_PLACEMENT_2D('',#3452,#3453);
#3452 = CARTESIAN_POINT('',(-59.75883611335,23.41979396487));
#3453 = DIRECTION('',(0.,-1.));
#3454 = ( GEOMETRIC_REPRESENTATION_CONTEXT(2) 
PARAMETRIC_REPRESENTATION_CONTEXT() REPRESENTATION_CONTEXT('2D SPACE',''
  ) );
#3455 = PCURVE('',#325,#3456);
#3456 = DEFINITIONAL_REPRESENTATION('',(#3457),#3461);
#3457 = LINE('',#3458,#3459);
#3458 = CARTESIAN_POINT('',(-4.00003138229,6.));
#3459 = VECTOR('',#3460,1.);
#3460 = DIRECTION('',(1.,0.));
#3461 = ( GEOMETRIC_REPRESENTATION_CONTEXT(2) 
PARAMETRIC_REPRESENTATION_CONTEXT() REPRESENTATION_CONTEXT('2D SPACE',''
  ) );
#3462 = ORIENTED_EDGE('',*,*,#3463,.T.);
#3463 = EDGE_CURVE('',#3440,#3464,#3466,.T.);
#3464 = VERTEX_POINT('',#3465);
#3465 = CARTESIAN_POINT('',(-72.,-26.,6.));
#3466 = SURFACE_CURVE('',#3467,(#3471,#3478),.PCURVE_S1.);
#3467 = LINE('',#3468,#3469);
#3468 = CARTESIAN_POINT('',(-72.,46.,6.));
#3469 = VECTOR('',#3470,1.);
#3470 = DIRECTION('',(0.,-1.,0.));
#3471 = PCURVE('',#100,#3472);
#3472 = DEFINITIONAL_REPRESENTATION('',(#3473),#3477);
#3473 = LINE('',#3474,#3475);
#3474 = CARTESIAN_POINT('',(-67.75883611335,26.396166052237));
#3475 = VECTOR('',#3476,1.);
#3476 = DIRECTION('',(0.,-1.));
#3477 = ( GEOMETRIC_REPRESENTATION_CONTEXT(2) 
PARAMETRIC_REPRESENTATION_CONTEXT() REPRESENTATION_CONTEXT('2D SPACE',''
  ) );
#3478 = PCURVE('',#353,#3479);
#3479 = DEFINITIONAL_REPRESENTATION('',(#3480),#3484);
#3480 = LINE('',#3481,#3482);
#3481 = CARTESIAN_POINT('',(0.,-6.));
#3482 = VECTOR('',#3483,1.);
#3483 = DIRECTION('',(1.,0.));
#3484 = ( GEOMETRIC_REPRESENTATION_CONTEXT(2) 
PARAMETRIC_REPRESENTATION_CONTEXT() REPRESENTATION_CONTEXT('2D SPACE',''
  ) );
#3485 = ORIENTED_EDGE('',*,*,#3486,.T.);
#3486 = EDGE_CURVE('',#3464,#3487,#3489,.T.);
#3487 = VERTEX_POINT('',#3488);
#3488 = CARTESIAN_POINT('',(-64.,-34.,6.));
#3489 = SURFACE_CURVE('',#3490,(#3495,#3502),.PCURVE_S1.);
#3490 = CIRCLE('',#3491,8.);
#3491 = AXIS2_PLACEMENT_3D('',#3492,#3493,#3494);
#3492 = CARTESIAN_POINT('',(-64.,-26.,6.));
#3493 = DIRECTION('',(0.,0.,1.));
#3494 = DIRECTION('',(0.,-1.,0.));
#3495 = PCURVE('',#100,#3496);
#3496 = DEFINITIONAL_REPRESENTATION('',(#3497),#3501);
#3497 = CIRCLE('',#3498,8.);
#3498 = AXIS2_PLACEMENT_2D('',#3499,#3500);
#3499 = CARTESIAN_POINT('',(-59.75883611335,-45.60383394776));
#3500 = DIRECTION('',(0.,-1.));
#3501 = ( GEOMETRIC_REPRESENTATION_CONTEXT(2) 
PARAMETRIC_REPRESENTATION_CONTEXT() REPRESENTATION_CONTEXT('2D SPACE',''
  ) );
#3502 = PCURVE('',#382,#3503);
#3503 = DEFINITIONAL_REPRESENTATION('',(#3504),#3508);
#3504 = LINE('',#3505,#3506);
#3505 = CARTESIAN_POINT('',(-4.712388980385,6.));
#3506 = VECTOR('',#3507,1.);
#3507 = DIRECTION('',(1.,0.));
#3508 = ( GEOMETRIC_REPRESENTATION_CONTEXT(2) 
PARAMETRIC_REPRESENTATION_CONTEXT() REPRESENTATION_CONTEXT('2D SPACE',''
  ) );
#3509 = ORIENTED_EDGE('',*,*,#3510,.T.);
#3510 = EDGE_CURVE('',#3487,#3218,#3511,.T.);
#3511 = SURFACE_CURVE('',#3512,(#3516,#3523),.PCURVE_S1.);
#3512 = LINE('',#3513,#3514);
#3513 = CARTESIAN_POINT('',(-72.,-34.,6.));
#3514 = VECTOR('',#3515,1.);
#3515 = DIRECTION('',(1.,0.,0.));
#3516 = PCURVE('',#100,#3517);
#3517 = DEFINITIONAL_REPRESENTATION('',(#3518),#3522);
#3518 = LINE('',#3519,#3520);
#3519 = CARTESIAN_POINT('',(-67.75883611335,-53.60383394776));
#3520 = VECTOR('',#3521,1.);
#3521 = DIRECTION('',(1.,0.));
#3522 = ( GEOMETRIC_REPRESENTATION_CONTEXT(2) 
PARAMETRIC_REPRESENTATION_CONTEXT() REPRESENTATION_CONTEXT('2D SPACE',''
  ) );
#3523 = PCURVE('',#410,#3524);
#3524 = DEFINITIONAL_REPRESENTATION('',(#3525),#3529);
#3525 = LINE('',#3526,#3527);
#3526 = CARTESIAN_POINT('',(0.,-6.));
#3527 = VECTOR('',#3528,1.);
#3528 = DIRECTION('',(1.,0.));
#3529 = ( GEOMETRIC_REPRESENTATION_CONTEXT(2) 
PARAMETRIC_REPRESENTATION_CONTEXT() REPRESENTATION_CONTEXT('2D SPACE',''
  ) );
#3530 = ORIENTED_EDGE('',*,*,#3240,.F.);
#3531 = FACE_BOUND('',#3532,.T.);
#3532 = EDGE_LOOP('',(#3533));
#3533 = ORIENTED_EDGE('',*,*,#3534,.T.);
#3534 = EDGE_CURVE('',#3535,#3535,#3537,.T.);
#3535 = VERTEX_POINT('',#3536);
#3536 = CARTESIAN_POINT('',(-65.95,-25.4,6.));
#3537 = SURFACE_CURVE('',#3538,(#3543,#3554),.PCURVE_S1.);
#3538 = CIRCLE('',#3539,2.45);
#3539 = AXIS2_PLACEMENT_3D('',#3540,#3541,#3542);
#3540 = CARTESIAN_POINT('',(-63.5,-25.4,6.));
#3541 = DIRECTION('',(0.,0.,-1.));
#3542 = DIRECTION('',(-1.,0.,0.));
#3543 = PCURVE('',#100,#3544);
#3544 = DEFINITIONAL_REPRESENTATION('',(#3545),#3553);
#3545 = ( BOUNDED_CURVE() B_SPLINE_CURVE(2,(#3546,#3547,#3548,#3549,
#3550,#3551,#3552),.UNSPECIFIED.,.T.,.F.) B_SPLINE_CURVE_WITH_KNOTS((1,2
    ,2,2,2,1),(-2.094395102393,0.,2.094395102393,4.188790204786,
6.28318530718,8.377580409573),.UNSPECIFIED.) CURVE() 
GEOMETRIC_REPRESENTATION_ITEM() RATIONAL_B_SPLINE_CURVE((1.,0.5,1.,0.5,
1.,0.5,1.)) REPRESENTATION_ITEM('') );
#3546 = CARTESIAN_POINT('',(-61.70883611335,-45.00383394776));
#3547 = CARTESIAN_POINT('',(-61.70883611335,-40.76030946921));
#3548 = CARTESIAN_POINT('',(-58.03383611335,-42.88207170849));
#3549 = CARTESIAN_POINT('',(-54.35883611335,-45.00383394776));
#3550 = CARTESIAN_POINT('',(-58.03383611335,-47.12559618703));
#3551 = CARTESIAN_POINT('',(-61.70883611335,-49.2473584263));
#3552 = CARTESIAN_POINT('',(-61.70883611335,-45.00383394776));
#3553 = ( GEOMETRIC_REPRESENTATION_CONTEXT(2) 
PARAMETRIC_REPRESENTATION_CONTEXT() REPRESENTATION_CONTEXT('2D SPACE',''
  ) );
#3554 = PCURVE('',#471,#3555);
#3555 = DEFINITIONAL_REPRESENTATION('',(#3556),#3560);
#3556 = LINE('',#3557,#3558);
#3557 = CARTESIAN_POINT('',(0.,0.));
#3558 = VECTOR('',#3559,1.);
#3559 = DIRECTION('',(1.,0.));
#3560 = ( GEOMETRIC_REPRESENTATION_CONTEXT(2) 
PARAMETRIC_REPRESENTATION_CONTEXT() REPRESENTATION_CONTEXT('2D SPACE',''
  ) );
#3561 = FACE_BOUND('',#3562,.T.);
#3562 = EDGE_LOOP('',(#3563));
#3563 = ORIENTED_EDGE('',*,*,#3564,.T.);
#3564 = EDGE_CURVE('',#3565,#3565,#3567,.T.);
#3565 = VERTEX_POINT('',#3566);
#3566 = CARTESIAN_POINT('',(-53.25,-25.4,6.));
#3567 = SURFACE_CURVE('',#3568,(#3573,#3584),.PCURVE_S1.);
#3568 = CIRCLE('',#3569,2.45);
#3569 = AXIS2_PLACEMENT_3D('',#3570,#3571,#3572);
#3570 = CARTESIAN_POINT('',(-50.8,-25.4,6.));
#3571 = DIRECTION('',(0.,0.,-1.));
#3572 = DIRECTION('',(-1.,0.,0.));
#3573 = PCURVE('',#100,#3574);
#3574 = DEFINITIONAL_REPRESENTATION('',(#3575),#3583);
#3575 = ( BOUNDED_CURVE() B_SPLINE_CURVE(2,(#3576,#3577,#3578,#3579,
#3580,#3581,#3582),.UNSPECIFIED.,.T.,.F.) B_SPLINE_CURVE_WITH_KNOTS((1,2
    ,2,2,2,1),(-2.094395102393,0.,2.094395102393,4.188790204786,
6.28318530718,8.377580409573),.UNSPECIFIED.) CURVE() 
GEOMETRIC_REPRESENTATION_ITEM() RATIONAL_B_SPLINE_CURVE((1.,0.5,1.,0.5,
1.,0.5,1.)) REPRESENTATION_ITEM('') );
#3576 = CARTESIAN_POINT('',(-49.00883611335,-45.00383394776));
#3577 = CARTESIAN_POINT('',(-49.00883611335,-40.76030946921));
#3578 = CARTESIAN_POINT('',(-45.33383611335,-42.88207170849));
#3579 = CARTESIAN_POINT('',(-41.65883611335,-45.00383394776));
#3580 = CARTESIAN_POINT('',(-45.33383611335,-47.12559618703));
#3581 = CARTESIAN_POINT('',(-49.00883611335,-49.2473584263));
#3582 = CARTESIAN_POINT('',(-49.00883611335,-45.00383394776));
#3583 = ( GEOMETRIC_REPRESENTATION_CONTEXT(2) 
PARAMETRIC_REPRESENTATION_CONTEXT() REPRESENTATION_CONTEXT('2D SPACE',''
  ) );
#3584 = PCURVE('',#506,#3585);
#3585 = DEFINITIONAL_REPRESENTATION('',(#3586),#3590);
#3586 = LINE('',#3587,#3588);
#3587 = CARTESIAN_POINT('',(0.,0.));
#3588 = VECTOR('',#3589,1.);
#3589 = DIRECTION('',(1.,0.));
#3590 = ( GEOMETRIC_REPRESENTATION_CONTEXT(2) 
PARAMETRIC_REPRESENTATION_CONTEXT() REPRESENTATION_CONTEXT('2D SPACE',''
  ) );
#3591 = FACE_BOUND('',#3592,.T.);
#3592 = EDGE_LOOP('',(#3593));
#3593 = ORIENTED_EDGE('',*,*,#3594,.T.);
#3594 = EDGE_CURVE('',#3595,#3595,#3597,.T.);
#3595 = VERTEX_POINT('',#3596);
#3596 = CARTESIAN_POINT('',(-40.55,-25.4,6.));
#3597 = SURFACE_CURVE('',#3598,(#3603,#3614),.PCURVE_S1.);
#3598 = CIRCLE('',#3599,2.45);
#3599 = AXIS2_PLACEMENT_3D('',#3600,#3601,#3602);
#3600 = CARTESIAN_POINT('',(-38.1,-25.4,6.));
#3601 = DIRECTION('',(0.,0.,-1.));
#3602 = DIRECTION('',(-1.,0.,0.));
#3603 = PCURVE('',#100,#3604);
#3604 = DEFINITIONAL_REPRESENTATION('',(#3605),#3613);
#3605 = ( BOUNDED_CURVE() B_SPLINE_CURVE(2,(#3606,#3607,#3608,#3609,
#3610,#3611,#3612),.UNSPECIFIED.,.T.,.F.) B_SPLINE_CURVE_WITH_KNOTS((1,2
    ,2,2,2,1),(-2.094395102393,0.,2.094395102393,4.188790204786,
6.28318530718,8.377580409573),.UNSPECIFIED.) CURVE() 
GEOMETRIC_REPRESENTATION_ITEM() RATIONAL_B_SPLINE_CURVE((1.,0.5,1.,0.5,
1.,0.5,1.)) REPRESENTATION_ITEM('') );
#3606 = CARTESIAN_POINT('',(-36.30883611335,-45.00383394776));
#3607 = CARTESIAN_POINT('',(-36.30883611335,-40.76030946921));
#3608 = CARTESIAN_POINT('',(-32.63383611335,-42.88207170849));
#3609 = CARTESIAN_POINT('',(-28.95883611335,-45.00383394776));
#3610 = CARTESIAN_POINT('',(-32.63383611335,-47.12559618703));
#3611 = CARTESIAN_POINT('',(-36.30883611335,-49.2473584263));
#3612 = CARTESIAN_POINT('',(-36.30883611335,-45.00383394776));
#3613 = ( GEOMETRIC_REPRESENTATION_CONTEXT(2) 
PARAMETRIC_REPRESENTATION_CONTEXT() REPRESENTATION_CONTEXT('2D SPACE',''
  ) );
#3614 = PCURVE('',#541,#3615);
#3615 = DEFINITIONAL_REPRESENTATION('',(#3616),#3620);
#3616 = LINE('',#3617,#3618);
#3617 = CARTESIAN_POINT('',(0.,0.));
#3618 = VECTOR('',#3619,1.);
#3619 = DIRECTION('',(1.,0.));
#3620 = ( GEOMETRIC_REPRESENTATION_CONTEXT(2) 
PARAMETRIC_REPRESENTATION_CONTEXT() REPRESENTATION_CONTEXT('2D SPACE',''
  ) );
#3621 = FACE_BOUND('',#3622,.T.);
#3622 = EDGE_LOOP('',(#3623));
#3623 = ORIENTED_EDGE('',*,*,#3624,.T.);
#3624 = EDGE_CURVE('',#3625,#3625,#3627,.T.);
#3625 = VERTEX_POINT('',#3626);
#3626 = CARTESIAN_POINT('',(-65.95,-12.7,6.));
#3627 = SURFACE_CURVE('',#3628,(#3633,#3644),.PCURVE_S1.);
#3628 = CIRCLE('',#3629,2.45);
#3629 = AXIS2_PLACEMENT_3D('',#3630,#3631,#3632);
#3630 = CARTESIAN_POINT('',(-63.5,-12.7,6.));
#3631 = DIRECTION('',(0.,0.,-1.));
#3632 = DIRECTION('',(-1.,0.,0.));
#3633 = PCURVE('',#100,#3634);
#3634 = DEFINITIONAL_REPRESENTATION('',(#3635),#3643);
#3635 = ( BOUNDED_CURVE() B_SPLINE_CURVE(2,(#3636,#3637,#3638,#3639,
#3640,#3641,#3642),.UNSPECIFIED.,.T.,.F.) B_SPLINE_CURVE_WITH_KNOTS((1,2
    ,2,2,2,1),(-2.094395102393,0.,2.094395102393,4.188790204786,
6.28318530718,8.377580409573),.UNSPECIFIED.) CURVE() 
GEOMETRIC_REPRESENTATION_ITEM() RATIONAL_B_SPLINE_CURVE((1.,0.5,1.,0.5,
1.,0.5,1.)) REPRESENTATION_ITEM('') );
#3636 = CARTESIAN_POINT('',(-61.70883611335,-32.30383394776));
#3637 = CARTESIAN_POINT('',(-61.70883611335,-28.06030946921));
#3638 = CARTESIAN_POINT('',(-58.03383611335,-30.18207170849));
#3639 = CARTESIAN_POINT('',(-54.35883611335,-32.30383394776));
#3640 = CARTESIAN_POINT('',(-58.03383611335,-34.42559618703));
#3641 = CARTESIAN_POINT('',(-61.70883611335,-36.5473584263));
#3642 = CARTESIAN_POINT('',(-61.70883611335,-32.30383394776));
#3643 = ( GEOMETRIC_REPRESENTATION_CONTEXT(2) 
PARAMETRIC_REPRESENTATION_CONTEXT() REPRESENTATION_CONTEXT('2D SPACE',''
  ) );
#3644 = PCURVE('',#576,#3645);
#3645 = DEFINITIONAL_REPRESENTATION('',(#3646),#3650);
#3646 = LINE('',#3647,#3648);
#3647 = CARTESIAN_POINT('',(0.,0.));
#3648 = VECTOR('',#3649,1.);
#3649 = DIRECTION('',(1.,0.));
#3650 = ( GEOMETRIC_REPRESENTATION_CONTEXT(2) 
PARAMETRIC_REPRESENTATION_CONTEXT() REPRESENTATION_CONTEXT('2D SPACE',''
  ) );
#3651 = FACE_BOUND('',#3652,.T.);
#3652 = EDGE_LOOP('',(#3653));
#3653 = ORIENTED_EDGE('',*,*,#3654,.T.);
#3654 = EDGE_CURVE('',#3655,#3655,#3657,.T.);
#3655 = VERTEX_POINT('',#3656);
#3656 = CARTESIAN_POINT('',(-53.25,-12.7,6.));
#3657 = SURFACE_CURVE('',#3658,(#3663,#3674),.PCURVE_S1.);
#3658 = CIRCLE('',#3659,2.45);
#3659 = AXIS2_PLACEMENT_3D('',#3660,#3661,#3662);
#3660 = CARTESIAN_POINT('',(-50.8,-12.7,6.));
#3661 = DIRECTION('',(0.,0.,-1.));
#3662 = DIRECTION('',(-1.,0.,0.));
#3663 = PCURVE('',#100,#3664);
#3664 = DEFINITIONAL_REPRESENTATION('',(#3665),#3673);
#3665 = ( BOUNDED_CURVE() B_SPLINE_CURVE(2,(#3666,#3667,#3668,#3669,
#3670,#3671,#3672),.UNSPECIFIED.,.T.,.F.) B_SPLINE_CURVE_WITH_KNOTS((1,2
    ,2,2,2,1),(-2.094395102393,0.,2.094395102393,4.188790204786,
6.28318530718,8.377580409573),.UNSPECIFIED.) CURVE() 
GEOMETRIC_REPRESENTATION_ITEM() RATIONAL_B_SPLINE_CURVE((1.,0.5,1.,0.5,
1.,0.5,1.)) REPRESENTATION_ITEM('') );
#3666 = CARTESIAN_POINT('',(-49.00883611335,-32.30383394776));
#3667 = CARTESIAN_POINT('',(-49.00883611335,-28.06030946921));
#3668 = CARTESIAN_POINT('',(-45.33383611335,-30.18207170849));
#3669 = CARTESIAN_POINT('',(-41.65883611335,-32.30383394776));
#3670 = CARTESIAN_POINT('',(-45.33383611335,-34.42559618703));
#3671 = CARTESIAN_POINT('',(-49.00883611335,-36.5473584263));
#3672 = CARTESIAN_POINT('',(-49.00883611335,-32.30383394776));
#3673 = ( GEOMETRIC_REPRESENTATION_CONTEXT(2) 
PARAMETRIC_REPRESENTATION_CONTEXT() REPRESENTATION_CONTEXT('2D SPACE',''
  ) );
#3674 = PCURVE('',#611,#3675);
#3675 = DEFINITIONAL_REPRESENTATION('',(#3676),#3680);
#3676 = LINE('',#3677,#3678);
#3677 = CARTESIAN_POINT('',(0.,0.));
#3678 = VECTOR('',#3679,1.);
#3679 = DIRECTION('',(1.,0.));
#3680 = ( GEOMETRIC_REPRESENTATION_CONTEXT(2) 
PARAMETRIC_REPRESENTATION_CONTEXT() REPRESENTATION_CONTEXT('2D SPACE',''
  ) );
#3681 = FACE_BOUND('',#3682,.T.);
#3682 = EDGE_LOOP('',(#3683));
#3683 = ORIENTED_EDGE('',*,*,#3684,.T.);
#3684 = EDGE_CURVE('',#3685,#3685,#3687,.T.);
#3685 = VERTEX_POINT('',#3686);
#3686 = CARTESIAN_POINT('',(-40.55,-12.7,6.));
#3687 = SURFACE_CURVE('',#3688,(#3693,#3704),.PCURVE_S1.);
#3688 = CIRCLE('',#3689,2.45);
#3689 = AXIS2_PLACEMENT_3D('',#3690,#3691,#3692);
#3690 = CARTESIAN_POINT('',(-38.1,-12.7,6.));
#3691 = DIRECTION('',(0.,0.,-1.));
#3692 = DIRECTION('',(-1.,0.,0.));
#3693 = PCURVE('',#100,#3694);
#3694 = DEFINITIONAL_REPRESENTATION('',(#3695),#3703);
#3695 = ( BOUNDED_CURVE() B_SPLINE_CURVE(2,(#3696,#3697,#3698,#3699,
#3700,#3701,#3702),.UNSPECIFIED.,.T.,.F.) B_SPLINE_CURVE_WITH_KNOTS((1,2
    ,2,2,2,1),(-2.094395102393,0.,2.094395102393,4.188790204786,
6.28318530718,8.377580409573),.UNSPECIFIED.) CURVE() 
GEOMETRIC_REPRESENTATION_ITEM() RATIONAL_B_SPLINE_CURVE((1.,0.5,1.,0.5,
1.,0.5,1.)) REPRESENTATION_ITEM('') );
#3696 = CARTESIAN_POINT('',(-36.30883611335,-32.30383394776));
#3697 = CARTESIAN_POINT('',(-36.30883611335,-28.06030946921));
#3698 = CARTESIAN_POINT('',(-32.63383611335,-30.18207170849));
#3699 = CARTESIAN_POINT('',(-28.95883611335,-32.30383394776));
#3700 = CARTESIAN_POINT('',(-32.63383611335,-34.42559618703));
#3701 = CARTESIAN_POINT('',(-36.30883611335,-36.5473584263));
#3702 = CARTESIAN_POINT('',(-36.30883611335,-32.30383394776));
#3703 = ( GEOMETRIC_REPRESENTATION_CONTEXT(2) 
PARAMETRIC_REPRESENTATION_CONTEXT() REPRESENTATION_CONTEXT('2D SPACE',''
  ) );
#3704 = PCURVE('',#646,#3705);
#3705 = DEFINITIONAL_REPRESENTATION('',(#3706),#3710);
#3706 = LINE('',#3707,#3708);
#3707 = CARTESIAN_POINT('',(0.,0.));
#3708 = VECTOR('',#3709,1.);
#3709 = DIRECTION('',(1.,0.));
#3710 = ( GEOMETRIC_REPRESENTATION_CONTEXT(2) 
PARAMETRIC_REPRESENTATION_CONTEXT() REPRESENTATION_CONTEXT('2D SPACE',''
  ) );
#3711 = FACE_BOUND('',#3712,.T.);
#3712 = EDGE_LOOP('',(#3713));
#3713 = ORIENTED_EDGE('',*,*,#3714,.T.);
#3714 = EDGE_CURVE('',#3715,#3715,#3717,.T.);
#3715 = VERTEX_POINT('',#3716);
#3716 = CARTESIAN_POINT('',(-27.85,-25.4,6.));
#3717 = SURFACE_CURVE('',#3718,(#3723,#3734),.PCURVE_S1.);
#3718 = CIRCLE('',#3719,2.45);
#3719 = AXIS2_PLACEMENT_3D('',#3720,#3721,#3722);
#3720 = CARTESIAN_POINT('',(-25.4,-25.4,6.));
#3721 = DIRECTION('',(0.,0.,-1.));
#3722 = DIRECTION('',(-1.,0.,0.));
#3723 = PCURVE('',#100,#3724);
#3724 = DEFINITIONAL_REPRESENTATION('',(#3725),#3733);
#3725 = ( BOUNDED_CURVE() B_SPLINE_CURVE(2,(#3726,#3727,#3728,#3729,
#3730,#3731,#3732),.UNSPECIFIED.,.T.,.F.) B_SPLINE_CURVE_WITH_KNOTS((1,2
    ,2,2,2,1),(-2.094395102393,0.,2.094395102393,4.188790204786,
6.28318530718,8.377580409573),.UNSPECIFIED.) CURVE() 
GEOMETRIC_REPRESENTATION_ITEM() RATIONAL_B_SPLINE_CURVE((1.,0.5,1.,0.5,
1.,0.5,1.)) REPRESENTATION_ITEM('') );
#3726 = CARTESIAN_POINT('',(-23.60883611335,-45.00383394776));
#3727 = CARTESIAN_POINT('',(-23.60883611335,-40.76030946921));
#3728 = CARTESIAN_POINT('',(-19.93383611335,-42.88207170849));
#3729 = CARTESIAN_POINT('',(-16.25883611335,-45.00383394776));
#3730 = CARTESIAN_POINT('',(-19.93383611335,-47.12559618703));
#3731 = CARTESIAN_POINT('',(-23.60883611335,-49.2473584263));
#3732 = CARTESIAN_POINT('',(-23.60883611335,-45.00383394776));
#3733 = ( GEOMETRIC_REPRESENTATION_CONTEXT(2) 
PARAMETRIC_REPRESENTATION_CONTEXT() REPRESENTATION_CONTEXT('2D SPACE',''
  ) );
#3734 = PCURVE('',#681,#3735);
#3735 = DEFINITIONAL_REPRESENTATION('',(#3736),#3740);
#3736 = LINE('',#3737,#3738);
#3737 = CARTESIAN_POINT('',(0.,0.));
#3738 = VECTOR('',#3739,1.);
#3739 = DIRECTION('',(1.,0.));
#3740 = ( GEOMETRIC_REPRESENTATION_CONTEXT(2) 
PARAMETRIC_REPRESENTATION_CONTEXT() REPRESENTATION_CONTEXT('2D SPACE',''
  ) );
#3741 = FACE_BOUND('',#3742,.T.);
#3742 = EDGE_LOOP('',(#3743));
#3743 = ORIENTED_EDGE('',*,*,#3744,.T.);
#3744 = EDGE_CURVE('',#3745,#3745,#3747,.T.);
#3745 = VERTEX_POINT('',#3746);
#3746 = CARTESIAN_POINT('',(-15.15,-25.4,6.));
#3747 = SURFACE_CURVE('',#3748,(#3753,#3764),.PCURVE_S1.);
#3748 = CIRCLE('',#3749,2.45);
#3749 = AXIS2_PLACEMENT_3D('',#3750,#3751,#3752);
#3750 = CARTESIAN_POINT('',(-12.7,-25.4,6.));
#3751 = DIRECTION('',(0.,0.,-1.));
#3752 = DIRECTION('',(-1.,0.,0.));
#3753 = PCURVE('',#100,#3754);
#3754 = DEFINITIONAL_REPRESENTATION('',(#3755),#3763);
#3755 = ( BOUNDED_CURVE() B_SPLINE_CURVE(2,(#3756,#3757,#3758,#3759,
#3760,#3761,#3762),.UNSPECIFIED.,.T.,.F.) B_SPLINE_CURVE_WITH_KNOTS((1,2
    ,2,2,2,1),(-2.094395102393,0.,2.094395102393,4.188790204786,
6.28318530718,8.377580409573),.UNSPECIFIED.) CURVE() 
GEOMETRIC_REPRESENTATION_ITEM() RATIONAL_B_SPLINE_CURVE((1.,0.5,1.,0.5,
1.,0.5,1.)) REPRESENTATION_ITEM('') );
#3756 = CARTESIAN_POINT('',(-10.90883611335,-45.00383394776));
#3757 = CARTESIAN_POINT('',(-10.90883611335,-40.76030946921));
#3758 = CARTESIAN_POINT('',(-7.233836113351,-42.88207170849));
#3759 = CARTESIAN_POINT('',(-3.558836113351,-45.00383394776));
#3760 = CARTESIAN_POINT('',(-7.233836113351,-47.12559618703));
#3761 = CARTESIAN_POINT('',(-10.90883611335,-49.2473584263));
#3762 = CARTESIAN_POINT('',(-10.90883611335,-45.00383394776));
#3763 = ( GEOMETRIC_REPRESENTATION_CONTEXT(2) 
PARAMETRIC_REPRESENTATION_CONTEXT() REPRESENTATION_CONTEXT('2D SPACE',''
  ) );
#3764 = PCURVE('',#716,#3765);
#3765 = DEFINITIONAL_REPRESENTATION('',(#3766),#3770);
#3766 = LINE('',#3767,#3768);
#3767 = CARTESIAN_POINT('',(0.,0.));
#3768 = VECTOR('',#3769,1.);
#3769 = DIRECTION('',(1.,0.));
#3770 = ( GEOMETRIC_REPRESENTATION_CONTEXT(2) 
PARAMETRIC_REPRESENTATION_CONTEXT() REPRESENTATION_CONTEXT('2D SPACE',''
  ) );
#3771 = FACE_BOUND('',#3772,.T.);
#3772 = EDGE_LOOP('',(#3773));
#3773 = ORIENTED_EDGE('',*,*,#3774,.T.);
#3774 = EDGE_CURVE('',#3775,#3775,#3777,.T.);
#3775 = VERTEX_POINT('',#3776);
#3776 = CARTESIAN_POINT('',(-27.85,-12.7,6.));
#3777 = SURFACE_CURVE('',#3778,(#3783,#3794),.PCURVE_S1.);
#3778 = CIRCLE('',#3779,2.45);
#3779 = AXIS2_PLACEMENT_3D('',#3780,#3781,#3782);
#3780 = CARTESIAN_POINT('',(-25.4,-12.7,6.));
#3781 = DIRECTION('',(0.,0.,-1.));
#3782 = DIRECTION('',(-1.,0.,0.));
#3783 = PCURVE('',#100,#3784);
#3784 = DEFINITIONAL_REPRESENTATION('',(#3785),#3793);
#3785 = ( BOUNDED_CURVE() B_SPLINE_CURVE(2,(#3786,#3787,#3788,#3789,
#3790,#3791,#3792),.UNSPECIFIED.,.T.,.F.) B_SPLINE_CURVE_WITH_KNOTS((1,2
    ,2,2,2,1),(-2.094395102393,0.,2.094395102393,4.188790204786,
6.28318530718,8.377580409573),.UNSPECIFIED.) CURVE() 
GEOMETRIC_REPRESENTATION_ITEM() RATIONAL_B_SPLINE_CURVE((1.,0.5,1.,0.5,
1.,0.5,1.)) REPRESENTATION_ITEM('') );
#3786 = CARTESIAN_POINT('',(-23.60883611335,-32.30383394776));
#3787 = CARTESIAN_POINT('',(-23.60883611335,-28.06030946921));
#3788 = CARTESIAN_POINT('',(-19.93383611335,-30.18207170849));
#3789 = CARTESIAN_POINT('',(-16.25883611335,-32.30383394776));
#3790 = CARTESIAN_POINT('',(-19.93383611335,-34.42559618703));
#3791 = CARTESIAN_POINT('',(-23.60883611335,-36.5473584263));
#3792 = CARTESIAN_POINT('',(-23.60883611335,-32.30383394776));
#3793 = ( GEOMETRIC_REPRESENTATION_CONTEXT(2) 
PARAMETRIC_REPRESENTATION_CONTEXT() REPRESENTATION_CONTEXT('2D SPACE',''
  ) );
#3794 = PCURVE('',#751,#3795);
#3795 = DEFINITIONAL_REPRESENTATION('',(#3796),#3800);
#3796 = LINE('',#3797,#3798);
#3797 = CARTESIAN_POINT('',(0.,0.));
#3798 = VECTOR('',#3799,1.);
#3799 = DIRECTION('',(1.,0.));
#3800 = ( GEOMETRIC_REPRESENTATION_CONTEXT(2) 
PARAMETRIC_REPRESENTATION_CONTEXT() REPRESENTATION_CONTEXT('2D SPACE',''
  ) );
#3801 = FACE_BOUND('',#3802,.T.);
#3802 = EDGE_LOOP('',(#3803));
#3803 = ORIENTED_EDGE('',*,*,#3804,.T.);
#3804 = EDGE_CURVE('',#3805,#3805,#3807,.T.);
#3805 = VERTEX_POINT('',#3806);
#3806 = CARTESIAN_POINT('',(-15.15,-12.7,6.));
#3807 = SURFACE_CURVE('',#3808,(#3813,#3824),.PCURVE_S1.);
#3808 = CIRCLE('',#3809,2.45);
#3809 = AXIS2_PLACEMENT_3D('',#3810,#3811,#3812);
#3810 = CARTESIAN_POINT('',(-12.7,-12.7,6.));
#3811 = DIRECTION('',(0.,0.,-1.));
#3812 = DIRECTION('',(-1.,0.,0.));
#3813 = PCURVE('',#100,#3814);
#3814 = DEFINITIONAL_REPRESENTATION('',(#3815),#3823);
#3815 = ( BOUNDED_CURVE() B_SPLINE_CURVE(2,(#3816,#3817,#3818,#3819,
#3820,#3821,#3822),.UNSPECIFIED.,.T.,.F.) B_SPLINE_CURVE_WITH_KNOTS((1,2
    ,2,2,2,1),(-2.094395102393,0.,2.094395102393,4.188790204786,
6.28318530718,8.377580409573),.UNSPECIFIED.) CURVE() 
GEOMETRIC_REPRESENTATION_ITEM() RATIONAL_B_SPLINE_CURVE((1.,0.5,1.,0.5,
1.,0.5,1.)) REPRESENTATION_ITEM('') );
#3816 = CARTESIAN_POINT('',(-10.90883611335,-32.30383394776));
#3817 = CARTESIAN_POINT('',(-10.90883611335,-28.06030946921));
#3818 = CARTESIAN_POINT('',(-7.233836113351,-30.18207170849));
#3819 = CARTESIAN_POINT('',(-3.558836113351,-32.30383394776));
#3820 = CARTESIAN_POINT('',(-7.233836113351,-34.42559618703));
#3821 = CARTESIAN_POINT('',(-10.90883611335,-36.5473584263));
#3822 = CARTESIAN_POINT('',(-10.90883611335,-32.30383394776));
#3823 = ( GEOMETRIC_REPRESENTATION_CONTEXT(2) 
PARAMETRIC_REPRESENTATION_CONTEXT() REPRESENTATION_CONTEXT('2D SPACE',''
  ) );
#3824 = PCURVE('',#786,#3825);
#3825 = DEFINITIONAL_REPRESENTATION('',(#3826),#3830);
#3826 = LINE('',#3827,#3828);
#3827 = CARTESIAN_POINT('',(0.,0.));
#3828 = VECTOR('',#3829,1.);
#3829 = DIRECTION('',(1.,0.));
#3830 = ( GEOMETRIC_REPRESENTATION_CONTEXT(2) 
PARAMETRIC_REPRESENTATION_CONTEXT() REPRESENTATION_CONTEXT('2D SPACE',''
  ) );
#3831 = FACE_BOUND('',#3832,.T.);
#3832 = EDGE_LOOP('',(#3833));
#3833 = ORIENTED_EDGE('',*,*,#3834,.T.);
#3834 = EDGE_CURVE('',#3835,#3835,#3837,.T.);
#3835 = VERTEX_POINT('',#3836);
#3836 = CARTESIAN_POINT('',(-65.95,-6.000769315822E-16,6.));
#3837 = SURFACE_CURVE('',#3838,(#3843,#3854),.PCURVE_S1.);
#3838 = CIRCLE('',#3839,2.45);
#3839 = AXIS2_PLACEMENT_3D('',#3840,#3841,#3842);
#3840 = CARTESIAN_POINT('',(-63.5,0.,6.));
#3841 = DIRECTION('',(0.,0.,-1.));
#3842 = DIRECTION('',(-1.,0.,0.));
#3843 = PCURVE('',#100,#3844);
#3844 = DEFINITIONAL_REPRESENTATION('',(#3845),#3853);
#3845 = ( BOUNDED_CURVE() B_SPLINE_CURVE(2,(#3846,#3847,#3848,#3849,
#3850,#3851,#3852),.UNSPECIFIED.,.T.,.F.) B_SPLINE_CURVE_WITH_KNOTS((1,2
    ,2,2,2,1),(-2.094395102393,0.,2.094395102393,4.188790204786,
6.28318530718,8.377580409573),.UNSPECIFIED.) CURVE() 
GEOMETRIC_REPRESENTATION_ITEM() RATIONAL_B_SPLINE_CURVE((1.,0.5,1.,0.5,
1.,0.5,1.)) REPRESENTATION_ITEM('') );
#3846 = CARTESIAN_POINT('',(-61.70883611335,-19.60383394776));
#3847 = CARTESIAN_POINT('',(-61.70883611335,-15.36030946921));
#3848 = CARTESIAN_POINT('',(-58.03383611335,-17.48207170849));
#3849 = CARTESIAN_POINT('',(-54.35883611335,-19.60383394776));
#3850 = CARTESIAN_POINT('',(-58.03383611335,-21.72559618703));
#3851 = CARTESIAN_POINT('',(-61.70883611335,-23.8473584263));
#3852 = CARTESIAN_POINT('',(-61.70883611335,-19.60383394776));
#3853 = ( GEOMETRIC_REPRESENTATION_CONTEXT(2) 
PARAMETRIC_REPRESENTATION_CONTEXT() REPRESENTATION_CONTEXT('2D SPACE',''
  ) );
#3854 = PCURVE('',#821,#3855);
#3855 = DEFINITIONAL_REPRESENTATION('',(#3856),#3860);
#3856 = LINE('',#3857,#3858);
#3857 = CARTESIAN_POINT('',(0.,0.));
#3858 = VECTOR('',#3859,1.);
#3859 = DIRECTION('',(1.,0.));
#3860 = ( GEOMETRIC_REPRESENTATION_CONTEXT(2) 
PARAMETRIC_REPRESENTATION_CONTEXT() REPRESENTATION_CONTEXT('2D SPACE',''
  ) );
#3861 = FACE_BOUND('',#3862,.T.);
#3862 = EDGE_LOOP('',(#3863));
#3863 = ORIENTED_EDGE('',*,*,#3864,.T.);
#3864 = EDGE_CURVE('',#3865,#3865,#3867,.T.);
#3865 = VERTEX_POINT('',#3866);
#3866 = CARTESIAN_POINT('',(-53.25,-6.000769315822E-16,6.));
#3867 = SURFACE_CURVE('',#3868,(#3873,#3884),.PCURVE_S1.);
#3868 = CIRCLE('',#3869,2.45);
#3869 = AXIS2_PLACEMENT_3D('',#3870,#3871,#3872);
#3870 = CARTESIAN_POINT('',(-50.8,0.,6.));
#3871 = DIRECTION('',(0.,0.,-1.));
#3872 = DIRECTION('',(-1.,0.,0.));
#3873 = PCURVE('',#100,#3874);
#3874 = DEFINITIONAL_REPRESENTATION('',(#3875),#3883);
#3875 = ( BOUNDED_CURVE() B_SPLINE_CURVE(2,(#3876,#3877,#3878,#3879,
#3880,#3881,#3882),.UNSPECIFIED.,.T.,.F.) B_SPLINE_CURVE_WITH_KNOTS((1,2
    ,2,2,2,1),(-2.094395102393,0.,2.094395102393,4.188790204786,
6.28318530718,8.377580409573),.UNSPECIFIED.) CURVE() 
GEOMETRIC_REPRESENTATION_ITEM() RATIONAL_B_SPLINE_CURVE((1.,0.5,1.,0.5,
1.,0.5,1.)) REPRESENTATION_ITEM('') );
#3876 = CARTESIAN_POINT('',(-49.00883611335,-19.60383394776));
#3877 = CARTESIAN_POINT('',(-49.00883611335,-15.36030946921));
#3878 = CARTESIAN_POINT('',(-45.33383611335,-17.48207170849));
#3879 = CARTESIAN_POINT('',(-41.65883611335,-19.60383394776));
#3880 = CARTESIAN_POINT('',(-45.33383611335,-21.72559618703));
#3881 = CARTESIAN_POINT('',(-49.00883611335,-23.8473584263));
#3882 = CARTESIAN_POINT('',(-49.00883611335,-19.60383394776));
#3883 = ( GEOMETRIC_REPRESENTATION_CONTEXT(2) 
PARAMETRIC_REPRESENTATION_CONTEXT() REPRESENTATION_CONTEXT('2D SPACE',''
  ) );
#3884 = PCURVE('',#856,#3885);
#3885 = DEFINITIONAL_REPRESENTATION('',(#3886),#3890);
#3886 = LINE('',#3887,#3888);
#3887 = CARTESIAN_POINT('',(0.,0.));
#3888 = VECTOR('',#3889,1.);
#3889 = DIRECTION('',(1.,0.));
#3890 = ( GEOMETRIC_REPRESENTATION_CONTEXT(2) 
PARAMETRIC_REPRESENTATION_CONTEXT() REPRESENTATION_CONTEXT('2D SPACE',''
  ) );
#3891 = FACE_BOUND('',#3892,.T.);
#3892 = EDGE_LOOP('',(#3893));
#3893 = ORIENTED_EDGE('',*,*,#3894,.T.);
#3894 = EDGE_CURVE('',#3895,#3895,#3897,.T.);
#3895 = VERTEX_POINT('',#3896);
#3896 = CARTESIAN_POINT('',(-40.55,-6.000769315822E-16,6.));
#3897 = SURFACE_CURVE('',#3898,(#3903,#3914),.PCURVE_S1.);
#3898 = CIRCLE('',#3899,2.45);
#3899 = AXIS2_PLACEMENT_3D('',#3900,#3901,#3902);
#3900 = CARTESIAN_POINT('',(-38.1,0.,6.));
#3901 = DIRECTION('',(0.,0.,-1.));
#3902 = DIRECTION('',(-1.,0.,0.));
#3903 = PCURVE('',#100,#3904);
#3904 = DEFINITIONAL_REPRESENTATION('',(#3905),#3913);
#3905 = ( BOUNDED_CURVE() B_SPLINE_CURVE(2,(#3906,#3907,#3908,#3909,
#3910,#3911,#3912),.UNSPECIFIED.,.T.,.F.) B_SPLINE_CURVE_WITH_KNOTS((1,2
    ,2,2,2,1),(-2.094395102393,0.,2.094395102393,4.188790204786,
6.28318530718,8.377580409573),.UNSPECIFIED.) CURVE() 
GEOMETRIC_REPRESENTATION_ITEM() RATIONAL_B_SPLINE_CURVE((1.,0.5,1.,0.5,
1.,0.5,1.)) REPRESENTATION_ITEM('') );
#3906 = CARTESIAN_POINT('',(-36.30883611335,-19.60383394776));
#3907 = CARTESIAN_POINT('',(-36.30883611335,-15.36030946921));
#3908 = CARTESIAN_POINT('',(-32.63383611335,-17.48207170849));
#3909 = CARTESIAN_POINT('',(-28.95883611335,-19.60383394776));
#3910 = CARTESIAN_POINT('',(-32.63383611335,-21.72559618703));
#3911 = CARTESIAN_POINT('',(-36.30883611335,-23.8473584263));
#3912 = CARTESIAN_POINT('',(-36.30883611335,-19.60383394776));
#3913 = ( GEOMETRIC_REPRESENTATION_CONTEXT(2) 
PARAMETRIC_REPRESENTATION_CONTEXT() REPRESENTATION_CONTEXT('2D SPACE',''
  ) );
#3914 = PCURVE('',#891,#3915);
#3915 = DEFINITIONAL_REPRESENTATION('',(#3916),#3920);
#3916 = LINE('',#3917,#3918);
#3917 = CARTESIAN_POINT('',(0.,0.));
#3918 = VECTOR('',#3919,1.);
#3919 = DIRECTION('',(1.,0.));
#3920 = ( GEOMETRIC_REPRESENTATION_CONTEXT(2) 
PARAMETRIC_REPRESENTATION_CONTEXT() REPRESENTATION_CONTEXT('2D SPACE',''
  ) );
#3921 = FACE_BOUND('',#3922,.T.);
#3922 = EDGE_LOOP('',(#3923));
#3923 = ORIENTED_EDGE('',*,*,#3924,.T.);
#3924 = EDGE_CURVE('',#3925,#3925,#3927,.T.);
#3925 = VERTEX_POINT('',#3926);
#3926 = CARTESIAN_POINT('',(-65.95,12.7,6.));
#3927 = SURFACE_CURVE('',#3928,(#3933,#3944),.PCURVE_S1.);
#3928 = CIRCLE('',#3929,2.45);
#3929 = AXIS2_PLACEMENT_3D('',#3930,#3931,#3932);
#3930 = CARTESIAN_POINT('',(-63.5,12.7,6.));
#3931 = DIRECTION('',(0.,0.,-1.));
#3932 = DIRECTION('',(-1.,0.,0.));
#3933 = PCURVE('',#100,#3934);
#3934 = DEFINITIONAL_REPRESENTATION('',(#3935),#3943);
#3935 = ( BOUNDED_CURVE() B_SPLINE_CURVE(2,(#3936,#3937,#3938,#3939,
#3940,#3941,#3942),.UNSPECIFIED.,.T.,.F.) B_SPLINE_CURVE_WITH_KNOTS((1,2
    ,2,2,2,1),(-2.094395102393,0.,2.094395102393,4.188790204786,
6.28318530718,8.377580409573),.UNSPECIFIED.) CURVE() 
GEOMETRIC_REPRESENTATION_ITEM() RATIONAL_B_SPLINE_CURVE((1.,0.5,1.,0.5,
1.,0.5,1.)) REPRESENTATION_ITEM('') );
#3936 = CARTESIAN_POINT('',(-61.70883611335,-6.903833947763));
#3937 = CARTESIAN_POINT('',(-61.70883611335,-2.660309469219));
#3938 = CARTESIAN_POINT('',(-58.03383611335,-4.782071708491));
#3939 = CARTESIAN_POINT('',(-54.35883611335,-6.903833947763));
#3940 = CARTESIAN_POINT('',(-58.03383611335,-9.025596187035));
#3941 = CARTESIAN_POINT('',(-61.70883611335,-11.1473584263));
#3942 = CARTESIAN_POINT('',(-61.70883611335,-6.903833947763));
#3943 = ( GEOMETRIC_REPRESENTATION_CONTEXT(2) 
PARAMETRIC_REPRESENTATION_CONTEXT() REPRESENTATION_CONTEXT('2D SPACE',''
  ) );
#3944 = PCURVE('',#926,#3945);
#3945 = DEFINITIONAL_REPRESENTATION('',(#3946),#3950);
#3946 = LINE('',#3947,#3948);
#3947 = CARTESIAN_POINT('',(0.,0.));
#3948 = VECTOR('',#3949,1.);
#3949 = DIRECTION('',(1.,0.));
#3950 = ( GEOMETRIC_REPRESENTATION_CONTEXT(2) 
PARAMETRIC_REPRESENTATION_CONTEXT() REPRESENTATION_CONTEXT('2D SPACE',''
  ) );
#3951 = FACE_BOUND('',#3952,.T.);
#3952 = EDGE_LOOP('',(#3953));
#3953 = ORIENTED_EDGE('',*,*,#3954,.T.);
#3954 = EDGE_CURVE('',#3955,#3955,#3957,.T.);
#3955 = VERTEX_POINT('',#3956);
#3956 = CARTESIAN_POINT('',(-53.25,12.7,6.));
#3957 = SURFACE_CURVE('',#3958,(#3963,#3974),.PCURVE_S1.);
#3958 = CIRCLE('',#3959,2.45);
#3959 = AXIS2_PLACEMENT_3D('',#3960,#3961,#3962);
#3960 = CARTESIAN_POINT('',(-50.8,12.7,6.));
#3961 = DIRECTION('',(0.,0.,-1.));
#3962 = DIRECTION('',(-1.,0.,0.));
#3963 = PCURVE('',#100,#3964);
#3964 = DEFINITIONAL_REPRESENTATION('',(#3965),#3973);
#3965 = ( BOUNDED_CURVE() B_SPLINE_CURVE(2,(#3966,#3967,#3968,#3969,
#3970,#3971,#3972),.UNSPECIFIED.,.T.,.F.) B_SPLINE_CURVE_WITH_KNOTS((1,2
    ,2,2,2,1),(-2.094395102393,0.,2.094395102393,4.188790204786,
6.28318530718,8.377580409573),.UNSPECIFIED.) CURVE() 
GEOMETRIC_REPRESENTATION_ITEM() RATIONAL_B_SPLINE_CURVE((1.,0.5,1.,0.5,
1.,0.5,1.)) REPRESENTATION_ITEM('') );
#3966 = CARTESIAN_POINT('',(-49.00883611335,-6.903833947763));
#3967 = CARTESIAN_POINT('',(-49.00883611335,-2.660309469219));
#3968 = CARTESIAN_POINT('',(-45.33383611335,-4.782071708491));
#3969 = CARTESIAN_POINT('',(-41.65883611335,-6.903833947763));
#3970 = CARTESIAN_POINT('',(-45.33383611335,-9.025596187035));
#3971 = CARTESIAN_POINT('',(-49.00883611335,-11.1473584263));
#3972 = CARTESIAN_POINT('',(-49.00883611335,-6.903833947763));
#3973 = ( GEOMETRIC_REPRESENTATION_CONTEXT(2) 
PARAMETRIC_REPRESENTATION_CONTEXT() REPRESENTATION_CONTEXT('2D SPACE',''
  ) );
#3974 = PCURVE('',#961,#3975);
#3975 = DEFINITIONAL_REPRESENTATION('',(#3976),#3980);
#3976 = LINE('',#3977,#3978);
#3977 = CARTESIAN_POINT('',(0.,0.));
#3978 = VECTOR('',#3979,1.);
#3979 = DIRECTION('',(1.,0.));
#3980 = ( GEOMETRIC_REPRESENTATION_CONTEXT(2) 
PARAMETRIC_REPRESENTATION_CONTEXT() REPRESENTATION_CONTEXT('2D SPACE',''
  ) );
#3981 = FACE_BOUND('',#3982,.T.);
#3982 = EDGE_LOOP('',(#3983));
#3983 = ORIENTED_EDGE('',*,*,#3984,.T.);
#3984 = EDGE_CURVE('',#3985,#3985,#3987,.T.);
#3985 = VERTEX_POINT('',#3986);
#3986 = CARTESIAN_POINT('',(-40.55,12.7,6.));
#3987 = SURFACE_CURVE('',#3988,(#3993,#4004),.PCURVE_S1.);
#3988 = CIRCLE('',#3989,2.45);
#3989 = AXIS2_PLACEMENT_3D('',#3990,#3991,#3992);
#3990 = CARTESIAN_POINT('',(-38.1,12.7,6.));
#3991 = DIRECTION('',(0.,0.,-1.));
#3992 = DIRECTION('',(-1.,0.,0.));
#3993 = PCURVE('',#100,#3994);
#3994 = DEFINITIONAL_REPRESENTATION('',(#3995),#4003);
#3995 = ( BOUNDED_CURVE() B_SPLINE_CURVE(2,(#3996,#3997,#3998,#3999,
#4000,#4001,#4002),.UNSPECIFIED.,.T.,.F.) B_SPLINE_CURVE_WITH_KNOTS((1,2
    ,2,2,2,1),(-2.094395102393,0.,2.094395102393,4.188790204786,
6.28318530718,8.377580409573),.UNSPECIFIED.) CURVE() 
GEOMETRIC_REPRESENTATION_ITEM() RATIONAL_B_SPLINE_CURVE((1.,0.5,1.,0.5,
1.,0.5,1.)) REPRESENTATION_ITEM('') );
#3996 = CARTESIAN_POINT('',(-36.30883611335,-6.903833947763));
#3997 = CARTESIAN_POINT('',(-36.30883611335,-2.660309469219));
#3998 = CARTESIAN_POINT('',(-32.63383611335,-4.782071708491));
#3999 = CARTESIAN_POINT('',(-28.95883611335,-6.903833947763));
#4000 = CARTESIAN_POINT('',(-32.63383611335,-9.025596187035));
#4001 = CARTESIAN_POINT('',(-36.30883611335,-11.1473584263));
#4002 = CARTESIAN_POINT('',(-36.30883611335,-6.903833947763));
#4003 = ( GEOMETRIC_REPRESENTATION_CONTEXT(2) 
PARAMETRIC_REPRESENTATION_CONTEXT() REPRESENTATION_CONTEXT('2D SPACE',''
  ) );
#4004 = PCURVE('',#996,#4005);
#4005 = DEFINITIONAL_REPRESENTATION('',(#4006),#4010);
#4006 = LINE('',#4007,#4008);
#4007 = CARTESIAN_POINT('',(0.,0.));
#4008 = VECTOR('',#4009,1.);
#4009 = DIRECTION('',(1.,0.));
#4010 = ( GEOMETRIC_REPRESENTATION_CONTEXT(2) 
PARAMETRIC_REPRESENTATION_CONTEXT() REPRESENTATION_CONTEXT('2D SPACE',''
  ) );
#4011 = FACE_BOUND('',#4012,.T.);
#4012 = EDGE_LOOP('',(#4013));
#4013 = ORIENTED_EDGE('',*,*,#4014,.T.);
#4014 = EDGE_CURVE('',#4015,#4015,#4017,.T.);
#4015 = VERTEX_POINT('',#4016);
#4016 = CARTESIAN_POINT('',(-27.85,-6.000769315822E-16,6.));
#4017 = SURFACE_CURVE('',#4018,(#4023,#4034),.PCURVE_S1.);
#4018 = CIRCLE('',#4019,2.45);
#4019 = AXIS2_PLACEMENT_3D('',#4020,#4021,#4022);
#4020 = CARTESIAN_POINT('',(-25.4,0.,6.));
#4021 = DIRECTION('',(0.,0.,-1.));
#4022 = DIRECTION('',(-1.,0.,0.));
#4023 = PCURVE('',#100,#4024);
#4024 = DEFINITIONAL_REPRESENTATION('',(#4025),#4033);
#4025 = ( BOUNDED_CURVE() B_SPLINE_CURVE(2,(#4026,#4027,#4028,#4029,
#4030,#4031,#4032),.UNSPECIFIED.,.T.,.F.) B_SPLINE_CURVE_WITH_KNOTS((1,2
    ,2,2,2,1),(-2.094395102393,0.,2.094395102393,4.188790204786,
6.28318530718,8.377580409573),.UNSPECIFIED.) CURVE() 
GEOMETRIC_REPRESENTATION_ITEM() RATIONAL_B_SPLINE_CURVE((1.,0.5,1.,0.5,
1.,0.5,1.)) REPRESENTATION_ITEM('') );
#4026 = CARTESIAN_POINT('',(-23.60883611335,-19.60383394776));
#4027 = CARTESIAN_POINT('',(-23.60883611335,-15.36030946921));
#4028 = CARTESIAN_POINT('',(-19.93383611335,-17.48207170849));
#4029 = CARTESIAN_POINT('',(-16.25883611335,-19.60383394776));
#4030 = CARTESIAN_POINT('',(-19.93383611335,-21.72559618703));
#4031 = CARTESIAN_POINT('',(-23.60883611335,-23.8473584263));
#4032 = CARTESIAN_POINT('',(-23.60883611335,-19.60383394776));
#4033 = ( GEOMETRIC_REPRESENTATION_CONTEXT(2) 
PARAMETRIC_REPRESENTATION_CONTEXT() REPRESENTATION_CONTEXT('2D SPACE',''
  ) );
#4034 = PCURVE('',#1031,#4035);
#4035 = DEFINITIONAL_REPRESENTATION('',(#4036),#4040);
#4036 = LINE('',#4037,#4038);
#4037 = CARTESIAN_POINT('',(0.,0.));
#4038 = VECTOR('',#4039,1.);
#4039 = DIRECTION('',(1.,0.));
#4040 = ( GEOMETRIC_REPRESENTATION_CONTEXT(2) 
PARAMETRIC_REPRESENTATION_CONTEXT() REPRESENTATION_CONTEXT('2D SPACE',''
  ) );
#4041 = FACE_BOUND('',#4042,.T.);
#4042 = EDGE_LOOP('',(#4043));
#4043 = ORIENTED_EDGE('',*,*,#4044,.T.);
#4044 = EDGE_CURVE('',#4045,#4045,#4047,.T.);
#4045 = VERTEX_POINT('',#4046);
#4046 = CARTESIAN_POINT('',(-15.15,-6.000769315822E-16,6.));
#4047 = SURFACE_CURVE('',#4048,(#4053,#4064),.PCURVE_S1.);
#4048 = CIRCLE('',#4049,2.45);
#4049 = AXIS2_PLACEMENT_3D('',#4050,#4051,#4052);
#4050 = CARTESIAN_POINT('',(-12.7,0.,6.));
#4051 = DIRECTION('',(0.,0.,-1.));
#4052 = DIRECTION('',(-1.,0.,0.));
#4053 = PCURVE('',#100,#4054);
#4054 = DEFINITIONAL_REPRESENTATION('',(#4055),#4063);
#4055 = ( BOUNDED_CURVE() B_SPLINE_CURVE(2,(#4056,#4057,#4058,#4059,
#4060,#4061,#4062),.UNSPECIFIED.,.T.,.F.) B_SPLINE_CURVE_WITH_KNOTS((1,2
    ,2,2,2,1),(-2.094395102393,0.,2.094395102393,4.188790204786,
6.28318530718,8.377580409573),.UNSPECIFIED.) CURVE() 
GEOMETRIC_REPRESENTATION_ITEM() RATIONAL_B_SPLINE_CURVE((1.,0.5,1.,0.5,
1.,0.5,1.)) REPRESENTATION_ITEM('') );
#4056 = CARTESIAN_POINT('',(-10.90883611335,-19.60383394776));
#4057 = CARTESIAN_POINT('',(-10.90883611335,-15.36030946921));
#4058 = CARTESIAN_POINT('',(-7.233836113351,-17.48207170849));
#4059 = CARTESIAN_POINT('',(-3.558836113351,-19.60383394776));
#4060 = CARTESIAN_POINT('',(-7.233836113351,-21.72559618703));
#4061 = CARTESIAN_POINT('',(-10.90883611335,-23.8473584263));
#4062 = CARTESIAN_POINT('',(-10.90883611335,-19.60383394776));
#4063 = ( GEOMETRIC_REPRESENTATION_CONTEXT(2) 
PARAMETRIC_REPRESENTATION_CONTEXT() REPRESENTATION_CONTEXT('2D SPACE',''
  ) );
#4064 = PCURVE('',#1066,#4065);
#4065 = DEFINITIONAL_REPRESENTATION('',(#4066),#4070);
#4066 = LINE('',#4067,#4068);
#4067 = CARTESIAN_POINT('',(0.,0.));
#4068 = VECTOR('',#4069,1.);
#4069 = DIRECTION('',(1.,0.));
#4070 = ( GEOMETRIC_REPRESENTATION_CONTEXT(2) 
PARAMETRIC_REPRESENTATION_CONTEXT() REPRESENTATION_CONTEXT('2D SPACE',''
  ) );
#4071 = FACE_BOUND('',#4072,.T.);
#4072 = EDGE_LOOP('',(#4073));
#4073 = ORIENTED_EDGE('',*,*,#4074,.T.);
#4074 = EDGE_CURVE('',#4075,#4075,#4077,.T.);
#4075 = VERTEX_POINT('',#4076);
#4076 = CARTESIAN_POINT('',(-27.85,12.7,6.));
#4077 = SURFACE_CURVE('',#4078,(#4083,#4094),.PCURVE_S1.);
#4078 = CIRCLE('',#4079,2.45);
#4079 = AXIS2_PLACEMENT_3D('',#4080,#4081,#4082);
#4080 = CARTESIAN_POINT('',(-25.4,12.7,6.));
#4081 = DIRECTION('',(0.,0.,-1.));
#4082 = DIRECTION('',(-1.,0.,0.));
#4083 = PCURVE('',#100,#4084);
#4084 = DEFINITIONAL_REPRESENTATION('',(#4085),#4093);
#4085 = ( BOUNDED_CURVE() B_SPLINE_CURVE(2,(#4086,#4087,#4088,#4089,
#4090,#4091,#4092),.UNSPECIFIED.,.T.,.F.) B_SPLINE_CURVE_WITH_KNOTS((1,2
    ,2,2,2,1),(-2.094395102393,0.,2.094395102393,4.188790204786,
6.28318530718,8.377580409573),.UNSPECIFIED.) CURVE() 
GEOMETRIC_REPRESENTATION_ITEM() RATIONAL_B_SPLINE_CURVE((1.,0.5,1.,0.5,
1.,0.5,1.)) REPRESENTATION_ITEM('') );
#4086 = CARTESIAN_POINT('',(-23.60883611335,-6.903833947763));
#4087 = CARTESIAN_POINT('',(-23.60883611335,-2.660309469219));
#4088 = CARTESIAN_POINT('',(-19.93383611335,-4.782071708491));
#4089 = CARTESIAN_POINT('',(-16.25883611335,-6.903833947763));
#4090 = CARTESIAN_POINT('',(-19.93383611335,-9.025596187035));
#4091 = CARTESIAN_POINT('',(-23.60883611335,-11.1473584263));
#4092 = CARTESIAN_POINT('',(-23.60883611335,-6.903833947763));
#4093 = ( GEOMETRIC_REPRESENTATION_CONTEXT(2) 
PARAMETRIC_REPRESENTATION_CONTEXT() REPRESENTATION_CONTEXT('2D SPACE',''
  ) );
#4094 = PCURVE('',#1101,#4095);
#4095 = DEFINITIONAL_REPRESENTATION('',(#4096),#4100);
#4096 = LINE('',#4097,#4098);
#4097 = CARTESIAN_POINT('',(0.,0.));
#4098 = VECTOR('',#4099,1.);
#4099 = DIRECTION('',(1.,0.));
#4100 = ( GEOMETRIC_REPRESENTATION_CONTEXT(2) 
PARAMETRIC_REPRESENTATION_CONTEXT() REPRESENTATION_CONTEXT('2D SPACE',''
  ) );
#4101 = FACE_BOUND('',#4102,.T.);
#4102 = EDGE_LOOP('',(#4103));
#4103 = ORIENTED_EDGE('',*,*,#4104,.T.);
#4104 = EDGE_CURVE('',#4105,#4105,#4107,.T.);
#4105 = VERTEX_POINT('',#4106);
#4106 = CARTESIAN_POINT('',(-15.15,12.7,6.));
#4107 = SURFACE_CURVE('',#4108,(#4113,#4124),.PCURVE_S1.);
#4108 = CIRCLE('',#4109,2.45);
#4109 = AXIS2_PLACEMENT_3D('',#4110,#4111,#4112);
#4110 = CARTESIAN_POINT('',(-12.7,12.7,6.));
#4111 = DIRECTION('',(0.,0.,-1.));
#4112 = DIRECTION('',(-1.,0.,0.));
#4113 = PCURVE('',#100,#4114);
#4114 = DEFINITIONAL_REPRESENTATION('',(#4115),#4123);
#4115 = ( BOUNDED_CURVE() B_SPLINE_CURVE(2,(#4116,#4117,#4118,#4119,
#4120,#4121,#4122),.UNSPECIFIED.,.T.,.F.) B_SPLINE_CURVE_WITH_KNOTS((1,2
    ,2,2,2,1),(-2.094395102393,0.,2.094395102393,4.188790204786,
6.28318530718,8.377580409573),.UNSPECIFIED.) CURVE() 
GEOMETRIC_REPRESENTATION_ITEM() RATIONAL_B_SPLINE_CURVE((1.,0.5,1.,0.5,
1.,0.5,1.)) REPRESENTATION_ITEM('') );
#4116 = CARTESIAN_POINT('',(-10.90883611335,-6.903833947763));
#4117 = CARTESIAN_POINT('',(-10.90883611335,-2.660309469219));
#4118 = CARTESIAN_POINT('',(-7.233836113351,-4.782071708491));
#4119 = CARTESIAN_POINT('',(-3.558836113351,-6.903833947763));
#4120 = CARTESIAN_POINT('',(-7.233836113351,-9.025596187035));
#4121 = CARTESIAN_POINT('',(-10.90883611335,-11.1473584263));
#4122 = CARTESIAN_POINT('',(-10.90883611335,-6.903833947763));
#4123 = ( GEOMETRIC_REPRESENTATION_CONTEXT(2) 
PARAMETRIC_REPRESENTATION_CONTEXT() REPRESENTATION_CONTEXT('2D SPACE',''
  ) );
#4124 = PCURVE('',#1136,#4125);
#4125 = DEFINITIONAL_REPRESENTATION('',(#4126),#4130);
#4126 = LINE('',#4127,#4128);
#4127 = CARTESIAN_POINT('',(0.,0.));
#4128 = VECTOR('',#4129,1.);
#4129 = DIRECTION('',(1.,0.));
#4130 = ( GEOMETRIC_REPRESENTATION_CONTEXT(2) 
PARAMETRIC_REPRESENTATION_CONTEXT() REPRESENTATION_CONTEXT('2D SPACE',''
  ) );
#4131 = FACE_BOUND('',#4132,.T.);
#4132 = EDGE_LOOP('',(#4133));
#4133 = ORIENTED_EDGE('',*,*,#4134,.T.);
#4134 = EDGE_CURVE('',#4135,#4135,#4137,.T.);
#4135 = VERTEX_POINT('',#4136);
#4136 = CARTESIAN_POINT('',(-2.45,-25.4,6.));
#4137 = SURFACE_CURVE('',#4138,(#4143,#4154),.PCURVE_S1.);
#4138 = CIRCLE('',#4139,2.45);
#4139 = AXIS2_PLACEMENT_3D('',#4140,#4141,#4142);
#4140 = CARTESIAN_POINT('',(0.,-25.4,6.));
#4141 = DIRECTION('',(0.,0.,-1.));
#4142 = DIRECTION('',(-1.,0.,0.));
#4143 = PCURVE('',#100,#4144);
#4144 = DEFINITIONAL_REPRESENTATION('',(#4145),#4153);
#4145 = ( BOUNDED_CURVE() B_SPLINE_CURVE(2,(#4146,#4147,#4148,#4149,
#4150,#4151,#4152),.UNSPECIFIED.,.T.,.F.) B_SPLINE_CURVE_WITH_KNOTS((1,2
    ,2,2,2,1),(-2.094395102393,0.,2.094395102393,4.188790204786,
6.28318530718,8.377580409573),.UNSPECIFIED.) CURVE() 
GEOMETRIC_REPRESENTATION_ITEM() RATIONAL_B_SPLINE_CURVE((1.,0.5,1.,0.5,
1.,0.5,1.)) REPRESENTATION_ITEM('') );
#4146 = CARTESIAN_POINT('',(1.791163886649,-45.00383394776));
#4147 = CARTESIAN_POINT('',(1.791163886649,-40.76030946921));
#4148 = CARTESIAN_POINT('',(5.466163886649,-42.88207170849));
#4149 = CARTESIAN_POINT('',(9.141163886649,-45.00383394776));
#4150 = CARTESIAN_POINT('',(5.466163886649,-47.12559618703));
#4151 = CARTESIAN_POINT('',(1.791163886649,-49.2473584263));
#4152 = CARTESIAN_POINT('',(1.791163886649,-45.00383394776));
#4153 = ( GEOMETRIC_REPRESENTATION_CONTEXT(2) 
PARAMETRIC_REPRESENTATION_CONTEXT() REPRESENTATION_CONTEXT('2D SPACE',''
  ) );
#4154 = PCURVE('',#1171,#4155);
#4155 = DEFINITIONAL_REPRESENTATION('',(#4156),#4160);
#4156 = LINE('',#4157,#4158);
#4157 = CARTESIAN_POINT('',(0.,0.));
#4158 = VECTOR('',#4159,1.);
#4159 = DIRECTION('',(1.,0.));
#4160 = ( GEOMETRIC_REPRESENTATION_CONTEXT(2) 
PARAMETRIC_REPRESENTATION_CONTEXT() REPRESENTATION_CONTEXT('2D SPACE',''
  ) );
#4161 = FACE_BOUND('',#4162,.T.);
#4162 = EDGE_LOOP('',(#4163));
#4163 = ORIENTED_EDGE('',*,*,#4164,.T.);
#4164 = EDGE_CURVE('',#4165,#4165,#4167,.T.);
#4165 = VERTEX_POINT('',#4166);
#4166 = CARTESIAN_POINT('',(10.25,-25.4,6.));
#4167 = SURFACE_CURVE('',#4168,(#4173,#4184),.PCURVE_S1.);
#4168 = CIRCLE('',#4169,2.45);
#4169 = AXIS2_PLACEMENT_3D('',#4170,#4171,#4172);
#4170 = CARTESIAN_POINT('',(12.7,-25.4,6.));
#4171 = DIRECTION('',(0.,0.,-1.));
#4172 = DIRECTION('',(-1.,0.,0.));
#4173 = PCURVE('',#100,#4174);
#4174 = DEFINITIONAL_REPRESENTATION('',(#4175),#4183);
#4175 = ( BOUNDED_CURVE() B_SPLINE_CURVE(2,(#4176,#4177,#4178,#4179,
#4180,#4181,#4182),.UNSPECIFIED.,.T.,.F.) B_SPLINE_CURVE_WITH_KNOTS((1,2
    ,2,2,2,1),(-2.094395102393,0.,2.094395102393,4.188790204786,
6.28318530718,8.377580409573),.UNSPECIFIED.) CURVE() 
GEOMETRIC_REPRESENTATION_ITEM() RATIONAL_B_SPLINE_CURVE((1.,0.5,1.,0.5,
1.,0.5,1.)) REPRESENTATION_ITEM('') );
#4176 = CARTESIAN_POINT('',(14.491163886649,-45.00383394776));
#4177 = CARTESIAN_POINT('',(14.491163886649,-40.76030946921));
#4178 = CARTESIAN_POINT('',(18.166163886649,-42.88207170849));
#4179 = CARTESIAN_POINT('',(21.841163886649,-45.00383394776));
#4180 = CARTESIAN_POINT('',(18.166163886649,-47.12559618703));
#4181 = CARTESIAN_POINT('',(14.491163886649,-49.2473584263));
#4182 = CARTESIAN_POINT('',(14.491163886649,-45.00383394776));
#4183 = ( GEOMETRIC_REPRESENTATION_CONTEXT(2) 
PARAMETRIC_REPRESENTATION_CONTEXT() REPRESENTATION_CONTEXT('2D SPACE',''
  ) );
#4184 = PCURVE('',#1206,#4185);
#4185 = DEFINITIONAL_REPRESENTATION('',(#4186),#4190);
#4186 = LINE('',#4187,#4188);
#4187 = CARTESIAN_POINT('',(0.,0.));
#4188 = VECTOR('',#4189,1.);
#4189 = DIRECTION('',(1.,0.));
#4190 = ( GEOMETRIC_REPRESENTATION_CONTEXT(2) 
PARAMETRIC_REPRESENTATION_CONTEXT() REPRESENTATION_CONTEXT('2D SPACE',''
  ) );
#4191 = FACE_BOUND('',#4192,.T.);
#4192 = EDGE_LOOP('',(#4193));
#4193 = ORIENTED_EDGE('',*,*,#4194,.T.);
#4194 = EDGE_CURVE('',#4195,#4195,#4197,.T.);
#4195 = VERTEX_POINT('',#4196);
#4196 = CARTESIAN_POINT('',(-2.45,-12.7,6.));
#4197 = SURFACE_CURVE('',#4198,(#4203,#4214),.PCURVE_S1.);
#4198 = CIRCLE('',#4199,2.45);
#4199 = AXIS2_PLACEMENT_3D('',#4200,#4201,#4202);
#4200 = CARTESIAN_POINT('',(0.,-12.7,6.));
#4201 = DIRECTION('',(0.,0.,-1.));
#4202 = DIRECTION('',(-1.,0.,0.));
#4203 = PCURVE('',#100,#4204);
#4204 = DEFINITIONAL_REPRESENTATION('',(#4205),#4213);
#4205 = ( BOUNDED_CURVE() B_SPLINE_CURVE(2,(#4206,#4207,#4208,#4209,
#4210,#4211,#4212),.UNSPECIFIED.,.T.,.F.) B_SPLINE_CURVE_WITH_KNOTS((1,2
    ,2,2,2,1),(-2.094395102393,0.,2.094395102393,4.188790204786,
6.28318530718,8.377580409573),.UNSPECIFIED.) CURVE() 
GEOMETRIC_REPRESENTATION_ITEM() RATIONAL_B_SPLINE_CURVE((1.,0.5,1.,0.5,
1.,0.5,1.)) REPRESENTATION_ITEM('') );
#4206 = CARTESIAN_POINT('',(1.791163886649,-32.30383394776));
#4207 = CARTESIAN_POINT('',(1.791163886649,-28.06030946921));
#4208 = CARTESIAN_POINT('',(5.466163886649,-30.18207170849));
#4209 = CARTESIAN_POINT('',(9.141163886649,-32.30383394776));
#4210 = CARTESIAN_POINT('',(5.466163886649,-34.42559618703));
#4211 = CARTESIAN_POINT('',(1.791163886649,-36.5473584263));
#4212 = CARTESIAN_POINT('',(1.791163886649,-32.30383394776));
#4213 = ( GEOMETRIC_REPRESENTATION_CONTEXT(2) 
PARAMETRIC_REPRESENTATION_CONTEXT() REPRESENTATION_CONTEXT('2D SPACE',''
  ) );
#4214 = PCURVE('',#1241,#4215);
#4215 = DEFINITIONAL_REPRESENTATION('',(#4216),#4220);
#4216 = LINE('',#4217,#4218);
#4217 = CARTESIAN_POINT('',(0.,0.));
#4218 = VECTOR('',#4219,1.);
#4219 = DIRECTION('',(1.,0.));
#4220 = ( GEOMETRIC_REPRESENTATION_CONTEXT(2) 
PARAMETRIC_REPRESENTATION_CONTEXT() REPRESENTATION_CONTEXT('2D SPACE',''
  ) );
#4221 = FACE_BOUND('',#4222,.T.);
#4222 = EDGE_LOOP('',(#4223));
#4223 = ORIENTED_EDGE('',*,*,#4224,.T.);
#4224 = EDGE_CURVE('',#4225,#4225,#4227,.T.);
#4225 = VERTEX_POINT('',#4226);
#4226 = CARTESIAN_POINT('',(10.25,-12.7,6.));
#4227 = SURFACE_CURVE('',#4228,(#4233,#4244),.PCURVE_S1.);
#4228 = CIRCLE('',#4229,2.45);
#4229 = AXIS2_PLACEMENT_3D('',#4230,#4231,#4232);
#4230 = CARTESIAN_POINT('',(12.7,-12.7,6.));
#4231 = DIRECTION('',(0.,0.,-1.));
#4232 = DIRECTION('',(-1.,0.,0.));
#4233 = PCURVE('',#100,#4234);
#4234 = DEFINITIONAL_REPRESENTATION('',(#4235),#4243);
#4235 = ( BOUNDED_CURVE() B_SPLINE_CURVE(2,(#4236,#4237,#4238,#4239,
#4240,#4241,#4242),.UNSPECIFIED.,.T.,.F.) B_SPLINE_CURVE_WITH_KNOTS((1,2
    ,2,2,2,1),(-2.094395102393,0.,2.094395102393,4.188790204786,
6.28318530718,8.377580409573),.UNSPECIFIED.) CURVE() 
GEOMETRIC_REPRESENTATION_ITEM() RATIONAL_B_SPLINE_CURVE((1.,0.5,1.,0.5,
1.,0.5,1.)) REPRESENTATION_ITEM('') );
#4236 = CARTESIAN_POINT('',(14.491163886649,-32.30383394776));
#4237 = CARTESIAN_POINT('',(14.491163886649,-28.06030946921));
#4238 = CARTESIAN_POINT('',(18.166163886649,-30.18207170849));
#4239 = CARTESIAN_POINT('',(21.841163886649,-32.30383394776));
#4240 = CARTESIAN_POINT('',(18.166163886649,-34.42559618703));
#4241 = CARTESIAN_POINT('',(14.491163886649,-36.5473584263));
#4242 = CARTESIAN_POINT('',(14.491163886649,-32.30383394776));
#4243 = ( GEOMETRIC_REPRESENTATION_CONTEXT(2) 
PARAMETRIC_REPRESENTATION_CONTEXT() REPRESENTATION_CONTEXT('2D SPACE',''
  ) );
#4244 = PCURVE('',#1276,#4245);
#4245 = DEFINITIONAL_REPRESENTATION('',(#4246),#4250);
#4246 = LINE('',#4247,#4248);
#4247 = CARTESIAN_POINT('',(0.,0.));
#4248 = VECTOR('',#4249,1.);
#4249 = DIRECTION('',(1.,0.));
#4250 = ( GEOMETRIC_REPRESENTATION_CONTEXT(2) 
PARAMETRIC_REPRESENTATION_CONTEXT() REPRESENTATION_CONTEXT('2D SPACE',''
  ) );
#4251 = FACE_BOUND('',#4252,.T.);
#4252 = EDGE_LOOP('',(#4253));
#4253 = ORIENTED_EDGE('',*,*,#4254,.T.);
#4254 = EDGE_CURVE('',#4255,#4255,#4257,.T.);
#4255 = VERTEX_POINT('',#4256);
#4256 = CARTESIAN_POINT('',(22.95,-25.4,6.));
#4257 = SURFACE_CURVE('',#4258,(#4263,#4274),.PCURVE_S1.);
#4258 = CIRCLE('',#4259,2.45);
#4259 = AXIS2_PLACEMENT_3D('',#4260,#4261,#4262);
#4260 = CARTESIAN_POINT('',(25.4,-25.4,6.));
#4261 = DIRECTION('',(0.,0.,-1.));
#4262 = DIRECTION('',(-1.,0.,0.));
#4263 = PCURVE('',#100,#4264);
#4264 = DEFINITIONAL_REPRESENTATION('',(#4265),#4273);
#4265 = ( BOUNDED_CURVE() B_SPLINE_CURVE(2,(#4266,#4267,#4268,#4269,
#4270,#4271,#4272),.UNSPECIFIED.,.T.,.F.) B_SPLINE_CURVE_WITH_KNOTS((1,2
    ,2,2,2,1),(-2.094395102393,0.,2.094395102393,4.188790204786,
6.28318530718,8.377580409573),.UNSPECIFIED.) CURVE() 
GEOMETRIC_REPRESENTATION_ITEM() RATIONAL_B_SPLINE_CURVE((1.,0.5,1.,0.5,
1.,0.5,1.)) REPRESENTATION_ITEM('') );
#4266 = CARTESIAN_POINT('',(27.191163886649,-45.00383394776));
#4267 = CARTESIAN_POINT('',(27.191163886649,-40.76030946921));
#4268 = CARTESIAN_POINT('',(30.866163886649,-42.88207170849));
#4269 = CARTESIAN_POINT('',(34.541163886649,-45.00383394776));
#4270 = CARTESIAN_POINT('',(30.866163886649,-47.12559618703));
#4271 = CARTESIAN_POINT('',(27.191163886649,-49.2473584263));
#4272 = CARTESIAN_POINT('',(27.191163886649,-45.00383394776));
#4273 = ( GEOMETRIC_REPRESENTATION_CONTEXT(2) 
PARAMETRIC_REPRESENTATION_CONTEXT() REPRESENTATION_CONTEXT('2D SPACE',''
  ) );
#4274 = PCURVE('',#1311,#4275);
#4275 = DEFINITIONAL_REPRESENTATION('',(#4276),#4280);
#4276 = LINE('',#4277,#4278);
#4277 = CARTESIAN_POINT('',(0.,0.));
#4278 = VECTOR('',#4279,1.);
#4279 = DIRECTION('',(1.,0.));
#4280 = ( GEOMETRIC_REPRESENTATION_CONTEXT(2) 
PARAMETRIC_REPRESENTATION_CONTEXT() REPRESENTATION_CONTEXT('2D SPACE',''
  ) );
#4281 = FACE_BOUND('',#4282,.T.);
#4282 = EDGE_LOOP('',(#4283));
#4283 = ORIENTED_EDGE('',*,*,#4284,.T.);
#4284 = EDGE_CURVE('',#4285,#4285,#4287,.T.);
#4285 = VERTEX_POINT('',#4286);
#4286 = CARTESIAN_POINT('',(35.65,-25.4,6.));
#4287 = SURFACE_CURVE('',#4288,(#4293,#4304),.PCURVE_S1.);
#4288 = CIRCLE('',#4289,2.45);
#4289 = AXIS2_PLACEMENT_3D('',#4290,#4291,#4292);
#4290 = CARTESIAN_POINT('',(38.1,-25.4,6.));
#4291 = DIRECTION('',(0.,0.,-1.));
#4292 = DIRECTION('',(-1.,0.,0.));
#4293 = PCURVE('',#100,#4294);
#4294 = DEFINITIONAL_REPRESENTATION('',(#4295),#4303);
#4295 = ( BOUNDED_CURVE() B_SPLINE_CURVE(2,(#4296,#4297,#4298,#4299,
#4300,#4301,#4302),.UNSPECIFIED.,.T.,.F.) B_SPLINE_CURVE_WITH_KNOTS((1,2
    ,2,2,2,1),(-2.094395102393,0.,2.094395102393,4.188790204786,
6.28318530718,8.377580409573),.UNSPECIFIED.) CURVE() 
GEOMETRIC_REPRESENTATION_ITEM() RATIONAL_B_SPLINE_CURVE((1.,0.5,1.,0.5,
1.,0.5,1.)) REPRESENTATION_ITEM('') );
#4296 = CARTESIAN_POINT('',(39.891163886649,-45.00383394776));
#4297 = CARTESIAN_POINT('',(39.891163886649,-40.76030946921));
#4298 = CARTESIAN_POINT('',(43.566163886649,-42.88207170849));
#4299 = CARTESIAN_POINT('',(47.241163886649,-45.00383394776));
#4300 = CARTESIAN_POINT('',(43.566163886649,-47.12559618703));
#4301 = CARTESIAN_POINT('',(39.891163886649,-49.2473584263));
#4302 = CARTESIAN_POINT('',(39.891163886649,-45.00383394776));
#4303 = ( GEOMETRIC_REPRESENTATION_CONTEXT(2) 
PARAMETRIC_REPRESENTATION_CONTEXT() REPRESENTATION_CONTEXT('2D SPACE',''
  ) );
#4304 = PCURVE('',#1346,#4305);
#4305 = DEFINITIONAL_REPRESENTATION('',(#4306),#4310);
#4306 = LINE('',#4307,#4308);
#4307 = CARTESIAN_POINT('',(0.,0.));
#4308 = VECTOR('',#4309,1.);
#4309 = DIRECTION('',(1.,0.));
#4310 = ( GEOMETRIC_REPRESENTATION_CONTEXT(2) 
PARAMETRIC_REPRESENTATION_CONTEXT() REPRESENTATION_CONTEXT('2D SPACE',''
  ) );
#4311 = FACE_BOUND('',#4312,.T.);
#4312 = EDGE_LOOP('',(#4313));
#4313 = ORIENTED_EDGE('',*,*,#4314,.T.);
#4314 = EDGE_CURVE('',#4315,#4315,#4317,.T.);
#4315 = VERTEX_POINT('',#4316);
#4316 = CARTESIAN_POINT('',(48.35,-25.4,6.));
#4317 = SURFACE_CURVE('',#4318,(#4323,#4334),.PCURVE_S1.);
#4318 = CIRCLE('',#4319,2.45);
#4319 = AXIS2_PLACEMENT_3D('',#4320,#4321,#4322);
#4320 = CARTESIAN_POINT('',(50.8,-25.4,6.));
#4321 = DIRECTION('',(0.,0.,-1.));
#4322 = DIRECTION('',(-1.,0.,0.));
#4323 = PCURVE('',#100,#4324);
#4324 = DEFINITIONAL_REPRESENTATION('',(#4325),#4333);
#4325 = ( BOUNDED_CURVE() B_SPLINE_CURVE(2,(#4326,#4327,#4328,#4329,
#4330,#4331,#4332),.UNSPECIFIED.,.T.,.F.) B_SPLINE_CURVE_WITH_KNOTS((1,2
    ,2,2,2,1),(-2.094395102393,0.,2.094395102393,4.188790204786,
6.28318530718,8.377580409573),.UNSPECIFIED.) CURVE() 
GEOMETRIC_REPRESENTATION_ITEM() RATIONAL_B_SPLINE_CURVE((1.,0.5,1.,0.5,
1.,0.5,1.)) REPRESENTATION_ITEM('') );
#4326 = CARTESIAN_POINT('',(52.591163886649,-45.00383394776));
#4327 = CARTESIAN_POINT('',(52.591163886649,-40.76030946921));
#4328 = CARTESIAN_POINT('',(56.266163886649,-42.88207170849));
#4329 = CARTESIAN_POINT('',(59.941163886649,-45.00383394776));
#4330 = CARTESIAN_POINT('',(56.266163886649,-47.12559618703));
#4331 = CARTESIAN_POINT('',(52.591163886649,-49.2473584263));
#4332 = CARTESIAN_POINT('',(52.591163886649,-45.00383394776));
#4333 = ( GEOMETRIC_REPRESENTATION_CONTEXT(2) 
PARAMETRIC_REPRESENTATION_CONTEXT() REPRESENTATION_CONTEXT('2D SPACE',''
  ) );
#4334 = PCURVE('',#1381,#4335);
#4335 = DEFINITIONAL_REPRESENTATION('',(#4336),#4340);
#4336 = LINE('',#4337,#4338);
#4337 = CARTESIAN_POINT('',(0.,0.));
#4338 = VECTOR('',#4339,1.);
#4339 = DIRECTION('',(1.,0.));
#4340 = ( GEOMETRIC_REPRESENTATION_CONTEXT(2) 
PARAMETRIC_REPRESENTATION_CONTEXT() REPRESENTATION_CONTEXT('2D SPACE',''
  ) );
#4341 = FACE_BOUND('',#4342,.T.);
#4342 = EDGE_LOOP('',(#4343));
#4343 = ORIENTED_EDGE('',*,*,#4344,.T.);
#4344 = EDGE_CURVE('',#4345,#4345,#4347,.T.);
#4345 = VERTEX_POINT('',#4346);
#4346 = CARTESIAN_POINT('',(22.95,-12.7,6.));
#4347 = SURFACE_CURVE('',#4348,(#4353,#4364),.PCURVE_S1.);
#4348 = CIRCLE('',#4349,2.45);
#4349 = AXIS2_PLACEMENT_3D('',#4350,#4351,#4352);
#4350 = CARTESIAN_POINT('',(25.4,-12.7,6.));
#4351 = DIRECTION('',(0.,0.,-1.));
#4352 = DIRECTION('',(-1.,0.,0.));
#4353 = PCURVE('',#100,#4354);
#4354 = DEFINITIONAL_REPRESENTATION('',(#4355),#4363);
#4355 = ( BOUNDED_CURVE() B_SPLINE_CURVE(2,(#4356,#4357,#4358,#4359,
#4360,#4361,#4362),.UNSPECIFIED.,.T.,.F.) B_SPLINE_CURVE_WITH_KNOTS((1,2
    ,2,2,2,1),(-2.094395102393,0.,2.094395102393,4.188790204786,
6.28318530718,8.377580409573),.UNSPECIFIED.) CURVE() 
GEOMETRIC_REPRESENTATION_ITEM() RATIONAL_B_SPLINE_CURVE((1.,0.5,1.,0.5,
1.,0.5,1.)) REPRESENTATION_ITEM('') );
#4356 = CARTESIAN_POINT('',(27.191163886649,-32.30383394776));
#4357 = CARTESIAN_POINT('',(27.191163886649,-28.06030946921));
#4358 = CARTESIAN_POINT('',(30.866163886649,-30.18207170849));
#4359 = CARTESIAN_POINT('',(34.541163886649,-32.30383394776));
#4360 = CARTESIAN_POINT('',(30.866163886649,-34.42559618703));
#4361 = CARTESIAN_POINT('',(27.191163886649,-36.5473584263));
#4362 = CARTESIAN_POINT('',(27.191163886649,-32.30383394776));
#4363 = ( GEOMETRIC_REPRESENTATION_CONTEXT(2) 
PARAMETRIC_REPRESENTATION_CONTEXT() REPRESENTATION_CONTEXT('2D SPACE',''
  ) );
#4364 = PCURVE('',#1416,#4365);
#4365 = DEFINITIONAL_REPRESENTATION('',(#4366),#4370);
#4366 = LINE('',#4367,#4368);
#4367 = CARTESIAN_POINT('',(0.,0.));
#4368 = VECTOR('',#4369,1.);
#4369 = DIRECTION('',(1.,0.));
#4370 = ( GEOMETRIC_REPRESENTATION_CONTEXT(2) 
PARAMETRIC_REPRESENTATION_CONTEXT() REPRESENTATION_CONTEXT('2D SPACE',''
  ) );
#4371 = FACE_BOUND('',#4372,.T.);
#4372 = EDGE_LOOP('',(#4373));
#4373 = ORIENTED_EDGE('',*,*,#4374,.T.);
#4374 = EDGE_CURVE('',#4375,#4375,#4377,.T.);
#4375 = VERTEX_POINT('',#4376);
#4376 = CARTESIAN_POINT('',(35.65,-12.7,6.));
#4377 = SURFACE_CURVE('',#4378,(#4383,#4394),.PCURVE_S1.);
#4378 = CIRCLE('',#4379,2.45);
#4379 = AXIS2_PLACEMENT_3D('',#4380,#4381,#4382);
#4380 = CARTESIAN_POINT('',(38.1,-12.7,6.));
#4381 = DIRECTION('',(0.,0.,-1.));
#4382 = DIRECTION('',(-1.,0.,0.));
#4383 = PCURVE('',#100,#4384);
#4384 = DEFINITIONAL_REPRESENTATION('',(#4385),#4393);
#4385 = ( BOUNDED_CURVE() B_SPLINE_CURVE(2,(#4386,#4387,#4388,#4389,
#4390,#4391,#4392),.UNSPECIFIED.,.T.,.F.) B_SPLINE_CURVE_WITH_KNOTS((1,2
    ,2,2,2,1),(-2.094395102393,0.,2.094395102393,4.188790204786,
6.28318530718,8.377580409573),.UNSPECIFIED.) CURVE() 
GEOMETRIC_REPRESENTATION_ITEM() RATIONAL_B_SPLINE_CURVE((1.,0.5,1.,0.5,
1.,0.5,1.)) REPRESENTATION_ITEM('') );
#4386 = CARTESIAN_POINT('',(39.891163886649,-32.30383394776));
#4387 = CARTESIAN_POINT('',(39.891163886649,-28.06030946921));
#4388 = CARTESIAN_POINT('',(43.566163886649,-30.18207170849));
#4389 = CARTESIAN_POINT('',(47.241163886649,-32.30383394776));
#4390 = CARTESIAN_POINT('',(43.566163886649,-34.42559618703));
#4391 = CARTESIAN_POINT('',(39.891163886649,-36.5473584263));
#4392 = CARTESIAN_POINT('',(39.891163886649,-32.30383394776));
#4393 = ( GEOMETRIC_REPRESENTATION_CONTEXT(2) 
PARAMETRIC_REPRESENTATION_CONTEXT() REPRESENTATION_CONTEXT('2D SPACE',''
  ) );
#4394 = PCURVE('',#1451,#4395);
#4395 = DEFINITIONAL_REPRESENTATION('',(#4396),#4400);
#4396 = LINE('',#4397,#4398);
#4397 = CARTESIAN_POINT('',(0.,0.));
#4398 = VECTOR('',#4399,1.);
#4399 = DIRECTION('',(1.,0.));
#4400 = ( GEOMETRIC_REPRESENTATION_CONTEXT(2) 
PARAMETRIC_REPRESENTATION_CONTEXT() REPRESENTATION_CONTEXT('2D SPACE',''
  ) );
#4401 = FACE_BOUND('',#4402,.T.);
#4402 = EDGE_LOOP('',(#4403));
#4403 = ORIENTED_EDGE('',*,*,#4404,.T.);
#4404 = EDGE_CURVE('',#4405,#4405,#4407,.T.);
#4405 = VERTEX_POINT('',#4406);
#4406 = CARTESIAN_POINT('',(48.35,-12.7,6.));
#4407 = SURFACE_CURVE('',#4408,(#4413,#4424),.PCURVE_S1.);
#4408 = CIRCLE('',#4409,2.45);
#4409 = AXIS2_PLACEMENT_3D('',#4410,#4411,#4412);
#4410 = CARTESIAN_POINT('',(50.8,-12.7,6.));
#4411 = DIRECTION('',(0.,0.,-1.));
#4412 = DIRECTION('',(-1.,0.,0.));
#4413 = PCURVE('',#100,#4414);
#4414 = DEFINITIONAL_REPRESENTATION('',(#4415),#4423);
#4415 = ( BOUNDED_CURVE() B_SPLINE_CURVE(2,(#4416,#4417,#4418,#4419,
#4420,#4421,#4422),.UNSPECIFIED.,.T.,.F.) B_SPLINE_CURVE_WITH_KNOTS((1,2
    ,2,2,2,1),(-2.094395102393,0.,2.094395102393,4.188790204786,
6.28318530718,8.377580409573),.UNSPECIFIED.) CURVE() 
GEOMETRIC_REPRESENTATION_ITEM() RATIONAL_B_SPLINE_CURVE((1.,0.5,1.,0.5,
1.,0.5,1.)) REPRESENTATION_ITEM('') );
#4416 = CARTESIAN_POINT('',(52.591163886649,-32.30383394776));
#4417 = CARTESIAN_POINT('',(52.591163886649,-28.06030946921));
#4418 = CARTESIAN_POINT('',(56.266163886649,-30.18207170849));
#4419 = CARTESIAN_POINT('',(59.941163886649,-32.30383394776));
#4420 = CARTESIAN_POINT('',(56.266163886649,-34.42559618703));
#4421 = CARTESIAN_POINT('',(52.591163886649,-36.5473584263));
#4422 = CARTESIAN_POINT('',(52.591163886649,-32.30383394776));
#4423 = ( GEOMETRIC_REPRESENTATION_CONTEXT(2) 
PARAMETRIC_REPRESENTATION_CONTEXT() REPRESENTATION_CONTEXT('2D SPACE',''
  ) );
#4424 = PCURVE('',#1486,#4425);
#4425 = DEFINITIONAL_REPRESENTATION('',(#4426),#4430);
#4426 = LINE('',#4427,#4428);
#4427 = CARTESIAN_POINT('',(0.,0.));
#4428 = VECTOR('',#4429,1.);
#4429 = DIRECTION('',(1.,0.));
#4430 = ( GEOMETRIC_REPRESENTATION_CONTEXT(2) 
PARAMETRIC_REPRESENTATION_CONTEXT() REPRESENTATION_CONTEXT('2D SPACE',''
  ) );
#4431 = FACE_BOUND('',#4432,.T.);
#4432 = EDGE_LOOP('',(#4433));
#4433 = ORIENTED_EDGE('',*,*,#4434,.T.);
#4434 = EDGE_CURVE('',#4435,#4435,#4437,.T.);
#4435 = VERTEX_POINT('',#4436);
#4436 = CARTESIAN_POINT('',(-8.,-1.959434878636E-15,6.));
#4437 = SURFACE_CURVE('',#4438,(#4443,#4454),.PCURVE_S1.);
#4438 = CIRCLE('',#4439,8.);
#4439 = AXIS2_PLACEMENT_3D('',#4440,#4441,#4442);
#4440 = CARTESIAN_POINT('',(0.,0.,6.));
#4441 = DIRECTION('',(0.,0.,-1.));
#4442 = DIRECTION('',(-1.,0.,0.));
#4443 = PCURVE('',#100,#4444);
#4444 = DEFINITIONAL_REPRESENTATION('',(#4445),#4453);
#4445 = ( BOUNDED_CURVE() B_SPLINE_CURVE(2,(#4446,#4447,#4448,#4449,
#4450,#4451,#4452),.UNSPECIFIED.,.T.,.F.) B_SPLINE_CURVE_WITH_KNOTS((1,2
    ,2,2,2,1),(-2.094395102393,0.,2.094395102393,4.188790204786,
6.28318530718,8.377580409573),.UNSPECIFIED.) CURVE() 
GEOMETRIC_REPRESENTATION_ITEM() RATIONAL_B_SPLINE_CURVE((1.,0.5,1.,0.5,
1.,0.5,1.)) REPRESENTATION_ITEM('') );
#4446 = CARTESIAN_POINT('',(-3.758836113351,-19.60383394776));
#4447 = CARTESIAN_POINT('',(-3.758836113351,-5.747427487212));
#4448 = CARTESIAN_POINT('',(8.241163886649,-12.67563071748));
#4449 = CARTESIAN_POINT('',(20.241163886649,-19.60383394776));
#4450 = CARTESIAN_POINT('',(8.241163886649,-26.53203717803));
#4451 = CARTESIAN_POINT('',(-3.758836113351,-33.46024040831));
#4452 = CARTESIAN_POINT('',(-3.758836113351,-19.60383394776));
#4453 = ( GEOMETRIC_REPRESENTATION_CONTEXT(2) 
PARAMETRIC_REPRESENTATION_CONTEXT() REPRESENTATION_CONTEXT('2D SPACE',''
  ) );
#4454 = PCURVE('',#1521,#4455);
#4455 = DEFINITIONAL_REPRESENTATION('',(#4456),#4460);
#4456 = LINE('',#4457,#4458);
#4457 = CARTESIAN_POINT('',(0.,0.));
#4458 = VECTOR('',#4459,1.);
#4459 = DIRECTION('',(1.,0.));
#4460 = ( GEOMETRIC_REPRESENTATION_CONTEXT(2) 
PARAMETRIC_REPRESENTATION_CONTEXT() REPRESENTATION_CONTEXT('2D SPACE',''
  ) );
#4461 = FACE_BOUND('',#4462,.T.);
#4462 = EDGE_LOOP('',(#4463));
#4463 = ORIENTED_EDGE('',*,*,#4464,.T.);
#4464 = EDGE_CURVE('',#4465,#4465,#4467,.T.);
#4465 = VERTEX_POINT('',#4466);
#4466 = CARTESIAN_POINT('',(10.25,-6.000769315822E-16,6.));
#4467 = SURFACE_CURVE('',#4468,(#4473,#4484),.PCURVE_S1.);
#4468 = CIRCLE('',#4469,2.45);
#4469 = AXIS2_PLACEMENT_3D('',#4470,#4471,#4472);
#4470 = CARTESIAN_POINT('',(12.7,0.,6.));
#4471 = DIRECTION('',(0.,0.,-1.));
#4472 = DIRECTION('',(-1.,0.,0.));
#4473 = PCURVE('',#100,#4474);
#4474 = DEFINITIONAL_REPRESENTATION('',(#4475),#4483);
#4475 = ( BOUNDED_CURVE() B_SPLINE_CURVE(2,(#4476,#4477,#4478,#4479,
#4480,#4481,#4482),.UNSPECIFIED.,.T.,.F.) B_SPLINE_CURVE_WITH_KNOTS((1,2
    ,2,2,2,1),(-2.094395102393,0.,2.094395102393,4.188790204786,
6.28318530718,8.377580409573),.UNSPECIFIED.) CURVE() 
GEOMETRIC_REPRESENTATION_ITEM() RATIONAL_B_SPLINE_CURVE((1.,0.5,1.,0.5,
1.,0.5,1.)) REPRESENTATION_ITEM('') );
#4476 = CARTESIAN_POINT('',(14.491163886649,-19.60383394776));
#4477 = CARTESIAN_POINT('',(14.491163886649,-15.36030946921));
#4478 = CARTESIAN_POINT('',(18.166163886649,-17.48207170849));
#4479 = CARTESIAN_POINT('',(21.841163886649,-19.60383394776));
#4480 = CARTESIAN_POINT('',(18.166163886649,-21.72559618703));
#4481 = CARTESIAN_POINT('',(14.491163886649,-23.8473584263));
#4482 = CARTESIAN_POINT('',(14.491163886649,-19.60383394776));
#4483 = ( GEOMETRIC_REPRESENTATION_CONTEXT(2) 
PARAMETRIC_REPRESENTATION_CONTEXT() REPRESENTATION_CONTEXT('2D SPACE',''
  ) );
#4484 = PCURVE('',#1556,#4485);
#4485 = DEFINITIONAL_REPRESENTATION('',(#4486),#4490);
#4486 = LINE('',#4487,#4488);
#4487 = CARTESIAN_POINT('',(0.,0.));
#4488 = VECTOR('',#4489,1.);
#4489 = DIRECTION('',(1.,0.));
#4490 = ( GEOMETRIC_REPRESENTATION_CONTEXT(2) 
PARAMETRIC_REPRESENTATION_CONTEXT() REPRESENTATION_CONTEXT('2D SPACE',''
  ) );
#4491 = FACE_BOUND('',#4492,.T.);
#4492 = EDGE_LOOP('',(#4493));
#4493 = ORIENTED_EDGE('',*,*,#4494,.T.);
#4494 = EDGE_CURVE('',#4495,#4495,#4497,.T.);
#4495 = VERTEX_POINT('',#4496);
#4496 = CARTESIAN_POINT('',(-2.45,12.7,6.));
#4497 = SURFACE_CURVE('',#4498,(#4503,#4514),.PCURVE_S1.);
#4498 = CIRCLE('',#4499,2.45);
#4499 = AXIS2_PLACEMENT_3D('',#4500,#4501,#4502);
#4500 = CARTESIAN_POINT('',(0.,12.7,6.));
#4501 = DIRECTION('',(0.,0.,-1.));
#4502 = DIRECTION('',(-1.,0.,0.));
#4503 = PCURVE('',#100,#4504);
#4504 = DEFINITIONAL_REPRESENTATION('',(#4505),#4513);
#4505 = ( BOUNDED_CURVE() B_SPLINE_CURVE(2,(#4506,#4507,#4508,#4509,
#4510,#4511,#4512),.UNSPECIFIED.,.T.,.F.) B_SPLINE_CURVE_WITH_KNOTS((1,2
    ,2,2,2,1),(-2.094395102393,0.,2.094395102393,4.188790204786,
6.28318530718,8.377580409573),.UNSPECIFIED.) CURVE() 
GEOMETRIC_REPRESENTATION_ITEM() RATIONAL_B_SPLINE_CURVE((1.,0.5,1.,0.5,
1.,0.5,1.)) REPRESENTATION_ITEM('') );
#4506 = CARTESIAN_POINT('',(1.791163886649,-6.903833947763));
#4507 = CARTESIAN_POINT('',(1.791163886649,-2.660309469219));
#4508 = CARTESIAN_POINT('',(5.466163886649,-4.782071708491));
#4509 = CARTESIAN_POINT('',(9.141163886649,-6.903833947763));
#4510 = CARTESIAN_POINT('',(5.466163886649,-9.025596187035));
#4511 = CARTESIAN_POINT('',(1.791163886649,-11.1473584263));
#4512 = CARTESIAN_POINT('',(1.791163886649,-6.903833947763));
#4513 = ( GEOMETRIC_REPRESENTATION_CONTEXT(2) 
PARAMETRIC_REPRESENTATION_CONTEXT() REPRESENTATION_CONTEXT('2D SPACE',''
  ) );
#4514 = PCURVE('',#1591,#4515);
#4515 = DEFINITIONAL_REPRESENTATION('',(#4516),#4520);
#4516 = LINE('',#4517,#4518);
#4517 = CARTESIAN_POINT('',(0.,0.));
#4518 = VECTOR('',#4519,1.);
#4519 = DIRECTION('',(1.,0.));
#4520 = ( GEOMETRIC_REPRESENTATION_CONTEXT(2) 
PARAMETRIC_REPRESENTATION_CONTEXT() REPRESENTATION_CONTEXT('2D SPACE',''
  ) );
#4521 = FACE_BOUND('',#4522,.T.);
#4522 = EDGE_LOOP('',(#4523));
#4523 = ORIENTED_EDGE('',*,*,#4524,.T.);
#4524 = EDGE_CURVE('',#4525,#4525,#4527,.T.);
#4525 = VERTEX_POINT('',#4526);
#4526 = CARTESIAN_POINT('',(10.25,12.7,6.));
#4527 = SURFACE_CURVE('',#4528,(#4533,#4544),.PCURVE_S1.);
#4528 = CIRCLE('',#4529,2.45);
#4529 = AXIS2_PLACEMENT_3D('',#4530,#4531,#4532);
#4530 = CARTESIAN_POINT('',(12.7,12.7,6.));
#4531 = DIRECTION('',(0.,0.,-1.));
#4532 = DIRECTION('',(-1.,0.,0.));
#4533 = PCURVE('',#100,#4534);
#4534 = DEFINITIONAL_REPRESENTATION('',(#4535),#4543);
#4535 = ( BOUNDED_CURVE() B_SPLINE_CURVE(2,(#4536,#4537,#4538,#4539,
#4540,#4541,#4542),.UNSPECIFIED.,.T.,.F.) B_SPLINE_CURVE_WITH_KNOTS((1,2
    ,2,2,2,1),(-2.094395102393,0.,2.094395102393,4.188790204786,
6.28318530718,8.377580409573),.UNSPECIFIED.) CURVE() 
GEOMETRIC_REPRESENTATION_ITEM() RATIONAL_B_SPLINE_CURVE((1.,0.5,1.,0.5,
1.,0.5,1.)) REPRESENTATION_ITEM('') );
#4536 = CARTESIAN_POINT('',(14.491163886649,-6.903833947763));
#4537 = CARTESIAN_POINT('',(14.491163886649,-2.660309469219));
#4538 = CARTESIAN_POINT('',(18.166163886649,-4.782071708491));
#4539 = CARTESIAN_POINT('',(21.841163886649,-6.903833947763));
#4540 = CARTESIAN_POINT('',(18.166163886649,-9.025596187035));
#4541 = CARTESIAN_POINT('',(14.491163886649,-11.1473584263));
#4542 = CARTESIAN_POINT('',(14.491163886649,-6.903833947763));
#4543 = ( GEOMETRIC_REPRESENTATION_CONTEXT(2) 
PARAMETRIC_REPRESENTATION_CONTEXT() REPRESENTATION_CONTEXT('2D SPACE',''
  ) );
#4544 = PCURVE('',#1626,#4545);
#4545 = DEFINITIONAL_REPRESENTATION('',(#4546),#4550);
#4546 = LINE('',#4547,#4548);
#4547 = CARTESIAN_POINT('',(0.,0.));
#4548 = VECTOR('',#4549,1.);
#4549 = DIRECTION('',(1.,0.));
#4550 = ( GEOMETRIC_REPRESENTATION_CONTEXT(2) 
PARAMETRIC_REPRESENTATION_CONTEXT() REPRESENTATION_CONTEXT('2D SPACE',''
  ) );
#4551 = FACE_BOUND('',#4552,.T.);
#4552 = EDGE_LOOP('',(#4553));
#4553 = ORIENTED_EDGE('',*,*,#4554,.T.);
#4554 = EDGE_CURVE('',#4555,#4555,#4557,.T.);
#4555 = VERTEX_POINT('',#4556);
#4556 = CARTESIAN_POINT('',(22.95,-6.000769315822E-16,6.));
#4557 = SURFACE_CURVE('',#4558,(#4563,#4574),.PCURVE_S1.);
#4558 = CIRCLE('',#4559,2.45);
#4559 = AXIS2_PLACEMENT_3D('',#4560,#4561,#4562);
#4560 = CARTESIAN_POINT('',(25.4,0.,6.));
#4561 = DIRECTION('',(0.,0.,-1.));
#4562 = DIRECTION('',(-1.,0.,0.));
#4563 = PCURVE('',#100,#4564);
#4564 = DEFINITIONAL_REPRESENTATION('',(#4565),#4573);
#4565 = ( BOUNDED_CURVE() B_SPLINE_CURVE(2,(#4566,#4567,#4568,#4569,
#4570,#4571,#4572),.UNSPECIFIED.,.T.,.F.) B_SPLINE_CURVE_WITH_KNOTS((1,2
    ,2,2,2,1),(-2.094395102393,0.,2.094395102393,4.188790204786,
6.28318530718,8.377580409573),.UNSPECIFIED.) CURVE() 
GEOMETRIC_REPRESENTATION_ITEM() RATIONAL_B_SPLINE_CURVE((1.,0.5,1.,0.5,
1.,0.5,1.)) REPRESENTATION_ITEM('') );
#4566 = CARTESIAN_POINT('',(27.191163886649,-19.60383394776));
#4567 = CARTESIAN_POINT('',(27.191163886649,-15.36030946921));
#4568 = CARTESIAN_POINT('',(30.866163886649,-17.48207170849));
#4569 = CARTESIAN_POINT('',(34.541163886649,-19.60383394776));
#4570 = CARTESIAN_POINT('',(30.866163886649,-21.72559618703));
#4571 = CARTESIAN_POINT('',(27.191163886649,-23.8473584263));
#4572 = CARTESIAN_POINT('',(27.191163886649,-19.60383394776));
#4573 = ( GEOMETRIC_REPRESENTATION_CONTEXT(2) 
PARAMETRIC_REPRESENTATION_CONTEXT() REPRESENTATION_CONTEXT('2D SPACE',''
  ) );
#4574 = PCURVE('',#1661,#4575);
#4575 = DEFINITIONAL_REPRESENTATION('',(#4576),#4580);
#4576 = LINE('',#4577,#4578);
#4577 = CARTESIAN_POINT('',(0.,0.));
#4578 = VECTOR('',#4579,1.);
#4579 = DIRECTION('',(1.,0.));
#4580 = ( GEOMETRIC_REPRESENTATION_CONTEXT(2) 
PARAMETRIC_REPRESENTATION_CONTEXT() REPRESENTATION_CONTEXT('2D SPACE',''
  ) );
#4581 = FACE_BOUND('',#4582,.T.);
#4582 = EDGE_LOOP('',(#4583));
#4583 = ORIENTED_EDGE('',*,*,#4584,.T.);
#4584 = EDGE_CURVE('',#4585,#4585,#4587,.T.);
#4585 = VERTEX_POINT('',#4586);
#4586 = CARTESIAN_POINT('',(35.65,-6.000769315822E-16,6.));
#4587 = SURFACE_CURVE('',#4588,(#4593,#4604),.PCURVE_S1.);
#4588 = CIRCLE('',#4589,2.45);
#4589 = AXIS2_PLACEMENT_3D('',#4590,#4591,#4592);
#4590 = CARTESIAN_POINT('',(38.1,0.,6.));
#4591 = DIRECTION('',(0.,0.,-1.));
#4592 = DIRECTION('',(-1.,0.,0.));
#4593 = PCURVE('',#100,#4594);
#4594 = DEFINITIONAL_REPRESENTATION('',(#4595),#4603);
#4595 = ( BOUNDED_CURVE() B_SPLINE_CURVE(2,(#4596,#4597,#4598,#4599,
#4600,#4601,#4602),.UNSPECIFIED.,.T.,.F.) B_SPLINE_CURVE_WITH_KNOTS((1,2
    ,2,2,2,1),(-2.094395102393,0.,2.094395102393,4.188790204786,
6.28318530718,8.377580409573),.UNSPECIFIED.) CURVE() 
GEOMETRIC_REPRESENTATION_ITEM() RATIONAL_B_SPLINE_CURVE((1.,0.5,1.,0.5,
1.,0.5,1.)) REPRESENTATION_ITEM('') );
#4596 = CARTESIAN_POINT('',(39.891163886649,-19.60383394776));
#4597 = CARTESIAN_POINT('',(39.891163886649,-15.36030946921));
#4598 = CARTESIAN_POINT('',(43.566163886649,-17.48207170849));
#4599 = CARTESIAN_POINT('',(47.241163886649,-19.60383394776));
#4600 = CARTESIAN_POINT('',(43.566163886649,-21.72559618703));
#4601 = CARTESIAN_POINT('',(39.891163886649,-23.8473584263));
#4602 = CARTESIAN_POINT('',(39.891163886649,-19.60383394776));
#4603 = ( GEOMETRIC_REPRESENTATION_CONTEXT(2) 
PARAMETRIC_REPRESENTATION_CONTEXT() REPRESENTATION_CONTEXT('2D SPACE',''
  ) );
#4604 = PCURVE('',#1696,#4605);
#4605 = DEFINITIONAL_REPRESENTATION('',(#4606),#4610);
#4606 = LINE('',#4607,#4608);
#4607 = CARTESIAN_POINT('',(0.,0.));
#4608 = VECTOR('',#4609,1.);
#4609 = DIRECTION('',(1.,0.));
#4610 = ( GEOMETRIC_REPRESENTATION_CONTEXT(2) 
PARAMETRIC_REPRESENTATION_CONTEXT() REPRESENTATION_CONTEXT('2D SPACE',''
  ) );
#4611 = FACE_BOUND('',#4612,.T.);
#4612 = EDGE_LOOP('',(#4613));
#4613 = ORIENTED_EDGE('',*,*,#4614,.T.);
#4614 = EDGE_CURVE('',#4615,#4615,#4617,.T.);
#4615 = VERTEX_POINT('',#4616);
#4616 = CARTESIAN_POINT('',(48.35,-6.000769315822E-16,6.));
#4617 = SURFACE_CURVE('',#4618,(#4623,#4634),.PCURVE_S1.);
#4618 = CIRCLE('',#4619,2.45);
#4619 = AXIS2_PLACEMENT_3D('',#4620,#4621,#4622);
#4620 = CARTESIAN_POINT('',(50.8,0.,6.));
#4621 = DIRECTION('',(0.,0.,-1.));
#4622 = DIRECTION('',(-1.,0.,0.));
#4623 = PCURVE('',#100,#4624);
#4624 = DEFINITIONAL_REPRESENTATION('',(#4625),#4633);
#4625 = ( BOUNDED_CURVE() B_SPLINE_CURVE(2,(#4626,#4627,#4628,#4629,
#4630,#4631,#4632),.UNSPECIFIED.,.T.,.F.) B_SPLINE_CURVE_WITH_KNOTS((1,2
    ,2,2,2,1),(-2.094395102393,0.,2.094395102393,4.188790204786,
6.28318530718,8.377580409573),.UNSPECIFIED.) CURVE() 
GEOMETRIC_REPRESENTATION_ITEM() RATIONAL_B_SPLINE_CURVE((1.,0.5,1.,0.5,
1.,0.5,1.)) REPRESENTATION_ITEM('') );
#4626 = CARTESIAN_POINT('',(52.591163886649,-19.60383394776));
#4627 = CARTESIAN_POINT('',(52.591163886649,-15.36030946921));
#4628 = CARTESIAN_POINT('',(56.266163886649,-17.48207170849));
#4629 = CARTESIAN_POINT('',(59.941163886649,-19.60383394776));
#4630 = CARTESIAN_POINT('',(56.266163886649,-21.72559618703));
#4631 = CARTESIAN_POINT('',(52.591163886649,-23.8473584263));
#4632 = CARTESIAN_POINT('',(52.591163886649,-19.60383394776));
#4633 = ( GEOMETRIC_REPRESENTATION_CONTEXT(2) 
PARAMETRIC_REPRESENTATION_CONTEXT() REPRESENTATION_CONTEXT('2D SPACE',''
  ) );
#4634 = PCURVE('',#1731,#4635);
#4635 = DEFINITIONAL_REPRESENTATION('',(#4636),#4640);
#4636 = LINE('',#4637,#4638);
#4637 = CARTESIAN_POINT('',(0.,0.));
#4638 = VECTOR('',#4639,1.);
#4639 = DIRECTION('',(1.,0.));
#4640 = ( GEOMETRIC_REPRESENTATION_CONTEXT(2) 
PARAMETRIC_REPRESENTATION_CONTEXT() REPRESENTATION_CONTEXT('2D SPACE',''
  ) );
#4641 = FACE_BOUND('',#4642,.T.);
#4642 = EDGE_LOOP('',(#4643));
#4643 = ORIENTED_EDGE('',*,*,#4644,.T.);
#4644 = EDGE_CURVE('',#4645,#4645,#4647,.T.);
#4645 = VERTEX_POINT('',#4646);
#4646 = CARTESIAN_POINT('',(22.95,12.7,6.));
#4647 = SURFACE_CURVE('',#4648,(#4653,#4664),.PCURVE_S1.);
#4648 = CIRCLE('',#4649,2.45);
#4649 = AXIS2_PLACEMENT_3D('',#4650,#4651,#4652);
#4650 = CARTESIAN_POINT('',(25.4,12.7,6.));
#4651 = DIRECTION('',(0.,0.,-1.));
#4652 = DIRECTION('',(-1.,0.,0.));
#4653 = PCURVE('',#100,#4654);
#4654 = DEFINITIONAL_REPRESENTATION('',(#4655),#4663);
#4655 = ( BOUNDED_CURVE() B_SPLINE_CURVE(2,(#4656,#4657,#4658,#4659,
#4660,#4661,#4662),.UNSPECIFIED.,.T.,.F.) B_SPLINE_CURVE_WITH_KNOTS((1,2
    ,2,2,2,1),(-2.094395102393,0.,2.094395102393,4.188790204786,
6.28318530718,8.377580409573),.UNSPECIFIED.) CURVE() 
GEOMETRIC_REPRESENTATION_ITEM() RATIONAL_B_SPLINE_CURVE((1.,0.5,1.,0.5,
1.,0.5,1.)) REPRESENTATION_ITEM('') );
#4656 = CARTESIAN_POINT('',(27.191163886649,-6.903833947763));
#4657 = CARTESIAN_POINT('',(27.191163886649,-2.660309469219));
#4658 = CARTESIAN_POINT('',(30.866163886649,-4.782071708491));
#4659 = CARTESIAN_POINT('',(34.541163886649,-6.903833947763));
#4660 = CARTESIAN_POINT('',(30.866163886649,-9.025596187035));
#4661 = CARTESIAN_POINT('',(27.191163886649,-11.1473584263));
#4662 = CARTESIAN_POINT('',(27.191163886649,-6.903833947763));
#4663 = ( GEOMETRIC_REPRESENTATION_CONTEXT(2) 
PARAMETRIC_REPRESENTATION_CONTEXT() REPRESENTATION_CONTEXT('2D SPACE',''
  ) );
#4664 = PCURVE('',#1766,#4665);
#4665 = DEFINITIONAL_REPRESENTATION('',(#4666),#4670);
#4666 = LINE('',#4667,#4668);
#4667 = CARTESIAN_POINT('',(0.,0.));
#4668 = VECTOR('',#4669,1.);
#4669 = DIRECTION('',(1.,0.));
#4670 = ( GEOMETRIC_REPRESENTATION_CONTEXT(2) 
PARAMETRIC_REPRESENTATION_CONTEXT() REPRESENTATION_CONTEXT('2D SPACE',''
  ) );
#4671 = FACE_BOUND('',#4672,.T.);
#4672 = EDGE_LOOP('',(#4673));
#4673 = ORIENTED_EDGE('',*,*,#4674,.T.);
#4674 = EDGE_CURVE('',#4675,#4675,#4677,.T.);
#4675 = VERTEX_POINT('',#4676);
#4676 = CARTESIAN_POINT('',(35.65,12.7,6.));
#4677 = SURFACE_CURVE('',#4678,(#4683,#4694),.PCURVE_S1.);
#4678 = CIRCLE('',#4679,2.45);
#4679 = AXIS2_PLACEMENT_3D('',#4680,#4681,#4682);
#4680 = CARTESIAN_POINT('',(38.1,12.7,6.));
#4681 = DIRECTION('',(0.,0.,-1.));
#4682 = DIRECTION('',(-1.,0.,0.));
#4683 = PCURVE('',#100,#4684);
#4684 = DEFINITIONAL_REPRESENTATION('',(#4685),#4693);
#4685 = ( BOUNDED_CURVE() B_SPLINE_CURVE(2,(#4686,#4687,#4688,#4689,
#4690,#4691,#4692),.UNSPECIFIED.,.T.,.F.) B_SPLINE_CURVE_WITH_KNOTS((1,2
    ,2,2,2,1),(-2.094395102393,0.,2.094395102393,4.188790204786,
6.28318530718,8.377580409573),.UNSPECIFIED.) CURVE() 
GEOMETRIC_REPRESENTATION_ITEM() RATIONAL_B_SPLINE_CURVE((1.,0.5,1.,0.5,
1.,0.5,1.)) REPRESENTATION_ITEM('') );
#4686 = CARTESIAN_POINT('',(39.891163886649,-6.903833947763));
#4687 = CARTESIAN_POINT('',(39.891163886649,-2.660309469219));
#4688 = CARTESIAN_POINT('',(43.566163886649,-4.782071708491));
#4689 = CARTESIAN_POINT('',(47.241163886649,-6.903833947763));
#4690 = CARTESIAN_POINT('',(43.566163886649,-9.025596187035));
#4691 = CARTESIAN_POINT('',(39.891163886649,-11.1473584263));
#4692 = CARTESIAN_POINT('',(39.891163886649,-6.903833947763));
#4693 = ( GEOMETRIC_REPRESENTATION_CONTEXT(2) 
PARAMETRIC_REPRESENTATION_CONTEXT() REPRESENTATION_CONTEXT('2D SPACE',''
  ) );
#4694 = PCURVE('',#1801,#4695);
#4695 = DEFINITIONAL_REPRESENTATION('',(#4696),#4700);
#4696 = LINE('',#4697,#4698);
#4697 = CARTESIAN_POINT('',(0.,0.));
#4698 = VECTOR('',#4699,1.);
#4699 = DIRECTION('',(1.,0.));
#4700 = ( GEOMETRIC_REPRESENTATION_CONTEXT(2) 
PARAMETRIC_REPRESENTATION_CONTEXT() REPRESENTATION_CONTEXT('2D SPACE',''
  ) );
#4701 = FACE_BOUND('',#4702,.T.);
#4702 = EDGE_LOOP('',(#4703));
#4703 = ORIENTED_EDGE('',*,*,#4704,.T.);
#4704 = EDGE_CURVE('',#4705,#4705,#4707,.T.);
#4705 = VERTEX_POINT('',#4706);
#4706 = CARTESIAN_POINT('',(48.35,12.7,6.));
#4707 = SURFACE_CURVE('',#4708,(#4713,#4724),.PCURVE_S1.);
#4708 = CIRCLE('',#4709,2.45);
#4709 = AXIS2_PLACEMENT_3D('',#4710,#4711,#4712);
#4710 = CARTESIAN_POINT('',(50.8,12.7,6.));
#4711 = DIRECTION('',(0.,0.,-1.));
#4712 = DIRECTION('',(-1.,0.,0.));
#4713 = PCURVE('',#100,#4714);
#4714 = DEFINITIONAL_REPRESENTATION('',(#4715),#4723);
#4715 = ( BOUNDED_CURVE() B_SPLINE_CURVE(2,(#4716,#4717,#4718,#4719,
#4720,#4721,#4722),.UNSPECIFIED.,.T.,.F.) B_SPLINE_CURVE_WITH_KNOTS((1,2
    ,2,2,2,1),(-2.094395102393,0.,2.094395102393,4.188790204786,
6.28318530718,8.377580409573),.UNSPECIFIED.) CURVE() 
GEOMETRIC_REPRESENTATION_ITEM() RATIONAL_B_SPLINE_CURVE((1.,0.5,1.,0.5,
1.,0.5,1.)) REPRESENTATION_ITEM('') );
#4716 = CARTESIAN_POINT('',(52.591163886649,-6.903833947763));
#4717 = CARTESIAN_POINT('',(52.591163886649,-2.660309469219));
#4718 = CARTESIAN_POINT('',(56.266163886649,-4.782071708491));
#4719 = CARTESIAN_POINT('',(59.941163886649,-6.903833947763));
#4720 = CARTESIAN_POINT('',(56.266163886649,-9.025596187035));
#4721 = CARTESIAN_POINT('',(52.591163886649,-11.1473584263));
#4722 = CARTESIAN_POINT('',(52.591163886649,-6.903833947763));
#4723 = ( GEOMETRIC_REPRESENTATION_CONTEXT(2) 
PARAMETRIC_REPRESENTATION_CONTEXT() REPRESENTATION_CONTEXT('2D SPACE',''
  ) );
#4724 = PCURVE('',#1836,#4725);
#4725 = DEFINITIONAL_REPRESENTATION('',(#4726),#4730);
#4726 = LINE('',#4727,#4728);
#4727 = CARTESIAN_POINT('',(0.,0.));
#4728 = VECTOR('',#4729,1.);
#4729 = DIRECTION('',(1.,0.));
#4730 = ( GEOMETRIC_REPRESENTATION_CONTEXT(2) 
PARAMETRIC_REPRESENTATION_CONTEXT() REPRESENTATION_CONTEXT('2D SPACE',''
  ) );
#4731 = FACE_BOUND('',#4732,.T.);
#4732 = EDGE_LOOP('',(#4733));
#4733 = ORIENTED_EDGE('',*,*,#4734,.T.);
#4734 = EDGE_CURVE('',#4735,#4735,#4737,.T.);
#4735 = VERTEX_POINT('',#4736);
#4736 = CARTESIAN_POINT('',(-65.95,25.4,6.));
#4737 = SURFACE_CURVE('',#4738,(#4743,#4754),.PCURVE_S1.);
#4738 = CIRCLE('',#4739,2.45);
#4739 = AXIS2_PLACEMENT_3D('',#4740,#4741,#4742);
#4740 = CARTESIAN_POINT('',(-63.5,25.4,6.));
#4741 = DIRECTION('',(0.,0.,-1.));
#4742 = DIRECTION('',(-1.,0.,0.));
#4743 = PCURVE('',#100,#4744);
#4744 = DEFINITIONAL_REPRESENTATION('',(#4745),#4753);
#4745 = ( BOUNDED_CURVE() B_SPLINE_CURVE(2,(#4746,#4747,#4748,#4749,
#4750,#4751,#4752),.UNSPECIFIED.,.T.,.F.) B_SPLINE_CURVE_WITH_KNOTS((1,2
    ,2,2,2,1),(-2.094395102393,0.,2.094395102393,4.188790204786,
6.28318530718,8.377580409573),.UNSPECIFIED.) CURVE() 
GEOMETRIC_REPRESENTATION_ITEM() RATIONAL_B_SPLINE_CURVE((1.,0.5,1.,0.5,
1.,0.5,1.)) REPRESENTATION_ITEM('') );
#4746 = CARTESIAN_POINT('',(-61.70883611335,5.796166052237));
#4747 = CARTESIAN_POINT('',(-61.70883611335,10.039690530781));
#4748 = CARTESIAN_POINT('',(-58.03383611335,7.917928291509));
#4749 = CARTESIAN_POINT('',(-54.35883611335,5.796166052237));
#4750 = CARTESIAN_POINT('',(-58.03383611335,3.674403812965));
#4751 = CARTESIAN_POINT('',(-61.70883611335,1.552641573693));
#4752 = CARTESIAN_POINT('',(-61.70883611335,5.796166052237));
#4753 = ( GEOMETRIC_REPRESENTATION_CONTEXT(2) 
PARAMETRIC_REPRESENTATION_CONTEXT() REPRESENTATION_CONTEXT('2D SPACE',''
  ) );
#4754 = PCURVE('',#1871,#4755);
#4755 = DEFINITIONAL_REPRESENTATION('',(#4756),#4760);
#4756 = LINE('',#4757,#4758);
#4757 = CARTESIAN_POINT('',(0.,0.));
#4758 = VECTOR('',#4759,1.);
#4759 = DIRECTION('',(1.,0.));
#4760 = ( GEOMETRIC_REPRESENTATION_CONTEXT(2) 
PARAMETRIC_REPRESENTATION_CONTEXT() REPRESENTATION_CONTEXT('2D SPACE',''
  ) );
#4761 = FACE_BOUND('',#4762,.T.);
#4762 = EDGE_LOOP('',(#4763));
#4763 = ORIENTED_EDGE('',*,*,#4764,.T.);
#4764 = EDGE_CURVE('',#4765,#4765,#4767,.T.);
#4765 = VERTEX_POINT('',#4766);
#4766 = CARTESIAN_POINT('',(-65.95,38.1,6.));
#4767 = SURFACE_CURVE('',#4768,(#4773,#4784),.PCURVE_S1.);
#4768 = CIRCLE('',#4769,2.45);
#4769 = AXIS2_PLACEMENT_3D('',#4770,#4771,#4772);
#4770 = CARTESIAN_POINT('',(-63.5,38.1,6.));
#4771 = DIRECTION('',(0.,0.,-1.));
#4772 = DIRECTION('',(-1.,0.,0.));
#4773 = PCURVE('',#100,#4774);
#4774 = DEFINITIONAL_REPRESENTATION('',(#4775),#4783);
#4775 = ( BOUNDED_CURVE() B_SPLINE_CURVE(2,(#4776,#4777,#4778,#4779,
#4780,#4781,#4782),.UNSPECIFIED.,.T.,.F.) B_SPLINE_CURVE_WITH_KNOTS((1,2
    ,2,2,2,1),(-2.094395102393,0.,2.094395102393,4.188790204786,
6.28318530718,8.377580409573),.UNSPECIFIED.) CURVE() 
GEOMETRIC_REPRESENTATION_ITEM() RATIONAL_B_SPLINE_CURVE((1.,0.5,1.,0.5,
1.,0.5,1.)) REPRESENTATION_ITEM('') );
#4776 = CARTESIAN_POINT('',(-61.70883611335,18.496166052237));
#4777 = CARTESIAN_POINT('',(-61.70883611335,22.739690530781));
#4778 = CARTESIAN_POINT('',(-58.03383611335,20.617928291509));
#4779 = CARTESIAN_POINT('',(-54.35883611335,18.496166052237));
#4780 = CARTESIAN_POINT('',(-58.03383611335,16.374403812965));
#4781 = CARTESIAN_POINT('',(-61.70883611335,14.252641573693));
#4782 = CARTESIAN_POINT('',(-61.70883611335,18.496166052237));
#4783 = ( GEOMETRIC_REPRESENTATION_CONTEXT(2) 
PARAMETRIC_REPRESENTATION_CONTEXT() REPRESENTATION_CONTEXT('2D SPACE',''
  ) );
#4784 = PCURVE('',#1906,#4785);
#4785 = DEFINITIONAL_REPRESENTATION('',(#4786),#4790);
#4786 = LINE('',#4787,#4788);
#4787 = CARTESIAN_POINT('',(0.,0.));
#4788 = VECTOR('',#4789,1.);
#4789 = DIRECTION('',(1.,0.));
#4790 = ( GEOMETRIC_REPRESENTATION_CONTEXT(2) 
PARAMETRIC_REPRESENTATION_CONTEXT() REPRESENTATION_CONTEXT('2D SPACE',''
  ) );
#4791 = FACE_BOUND('',#4792,.T.);
#4792 = EDGE_LOOP('',(#4793));
#4793 = ORIENTED_EDGE('',*,*,#4794,.T.);
#4794 = EDGE_CURVE('',#4795,#4795,#4797,.T.);
#4795 = VERTEX_POINT('',#4796);
#4796 = CARTESIAN_POINT('',(-53.25,25.4,6.));
#4797 = SURFACE_CURVE('',#4798,(#4803,#4814),.PCURVE_S1.);
#4798 = CIRCLE('',#4799,2.45);
#4799 = AXIS2_PLACEMENT_3D('',#4800,#4801,#4802);
#4800 = CARTESIAN_POINT('',(-50.8,25.4,6.));
#4801 = DIRECTION('',(0.,0.,-1.));
#4802 = DIRECTION('',(-1.,0.,0.));
#4803 = PCURVE('',#100,#4804);
#4804 = DEFINITIONAL_REPRESENTATION('',(#4805),#4813);
#4805 = ( BOUNDED_CURVE() B_SPLINE_CURVE(2,(#4806,#4807,#4808,#4809,
#4810,#4811,#4812),.UNSPECIFIED.,.T.,.F.) B_SPLINE_CURVE_WITH_KNOTS((1,2
    ,2,2,2,1),(-2.094395102393,0.,2.094395102393,4.188790204786,
6.28318530718,8.377580409573),.UNSPECIFIED.) CURVE() 
GEOMETRIC_REPRESENTATION_ITEM() RATIONAL_B_SPLINE_CURVE((1.,0.5,1.,0.5,
1.,0.5,1.)) REPRESENTATION_ITEM('') );
#4806 = CARTESIAN_POINT('',(-49.00883611335,5.796166052237));
#4807 = CARTESIAN_POINT('',(-49.00883611335,10.039690530781));
#4808 = CARTESIAN_POINT('',(-45.33383611335,7.917928291509));
#4809 = CARTESIAN_POINT('',(-41.65883611335,5.796166052237));
#4810 = CARTESIAN_POINT('',(-45.33383611335,3.674403812965));
#4811 = CARTESIAN_POINT('',(-49.00883611335,1.552641573693));
#4812 = CARTESIAN_POINT('',(-49.00883611335,5.796166052237));
#4813 = ( GEOMETRIC_REPRESENTATION_CONTEXT(2) 
PARAMETRIC_REPRESENTATION_CONTEXT() REPRESENTATION_CONTEXT('2D SPACE',''
  ) );
#4814 = PCURVE('',#1941,#4815);
#4815 = DEFINITIONAL_REPRESENTATION('',(#4816),#4820);
#4816 = LINE('',#4817,#4818);
#4817 = CARTESIAN_POINT('',(0.,0.));
#4818 = VECTOR('',#4819,1.);
#4819 = DIRECTION('',(1.,0.));
#4820 = ( GEOMETRIC_REPRESENTATION_CONTEXT(2) 
PARAMETRIC_REPRESENTATION_CONTEXT() REPRESENTATION_CONTEXT('2D SPACE',''
  ) );
#4821 = FACE_BOUND('',#4822,.T.);
#4822 = EDGE_LOOP('',(#4823));
#4823 = ORIENTED_EDGE('',*,*,#4824,.T.);
#4824 = EDGE_CURVE('',#4825,#4825,#4827,.T.);
#4825 = VERTEX_POINT('',#4826);
#4826 = CARTESIAN_POINT('',(-46.1,25.4,6.));
#4827 = SURFACE_CURVE('',#4828,(#4833,#4844),.PCURVE_S1.);
#4828 = CIRCLE('',#4829,8.);
#4829 = AXIS2_PLACEMENT_3D('',#4830,#4831,#4832);
#4830 = CARTESIAN_POINT('',(-38.1,25.4,6.));
#4831 = DIRECTION('',(0.,0.,-1.));
#4832 = DIRECTION('',(-1.,0.,0.));
#4833 = PCURVE('',#100,#4834);
#4834 = DEFINITIONAL_REPRESENTATION('',(#4835),#4843);
#4835 = ( BOUNDED_CURVE() B_SPLINE_CURVE(2,(#4836,#4837,#4838,#4839,
#4840,#4841,#4842),.UNSPECIFIED.,.T.,.F.) B_SPLINE_CURVE_WITH_KNOTS((1,2
    ,2,2,2,1),(-2.094395102393,0.,2.094395102393,4.188790204786,
6.28318530718,8.377580409573),.UNSPECIFIED.) CURVE() 
GEOMETRIC_REPRESENTATION_ITEM() RATIONAL_B_SPLINE_CURVE((1.,0.5,1.,0.5,
1.,0.5,1.)) REPRESENTATION_ITEM('') );
#4836 = CARTESIAN_POINT('',(-41.85883611335,5.796166052237));
#4837 = CARTESIAN_POINT('',(-41.85883611335,19.652572512788));
#4838 = CARTESIAN_POINT('',(-29.85883611335,12.724369282513));
#4839 = CARTESIAN_POINT('',(-17.85883611335,5.796166052237));
#4840 = CARTESIAN_POINT('',(-29.85883611335,-1.132037178038));
#4841 = CARTESIAN_POINT('',(-41.85883611335,-8.060240408314));
#4842 = CARTESIAN_POINT('',(-41.85883611335,5.796166052237));
#4843 = ( GEOMETRIC_REPRESENTATION_CONTEXT(2) 
PARAMETRIC_REPRESENTATION_CONTEXT() REPRESENTATION_CONTEXT('2D SPACE',''
  ) );
#4844 = PCURVE('',#1976,#4845);
#4845 = DEFINITIONAL_REPRESENTATION('',(#4846),#4850);
#4846 = LINE('',#4847,#4848);
#4847 = CARTESIAN_POINT('',(0.,0.));
#4848 = VECTOR('',#4849,1.);
#4849 = DIRECTION('',(1.,0.));
#4850 = ( GEOMETRIC_REPRESENTATION_CONTEXT(2) 
PARAMETRIC_REPRESENTATION_CONTEXT() REPRESENTATION_CONTEXT('2D SPACE',''
  ) );
#4851 = FACE_BOUND('',#4852,.T.);
#4852 = EDGE_LOOP('',(#4853));
#4853 = ORIENTED_EDGE('',*,*,#4854,.T.);
#4854 = EDGE_CURVE('',#4855,#4855,#4857,.T.);
#4855 = VERTEX_POINT('',#4856);
#4856 = CARTESIAN_POINT('',(-53.25,38.1,6.));
#4857 = SURFACE_CURVE('',#4858,(#4863,#4874),.PCURVE_S1.);
#4858 = CIRCLE('',#4859,2.45);
#4859 = AXIS2_PLACEMENT_3D('',#4860,#4861,#4862);
#4860 = CARTESIAN_POINT('',(-50.8,38.1,6.));
#4861 = DIRECTION('',(0.,0.,-1.));
#4862 = DIRECTION('',(-1.,0.,0.));
#4863 = PCURVE('',#100,#4864);
#4864 = DEFINITIONAL_REPRESENTATION('',(#4865),#4873);
#4865 = ( BOUNDED_CURVE() B_SPLINE_CURVE(2,(#4866,#4867,#4868,#4869,
#4870,#4871,#4872),.UNSPECIFIED.,.T.,.F.) B_SPLINE_CURVE_WITH_KNOTS((1,2
    ,2,2,2,1),(-2.094395102393,0.,2.094395102393,4.188790204786,
6.28318530718,8.377580409573),.UNSPECIFIED.) CURVE() 
GEOMETRIC_REPRESENTATION_ITEM() RATIONAL_B_SPLINE_CURVE((1.,0.5,1.,0.5,
1.,0.5,1.)) REPRESENTATION_ITEM('') );
#4866 = CARTESIAN_POINT('',(-49.00883611335,18.496166052237));
#4867 = CARTESIAN_POINT('',(-49.00883611335,22.739690530781));
#4868 = CARTESIAN_POINT('',(-45.33383611335,20.617928291509));
#4869 = CARTESIAN_POINT('',(-41.65883611335,18.496166052237));
#4870 = CARTESIAN_POINT('',(-45.33383611335,16.374403812965));
#4871 = CARTESIAN_POINT('',(-49.00883611335,14.252641573693));
#4872 = CARTESIAN_POINT('',(-49.00883611335,18.496166052237));
#4873 = ( GEOMETRIC_REPRESENTATION_CONTEXT(2) 
PARAMETRIC_REPRESENTATION_CONTEXT() REPRESENTATION_CONTEXT('2D SPACE',''
  ) );
#4874 = PCURVE('',#2011,#4875);
#4875 = DEFINITIONAL_REPRESENTATION('',(#4876),#4880);
#4876 = LINE('',#4877,#4878);
#4877 = CARTESIAN_POINT('',(0.,0.));
#4878 = VECTOR('',#4879,1.);
#4879 = DIRECTION('',(1.,0.));
#4880 = ( GEOMETRIC_REPRESENTATION_CONTEXT(2) 
PARAMETRIC_REPRESENTATION_CONTEXT() REPRESENTATION_CONTEXT('2D SPACE',''
  ) );
#4881 = FACE_BOUND('',#4882,.T.);
#4882 = EDGE_LOOP('',(#4883));
#4883 = ORIENTED_EDGE('',*,*,#4884,.T.);
#4884 = EDGE_CURVE('',#4885,#4885,#4887,.T.);
#4885 = VERTEX_POINT('',#4886);
#4886 = CARTESIAN_POINT('',(-40.55,38.1,6.));
#4887 = SURFACE_CURVE('',#4888,(#4893,#4904),.PCURVE_S1.);
#4888 = CIRCLE('',#4889,2.45);
#4889 = AXIS2_PLACEMENT_3D('',#4890,#4891,#4892);
#4890 = CARTESIAN_POINT('',(-38.1,38.1,6.));
#4891 = DIRECTION('',(0.,0.,-1.));
#4892 = DIRECTION('',(-1.,0.,0.));
#4893 = PCURVE('',#100,#4894);
#4894 = DEFINITIONAL_REPRESENTATION('',(#4895),#4903);
#4895 = ( BOUNDED_CURVE() B_SPLINE_CURVE(2,(#4896,#4897,#4898,#4899,
#4900,#4901,#4902),.UNSPECIFIED.,.T.,.F.) B_SPLINE_CURVE_WITH_KNOTS((1,2
    ,2,2,2,1),(-2.094395102393,0.,2.094395102393,4.188790204786,
6.28318530718,8.377580409573),.UNSPECIFIED.) CURVE() 
GEOMETRIC_REPRESENTATION_ITEM() RATIONAL_B_SPLINE_CURVE((1.,0.5,1.,0.5,
1.,0.5,1.)) REPRESENTATION_ITEM('') );
#4896 = CARTESIAN_POINT('',(-36.30883611335,18.496166052237));
#4897 = CARTESIAN_POINT('',(-36.30883611335,22.739690530781));
#4898 = CARTESIAN_POINT('',(-32.63383611335,20.617928291509));
#4899 = CARTESIAN_POINT('',(-28.95883611335,18.496166052237));
#4900 = CARTESIAN_POINT('',(-32.63383611335,16.374403812965));
#4901 = CARTESIAN_POINT('',(-36.30883611335,14.252641573693));
#4902 = CARTESIAN_POINT('',(-36.30883611335,18.496166052237));
#4903 = ( GEOMETRIC_REPRESENTATION_CONTEXT(2) 
PARAMETRIC_REPRESENTATION_CONTEXT() REPRESENTATION_CONTEXT('2D SPACE',''
  ) );
#4904 = PCURVE('',#2046,#4905);
#4905 = DEFINITIONAL_REPRESENTATION('',(#4906),#4910);
#4906 = LINE('',#4907,#4908);
#4907 = CARTESIAN_POINT('',(0.,0.));
#4908 = VECTOR('',#4909,1.);
#4909 = DIRECTION('',(1.,0.));
#4910 = ( GEOMETRIC_REPRESENTATION_CONTEXT(2) 
PARAMETRIC_REPRESENTATION_CONTEXT() REPRESENTATION_CONTEXT('2D SPACE',''
  ) );
#4911 = FACE_BOUND('',#4912,.T.);
#4912 = EDGE_LOOP('',(#4913));
#4913 = ORIENTED_EDGE('',*,*,#4914,.T.);
#4914 = EDGE_CURVE('',#4915,#4915,#4917,.T.);
#4915 = VERTEX_POINT('',#4916);
#4916 = CARTESIAN_POINT('',(-53.25,50.8,6.));
#4917 = SURFACE_CURVE('',#4918,(#4923,#4934),.PCURVE_S1.);
#4918 = CIRCLE('',#4919,2.45);
#4919 = AXIS2_PLACEMENT_3D('',#4920,#4921,#4922);
#4920 = CARTESIAN_POINT('',(-50.8,50.8,6.));
#4921 = DIRECTION('',(0.,0.,-1.));
#4922 = DIRECTION('',(-1.,0.,0.));
#4923 = PCURVE('',#100,#4924);
#4924 = DEFINITIONAL_REPRESENTATION('',(#4925),#4933);
#4925 = ( BOUNDED_CURVE() B_SPLINE_CURVE(2,(#4926,#4927,#4928,#4929,
#4930,#4931,#4932),.UNSPECIFIED.,.T.,.F.) B_SPLINE_CURVE_WITH_KNOTS((1,2
    ,2,2,2,1),(-2.094395102393,0.,2.094395102393,4.188790204786,
6.28318530718,8.377580409573),.UNSPECIFIED.) CURVE() 
GEOMETRIC_REPRESENTATION_ITEM() RATIONAL_B_SPLINE_CURVE((1.,0.5,1.,0.5,
1.,0.5,1.)) REPRESENTATION_ITEM('') );
#4926 = CARTESIAN_POINT('',(-49.00883611335,31.196166052237));
#4927 = CARTESIAN_POINT('',(-49.00883611335,35.439690530781));
#4928 = CARTESIAN_POINT('',(-45.33383611335,33.317928291509));
#4929 = CARTESIAN_POINT('',(-41.65883611335,31.196166052237));
#4930 = CARTESIAN_POINT('',(-45.33383611335,29.074403812965));
#4931 = CARTESIAN_POINT('',(-49.00883611335,26.952641573693));
#4932 = CARTESIAN_POINT('',(-49.00883611335,31.196166052237));
#4933 = ( GEOMETRIC_REPRESENTATION_CONTEXT(2) 
PARAMETRIC_REPRESENTATION_CONTEXT() REPRESENTATION_CONTEXT('2D SPACE',''
  ) );
#4934 = PCURVE('',#2081,#4935);
#4935 = DEFINITIONAL_REPRESENTATION('',(#4936),#4940);
#4936 = LINE('',#4937,#4938);
#4937 = CARTESIAN_POINT('',(0.,0.));
#4938 = VECTOR('',#4939,1.);
#4939 = DIRECTION('',(1.,0.));
#4940 = ( GEOMETRIC_REPRESENTATION_CONTEXT(2) 
PARAMETRIC_REPRESENTATION_CONTEXT() REPRESENTATION_CONTEXT('2D SPACE',''
  ) );
#4941 = FACE_BOUND('',#4942,.T.);
#4942 = EDGE_LOOP('',(#4943));
#4943 = ORIENTED_EDGE('',*,*,#4944,.T.);
#4944 = EDGE_CURVE('',#4945,#4945,#4947,.T.);
#4945 = VERTEX_POINT('',#4946);
#4946 = CARTESIAN_POINT('',(-40.55,50.8,6.));
#4947 = SURFACE_CURVE('',#4948,(#4953,#4964),.PCURVE_S1.);
#4948 = CIRCLE('',#4949,2.45);
#4949 = AXIS2_PLACEMENT_3D('',#4950,#4951,#4952);
#4950 = CARTESIAN_POINT('',(-38.1,50.8,6.));
#4951 = DIRECTION('',(0.,0.,-1.));
#4952 = DIRECTION('',(-1.,0.,0.));
#4953 = PCURVE('',#100,#4954);
#4954 = DEFINITIONAL_REPRESENTATION('',(#4955),#4963);
#4955 = ( BOUNDED_CURVE() B_SPLINE_CURVE(2,(#4956,#4957,#4958,#4959,
#4960,#4961,#4962),.UNSPECIFIED.,.T.,.F.) B_SPLINE_CURVE_WITH_KNOTS((1,2
    ,2,2,2,1),(-2.094395102393,0.,2.094395102393,4.188790204786,
6.28318530718,8.377580409573),.UNSPECIFIED.) CURVE() 
GEOMETRIC_REPRESENTATION_ITEM() RATIONAL_B_SPLINE_CURVE((1.,0.5,1.,0.5,
1.,0.5,1.)) REPRESENTATION_ITEM('') );
#4956 = CARTESIAN_POINT('',(-36.30883611335,31.196166052237));
#4957 = CARTESIAN_POINT('',(-36.30883611335,35.439690530781));
#4958 = CARTESIAN_POINT('',(-32.63383611335,33.317928291509));
#4959 = CARTESIAN_POINT('',(-28.95883611335,31.196166052237));
#4960 = CARTESIAN_POINT('',(-32.63383611335,29.074403812965));
#4961 = CARTESIAN_POINT('',(-36.30883611335,26.952641573693));
#4962 = CARTESIAN_POINT('',(-36.30883611335,31.196166052237));
#4963 = ( GEOMETRIC_REPRESENTATION_CONTEXT(2) 
PARAMETRIC_REPRESENTATION_CONTEXT() REPRESENTATION_CONTEXT('2D SPACE',''
  ) );
#4964 = PCURVE('',#2116,#4965);
#4965 = DEFINITIONAL_REPRESENTATION('',(#4966),#4970);
#4966 = LINE('',#4967,#4968);
#4967 = CARTESIAN_POINT('',(0.,0.));
#4968 = VECTOR('',#4969,1.);
#4969 = DIRECTION('',(1.,0.));
#4970 = ( GEOMETRIC_REPRESENTATION_CONTEXT(2) 
PARAMETRIC_REPRESENTATION_CONTEXT() REPRESENTATION_CONTEXT('2D SPACE',''
  ) );
#4971 = FACE_BOUND('',#4972,.T.);
#4972 = EDGE_LOOP('',(#4973));
#4973 = ORIENTED_EDGE('',*,*,#4974,.T.);
#4974 = EDGE_CURVE('',#4975,#4975,#4977,.T.);
#4975 = VERTEX_POINT('',#4976);
#4976 = CARTESIAN_POINT('',(-27.85,25.4,6.));
#4977 = SURFACE_CURVE('',#4978,(#4983,#4994),.PCURVE_S1.);
#4978 = CIRCLE('',#4979,2.45);
#4979 = AXIS2_PLACEMENT_3D('',#4980,#4981,#4982);
#4980 = CARTESIAN_POINT('',(-25.4,25.4,6.));
#4981 = DIRECTION('',(0.,0.,-1.));
#4982 = DIRECTION('',(-1.,0.,0.));
#4983 = PCURVE('',#100,#4984);
#4984 = DEFINITIONAL_REPRESENTATION('',(#4985),#4993);
#4985 = ( BOUNDED_CURVE() B_SPLINE_CURVE(2,(#4986,#4987,#4988,#4989,
#4990,#4991,#4992),.UNSPECIFIED.,.T.,.F.) B_SPLINE_CURVE_WITH_KNOTS((1,2
    ,2,2,2,1),(-2.094395102393,0.,2.094395102393,4.188790204786,
6.28318530718,8.377580409573),.UNSPECIFIED.) CURVE() 
GEOMETRIC_REPRESENTATION_ITEM() RATIONAL_B_SPLINE_CURVE((1.,0.5,1.,0.5,
1.,0.5,1.)) REPRESENTATION_ITEM('') );
#4986 = CARTESIAN_POINT('',(-23.60883611335,5.796166052237));
#4987 = CARTESIAN_POINT('',(-23.60883611335,10.039690530781));
#4988 = CARTESIAN_POINT('',(-19.93383611335,7.917928291509));
#4989 = CARTESIAN_POINT('',(-16.25883611335,5.796166052237));
#4990 = CARTESIAN_POINT('',(-19.93383611335,3.674403812965));
#4991 = CARTESIAN_POINT('',(-23.60883611335,1.552641573693));
#4992 = CARTESIAN_POINT('',(-23.60883611335,5.796166052237));
#4993 = ( GEOMETRIC_REPRESENTATION_CONTEXT(2) 
PARAMETRIC_REPRESENTATION_CONTEXT() REPRESENTATION_CONTEXT('2D SPACE',''
  ) );
#4994 = PCURVE('',#2151,#4995);
#4995 = DEFINITIONAL_REPRESENTATION('',(#4996),#5000);
#4996 = LINE('',#4997,#4998);
#4997 = CARTESIAN_POINT('',(0.,0.));
#4998 = VECTOR('',#4999,1.);
#4999 = DIRECTION('',(1.,0.));
#5000 = ( GEOMETRIC_REPRESENTATION_CONTEXT(2) 
PARAMETRIC_REPRESENTATION_CONTEXT() REPRESENTATION_CONTEXT('2D SPACE',''
  ) );
#5001 = FACE_BOUND('',#5002,.T.);
#5002 = EDGE_LOOP('',(#5003));
#5003 = ORIENTED_EDGE('',*,*,#5004,.T.);
#5004 = EDGE_CURVE('',#5005,#5005,#5007,.T.);
#5005 = VERTEX_POINT('',#5006);
#5006 = CARTESIAN_POINT('',(-27.85,38.1,6.));
#5007 = SURFACE_CURVE('',#5008,(#5013,#5024),.PCURVE_S1.);
#5008 = CIRCLE('',#5009,2.45);
#5009 = AXIS2_PLACEMENT_3D('',#5010,#5011,#5012);
#5010 = CARTESIAN_POINT('',(-25.4,38.1,6.));
#5011 = DIRECTION('',(0.,0.,-1.));
#5012 = DIRECTION('',(-1.,0.,0.));
#5013 = PCURVE('',#100,#5014);
#5014 = DEFINITIONAL_REPRESENTATION('',(#5015),#5023);
#5015 = ( BOUNDED_CURVE() B_SPLINE_CURVE(2,(#5016,#5017,#5018,#5019,
#5020,#5021,#5022),.UNSPECIFIED.,.T.,.F.) B_SPLINE_CURVE_WITH_KNOTS((1,2
    ,2,2,2,1),(-2.094395102393,0.,2.094395102393,4.188790204786,
6.28318530718,8.377580409573),.UNSPECIFIED.) CURVE() 
GEOMETRIC_REPRESENTATION_ITEM() RATIONAL_B_SPLINE_CURVE((1.,0.5,1.,0.5,
1.,0.5,1.)) REPRESENTATION_ITEM('') );
#5016 = CARTESIAN_POINT('',(-23.60883611335,18.496166052237));
#5017 = CARTESIAN_POINT('',(-23.60883611335,22.739690530781));
#5018 = CARTESIAN_POINT('',(-19.93383611335,20.617928291509));
#5019 = CARTESIAN_POINT('',(-16.25883611335,18.496166052237));
#5020 = CARTESIAN_POINT('',(-19.93383611335,16.374403812965));
#5021 = CARTESIAN_POINT('',(-23.60883611335,14.252641573693));
#5022 = CARTESIAN_POINT('',(-23.60883611335,18.496166052237));
#5023 = ( GEOMETRIC_REPRESENTATION_CONTEXT(2) 
PARAMETRIC_REPRESENTATION_CONTEXT() REPRESENTATION_CONTEXT('2D SPACE',''
  ) );
#5024 = PCURVE('',#2186,#5025);
#5025 = DEFINITIONAL_REPRESENTATION('',(#5026),#5030);
#5026 = LINE('',#5027,#5028);
#5027 = CARTESIAN_POINT('',(0.,0.));
#5028 = VECTOR('',#5029,1.);
#5029 = DIRECTION('',(1.,0.));
#5030 = ( GEOMETRIC_REPRESENTATION_CONTEXT(2) 
PARAMETRIC_REPRESENTATION_CONTEXT() REPRESENTATION_CONTEXT('2D SPACE',''
  ) );
#5031 = FACE_BOUND('',#5032,.T.);
#5032 = EDGE_LOOP('',(#5033));
#5033 = ORIENTED_EDGE('',*,*,#5034,.T.);
#5034 = EDGE_CURVE('',#5035,#5035,#5037,.T.);
#5035 = VERTEX_POINT('',#5036);
#5036 = CARTESIAN_POINT('',(-15.15,25.4,6.));
#5037 = SURFACE_CURVE('',#5038,(#5043,#5054),.PCURVE_S1.);
#5038 = CIRCLE('',#5039,2.45);
#5039 = AXIS2_PLACEMENT_3D('',#5040,#5041,#5042);
#5040 = CARTESIAN_POINT('',(-12.7,25.4,6.));
#5041 = DIRECTION('',(0.,0.,-1.));
#5042 = DIRECTION('',(-1.,0.,0.));
#5043 = PCURVE('',#100,#5044);
#5044 = DEFINITIONAL_REPRESENTATION('',(#5045),#5053);
#5045 = ( BOUNDED_CURVE() B_SPLINE_CURVE(2,(#5046,#5047,#5048,#5049,
#5050,#5051,#5052),.UNSPECIFIED.,.T.,.F.) B_SPLINE_CURVE_WITH_KNOTS((1,2
    ,2,2,2,1),(-2.094395102393,0.,2.094395102393,4.188790204786,
6.28318530718,8.377580409573),.UNSPECIFIED.) CURVE() 
GEOMETRIC_REPRESENTATION_ITEM() RATIONAL_B_SPLINE_CURVE((1.,0.5,1.,0.5,
1.,0.5,1.)) REPRESENTATION_ITEM('') );
#5046 = CARTESIAN_POINT('',(-10.90883611335,5.796166052237));
#5047 = CARTESIAN_POINT('',(-10.90883611335,10.039690530781));
#5048 = CARTESIAN_POINT('',(-7.233836113351,7.917928291509));
#5049 = CARTESIAN_POINT('',(-3.558836113351,5.796166052237));
#5050 = CARTESIAN_POINT('',(-7.233836113351,3.674403812965));
#5051 = CARTESIAN_POINT('',(-10.90883611335,1.552641573693));
#5052 = CARTESIAN_POINT('',(-10.90883611335,5.796166052237));
#5053 = ( GEOMETRIC_REPRESENTATION_CONTEXT(2) 
PARAMETRIC_REPRESENTATION_CONTEXT() REPRESENTATION_CONTEXT('2D SPACE',''
  ) );
#5054 = PCURVE('',#2221,#5055);
#5055 = DEFINITIONAL_REPRESENTATION('',(#5056),#5060);
#5056 = LINE('',#5057,#5058);
#5057 = CARTESIAN_POINT('',(0.,0.));
#5058 = VECTOR('',#5059,1.);
#5059 = DIRECTION('',(1.,0.));
#5060 = ( GEOMETRIC_REPRESENTATION_CONTEXT(2) 
PARAMETRIC_REPRESENTATION_CONTEXT() REPRESENTATION_CONTEXT('2D SPACE',''
  ) );
#5061 = FACE_BOUND('',#5062,.T.);
#5062 = EDGE_LOOP('',(#5063));
#5063 = ORIENTED_EDGE('',*,*,#5064,.T.);
#5064 = EDGE_CURVE('',#5065,#5065,#5067,.T.);
#5065 = VERTEX_POINT('',#5066);
#5066 = CARTESIAN_POINT('',(-15.15,38.1,6.));
#5067 = SURFACE_CURVE('',#5068,(#5073,#5084),.PCURVE_S1.);
#5068 = CIRCLE('',#5069,2.45);
#5069 = AXIS2_PLACEMENT_3D('',#5070,#5071,#5072);
#5070 = CARTESIAN_POINT('',(-12.7,38.1,6.));
#5071 = DIRECTION('',(0.,0.,-1.));
#5072 = DIRECTION('',(-1.,0.,0.));
#5073 = PCURVE('',#100,#5074);
#5074 = DEFINITIONAL_REPRESENTATION('',(#5075),#5083);
#5075 = ( BOUNDED_CURVE() B_SPLINE_CURVE(2,(#5076,#5077,#5078,#5079,
#5080,#5081,#5082),.UNSPECIFIED.,.T.,.F.) B_SPLINE_CURVE_WITH_KNOTS((1,2
    ,2,2,2,1),(-2.094395102393,0.,2.094395102393,4.188790204786,
6.28318530718,8.377580409573),.UNSPECIFIED.) CURVE() 
GEOMETRIC_REPRESENTATION_ITEM() RATIONAL_B_SPLINE_CURVE((1.,0.5,1.,0.5,
1.,0.5,1.)) REPRESENTATION_ITEM('') );
#5076 = CARTESIAN_POINT('',(-10.90883611335,18.496166052237));
#5077 = CARTESIAN_POINT('',(-10.90883611335,22.739690530781));
#5078 = CARTESIAN_POINT('',(-7.233836113351,20.617928291509));
#5079 = CARTESIAN_POINT('',(-3.558836113351,18.496166052237));
#5080 = CARTESIAN_POINT('',(-7.233836113351,16.374403812965));
#5081 = CARTESIAN_POINT('',(-10.90883611335,14.252641573693));
#5082 = CARTESIAN_POINT('',(-10.90883611335,18.496166052237));
#5083 = ( GEOMETRIC_REPRESENTATION_CONTEXT(2) 
PARAMETRIC_REPRESENTATION_CONTEXT() REPRESENTATION_CONTEXT('2D SPACE',''
  ) );
#5084 = PCURVE('',#2256,#5085);
#5085 = DEFINITIONAL_REPRESENTATION('',(#5086),#5090);
#5086 = LINE('',#5087,#5088);
#5087 = CARTESIAN_POINT('',(0.,0.));
#5088 = VECTOR('',#5089,1.);
#5089 = DIRECTION('',(1.,0.));
#5090 = ( GEOMETRIC_REPRESENTATION_CONTEXT(2) 
PARAMETRIC_REPRESENTATION_CONTEXT() REPRESENTATION_CONTEXT('2D SPACE',''
  ) );
#5091 = FACE_BOUND('',#5092,.T.);
#5092 = EDGE_LOOP('',(#5093));
#5093 = ORIENTED_EDGE('',*,*,#5094,.T.);
#5094 = EDGE_CURVE('',#5095,#5095,#5097,.T.);
#5095 = VERTEX_POINT('',#5096);
#5096 = CARTESIAN_POINT('',(-27.85,50.8,6.));
#5097 = SURFACE_CURVE('',#5098,(#5103,#5114),.PCURVE_S1.);
#5098 = CIRCLE('',#5099,2.45);
#5099 = AXIS2_PLACEMENT_3D('',#5100,#5101,#5102);
#5100 = CARTESIAN_POINT('',(-25.4,50.8,6.));
#5101 = DIRECTION('',(0.,0.,-1.));
#5102 = DIRECTION('',(-1.,0.,0.));
#5103 = PCURVE('',#100,#5104);
#5104 = DEFINITIONAL_REPRESENTATION('',(#5105),#5113);
#5105 = ( BOUNDED_CURVE() B_SPLINE_CURVE(2,(#5106,#5107,#5108,#5109,
#5110,#5111,#5112),.UNSPECIFIED.,.T.,.F.) B_SPLINE_CURVE_WITH_KNOTS((1,2
    ,2,2,2,1),(-2.094395102393,0.,2.094395102393,4.188790204786,
6.28318530718,8.377580409573),.UNSPECIFIED.) CURVE() 
GEOMETRIC_REPRESENTATION_ITEM() RATIONAL_B_SPLINE_CURVE((1.,0.5,1.,0.5,
1.,0.5,1.)) REPRESENTATION_ITEM('') );
#5106 = CARTESIAN_POINT('',(-23.60883611335,31.196166052237));
#5107 = CARTESIAN_POINT('',(-23.60883611335,35.439690530781));
#5108 = CARTESIAN_POINT('',(-19.93383611335,33.317928291509));
#5109 = CARTESIAN_POINT('',(-16.25883611335,31.196166052237));
#5110 = CARTESIAN_POINT('',(-19.93383611335,29.074403812965));
#5111 = CARTESIAN_POINT('',(-23.60883611335,26.952641573693));
#5112 = CARTESIAN_POINT('',(-23.60883611335,31.196166052237));
#5113 = ( GEOMETRIC_REPRESENTATION_CONTEXT(2) 
PARAMETRIC_REPRESENTATION_CONTEXT() REPRESENTATION_CONTEXT('2D SPACE',''
  ) );
#5114 = PCURVE('',#2291,#5115);
#5115 = DEFINITIONAL_REPRESENTATION('',(#5116),#5120);
#5116 = LINE('',#5117,#5118);
#5117 = CARTESIAN_POINT('',(0.,0.));
#5118 = VECTOR('',#5119,1.);
#5119 = DIRECTION('',(1.,0.));
#5120 = ( GEOMETRIC_REPRESENTATION_CONTEXT(2) 
PARAMETRIC_REPRESENTATION_CONTEXT() REPRESENTATION_CONTEXT('2D SPACE',''
  ) );
#5121 = FACE_BOUND('',#5122,.T.);
#5122 = EDGE_LOOP('',(#5123));
#5123 = ORIENTED_EDGE('',*,*,#5124,.T.);
#5124 = EDGE_CURVE('',#5125,#5125,#5127,.T.);
#5125 = VERTEX_POINT('',#5126);
#5126 = CARTESIAN_POINT('',(-15.15,50.8,6.));
#5127 = SURFACE_CURVE('',#5128,(#5133,#5144),.PCURVE_S1.);
#5128 = CIRCLE('',#5129,2.45);
#5129 = AXIS2_PLACEMENT_3D('',#5130,#5131,#5132);
#5130 = CARTESIAN_POINT('',(-12.7,50.8,6.));
#5131 = DIRECTION('',(0.,0.,-1.));
#5132 = DIRECTION('',(-1.,0.,0.));
#5133 = PCURVE('',#100,#5134);
#5134 = DEFINITIONAL_REPRESENTATION('',(#5135),#5143);
#5135 = ( BOUNDED_CURVE() B_SPLINE_CURVE(2,(#5136,#5137,#5138,#5139,
#5140,#5141,#5142),.UNSPECIFIED.,.T.,.F.) B_SPLINE_CURVE_WITH_KNOTS((1,2
    ,2,2,2,1),(-2.094395102393,0.,2.094395102393,4.188790204786,
6.28318530718,8.377580409573),.UNSPECIFIED.) CURVE() 
GEOMETRIC_REPRESENTATION_ITEM() RATIONAL_B_SPLINE_CURVE((1.,0.5,1.,0.5,
1.,0.5,1.)) REPRESENTATION_ITEM('') );
#5136 = CARTESIAN_POINT('',(-10.90883611335,31.196166052237));
#5137 = CARTESIAN_POINT('',(-10.90883611335,35.439690530781));
#5138 = CARTESIAN_POINT('',(-7.233836113351,33.317928291509));
#5139 = CARTESIAN_POINT('',(-3.558836113351,31.196166052237));
#5140 = CARTESIAN_POINT('',(-7.233836113351,29.074403812965));
#5141 = CARTESIAN_POINT('',(-10.90883611335,26.952641573693));
#5142 = CARTESIAN_POINT('',(-10.90883611335,31.196166052237));
#5143 = ( GEOMETRIC_REPRESENTATION_CONTEXT(2) 
PARAMETRIC_REPRESENTATION_CONTEXT() REPRESENTATION_CONTEXT('2D SPACE',''
  ) );
#5144 = PCURVE('',#2326,#5145);
#5145 = DEFINITIONAL_REPRESENTATION('',(#5146),#5150);
#5146 = LINE('',#5147,#5148);
#5147 = CARTESIAN_POINT('',(0.,0.));
#5148 = VECTOR('',#5149,1.);
#5149 = DIRECTION('',(1.,0.));
#5150 = ( GEOMETRIC_REPRESENTATION_CONTEXT(2) 
PARAMETRIC_REPRESENTATION_CONTEXT() REPRESENTATION_CONTEXT('2D SPACE',''
  ) );
#5151 = FACE_BOUND('',#5152,.T.);
#5152 = EDGE_LOOP('',(#5153));
#5153 = ORIENTED_EDGE('',*,*,#5154,.T.);
#5154 = EDGE_CURVE('',#5155,#5155,#5157,.T.);
#5155 = VERTEX_POINT('',#5156);
#5156 = CARTESIAN_POINT('',(-40.55,63.5,6.));
#5157 = SURFACE_CURVE('',#5158,(#5163,#5174),.PCURVE_S1.);
#5158 = CIRCLE('',#5159,2.45);
#5159 = AXIS2_PLACEMENT_3D('',#5160,#5161,#5162);
#5160 = CARTESIAN_POINT('',(-38.1,63.5,6.));
#5161 = DIRECTION('',(0.,0.,-1.));
#5162 = DIRECTION('',(-1.,0.,0.));
#5163 = PCURVE('',#100,#5164);
#5164 = DEFINITIONAL_REPRESENTATION('',(#5165),#5173);
#5165 = ( BOUNDED_CURVE() B_SPLINE_CURVE(2,(#5166,#5167,#5168,#5169,
#5170,#5171,#5172),.UNSPECIFIED.,.T.,.F.) B_SPLINE_CURVE_WITH_KNOTS((1,2
    ,2,2,2,1),(-2.094395102393,0.,2.094395102393,4.188790204786,
6.28318530718,8.377580409573),.UNSPECIFIED.) CURVE() 
GEOMETRIC_REPRESENTATION_ITEM() RATIONAL_B_SPLINE_CURVE((1.,0.5,1.,0.5,
1.,0.5,1.)) REPRESENTATION_ITEM('') );
#5166 = CARTESIAN_POINT('',(-36.30883611335,43.896166052237));
#5167 = CARTESIAN_POINT('',(-36.30883611335,48.139690530781));
#5168 = CARTESIAN_POINT('',(-32.63383611335,46.017928291509));
#5169 = CARTESIAN_POINT('',(-28.95883611335,43.896166052237));
#5170 = CARTESIAN_POINT('',(-32.63383611335,41.774403812965));
#5171 = CARTESIAN_POINT('',(-36.30883611335,39.652641573693));
#5172 = CARTESIAN_POINT('',(-36.30883611335,43.896166052237));
#5173 = ( GEOMETRIC_REPRESENTATION_CONTEXT(2) 
PARAMETRIC_REPRESENTATION_CONTEXT() REPRESENTATION_CONTEXT('2D SPACE',''
  ) );
#5174 = PCURVE('',#2361,#5175);
#5175 = DEFINITIONAL_REPRESENTATION('',(#5176),#5180);
#5176 = LINE('',#5177,#5178);
#5177 = CARTESIAN_POINT('',(0.,0.));
#5178 = VECTOR('',#5179,1.);
#5179 = DIRECTION('',(1.,0.));
#5180 = ( GEOMETRIC_REPRESENTATION_CONTEXT(2) 
PARAMETRIC_REPRESENTATION_CONTEXT() REPRESENTATION_CONTEXT('2D SPACE',''
  ) );
#5181 = FACE_BOUND('',#5182,.T.);
#5182 = EDGE_LOOP('',(#5183));
#5183 = ORIENTED_EDGE('',*,*,#5184,.T.);
#5184 = EDGE_CURVE('',#5185,#5185,#5187,.T.);
#5185 = VERTEX_POINT('',#5186);
#5186 = CARTESIAN_POINT('',(-40.55,76.2,6.));
#5187 = SURFACE_CURVE('',#5188,(#5193,#5204),.PCURVE_S1.);
#5188 = CIRCLE('',#5189,2.45);
#5189 = AXIS2_PLACEMENT_3D('',#5190,#5191,#5192);
#5190 = CARTESIAN_POINT('',(-38.1,76.2,6.));
#5191 = DIRECTION('',(0.,0.,-1.));
#5192 = DIRECTION('',(-1.,0.,0.));
#5193 = PCURVE('',#100,#5194);
#5194 = DEFINITIONAL_REPRESENTATION('',(#5195),#5203);
#5195 = ( BOUNDED_CURVE() B_SPLINE_CURVE(2,(#5196,#5197,#5198,#5199,
#5200,#5201,#5202),.UNSPECIFIED.,.T.,.F.) B_SPLINE_CURVE_WITH_KNOTS((1,2
    ,2,2,2,1),(-2.094395102393,0.,2.094395102393,4.188790204786,
6.28318530718,8.377580409573),.UNSPECIFIED.) CURVE() 
GEOMETRIC_REPRESENTATION_ITEM() RATIONAL_B_SPLINE_CURVE((1.,0.5,1.,0.5,
1.,0.5,1.)) REPRESENTATION_ITEM('') );
#5196 = CARTESIAN_POINT('',(-36.30883611335,56.596166052237));
#5197 = CARTESIAN_POINT('',(-36.30883611335,60.839690530781));
#5198 = CARTESIAN_POINT('',(-32.63383611335,58.717928291509));
#5199 = CARTESIAN_POINT('',(-28.95883611335,56.596166052237));
#5200 = CARTESIAN_POINT('',(-32.63383611335,54.474403812965));
#5201 = CARTESIAN_POINT('',(-36.30883611335,52.352641573693));
#5202 = CARTESIAN_POINT('',(-36.30883611335,56.596166052237));
#5203 = ( GEOMETRIC_REPRESENTATION_CONTEXT(2) 
PARAMETRIC_REPRESENTATION_CONTEXT() REPRESENTATION_CONTEXT('2D SPACE',''
  ) );
#5204 = PCURVE('',#2396,#5205);
#5205 = DEFINITIONAL_REPRESENTATION('',(#5206),#5210);
#5206 = LINE('',#5207,#5208);
#5207 = CARTESIAN_POINT('',(0.,0.));
#5208 = VECTOR('',#5209,1.);
#5209 = DIRECTION('',(1.,0.));
#5210 = ( GEOMETRIC_REPRESENTATION_CONTEXT(2) 
PARAMETRIC_REPRESENTATION_CONTEXT() REPRESENTATION_CONTEXT('2D SPACE',''
  ) );
#5211 = FACE_BOUND('',#5212,.T.);
#5212 = EDGE_LOOP('',(#5213));
#5213 = ORIENTED_EDGE('',*,*,#5214,.T.);
#5214 = EDGE_CURVE('',#5215,#5215,#5217,.T.);
#5215 = VERTEX_POINT('',#5216);
#5216 = CARTESIAN_POINT('',(-27.85,63.5,6.));
#5217 = SURFACE_CURVE('',#5218,(#5223,#5234),.PCURVE_S1.);
#5218 = CIRCLE('',#5219,2.45);
#5219 = AXIS2_PLACEMENT_3D('',#5220,#5221,#5222);
#5220 = CARTESIAN_POINT('',(-25.4,63.5,6.));
#5221 = DIRECTION('',(0.,0.,-1.));
#5222 = DIRECTION('',(-1.,0.,0.));
#5223 = PCURVE('',#100,#5224);
#5224 = DEFINITIONAL_REPRESENTATION('',(#5225),#5233);
#5225 = ( BOUNDED_CURVE() B_SPLINE_CURVE(2,(#5226,#5227,#5228,#5229,
#5230,#5231,#5232),.UNSPECIFIED.,.T.,.F.) B_SPLINE_CURVE_WITH_KNOTS((1,2
    ,2,2,2,1),(-2.094395102393,0.,2.094395102393,4.188790204786,
6.28318530718,8.377580409573),.UNSPECIFIED.) CURVE() 
GEOMETRIC_REPRESENTATION_ITEM() RATIONAL_B_SPLINE_CURVE((1.,0.5,1.,0.5,
1.,0.5,1.)) REPRESENTATION_ITEM('') );
#5226 = CARTESIAN_POINT('',(-23.60883611335,43.896166052237));
#5227 = CARTESIAN_POINT('',(-23.60883611335,48.139690530781));
#5228 = CARTESIAN_POINT('',(-19.93383611335,46.017928291509));
#5229 = CARTESIAN_POINT('',(-16.25883611335,43.896166052237));
#5230 = CARTESIAN_POINT('',(-19.93383611335,41.774403812965));
#5231 = CARTESIAN_POINT('',(-23.60883611335,39.652641573693));
#5232 = CARTESIAN_POINT('',(-23.60883611335,43.896166052237));
#5233 = ( GEOMETRIC_REPRESENTATION_CONTEXT(2) 
PARAMETRIC_REPRESENTATION_CONTEXT() REPRESENTATION_CONTEXT('2D SPACE',''
  ) );
#5234 = PCURVE('',#2431,#5235);
#5235 = DEFINITIONAL_REPRESENTATION('',(#5236),#5240);
#5236 = LINE('',#5237,#5238);
#5237 = CARTESIAN_POINT('',(0.,0.));
#5238 = VECTOR('',#5239,1.);
#5239 = DIRECTION('',(1.,0.));
#5240 = ( GEOMETRIC_REPRESENTATION_CONTEXT(2) 
PARAMETRIC_REPRESENTATION_CONTEXT() REPRESENTATION_CONTEXT('2D SPACE',''
  ) );
#5241 = FACE_BOUND('',#5242,.T.);
#5242 = EDGE_LOOP('',(#5243));
#5243 = ORIENTED_EDGE('',*,*,#5244,.T.);
#5244 = EDGE_CURVE('',#5245,#5245,#5247,.T.);
#5245 = VERTEX_POINT('',#5246);
#5246 = CARTESIAN_POINT('',(-15.15,63.5,6.));
#5247 = SURFACE_CURVE('',#5248,(#5253,#5264),.PCURVE_S1.);
#5248 = CIRCLE('',#5249,2.45);
#5249 = AXIS2_PLACEMENT_3D('',#5250,#5251,#5252);
#5250 = CARTESIAN_POINT('',(-12.7,63.5,6.));
#5251 = DIRECTION('',(0.,0.,-1.));
#5252 = DIRECTION('',(-1.,0.,0.));
#5253 = PCURVE('',#100,#5254);
#5254 = DEFINITIONAL_REPRESENTATION('',(#5255),#5263);
#5255 = ( BOUNDED_CURVE() B_SPLINE_CURVE(2,(#5256,#5257,#5258,#5259,
#5260,#5261,#5262),.UNSPECIFIED.,.T.,.F.) B_SPLINE_CURVE_WITH_KNOTS((1,2
    ,2,2,2,1),(-2.094395102393,0.,2.094395102393,4.188790204786,
6.28318530718,8.377580409573),.UNSPECIFIED.) CURVE() 
GEOMETRIC_REPRESENTATION_ITEM() RATIONAL_B_SPLINE_CURVE((1.,0.5,1.,0.5,
1.,0.5,1.)) REPRESENTATION_ITEM('') );
#5256 = CARTESIAN_POINT('',(-10.90883611335,43.896166052237));
#5257 = CARTESIAN_POINT('',(-10.90883611335,48.139690530781));
#5258 = CARTESIAN_POINT('',(-7.233836113351,46.017928291509));
#5259 = CARTESIAN_POINT('',(-3.558836113351,43.896166052237));
#5260 = CARTESIAN_POINT('',(-7.233836113351,41.774403812965));
#5261 = CARTESIAN_POINT('',(-10.90883611335,39.652641573693));
#5262 = CARTESIAN_POINT('',(-10.90883611335,43.896166052237));
#5263 = ( GEOMETRIC_REPRESENTATION_CONTEXT(2) 
PARAMETRIC_REPRESENTATION_CONTEXT() REPRESENTATION_CONTEXT('2D SPACE',''
  ) );
#5264 = PCURVE('',#2466,#5265);
#5265 = DEFINITIONAL_REPRESENTATION('',(#5266),#5270);
#5266 = LINE('',#5267,#5268);
#5267 = CARTESIAN_POINT('',(0.,0.));
#5268 = VECTOR('',#5269,1.);
#5269 = DIRECTION('',(1.,0.));
#5270 = ( GEOMETRIC_REPRESENTATION_CONTEXT(2) 
PARAMETRIC_REPRESENTATION_CONTEXT() REPRESENTATION_CONTEXT('2D SPACE',''
  ) );
#5271 = FACE_BOUND('',#5272,.T.);
#5272 = EDGE_LOOP('',(#5273));
#5273 = ORIENTED_EDGE('',*,*,#5274,.T.);
#5274 = EDGE_CURVE('',#5275,#5275,#5277,.T.);
#5275 = VERTEX_POINT('',#5276);
#5276 = CARTESIAN_POINT('',(-27.85,76.2,6.));
#5277 = SURFACE_CURVE('',#5278,(#5283,#5294),.PCURVE_S1.);
#5278 = CIRCLE('',#5279,2.45);
#5279 = AXIS2_PLACEMENT_3D('',#5280,#5281,#5282);
#5280 = CARTESIAN_POINT('',(-25.4,76.2,6.));
#5281 = DIRECTION('',(0.,0.,-1.));
#5282 = DIRECTION('',(-1.,0.,0.));
#5283 = PCURVE('',#100,#5284);
#5284 = DEFINITIONAL_REPRESENTATION('',(#5285),#5293);
#5285 = ( BOUNDED_CURVE() B_SPLINE_CURVE(2,(#5286,#5287,#5288,#5289,
#5290,#5291,#5292),.UNSPECIFIED.,.T.,.F.) B_SPLINE_CURVE_WITH_KNOTS((1,2
    ,2,2,2,1),(-2.094395102393,0.,2.094395102393,4.188790204786,
6.28318530718,8.377580409573),.UNSPECIFIED.) CURVE() 
GEOMETRIC_REPRESENTATION_ITEM() RATIONAL_B_SPLINE_CURVE((1.,0.5,1.,0.5,
1.,0.5,1.)) REPRESENTATION_ITEM('') );
#5286 = CARTESIAN_POINT('',(-23.60883611335,56.596166052237));
#5287 = CARTESIAN_POINT('',(-23.60883611335,60.839690530781));
#5288 = CARTESIAN_POINT('',(-19.93383611335,58.717928291509));
#5289 = CARTESIAN_POINT('',(-16.25883611335,56.596166052237));
#5290 = CARTESIAN_POINT('',(-19.93383611335,54.474403812965));
#5291 = CARTESIAN_POINT('',(-23.60883611335,52.352641573693));
#5292 = CARTESIAN_POINT('',(-23.60883611335,56.596166052237));
#5293 = ( GEOMETRIC_REPRESENTATION_CONTEXT(2) 
PARAMETRIC_REPRESENTATION_CONTEXT() REPRESENTATION_CONTEXT('2D SPACE',''
  ) );
#5294 = PCURVE('',#2501,#5295);
#5295 = DEFINITIONAL_REPRESENTATION('',(#5296),#5300);
#5296 = LINE('',#5297,#5298);
#5297 = CARTESIAN_POINT('',(0.,0.));
#5298 = VECTOR('',#5299,1.);
#5299 = DIRECTION('',(1.,0.));
#5300 = ( GEOMETRIC_REPRESENTATION_CONTEXT(2) 
PARAMETRIC_REPRESENTATION_CONTEXT() REPRESENTATION_CONTEXT('2D SPACE',''
  ) );
#5301 = FACE_BOUND('',#5302,.T.);
#5302 = EDGE_LOOP('',(#5303));
#5303 = ORIENTED_EDGE('',*,*,#5304,.T.);
#5304 = EDGE_CURVE('',#5305,#5305,#5307,.T.);
#5305 = VERTEX_POINT('',#5306);
#5306 = CARTESIAN_POINT('',(-15.15,76.2,6.));
#5307 = SURFACE_CURVE('',#5308,(#5313,#5324),.PCURVE_S1.);
#5308 = CIRCLE('',#5309,2.45);
#5309 = AXIS2_PLACEMENT_3D('',#5310,#5311,#5312);
#5310 = CARTESIAN_POINT('',(-12.7,76.2,6.));
#5311 = DIRECTION('',(0.,0.,-1.));
#5312 = DIRECTION('',(-1.,0.,0.));
#5313 = PCURVE('',#100,#5314);
#5314 = DEFINITIONAL_REPRESENTATION('',(#5315),#5323);
#5315 = ( BOUNDED_CURVE() B_SPLINE_CURVE(2,(#5316,#5317,#5318,#5319,
#5320,#5321,#5322),.UNSPECIFIED.,.T.,.F.) B_SPLINE_CURVE_WITH_KNOTS((1,2
    ,2,2,2,1),(-2.094395102393,0.,2.094395102393,4.188790204786,
6.28318530718,8.377580409573),.UNSPECIFIED.) CURVE() 
GEOMETRIC_REPRESENTATION_ITEM() RATIONAL_B_SPLINE_CURVE((1.,0.5,1.,0.5,
1.,0.5,1.)) REPRESENTATION_ITEM('') );
#5316 = CARTESIAN_POINT('',(-10.90883611335,56.596166052237));
#5317 = CARTESIAN_POINT('',(-10.90883611335,60.839690530781));
#5318 = CARTESIAN_POINT('',(-7.233836113351,58.717928291509));
#5319 = CARTESIAN_POINT('',(-3.558836113351,56.596166052237));
#5320 = CARTESIAN_POINT('',(-7.233836113351,54.474403812965));
#5321 = CARTESIAN_POINT('',(-10.90883611335,52.352641573693));
#5322 = CARTESIAN_POINT('',(-10.90883611335,56.596166052237));
#5323 = ( GEOMETRIC_REPRESENTATION_CONTEXT(2) 
PARAMETRIC_REPRESENTATION_CONTEXT() REPRESENTATION_CONTEXT('2D SPACE',''
  ) );
#5324 = PCURVE('',#2536,#5325);
#5325 = DEFINITIONAL_REPRESENTATION('',(#5326),#5330);
#5326 = LINE('',#5327,#5328);
#5327 = CARTESIAN_POINT('',(0.,0.));
#5328 = VECTOR('',#5329,1.);
#5329 = DIRECTION('',(1.,0.));
#5330 = ( GEOMETRIC_REPRESENTATION_CONTEXT(2) 
PARAMETRIC_REPRESENTATION_CONTEXT() REPRESENTATION_CONTEXT('2D SPACE',''
  ) );
#5331 = FACE_BOUND('',#5332,.T.);
#5332 = EDGE_LOOP('',(#5333));
#5333 = ORIENTED_EDGE('',*,*,#5334,.T.);
#5334 = EDGE_CURVE('',#5335,#5335,#5337,.T.);
#5335 = VERTEX_POINT('',#5336);
#5336 = CARTESIAN_POINT('',(-2.45,25.4,6.));
#5337 = SURFACE_CURVE('',#5338,(#5343,#5354),.PCURVE_S1.);
#5338 = CIRCLE('',#5339,2.45);
#5339 = AXIS2_PLACEMENT_3D('',#5340,#5341,#5342);
#5340 = CARTESIAN_POINT('',(0.,25.4,6.));
#5341 = DIRECTION('',(0.,0.,-1.));
#5342 = DIRECTION('',(-1.,0.,0.));
#5343 = PCURVE('',#100,#5344);
#5344 = DEFINITIONAL_REPRESENTATION('',(#5345),#5353);
#5345 = ( BOUNDED_CURVE() B_SPLINE_CURVE(2,(#5346,#5347,#5348,#5349,
#5350,#5351,#5352),.UNSPECIFIED.,.T.,.F.) B_SPLINE_CURVE_WITH_KNOTS((1,2
    ,2,2,2,1),(-2.094395102393,0.,2.094395102393,4.188790204786,
6.28318530718,8.377580409573),.UNSPECIFIED.) CURVE() 
GEOMETRIC_REPRESENTATION_ITEM() RATIONAL_B_SPLINE_CURVE((1.,0.5,1.,0.5,
1.,0.5,1.)) REPRESENTATION_ITEM('') );
#5346 = CARTESIAN_POINT('',(1.791163886649,5.796166052237));
#5347 = CARTESIAN_POINT('',(1.791163886649,10.039690530781));
#5348 = CARTESIAN_POINT('',(5.466163886649,7.917928291509));
#5349 = CARTESIAN_POINT('',(9.141163886649,5.796166052237));
#5350 = CARTESIAN_POINT('',(5.466163886649,3.674403812965));
#5351 = CARTESIAN_POINT('',(1.791163886649,1.552641573693));
#5352 = CARTESIAN_POINT('',(1.791163886649,5.796166052237));
#5353 = ( GEOMETRIC_REPRESENTATION_CONTEXT(2) 
PARAMETRIC_REPRESENTATION_CONTEXT() REPRESENTATION_CONTEXT('2D SPACE',''
  ) );
#5354 = PCURVE('',#2571,#5355);
#5355 = DEFINITIONAL_REPRESENTATION('',(#5356),#5360);
#5356 = LINE('',#5357,#5358);
#5357 = CARTESIAN_POINT('',(0.,0.));
#5358 = VECTOR('',#5359,1.);
#5359 = DIRECTION('',(1.,0.));
#5360 = ( GEOMETRIC_REPRESENTATION_CONTEXT(2) 
PARAMETRIC_REPRESENTATION_CONTEXT() REPRESENTATION_CONTEXT('2D SPACE',''
  ) );
#5361 = FACE_BOUND('',#5362,.T.);
#5362 = EDGE_LOOP('',(#5363));
#5363 = ORIENTED_EDGE('',*,*,#5364,.T.);
#5364 = EDGE_CURVE('',#5365,#5365,#5367,.T.);
#5365 = VERTEX_POINT('',#5366);
#5366 = CARTESIAN_POINT('',(-2.45,38.1,6.));
#5367 = SURFACE_CURVE('',#5368,(#5373,#5384),.PCURVE_S1.);
#5368 = CIRCLE('',#5369,2.45);
#5369 = AXIS2_PLACEMENT_3D('',#5370,#5371,#5372);
#5370 = CARTESIAN_POINT('',(0.,38.1,6.));
#5371 = DIRECTION('',(0.,0.,-1.));
#5372 = DIRECTION('',(-1.,0.,0.));
#5373 = PCURVE('',#100,#5374);
#5374 = DEFINITIONAL_REPRESENTATION('',(#5375),#5383);
#5375 = ( BOUNDED_CURVE() B_SPLINE_CURVE(2,(#5376,#5377,#5378,#5379,
#5380,#5381,#5382),.UNSPECIFIED.,.T.,.F.) B_SPLINE_CURVE_WITH_KNOTS((1,2
    ,2,2,2,1),(-2.094395102393,0.,2.094395102393,4.188790204786,
6.28318530718,8.377580409573),.UNSPECIFIED.) CURVE() 
GEOMETRIC_REPRESENTATION_ITEM() RATIONAL_B_SPLINE_CURVE((1.,0.5,1.,0.5,
1.,0.5,1.)) REPRESENTATION_ITEM('') );
#5376 = CARTESIAN_POINT('',(1.791163886649,18.496166052237));
#5377 = CARTESIAN_POINT('',(1.791163886649,22.739690530781));
#5378 = CARTESIAN_POINT('',(5.466163886649,20.617928291509));
#5379 = CARTESIAN_POINT('',(9.141163886649,18.496166052237));
#5380 = CARTESIAN_POINT('',(5.466163886649,16.374403812965));
#5381 = CARTESIAN_POINT('',(1.791163886649,14.252641573693));
#5382 = CARTESIAN_POINT('',(1.791163886649,18.496166052237));
#5383 = ( GEOMETRIC_REPRESENTATION_CONTEXT(2) 
PARAMETRIC_REPRESENTATION_CONTEXT() REPRESENTATION_CONTEXT('2D SPACE',''
  ) );
#5384 = PCURVE('',#2606,#5385);
#5385 = DEFINITIONAL_REPRESENTATION('',(#5386),#5390);
#5386 = LINE('',#5387,#5388);
#5387 = CARTESIAN_POINT('',(0.,0.));
#5388 = VECTOR('',#5389,1.);
#5389 = DIRECTION('',(1.,0.));
#5390 = ( GEOMETRIC_REPRESENTATION_CONTEXT(2) 
PARAMETRIC_REPRESENTATION_CONTEXT() REPRESENTATION_CONTEXT('2D SPACE',''
  ) );
#5391 = FACE_BOUND('',#5392,.T.);
#5392 = EDGE_LOOP('',(#5393));
#5393 = ORIENTED_EDGE('',*,*,#5394,.T.);
#5394 = EDGE_CURVE('',#5395,#5395,#5397,.T.);
#5395 = VERTEX_POINT('',#5396);
#5396 = CARTESIAN_POINT('',(10.25,25.4,6.));
#5397 = SURFACE_CURVE('',#5398,(#5403,#5414),.PCURVE_S1.);
#5398 = CIRCLE('',#5399,2.45);
#5399 = AXIS2_PLACEMENT_3D('',#5400,#5401,#5402);
#5400 = CARTESIAN_POINT('',(12.7,25.4,6.));
#5401 = DIRECTION('',(0.,0.,-1.));
#5402 = DIRECTION('',(-1.,0.,0.));
#5403 = PCURVE('',#100,#5404);
#5404 = DEFINITIONAL_REPRESENTATION('',(#5405),#5413);
#5405 = ( BOUNDED_CURVE() B_SPLINE_CURVE(2,(#5406,#5407,#5408,#5409,
#5410,#5411,#5412),.UNSPECIFIED.,.T.,.F.) B_SPLINE_CURVE_WITH_KNOTS((1,2
    ,2,2,2,1),(-2.094395102393,0.,2.094395102393,4.188790204786,
6.28318530718,8.377580409573),.UNSPECIFIED.) CURVE() 
GEOMETRIC_REPRESENTATION_ITEM() RATIONAL_B_SPLINE_CURVE((1.,0.5,1.,0.5,
1.,0.5,1.)) REPRESENTATION_ITEM('') );
#5406 = CARTESIAN_POINT('',(14.491163886649,5.796166052237));
#5407 = CARTESIAN_POINT('',(14.491163886649,10.039690530781));
#5408 = CARTESIAN_POINT('',(18.166163886649,7.917928291509));
#5409 = CARTESIAN_POINT('',(21.841163886649,5.796166052237));
#5410 = CARTESIAN_POINT('',(18.166163886649,3.674403812965));
#5411 = CARTESIAN_POINT('',(14.491163886649,1.552641573693));
#5412 = CARTESIAN_POINT('',(14.491163886649,5.796166052237));
#5413 = ( GEOMETRIC_REPRESENTATION_CONTEXT(2) 
PARAMETRIC_REPRESENTATION_CONTEXT() REPRESENTATION_CONTEXT('2D SPACE',''
  ) );
#5414 = PCURVE('',#2641,#5415);
#5415 = DEFINITIONAL_REPRESENTATION('',(#5416),#5420);
#5416 = LINE('',#5417,#5418);
#5417 = CARTESIAN_POINT('',(0.,0.));
#5418 = VECTOR('',#5419,1.);
#5419 = DIRECTION('',(1.,0.));
#5420 = ( GEOMETRIC_REPRESENTATION_CONTEXT(2) 
PARAMETRIC_REPRESENTATION_CONTEXT() REPRESENTATION_CONTEXT('2D SPACE',''
  ) );
#5421 = FACE_BOUND('',#5422,.T.);
#5422 = EDGE_LOOP('',(#5423));
#5423 = ORIENTED_EDGE('',*,*,#5424,.T.);
#5424 = EDGE_CURVE('',#5425,#5425,#5427,.T.);
#5425 = VERTEX_POINT('',#5426);
#5426 = CARTESIAN_POINT('',(10.25,38.1,6.));
#5427 = SURFACE_CURVE('',#5428,(#5433,#5444),.PCURVE_S1.);
#5428 = CIRCLE('',#5429,2.45);
#5429 = AXIS2_PLACEMENT_3D('',#5430,#5431,#5432);
#5430 = CARTESIAN_POINT('',(12.7,38.1,6.));
#5431 = DIRECTION('',(0.,0.,-1.));
#5432 = DIRECTION('',(-1.,0.,0.));
#5433 = PCURVE('',#100,#5434);
#5434 = DEFINITIONAL_REPRESENTATION('',(#5435),#5443);
#5435 = ( BOUNDED_CURVE() B_SPLINE_CURVE(2,(#5436,#5437,#5438,#5439,
#5440,#5441,#5442),.UNSPECIFIED.,.T.,.F.) B_SPLINE_CURVE_WITH_KNOTS((1,2
    ,2,2,2,1),(-2.094395102393,0.,2.094395102393,4.188790204786,
6.28318530718,8.377580409573),.UNSPECIFIED.) CURVE() 
GEOMETRIC_REPRESENTATION_ITEM() RATIONAL_B_SPLINE_CURVE((1.,0.5,1.,0.5,
1.,0.5,1.)) REPRESENTATION_ITEM('') );
#5436 = CARTESIAN_POINT('',(14.491163886649,18.496166052237));
#5437 = CARTESIAN_POINT('',(14.491163886649,22.739690530781));
#5438 = CARTESIAN_POINT('',(18.166163886649,20.617928291509));
#5439 = CARTESIAN_POINT('',(21.841163886649,18.496166052237));
#5440 = CARTESIAN_POINT('',(18.166163886649,16.374403812965));
#5441 = CARTESIAN_POINT('',(14.491163886649,14.252641573693));
#5442 = CARTESIAN_POINT('',(14.491163886649,18.496166052237));
#5443 = ( GEOMETRIC_REPRESENTATION_CONTEXT(2) 
PARAMETRIC_REPRESENTATION_CONTEXT() REPRESENTATION_CONTEXT('2D SPACE',''
  ) );
#5444 = PCURVE('',#2676,#5445);
#5445 = DEFINITIONAL_REPRESENTATION('',(#5446),#5450);
#5446 = LINE('',#5447,#5448);
#5447 = CARTESIAN_POINT('',(0.,0.));
#5448 = VECTOR('',#5449,1.);
#5449 = DIRECTION('',(1.,0.));
#5450 = ( GEOMETRIC_REPRESENTATION_CONTEXT(2) 
PARAMETRIC_REPRESENTATION_CONTEXT() REPRESENTATION_CONTEXT('2D SPACE',''
  ) );
#5451 = FACE_BOUND('',#5452,.T.);
#5452 = EDGE_LOOP('',(#5453));
#5453 = ORIENTED_EDGE('',*,*,#5454,.T.);
#5454 = EDGE_CURVE('',#5455,#5455,#5457,.T.);
#5455 = VERTEX_POINT('',#5456);
#5456 = CARTESIAN_POINT('',(-2.45,50.8,6.));
#5457 = SURFACE_CURVE('',#5458,(#5463,#5474),.PCURVE_S1.);
#5458 = CIRCLE('',#5459,2.45);
#5459 = AXIS2_PLACEMENT_3D('',#5460,#5461,#5462);
#5460 = CARTESIAN_POINT('',(0.,50.8,6.));
#5461 = DIRECTION('',(0.,0.,-1.));
#5462 = DIRECTION('',(-1.,0.,0.));
#5463 = PCURVE('',#100,#5464);
#5464 = DEFINITIONAL_REPRESENTATION('',(#5465),#5473);
#5465 = ( BOUNDED_CURVE() B_SPLINE_CURVE(2,(#5466,#5467,#5468,#5469,
#5470,#5471,#5472),.UNSPECIFIED.,.T.,.F.) B_SPLINE_CURVE_WITH_KNOTS((1,2
    ,2,2,2,1),(-2.094395102393,0.,2.094395102393,4.188790204786,
6.28318530718,8.377580409573),.UNSPECIFIED.) CURVE() 
GEOMETRIC_REPRESENTATION_ITEM() RATIONAL_B_SPLINE_CURVE((1.,0.5,1.,0.5,
1.,0.5,1.)) REPRESENTATION_ITEM('') );
#5466 = CARTESIAN_POINT('',(1.791163886649,31.196166052237));
#5467 = CARTESIAN_POINT('',(1.791163886649,35.439690530781));
#5468 = CARTESIAN_POINT('',(5.466163886649,33.317928291509));
#5469 = CARTESIAN_POINT('',(9.141163886649,31.196166052237));
#5470 = CARTESIAN_POINT('',(5.466163886649,29.074403812965));
#5471 = CARTESIAN_POINT('',(1.791163886649,26.952641573693));
#5472 = CARTESIAN_POINT('',(1.791163886649,31.196166052237));
#5473 = ( GEOMETRIC_REPRESENTATION_CONTEXT(2) 
PARAMETRIC_REPRESENTATION_CONTEXT() REPRESENTATION_CONTEXT('2D SPACE',''
  ) );
#5474 = PCURVE('',#2711,#5475);
#5475 = DEFINITIONAL_REPRESENTATION('',(#5476),#5480);
#5476 = LINE('',#5477,#5478);
#5477 = CARTESIAN_POINT('',(0.,0.));
#5478 = VECTOR('',#5479,1.);
#5479 = DIRECTION('',(1.,0.));
#5480 = ( GEOMETRIC_REPRESENTATION_CONTEXT(2) 
PARAMETRIC_REPRESENTATION_CONTEXT() REPRESENTATION_CONTEXT('2D SPACE',''
  ) );
#5481 = FACE_BOUND('',#5482,.T.);
#5482 = EDGE_LOOP('',(#5483));
#5483 = ORIENTED_EDGE('',*,*,#5484,.T.);
#5484 = EDGE_CURVE('',#5485,#5485,#5487,.T.);
#5485 = VERTEX_POINT('',#5486);
#5486 = CARTESIAN_POINT('',(10.25,50.8,6.));
#5487 = SURFACE_CURVE('',#5488,(#5493,#5504),.PCURVE_S1.);
#5488 = CIRCLE('',#5489,2.45);
#5489 = AXIS2_PLACEMENT_3D('',#5490,#5491,#5492);
#5490 = CARTESIAN_POINT('',(12.7,50.8,6.));
#5491 = DIRECTION('',(0.,0.,-1.));
#5492 = DIRECTION('',(-1.,0.,0.));
#5493 = PCURVE('',#100,#5494);
#5494 = DEFINITIONAL_REPRESENTATION('',(#5495),#5503);
#5495 = ( BOUNDED_CURVE() B_SPLINE_CURVE(2,(#5496,#5497,#5498,#5499,
#5500,#5501,#5502),.UNSPECIFIED.,.T.,.F.) B_SPLINE_CURVE_WITH_KNOTS((1,2
    ,2,2,2,1),(-2.094395102393,0.,2.094395102393,4.188790204786,
6.28318530718,8.377580409573),.UNSPECIFIED.) CURVE() 
GEOMETRIC_REPRESENTATION_ITEM() RATIONAL_B_SPLINE_CURVE((1.,0.5,1.,0.5,
1.,0.5,1.)) REPRESENTATION_ITEM('') );
#5496 = CARTESIAN_POINT('',(14.491163886649,31.196166052237));
#5497 = CARTESIAN_POINT('',(14.491163886649,35.439690530781));
#5498 = CARTESIAN_POINT('',(18.166163886649,33.317928291509));
#5499 = CARTESIAN_POINT('',(21.841163886649,31.196166052237));
#5500 = CARTESIAN_POINT('',(18.166163886649,29.074403812965));
#5501 = CARTESIAN_POINT('',(14.491163886649,26.952641573693));
#5502 = CARTESIAN_POINT('',(14.491163886649,31.196166052237));
#5503 = ( GEOMETRIC_REPRESENTATION_CONTEXT(2) 
PARAMETRIC_REPRESENTATION_CONTEXT() REPRESENTATION_CONTEXT('2D SPACE',''
  ) );
#5504 = PCURVE('',#2746,#5505);
#5505 = DEFINITIONAL_REPRESENTATION('',(#5506),#5510);
#5506 = LINE('',#5507,#5508);
#5507 = CARTESIAN_POINT('',(0.,0.));
#5508 = VECTOR('',#5509,1.);
#5509 = DIRECTION('',(1.,0.));
#5510 = ( GEOMETRIC_REPRESENTATION_CONTEXT(2) 
PARAMETRIC_REPRESENTATION_CONTEXT() REPRESENTATION_CONTEXT('2D SPACE',''
  ) );
#5511 = FACE_BOUND('',#5512,.T.);
#5512 = EDGE_LOOP('',(#5513));
#5513 = ORIENTED_EDGE('',*,*,#5514,.T.);
#5514 = EDGE_CURVE('',#5515,#5515,#5517,.T.);
#5515 = VERTEX_POINT('',#5516);
#5516 = CARTESIAN_POINT('',(22.95,25.4,6.));
#5517 = SURFACE_CURVE('',#5518,(#5523,#5534),.PCURVE_S1.);
#5518 = CIRCLE('',#5519,2.45);
#5519 = AXIS2_PLACEMENT_3D('',#5520,#5521,#5522);
#5520 = CARTESIAN_POINT('',(25.4,25.4,6.));
#5521 = DIRECTION('',(0.,0.,-1.));
#5522 = DIRECTION('',(-1.,0.,0.));
#5523 = PCURVE('',#100,#5524);
#5524 = DEFINITIONAL_REPRESENTATION('',(#5525),#5533);
#5525 = ( BOUNDED_CURVE() B_SPLINE_CURVE(2,(#5526,#5527,#5528,#5529,
#5530,#5531,#5532),.UNSPECIFIED.,.T.,.F.) B_SPLINE_CURVE_WITH_KNOTS((1,2
    ,2,2,2,1),(-2.094395102393,0.,2.094395102393,4.188790204786,
6.28318530718,8.377580409573),.UNSPECIFIED.) CURVE() 
GEOMETRIC_REPRESENTATION_ITEM() RATIONAL_B_SPLINE_CURVE((1.,0.5,1.,0.5,
1.,0.5,1.)) REPRESENTATION_ITEM('') );
#5526 = CARTESIAN_POINT('',(27.191163886649,5.796166052237));
#5527 = CARTESIAN_POINT('',(27.191163886649,10.039690530781));
#5528 = CARTESIAN_POINT('',(30.866163886649,7.917928291509));
#5529 = CARTESIAN_POINT('',(34.541163886649,5.796166052237));
#5530 = CARTESIAN_POINT('',(30.866163886649,3.674403812965));
#5531 = CARTESIAN_POINT('',(27.191163886649,1.552641573693));
#5532 = CARTESIAN_POINT('',(27.191163886649,5.796166052237));
#5533 = ( GEOMETRIC_REPRESENTATION_CONTEXT(2) 
PARAMETRIC_REPRESENTATION_CONTEXT() REPRESENTATION_CONTEXT('2D SPACE',''
  ) );
#5534 = PCURVE('',#2781,#5535);
#5535 = DEFINITIONAL_REPRESENTATION('',(#5536),#5540);
#5536 = LINE('',#5537,#5538);
#5537 = CARTESIAN_POINT('',(0.,0.));
#5538 = VECTOR('',#5539,1.);
#5539 = DIRECTION('',(1.,0.));
#5540 = ( GEOMETRIC_REPRESENTATION_CONTEXT(2) 
PARAMETRIC_REPRESENTATION_CONTEXT() REPRESENTATION_CONTEXT('2D SPACE',''
  ) );
#5541 = FACE_BOUND('',#5542,.T.);
#5542 = EDGE_LOOP('',(#5543));
#5543 = ORIENTED_EDGE('',*,*,#5544,.T.);
#5544 = EDGE_CURVE('',#5545,#5545,#5547,.T.);
#5545 = VERTEX_POINT('',#5546);
#5546 = CARTESIAN_POINT('',(35.65,25.4,6.));
#5547 = SURFACE_CURVE('',#5548,(#5553,#5564),.PCURVE_S1.);
#5548 = CIRCLE('',#5549,2.45);
#5549 = AXIS2_PLACEMENT_3D('',#5550,#5551,#5552);
#5550 = CARTESIAN_POINT('',(38.1,25.4,6.));
#5551 = DIRECTION('',(0.,0.,-1.));
#5552 = DIRECTION('',(-1.,0.,0.));
#5553 = PCURVE('',#100,#5554);
#5554 = DEFINITIONAL_REPRESENTATION('',(#5555),#5563);
#5555 = ( BOUNDED_CURVE() B_SPLINE_CURVE(2,(#5556,#5557,#5558,#5559,
#5560,#5561,#5562),.UNSPECIFIED.,.T.,.F.) B_SPLINE_CURVE_WITH_KNOTS((1,2
    ,2,2,2,1),(-2.094395102393,0.,2.094395102393,4.188790204786,
6.28318530718,8.377580409573),.UNSPECIFIED.) CURVE() 
GEOMETRIC_REPRESENTATION_ITEM() RATIONAL_B_SPLINE_CURVE((1.,0.5,1.,0.5,
1.,0.5,1.)) REPRESENTATION_ITEM('') );
#5556 = CARTESIAN_POINT('',(39.891163886649,5.796166052237));
#5557 = CARTESIAN_POINT('',(39.891163886649,10.039690530781));
#5558 = CARTESIAN_POINT('',(43.566163886649,7.917928291509));
#5559 = CARTESIAN_POINT('',(47.241163886649,5.796166052237));
#5560 = CARTESIAN_POINT('',(43.566163886649,3.674403812965));
#5561 = CARTESIAN_POINT('',(39.891163886649,1.552641573693));
#5562 = CARTESIAN_POINT('',(39.891163886649,5.796166052237));
#5563 = ( GEOMETRIC_REPRESENTATION_CONTEXT(2) 
PARAMETRIC_REPRESENTATION_CONTEXT() REPRESENTATION_CONTEXT('2D SPACE',''
  ) );
#5564 = PCURVE('',#2816,#5565);
#5565 = DEFINITIONAL_REPRESENTATION('',(#5566),#5570);
#5566 = LINE('',#5567,#5568);
#5567 = CARTESIAN_POINT('',(0.,0.));
#5568 = VECTOR('',#5569,1.);
#5569 = DIRECTION('',(1.,0.));
#5570 = ( GEOMETRIC_REPRESENTATION_CONTEXT(2) 
PARAMETRIC_REPRESENTATION_CONTEXT() REPRESENTATION_CONTEXT('2D SPACE',''
  ) );
#5571 = FACE_BOUND('',#5572,.T.);
#5572 = EDGE_LOOP('',(#5573));
#5573 = ORIENTED_EDGE('',*,*,#5574,.T.);
#5574 = EDGE_CURVE('',#5575,#5575,#5577,.T.);
#5575 = VERTEX_POINT('',#5576);
#5576 = CARTESIAN_POINT('',(22.95,38.1,6.));
#5577 = SURFACE_CURVE('',#5578,(#5583,#5594),.PCURVE_S1.);
#5578 = CIRCLE('',#5579,2.45);
#5579 = AXIS2_PLACEMENT_3D('',#5580,#5581,#5582);
#5580 = CARTESIAN_POINT('',(25.4,38.1,6.));
#5581 = DIRECTION('',(0.,0.,-1.));
#5582 = DIRECTION('',(-1.,0.,0.));
#5583 = PCURVE('',#100,#5584);
#5584 = DEFINITIONAL_REPRESENTATION('',(#5585),#5593);
#5585 = ( BOUNDED_CURVE() B_SPLINE_CURVE(2,(#5586,#5587,#5588,#5589,
#5590,#5591,#5592),.UNSPECIFIED.,.T.,.F.) B_SPLINE_CURVE_WITH_KNOTS((1,2
    ,2,2,2,1),(-2.094395102393,0.,2.094395102393,4.188790204786,
6.28318530718,8.377580409573),.UNSPECIFIED.) CURVE() 
GEOMETRIC_REPRESENTATION_ITEM() RATIONAL_B_SPLINE_CURVE((1.,0.5,1.,0.5,
1.,0.5,1.)) REPRESENTATION_ITEM('') );
#5586 = CARTESIAN_POINT('',(27.191163886649,18.496166052237));
#5587 = CARTESIAN_POINT('',(27.191163886649,22.739690530781));
#5588 = CARTESIAN_POINT('',(30.866163886649,20.617928291509));
#5589 = CARTESIAN_POINT('',(34.541163886649,18.496166052237));
#5590 = CARTESIAN_POINT('',(30.866163886649,16.374403812965));
#5591 = CARTESIAN_POINT('',(27.191163886649,14.252641573693));
#5592 = CARTESIAN_POINT('',(27.191163886649,18.496166052237));
#5593 = ( GEOMETRIC_REPRESENTATION_CONTEXT(2) 
PARAMETRIC_REPRESENTATION_CONTEXT() REPRESENTATION_CONTEXT('2D SPACE',''
  ) );
#5594 = PCURVE('',#2851,#5595);
#5595 = DEFINITIONAL_REPRESENTATION('',(#5596),#5600);
#5596 = LINE('',#5597,#5598);
#5597 = CARTESIAN_POINT('',(0.,0.));
#5598 = VECTOR('',#5599,1.);
#5599 = DIRECTION('',(1.,0.));
#5600 = ( GEOMETRIC_REPRESENTATION_CONTEXT(2) 
PARAMETRIC_REPRESENTATION_CONTEXT() REPRESENTATION_CONTEXT('2D SPACE',''
  ) );
#5601 = FACE_BOUND('',#5602,.T.);
#5602 = EDGE_LOOP('',(#5603));
#5603 = ORIENTED_EDGE('',*,*,#5604,.T.);
#5604 = EDGE_CURVE('',#5605,#5605,#5607,.T.);
#5605 = VERTEX_POINT('',#5606);
#5606 = CARTESIAN_POINT('',(35.65,38.1,6.));
#5607 = SURFACE_CURVE('',#5608,(#5613,#5624),.PCURVE_S1.);
#5608 = CIRCLE('',#5609,2.45);
#5609 = AXIS2_PLACEMENT_3D('',#5610,#5611,#5612);
#5610 = CARTESIAN_POINT('',(38.1,38.1,6.));
#5611 = DIRECTION('',(0.,0.,-1.));
#5612 = DIRECTION('',(-1.,0.,0.));
#5613 = PCURVE('',#100,#5614);
#5614 = DEFINITIONAL_REPRESENTATION('',(#5615),#5623);
#5615 = ( BOUNDED_CURVE() B_SPLINE_CURVE(2,(#5616,#5617,#5618,#5619,
#5620,#5621,#5622),.UNSPECIFIED.,.T.,.F.) B_SPLINE_CURVE_WITH_KNOTS((1,2
    ,2,2,2,1),(-2.094395102393,0.,2.094395102393,4.188790204786,
6.28318530718,8.377580409573),.UNSPECIFIED.) CURVE() 
GEOMETRIC_REPRESENTATION_ITEM() RATIONAL_B_SPLINE_CURVE((1.,0.5,1.,0.5,
1.,0.5,1.)) REPRESENTATION_ITEM('') );
#5616 = CARTESIAN_POINT('',(39.891163886649,18.496166052237));
#5617 = CARTESIAN_POINT('',(39.891163886649,22.739690530781));
#5618 = CARTESIAN_POINT('',(43.566163886649,20.617928291509));
#5619 = CARTESIAN_POINT('',(47.241163886649,18.496166052237));
#5620 = CARTESIAN_POINT('',(43.566163886649,16.374403812965));
#5621 = CARTESIAN_POINT('',(39.891163886649,14.252641573693));
#5622 = CARTESIAN_POINT('',(39.891163886649,18.496166052237));
#5623 = ( GEOMETRIC_REPRESENTATION_CONTEXT(2) 
PARAMETRIC_REPRESENTATION_CONTEXT() REPRESENTATION_CONTEXT('2D SPACE',''
  ) );
#5624 = PCURVE('',#2886,#5625);
#5625 = DEFINITIONAL_REPRESENTATION('',(#5626),#5630);
#5626 = LINE('',#5627,#5628);
#5627 = CARTESIAN_POINT('',(0.,0.));
#5628 = VECTOR('',#5629,1.);
#5629 = DIRECTION('',(1.,0.));
#5630 = ( GEOMETRIC_REPRESENTATION_CONTEXT(2) 
PARAMETRIC_REPRESENTATION_CONTEXT() REPRESENTATION_CONTEXT('2D SPACE',''
  ) );
#5631 = FACE_BOUND('',#5632,.T.);
#5632 = EDGE_LOOP('',(#5633));
#5633 = ORIENTED_EDGE('',*,*,#5634,.T.);
#5634 = EDGE_CURVE('',#5635,#5635,#5637,.T.);
#5635 = VERTEX_POINT('',#5636);
#5636 = CARTESIAN_POINT('',(48.35,25.4,6.));
#5637 = SURFACE_CURVE('',#5638,(#5643,#5654),.PCURVE_S1.);
#5638 = CIRCLE('',#5639,2.45);
#5639 = AXIS2_PLACEMENT_3D('',#5640,#5641,#5642);
#5640 = CARTESIAN_POINT('',(50.8,25.4,6.));
#5641 = DIRECTION('',(0.,0.,-1.));
#5642 = DIRECTION('',(-1.,0.,0.));
#5643 = PCURVE('',#100,#5644);
#5644 = DEFINITIONAL_REPRESENTATION('',(#5645),#5653);
#5645 = ( BOUNDED_CURVE() B_SPLINE_CURVE(2,(#5646,#5647,#5648,#5649,
#5650,#5651,#5652),.UNSPECIFIED.,.T.,.F.) B_SPLINE_CURVE_WITH_KNOTS((1,2
    ,2,2,2,1),(-2.094395102393,0.,2.094395102393,4.188790204786,
6.28318530718,8.377580409573),.UNSPECIFIED.) CURVE() 
GEOMETRIC_REPRESENTATION_ITEM() RATIONAL_B_SPLINE_CURVE((1.,0.5,1.,0.5,
1.,0.5,1.)) REPRESENTATION_ITEM('') );
#5646 = CARTESIAN_POINT('',(52.591163886649,5.796166052237));
#5647 = CARTESIAN_POINT('',(52.591163886649,10.039690530781));
#5648 = CARTESIAN_POINT('',(56.266163886649,7.917928291509));
#5649 = CARTESIAN_POINT('',(59.941163886649,5.796166052237));
#5650 = CARTESIAN_POINT('',(56.266163886649,3.674403812965));
#5651 = CARTESIAN_POINT('',(52.591163886649,1.552641573693));
#5652 = CARTESIAN_POINT('',(52.591163886649,5.796166052237));
#5653 = ( GEOMETRIC_REPRESENTATION_CONTEXT(2) 
PARAMETRIC_REPRESENTATION_CONTEXT() REPRESENTATION_CONTEXT('2D SPACE',''
  ) );
#5654 = PCURVE('',#2921,#5655);
#5655 = DEFINITIONAL_REPRESENTATION('',(#5656),#5660);
#5656 = LINE('',#5657,#5658);
#5657 = CARTESIAN_POINT('',(0.,0.));
#5658 = VECTOR('',#5659,1.);
#5659 = DIRECTION('',(1.,0.));
#5660 = ( GEOMETRIC_REPRESENTATION_CONTEXT(2) 
PARAMETRIC_REPRESENTATION_CONTEXT() REPRESENTATION_CONTEXT('2D SPACE',''
  ) );
#5661 = FACE_BOUND('',#5662,.T.);
#5662 = EDGE_LOOP('',(#5663));
#5663 = ORIENTED_EDGE('',*,*,#5664,.T.);
#5664 = EDGE_CURVE('',#5665,#5665,#5667,.T.);
#5665 = VERTEX_POINT('',#5666);
#5666 = CARTESIAN_POINT('',(22.95,50.8,6.));
#5667 = SURFACE_CURVE('',#5668,(#5673,#5684),.PCURVE_S1.);
#5668 = CIRCLE('',#5669,2.45);
#5669 = AXIS2_PLACEMENT_3D('',#5670,#5671,#5672);
#5670 = CARTESIAN_POINT('',(25.4,50.8,6.));
#5671 = DIRECTION('',(0.,0.,-1.));
#5672 = DIRECTION('',(-1.,0.,0.));
#5673 = PCURVE('',#100,#5674);
#5674 = DEFINITIONAL_REPRESENTATION('',(#5675),#5683);
#5675 = ( BOUNDED_CURVE() B_SPLINE_CURVE(2,(#5676,#5677,#5678,#5679,
#5680,#5681,#5682),.UNSPECIFIED.,.T.,.F.) B_SPLINE_CURVE_WITH_KNOTS((1,2
    ,2,2,2,1),(-2.094395102393,0.,2.094395102393,4.188790204786,
6.28318530718,8.377580409573),.UNSPECIFIED.) CURVE() 
GEOMETRIC_REPRESENTATION_ITEM() RATIONAL_B_SPLINE_CURVE((1.,0.5,1.,0.5,
1.,0.5,1.)) REPRESENTATION_ITEM('') );
#5676 = CARTESIAN_POINT('',(27.191163886649,31.196166052237));
#5677 = CARTESIAN_POINT('',(27.191163886649,35.439690530781));
#5678 = CARTESIAN_POINT('',(30.866163886649,33.317928291509));
#5679 = CARTESIAN_POINT('',(34.541163886649,31.196166052237));
#5680 = CARTESIAN_POINT('',(30.866163886649,29.074403812965));
#5681 = CARTESIAN_POINT('',(27.191163886649,26.952641573693));
#5682 = CARTESIAN_POINT('',(27.191163886649,31.196166052237));
#5683 = ( GEOMETRIC_REPRESENTATION_CONTEXT(2) 
PARAMETRIC_REPRESENTATION_CONTEXT() REPRESENTATION_CONTEXT('2D SPACE',''
  ) );
#5684 = PCURVE('',#2956,#5685);
#5685 = DEFINITIONAL_REPRESENTATION('',(#5686),#5690);
#5686 = LINE('',#5687,#5688);
#5687 = CARTESIAN_POINT('',(0.,0.));
#5688 = VECTOR('',#5689,1.);
#5689 = DIRECTION('',(1.,0.));
#5690 = ( GEOMETRIC_REPRESENTATION_CONTEXT(2) 
PARAMETRIC_REPRESENTATION_CONTEXT() REPRESENTATION_CONTEXT('2D SPACE',''
  ) );
#5691 = FACE_BOUND('',#5692,.T.);
#5692 = EDGE_LOOP('',(#5693));
#5693 = ORIENTED_EDGE('',*,*,#5694,.T.);
#5694 = EDGE_CURVE('',#5695,#5695,#5697,.T.);
#5695 = VERTEX_POINT('',#5696);
#5696 = CARTESIAN_POINT('',(35.65,50.8,6.));
#5697 = SURFACE_CURVE('',#5698,(#5703,#5714),.PCURVE_S1.);
#5698 = CIRCLE('',#5699,2.45);
#5699 = AXIS2_PLACEMENT_3D('',#5700,#5701,#5702);
#5700 = CARTESIAN_POINT('',(38.1,50.8,6.));
#5701 = DIRECTION('',(0.,0.,-1.));
#5702 = DIRECTION('',(-1.,0.,0.));
#5703 = PCURVE('',#100,#5704);
#5704 = DEFINITIONAL_REPRESENTATION('',(#5705),#5713);
#5705 = ( BOUNDED_CURVE() B_SPLINE_CURVE(2,(#5706,#5707,#5708,#5709,
#5710,#5711,#5712),.UNSPECIFIED.,.T.,.F.) B_SPLINE_CURVE_WITH_KNOTS((1,2
    ,2,2,2,1),(-2.094395102393,0.,2.094395102393,4.188790204786,
6.28318530718,8.377580409573),.UNSPECIFIED.) CURVE() 
GEOMETRIC_REPRESENTATION_ITEM() RATIONAL_B_SPLINE_CURVE((1.,0.5,1.,0.5,
1.,0.5,1.)) REPRESENTATION_ITEM('') );
#5706 = CARTESIAN_POINT('',(39.891163886649,31.196166052237));
#5707 = CARTESIAN_POINT('',(39.891163886649,35.439690530781));
#5708 = CARTESIAN_POINT('',(43.566163886649,33.317928291509));
#5709 = CARTESIAN_POINT('',(47.241163886649,31.196166052237));
#5710 = CARTESIAN_POINT('',(43.566163886649,29.074403812965));
#5711 = CARTESIAN_POINT('',(39.891163886649,26.952641573693));
#5712 = CARTESIAN_POINT('',(39.891163886649,31.196166052237));
#5713 = ( GEOMETRIC_REPRESENTATION_CONTEXT(2) 
PARAMETRIC_REPRESENTATION_CONTEXT() REPRESENTATION_CONTEXT('2D SPACE',''
  ) );
#5714 = PCURVE('',#2991,#5715);
#5715 = DEFINITIONAL_REPRESENTATION('',(#5716),#5720);
#5716 = LINE('',#5717,#5718);
#5717 = CARTESIAN_POINT('',(0.,0.));
#5718 = VECTOR('',#5719,1.);
#5719 = DIRECTION('',(1.,0.));
#5720 = ( GEOMETRIC_REPRESENTATION_CONTEXT(2) 
PARAMETRIC_REPRESENTATION_CONTEXT() REPRESENTATION_CONTEXT('2D SPACE',''
  ) );
#5721 = FACE_BOUND('',#5722,.T.);
#5722 = EDGE_LOOP('',(#5723));
#5723 = ORIENTED_EDGE('',*,*,#5724,.T.);
#5724 = EDGE_CURVE('',#5725,#5725,#5727,.T.);
#5725 = VERTEX_POINT('',#5726);
#5726 = CARTESIAN_POINT('',(-2.45,63.5,6.));
#5727 = SURFACE_CURVE('',#5728,(#5733,#5744),.PCURVE_S1.);
#5728 = CIRCLE('',#5729,2.45);
#5729 = AXIS2_PLACEMENT_3D('',#5730,#5731,#5732);
#5730 = CARTESIAN_POINT('',(0.,63.5,6.));
#5731 = DIRECTION('',(0.,0.,-1.));
#5732 = DIRECTION('',(-1.,0.,0.));
#5733 = PCURVE('',#100,#5734);
#5734 = DEFINITIONAL_REPRESENTATION('',(#5735),#5743);
#5735 = ( BOUNDED_CURVE() B_SPLINE_CURVE(2,(#5736,#5737,#5738,#5739,
#5740,#5741,#5742),.UNSPECIFIED.,.T.,.F.) B_SPLINE_CURVE_WITH_KNOTS((1,2
    ,2,2,2,1),(-2.094395102393,0.,2.094395102393,4.188790204786,
6.28318530718,8.377580409573),.UNSPECIFIED.) CURVE() 
GEOMETRIC_REPRESENTATION_ITEM() RATIONAL_B_SPLINE_CURVE((1.,0.5,1.,0.5,
1.,0.5,1.)) REPRESENTATION_ITEM('') );
#5736 = CARTESIAN_POINT('',(1.791163886649,43.896166052237));
#5737 = CARTESIAN_POINT('',(1.791163886649,48.139690530781));
#5738 = CARTESIAN_POINT('',(5.466163886649,46.017928291509));
#5739 = CARTESIAN_POINT('',(9.141163886649,43.896166052237));
#5740 = CARTESIAN_POINT('',(5.466163886649,41.774403812965));
#5741 = CARTESIAN_POINT('',(1.791163886649,39.652641573693));
#5742 = CARTESIAN_POINT('',(1.791163886649,43.896166052237));
#5743 = ( GEOMETRIC_REPRESENTATION_CONTEXT(2) 
PARAMETRIC_REPRESENTATION_CONTEXT() REPRESENTATION_CONTEXT('2D SPACE',''
  ) );
#5744 = PCURVE('',#3026,#5745);
#5745 = DEFINITIONAL_REPRESENTATION('',(#5746),#5750);
#5746 = LINE('',#5747,#5748);
#5747 = CARTESIAN_POINT('',(0.,0.));
#5748 = VECTOR('',#5749,1.);
#5749 = DIRECTION('',(1.,0.));
#5750 = ( GEOMETRIC_REPRESENTATION_CONTEXT(2) 
PARAMETRIC_REPRESENTATION_CONTEXT() REPRESENTATION_CONTEXT('2D SPACE',''
  ) );
#5751 = FACE_BOUND('',#5752,.T.);
#5752 = EDGE_LOOP('',(#5753));
#5753 = ORIENTED_EDGE('',*,*,#5754,.T.);
#5754 = EDGE_CURVE('',#5755,#5755,#5757,.T.);
#5755 = VERTEX_POINT('',#5756);
#5756 = CARTESIAN_POINT('',(10.25,63.5,6.));
#5757 = SURFACE_CURVE('',#5758,(#5763,#5774),.PCURVE_S1.);
#5758 = CIRCLE('',#5759,2.45);
#5759 = AXIS2_PLACEMENT_3D('',#5760,#5761,#5762);
#5760 = CARTESIAN_POINT('',(12.7,63.5,6.));
#5761 = DIRECTION('',(0.,0.,-1.));
#5762 = DIRECTION('',(-1.,0.,0.));
#5763 = PCURVE('',#100,#5764);
#5764 = DEFINITIONAL_REPRESENTATION('',(#5765),#5773);
#5765 = ( BOUNDED_CURVE() B_SPLINE_CURVE(2,(#5766,#5767,#5768,#5769,
#5770,#5771,#5772),.UNSPECIFIED.,.T.,.F.) B_SPLINE_CURVE_WITH_KNOTS((1,2
    ,2,2,2,1),(-2.094395102393,0.,2.094395102393,4.188790204786,
6.28318530718,8.377580409573),.UNSPECIFIED.) CURVE() 
GEOMETRIC_REPRESENTATION_ITEM() RATIONAL_B_SPLINE_CURVE((1.,0.5,1.,0.5,
1.,0.5,1.)) REPRESENTATION_ITEM('') );
#5766 = CARTESIAN_POINT('',(14.491163886649,43.896166052237));
#5767 = CARTESIAN_POINT('',(14.491163886649,48.139690530781));
#5768 = CARTESIAN_POINT('',(18.166163886649,46.017928291509));
#5769 = CARTESIAN_POINT('',(21.841163886649,43.896166052237));
#5770 = CARTESIAN_POINT('',(18.166163886649,41.774403812965));
#5771 = CARTESIAN_POINT('',(14.491163886649,39.652641573693));
#5772 = CARTESIAN_POINT('',(14.491163886649,43.896166052237));
#5773 = ( GEOMETRIC_REPRESENTATION_CONTEXT(2) 
PARAMETRIC_REPRESENTATION_CONTEXT() REPRESENTATION_CONTEXT('2D SPACE',''
  ) );
#5774 = PCURVE('',#3061,#5775);
#5775 = DEFINITIONAL_REPRESENTATION('',(#5776),#5780);
#5776 = LINE('',#5777,#5778);
#5777 = CARTESIAN_POINT('',(0.,0.));
#5778 = VECTOR('',#5779,1.);
#5779 = DIRECTION('',(1.,0.));
#5780 = ( GEOMETRIC_REPRESENTATION_CONTEXT(2) 
PARAMETRIC_REPRESENTATION_CONTEXT() REPRESENTATION_CONTEXT('2D SPACE',''
  ) );
#5781 = FACE_BOUND('',#5782,.T.);
#5782 = EDGE_LOOP('',(#5783));
#5783 = ORIENTED_EDGE('',*,*,#5784,.T.);
#5784 = EDGE_CURVE('',#5785,#5785,#5787,.T.);
#5785 = VERTEX_POINT('',#5786);
#5786 = CARTESIAN_POINT('',(-2.45,76.2,6.));
#5787 = SURFACE_CURVE('',#5788,(#5793,#5804),.PCURVE_S1.);
#5788 = CIRCLE('',#5789,2.45);
#5789 = AXIS2_PLACEMENT_3D('',#5790,#5791,#5792);
#5790 = CARTESIAN_POINT('',(0.,76.2,6.));
#5791 = DIRECTION('',(0.,0.,-1.));
#5792 = DIRECTION('',(-1.,0.,0.));
#5793 = PCURVE('',#100,#5794);
#5794 = DEFINITIONAL_REPRESENTATION('',(#5795),#5803);
#5795 = ( BOUNDED_CURVE() B_SPLINE_CURVE(2,(#5796,#5797,#5798,#5799,
#5800,#5801,#5802),.UNSPECIFIED.,.T.,.F.) B_SPLINE_CURVE_WITH_KNOTS((1,2
    ,2,2,2,1),(-2.094395102393,0.,2.094395102393,4.188790204786,
6.28318530718,8.377580409573),.UNSPECIFIED.) CURVE() 
GEOMETRIC_REPRESENTATION_ITEM() RATIONAL_B_SPLINE_CURVE((1.,0.5,1.,0.5,
1.,0.5,1.)) REPRESENTATION_ITEM('') );
#5796 = CARTESIAN_POINT('',(1.791163886649,56.596166052237));
#5797 = CARTESIAN_POINT('',(1.791163886649,60.839690530781));
#5798 = CARTESIAN_POINT('',(5.466163886649,58.717928291509));
#5799 = CARTESIAN_POINT('',(9.141163886649,56.596166052237));
#5800 = CARTESIAN_POINT('',(5.466163886649,54.474403812965));
#5801 = CARTESIAN_POINT('',(1.791163886649,52.352641573693));
#5802 = CARTESIAN_POINT('',(1.791163886649,56.596166052237));
#5803 = ( GEOMETRIC_REPRESENTATION_CONTEXT(2) 
PARAMETRIC_REPRESENTATION_CONTEXT() REPRESENTATION_CONTEXT('2D SPACE',''
  ) );
#5804 = PCURVE('',#3096,#5805);
#5805 = DEFINITIONAL_REPRESENTATION('',(#5806),#5810);
#5806 = LINE('',#5807,#5808);
#5807 = CARTESIAN_POINT('',(0.,0.));
#5808 = VECTOR('',#5809,1.);
#5809 = DIRECTION('',(1.,0.));
#5810 = ( GEOMETRIC_REPRESENTATION_CONTEXT(2) 
PARAMETRIC_REPRESENTATION_CONTEXT() REPRESENTATION_CONTEXT('2D SPACE',''
  ) );
#5811 = FACE_BOUND('',#5812,.T.);
#5812 = EDGE_LOOP('',(#5813));
#5813 = ORIENTED_EDGE('',*,*,#5814,.T.);
#5814 = EDGE_CURVE('',#5815,#5815,#5817,.T.);
#5815 = VERTEX_POINT('',#5816);
#5816 = CARTESIAN_POINT('',(10.25,76.2,6.));
#5817 = SURFACE_CURVE('',#5818,(#5823,#5834),.PCURVE_S1.);
#5818 = CIRCLE('',#5819,2.45);
#5819 = AXIS2_PLACEMENT_3D('',#5820,#5821,#5822);
#5820 = CARTESIAN_POINT('',(12.7,76.2,6.));
#5821 = DIRECTION('',(0.,0.,-1.));
#5822 = DIRECTION('',(-1.,0.,0.));
#5823 = PCURVE('',#100,#5824);
#5824 = DEFINITIONAL_REPRESENTATION('',(#5825),#5833);
#5825 = ( BOUNDED_CURVE() B_SPLINE_CURVE(2,(#5826,#5827,#5828,#5829,
#5830,#5831,#5832),.UNSPECIFIED.,.T.,.F.) B_SPLINE_CURVE_WITH_KNOTS((1,2
    ,2,2,2,1),(-2.094395102393,0.,2.094395102393,4.188790204786,
6.28318530718,8.377580409573),.UNSPECIFIED.) CURVE() 
GEOMETRIC_REPRESENTATION_ITEM() RATIONAL_B_SPLINE_CURVE((1.,0.5,1.,0.5,
1.,0.5,1.)) REPRESENTATION_ITEM('') );
#5826 = CARTESIAN_POINT('',(14.491163886649,56.596166052237));
#5827 = CARTESIAN_POINT('',(14.491163886649,60.839690530781));
#5828 = CARTESIAN_POINT('',(18.166163886649,58.717928291509));
#5829 = CARTESIAN_POINT('',(21.841163886649,56.596166052237));
#5830 = CARTESIAN_POINT('',(18.166163886649,54.474403812965));
#5831 = CARTESIAN_POINT('',(14.491163886649,52.352641573693));
#5832 = CARTESIAN_POINT('',(14.491163886649,56.596166052237));
#5833 = ( GEOMETRIC_REPRESENTATION_CONTEXT(2) 
PARAMETRIC_REPRESENTATION_CONTEXT() REPRESENTATION_CONTEXT('2D SPACE',''
  ) );
#5834 = PCURVE('',#3131,#5835);
#5835 = DEFINITIONAL_REPRESENTATION('',(#5836),#5840);
#5836 = LINE('',#5837,#5838);
#5837 = CARTESIAN_POINT('',(0.,0.));
#5838 = VECTOR('',#5839,1.);
#5839 = DIRECTION('',(1.,0.));
#5840 = ( GEOMETRIC_REPRESENTATION_CONTEXT(2) 
PARAMETRIC_REPRESENTATION_CONTEXT() REPRESENTATION_CONTEXT('2D SPACE',''
  ) );
#5841 = FACE_BOUND('',#5842,.T.);
#5842 = EDGE_LOOP('',(#5843));
#5843 = ORIENTED_EDGE('',*,*,#5844,.T.);
#5844 = EDGE_CURVE('',#5845,#5845,#5847,.T.);
#5845 = VERTEX_POINT('',#5846);
#5846 = CARTESIAN_POINT('',(22.95,63.5,6.));
#5847 = SURFACE_CURVE('',#5848,(#5853,#5864),.PCURVE_S1.);
#5848 = CIRCLE('',#5849,2.45);
#5849 = AXIS2_PLACEMENT_3D('',#5850,#5851,#5852);
#5850 = CARTESIAN_POINT('',(25.4,63.5,6.));
#5851 = DIRECTION('',(0.,0.,-1.));
#5852 = DIRECTION('',(-1.,0.,0.));
#5853 = PCURVE('',#100,#5854);
#5854 = DEFINITIONAL_REPRESENTATION('',(#5855),#5863);
#5855 = ( BOUNDED_CURVE() B_SPLINE_CURVE(2,(#5856,#5857,#5858,#5859,
#5860,#5861,#5862),.UNSPECIFIED.,.T.,.F.) B_SPLINE_CURVE_WITH_KNOTS((1,2
    ,2,2,2,1),(-2.094395102393,0.,2.094395102393,4.188790204786,
6.28318530718,8.377580409573),.UNSPECIFIED.) CURVE() 
GEOMETRIC_REPRESENTATION_ITEM() RATIONAL_B_SPLINE_CURVE((1.,0.5,1.,0.5,
1.,0.5,1.)) REPRESENTATION_ITEM('') );
#5856 = CARTESIAN_POINT('',(27.191163886649,43.896166052237));
#5857 = CARTESIAN_POINT('',(27.191163886649,48.139690530781));
#5858 = CARTESIAN_POINT('',(30.866163886649,46.017928291509));
#5859 = CARTESIAN_POINT('',(34.541163886649,43.896166052237));
#5860 = CARTESIAN_POINT('',(30.866163886649,41.774403812965));
#5861 = CARTESIAN_POINT('',(27.191163886649,39.652641573693));
#5862 = CARTESIAN_POINT('',(27.191163886649,43.896166052237));
#5863 = ( GEOMETRIC_REPRESENTATION_CONTEXT(2) 
PARAMETRIC_REPRESENTATION_CONTEXT() REPRESENTATION_CONTEXT('2D SPACE',''
  ) );
#5864 = PCURVE('',#3166,#5865);
#5865 = DEFINITIONAL_REPRESENTATION('',(#5866),#5870);
#5866 = LINE('',#5867,#5868);
#5867 = CARTESIAN_POINT('',(0.,0.));
#5868 = VECTOR('',#5869,1.);
#5869 = DIRECTION('',(1.,0.));
#5870 = ( GEOMETRIC_REPRESENTATION_CONTEXT(2) 
PARAMETRIC_REPRESENTATION_CONTEXT() REPRESENTATION_CONTEXT('2D SPACE',''
  ) );
#5871 = FACE_BOUND('',#5872,.T.);
#5872 = EDGE_LOOP('',(#5873));
#5873 = ORIENTED_EDGE('',*,*,#5874,.T.);
#5874 = EDGE_CURVE('',#5875,#5875,#5877,.T.);
#5875 = VERTEX_POINT('',#5876);
#5876 = CARTESIAN_POINT('',(22.95,76.2,6.));
#5877 = SURFACE_CURVE('',#5878,(#5883,#5894),.PCURVE_S1.);
#5878 = CIRCLE('',#5879,2.45);
#5879 = AXIS2_PLACEMENT_3D('',#5880,#5881,#5882);
#5880 = CARTESIAN_POINT('',(25.4,76.2,6.));
#5881 = DIRECTION('',(0.,0.,-1.));
#5882 = DIRECTION('',(-1.,0.,0.));
#5883 = PCURVE('',#100,#5884);
#5884 = DEFINITIONAL_REPRESENTATION('',(#5885),#5893);
#5885 = ( BOUNDED_CURVE() B_SPLINE_CURVE(2,(#5886,#5887,#5888,#5889,
#5890,#5891,#5892),.UNSPECIFIED.,.T.,.F.) B_SPLINE_CURVE_WITH_KNOTS((1,2
    ,2,2,2,1),(-2.094395102393,0.,2.094395102393,4.188790204786,
6.28318530718,8.377580409573),.UNSPECIFIED.) CURVE() 
GEOMETRIC_REPRESENTATION_ITEM() RATIONAL_B_SPLINE_CURVE((1.,0.5,1.,0.5,
1.,0.5,1.)) REPRESENTATION_ITEM('') );
#5886 = CARTESIAN_POINT('',(27.191163886649,56.596166052237));
#5887 = CARTESIAN_POINT('',(27.191163886649,60.839690530781));
#5888 = CARTESIAN_POINT('',(30.866163886649,58.717928291509));
#5889 = CARTESIAN_POINT('',(34.541163886649,56.596166052237));
#5890 = CARTESIAN_POINT('',(30.866163886649,54.474403812965));
#5891 = CARTESIAN_POINT('',(27.191163886649,52.352641573693));
#5892 = CARTESIAN_POINT('',(27.191163886649,56.596166052237));
#5893 = ( GEOMETRIC_REPRESENTATION_CONTEXT(2) 
PARAMETRIC_REPRESENTATION_CONTEXT() REPRESENTATION_CONTEXT('2D SPACE',''
  ) );
#5894 = PCURVE('',#3201,#5895);
#5895 = DEFINITIONAL_REPRESENTATION('',(#5896),#5900);
#5896 = LINE('',#5897,#5898);
#5897 = CARTESIAN_POINT('',(0.,0.));
#5898 = VECTOR('',#5899,1.);
#5899 = DIRECTION('',(1.,0.));
#5900 = ( GEOMETRIC_REPRESENTATION_CONTEXT(2) 
PARAMETRIC_REPRESENTATION_CONTEXT() REPRESENTATION_CONTEXT('2D SPACE',''
  ) );
#5901 = ADVANCED_FACE('',(#5902),#410,.F.);
#5902 = FACE_BOUND('',#5903,.F.);
#5903 = EDGE_LOOP('',(#5904,#5905,#5926,#5927));
#5904 = ORIENTED_EDGE('',*,*,#394,.F.);
#5905 = ORIENTED_EDGE('',*,*,#5906,.T.);
#5906 = EDGE_CURVE('',#366,#3487,#5907,.T.);
#5907 = SURFACE_CURVE('',#5908,(#5912,#5919),.PCURVE_S1.);
#5908 = LINE('',#5909,#5910);
#5909 = CARTESIAN_POINT('',(-64.,-34.,0.));
#5910 = VECTOR('',#5911,1.);
#5911 = DIRECTION('',(0.,0.,1.));
#5912 = PCURVE('',#410,#5913);
#5913 = DEFINITIONAL_REPRESENTATION('',(#5914),#5918);
#5914 = LINE('',#5915,#5916);
#5915 = CARTESIAN_POINT('',(8.,0.));
#5916 = VECTOR('',#5917,1.);
#5917 = DIRECTION('',(0.,-1.));
#5918 = ( GEOMETRIC_REPRESENTATION_CONTEXT(2) 
PARAMETRIC_REPRESENTATION_CONTEXT() REPRESENTATION_CONTEXT('2D SPACE',''
  ) );
#5919 = PCURVE('',#382,#5920);
#5920 = DEFINITIONAL_REPRESENTATION('',(#5921),#5925);
#5921 = LINE('',#5922,#5923);
#5922 = CARTESIAN_POINT('',(1.570796326795,0.));
#5923 = VECTOR('',#5924,1.);
#5924 = DIRECTION('',(0.,1.));
#5925 = ( GEOMETRIC_REPRESENTATION_CONTEXT(2) 
PARAMETRIC_REPRESENTATION_CONTEXT() REPRESENTATION_CONTEXT('2D SPACE',''
  ) );
#5926 = ORIENTED_EDGE('',*,*,#3510,.T.);
#5927 = ORIENTED_EDGE('',*,*,#3217,.F.);
#5928 = ADVANCED_FACE('',(#5929),#182,.F.);
#5929 = FACE_BOUND('',#5930,.F.);
#5930 = EDGE_LOOP('',(#5931,#5932,#5933,#5934));
#5931 = ORIENTED_EDGE('',*,*,#166,.F.);
#5932 = ORIENTED_EDGE('',*,*,#3271,.T.);
#5933 = ORIENTED_EDGE('',*,*,#3322,.T.);
#5934 = ORIENTED_EDGE('',*,*,#5935,.F.);
#5935 = EDGE_CURVE('',#167,#3323,#5936,.T.);
#5936 = SURFACE_CURVE('',#5937,(#5941,#5948),.PCURVE_S1.);
#5937 = LINE('',#5938,#5939);
#5938 = CARTESIAN_POINT('',(32.127392470999,85.297342958844,0.));
#5939 = VECTOR('',#5940,1.);
#5940 = DIRECTION('',(0.,0.,1.));
#5941 = PCURVE('',#182,#5942);
#5942 = DEFINITIONAL_REPRESENTATION('',(#5943),#5947);
#5943 = LINE('',#5944,#5945);
#5944 = CARTESIAN_POINT('',(87.033973661221,0.));
#5945 = VECTOR('',#5946,1.);
#5946 = DIRECTION('',(0.,-1.));
#5947 = ( GEOMETRIC_REPRESENTATION_CONTEXT(2) 
PARAMETRIC_REPRESENTATION_CONTEXT() REPRESENTATION_CONTEXT('2D SPACE',''
  ) );
#5948 = PCURVE('',#211,#5949);
#5949 = DEFINITIONAL_REPRESENTATION('',(#5950),#5954);
#5950 = LINE('',#5951,#5952);
#5951 = CARTESIAN_POINT('',(0.,0.));
#5952 = VECTOR('',#5953,1.);
#5953 = DIRECTION('',(0.,1.));
#5954 = ( GEOMETRIC_REPRESENTATION_CONTEXT(2) 
PARAMETRIC_REPRESENTATION_CONTEXT() REPRESENTATION_CONTEXT('2D SPACE',''
  ) );
#5955 = ADVANCED_FACE('',(#5956),#382,.T.);
#5956 = FACE_BOUND('',#5957,.T.);
#5957 = EDGE_LOOP('',(#5958,#5959,#5960,#5961));
#5958 = ORIENTED_EDGE('',*,*,#365,.T.);
#5959 = ORIENTED_EDGE('',*,*,#5906,.T.);
#5960 = ORIENTED_EDGE('',*,*,#3486,.F.);
#5961 = ORIENTED_EDGE('',*,*,#5962,.F.);
#5962 = EDGE_CURVE('',#338,#3464,#5963,.T.);
#5963 = SURFACE_CURVE('',#5964,(#5968,#5975),.PCURVE_S1.);
#5964 = LINE('',#5965,#5966);
#5965 = CARTESIAN_POINT('',(-72.,-26.,0.));
#5966 = VECTOR('',#5967,1.);
#5967 = DIRECTION('',(0.,0.,1.));
#5968 = PCURVE('',#382,#5969);
#5969 = DEFINITIONAL_REPRESENTATION('',(#5970),#5974);
#5970 = LINE('',#5971,#5972);
#5971 = CARTESIAN_POINT('',(0.,0.));
#5972 = VECTOR('',#5973,1.);
#5973 = DIRECTION('',(0.,1.));
#5974 = ( GEOMETRIC_REPRESENTATION_CONTEXT(2) 
PARAMETRIC_REPRESENTATION_CONTEXT() REPRESENTATION_CONTEXT('2D SPACE',''
  ) );
#5975 = PCURVE('',#353,#5976);
#5976 = DEFINITIONAL_REPRESENTATION('',(#5977),#5981);
#5977 = LINE('',#5978,#5979);
#5978 = CARTESIAN_POINT('',(72.,0.));
#5979 = VECTOR('',#5980,1.);
#5980 = DIRECTION('',(0.,-1.));
#5981 = ( GEOMETRIC_REPRESENTATION_CONTEXT(2) 
PARAMETRIC_REPRESENTATION_CONTEXT() REPRESENTATION_CONTEXT('2D SPACE',''
  ) );
#5982 = ADVANCED_FACE('',(#5983),#211,.T.);
#5983 = FACE_BOUND('',#5984,.T.);
#5984 = EDGE_LOOP('',(#5985,#5986,#6007,#6008));
#5985 = ORIENTED_EDGE('',*,*,#194,.T.);
#5986 = ORIENTED_EDGE('',*,*,#5987,.T.);
#5987 = EDGE_CURVE('',#195,#3346,#5988,.T.);
#5988 = SURFACE_CURVE('',#5989,(#5993,#6000),.PCURVE_S1.);
#5989 = LINE('',#5990,#5991);
#5990 = CARTESIAN_POINT('',(24.838529088292,90.,0.));
#5991 = VECTOR('',#5992,1.);
#5992 = DIRECTION('',(0.,0.,1.));
#5993 = PCURVE('',#211,#5994);
#5994 = DEFINITIONAL_REPRESENTATION('',(#5995),#5999);
#5995 = LINE('',#5996,#5997);
#5996 = CARTESIAN_POINT('',(1.145964163876,0.));
#5997 = VECTOR('',#5998,1.);
#5998 = DIRECTION('',(0.,1.));
#5999 = ( GEOMETRIC_REPRESENTATION_CONTEXT(2) 
PARAMETRIC_REPRESENTATION_CONTEXT() REPRESENTATION_CONTEXT('2D SPACE',''
  ) );
#6000 = PCURVE('',#239,#6001);
#6001 = DEFINITIONAL_REPRESENTATION('',(#6002),#6006);
#6002 = LINE('',#6003,#6004);
#6003 = CARTESIAN_POINT('',(5.161470911708,0.));
#6004 = VECTOR('',#6005,1.);
#6005 = DIRECTION('',(0.,-1.));
#6006 = ( GEOMETRIC_REPRESENTATION_CONTEXT(2) 
PARAMETRIC_REPRESENTATION_CONTEXT() REPRESENTATION_CONTEXT('2D SPACE',''
  ) );
#6007 = ORIENTED_EDGE('',*,*,#3345,.F.);
#6008 = ORIENTED_EDGE('',*,*,#5935,.F.);
#6009 = ADVANCED_FACE('',(#6010),#353,.F.);
#6010 = FACE_BOUND('',#6011,.F.);
#6011 = EDGE_LOOP('',(#6012,#6013,#6034,#6035));
#6012 = ORIENTED_EDGE('',*,*,#337,.F.);
#6013 = ORIENTED_EDGE('',*,*,#6014,.T.);
#6014 = EDGE_CURVE('',#309,#3440,#6015,.T.);
#6015 = SURFACE_CURVE('',#6016,(#6020,#6027),.PCURVE_S1.);
#6016 = LINE('',#6017,#6018);
#6017 = CARTESIAN_POINT('',(-72.,43.023627912633,0.));
#6018 = VECTOR('',#6019,1.);
#6019 = DIRECTION('',(0.,0.,1.));
#6020 = PCURVE('',#353,#6021);
#6021 = DEFINITIONAL_REPRESENTATION('',(#6022),#6026);
#6022 = LINE('',#6023,#6024);
#6023 = CARTESIAN_POINT('',(2.976372087367,0.));
#6024 = VECTOR('',#6025,1.);
#6025 = DIRECTION('',(0.,-1.));
#6026 = ( GEOMETRIC_REPRESENTATION_CONTEXT(2) 
PARAMETRIC_REPRESENTATION_CONTEXT() REPRESENTATION_CONTEXT('2D SPACE',''
  ) );
#6027 = PCURVE('',#325,#6028);
#6028 = DEFINITIONAL_REPRESENTATION('',(#6029),#6033);
#6029 = LINE('',#6030,#6031);
#6030 = CARTESIAN_POINT('',(0.712357598094,0.));
#6031 = VECTOR('',#6032,1.);
#6032 = DIRECTION('',(0.,1.));
#6033 = ( GEOMETRIC_REPRESENTATION_CONTEXT(2) 
PARAMETRIC_REPRESENTATION_CONTEXT() REPRESENTATION_CONTEXT('2D SPACE',''
  ) );
#6034 = ORIENTED_EDGE('',*,*,#3463,.T.);
#6035 = ORIENTED_EDGE('',*,*,#5962,.F.);
#6036 = ADVANCED_FACE('',(#6037),#239,.F.);
#6037 = FACE_BOUND('',#6038,.F.);
#6038 = EDGE_LOOP('',(#6039,#6040,#6041,#6042));
#6039 = ORIENTED_EDGE('',*,*,#223,.F.);
#6040 = ORIENTED_EDGE('',*,*,#5987,.T.);
#6041 = ORIENTED_EDGE('',*,*,#3369,.T.);
#6042 = ORIENTED_EDGE('',*,*,#6043,.F.);
#6043 = EDGE_CURVE('',#224,#3370,#6044,.T.);
#6044 = SURFACE_CURVE('',#6045,(#6049,#6056),.PCURVE_S1.);
#6045 = LINE('',#6046,#6047);
#6046 = CARTESIAN_POINT('',(-30.33858774272,90.,0.));
#6047 = VECTOR('',#6048,1.);
#6048 = DIRECTION('',(0.,0.,1.));
#6049 = PCURVE('',#239,#6050);
#6050 = DEFINITIONAL_REPRESENTATION('',(#6051),#6055);
#6051 = LINE('',#6052,#6053);
#6052 = CARTESIAN_POINT('',(60.338587742728,0.));
#6053 = VECTOR('',#6054,1.);
#6054 = DIRECTION('',(0.,-1.));
#6055 = ( GEOMETRIC_REPRESENTATION_CONTEXT(2) 
PARAMETRIC_REPRESENTATION_CONTEXT() REPRESENTATION_CONTEXT('2D SPACE',''
  ) );
#6056 = PCURVE('',#268,#6057);
#6057 = DEFINITIONAL_REPRESENTATION('',(#6058),#6062);
#6058 = LINE('',#6059,#6060);
#6059 = CARTESIAN_POINT('',(0.,0.));
#6060 = VECTOR('',#6061,1.);
#6061 = DIRECTION('',(0.,1.));
#6062 = ( GEOMETRIC_REPRESENTATION_CONTEXT(2) 
PARAMETRIC_REPRESENTATION_CONTEXT() REPRESENTATION_CONTEXT('2D SPACE',''
  ) );
#6063 = ADVANCED_FACE('',(#6064),#325,.T.);
#6064 = FACE_BOUND('',#6065,.T.);
#6065 = EDGE_LOOP('',(#6066,#6067,#6068,#6069));
#6066 = ORIENTED_EDGE('',*,*,#308,.T.);
#6067 = ORIENTED_EDGE('',*,*,#6014,.T.);
#6068 = ORIENTED_EDGE('',*,*,#3439,.F.);
#6069 = ORIENTED_EDGE('',*,*,#6070,.F.);
#6070 = EDGE_CURVE('',#281,#3417,#6071,.T.);
#6071 = SURFACE_CURVE('',#6072,(#6076,#6083),.PCURVE_S1.);
#6072 = LINE('',#6073,#6074);
#6073 = CARTESIAN_POINT('',(-70.05458406215,48.252586875401,0.));
#6074 = VECTOR('',#6075,1.);
#6075 = DIRECTION('',(0.,0.,1.));
#6076 = PCURVE('',#325,#6077);
#6077 = DEFINITIONAL_REPRESENTATION('',(#6078),#6082);
#6078 = LINE('',#6079,#6080);
#6079 = CARTESIAN_POINT('',(0.,0.));
#6080 = VECTOR('',#6081,1.);
#6081 = DIRECTION('',(0.,1.));
#6082 = ( GEOMETRIC_REPRESENTATION_CONTEXT(2) 
PARAMETRIC_REPRESENTATION_CONTEXT() REPRESENTATION_CONTEXT('2D SPACE',''
  ) );
#6083 = PCURVE('',#296,#6084);
#6084 = DEFINITIONAL_REPRESENTATION('',(#6085),#6089);
#6085 = LINE('',#6086,#6087);
#6086 = CARTESIAN_POINT('',(55.161395327627,0.));
#6087 = VECTOR('',#6088,1.);
#6088 = DIRECTION('',(0.,-1.));
#6089 = ( GEOMETRIC_REPRESENTATION_CONTEXT(2) 
PARAMETRIC_REPRESENTATION_CONTEXT() REPRESENTATION_CONTEXT('2D SPACE',''
  ) );
#6090 = ADVANCED_FACE('',(#6091),#268,.T.);
#6091 = FACE_BOUND('',#6092,.T.);
#6092 = EDGE_LOOP('',(#6093,#6094,#6115,#6116));
#6093 = ORIENTED_EDGE('',*,*,#251,.T.);
#6094 = ORIENTED_EDGE('',*,*,#6095,.T.);
#6095 = EDGE_CURVE('',#252,#3393,#6096,.T.);
#6096 = SURFACE_CURVE('',#6097,(#6101,#6108),.PCURVE_S1.);
#6097 = LINE('',#6098,#6099);
#6098 = CARTESIAN_POINT('',(-36.39317180488,87.228958962769,0.));
#6099 = VECTOR('',#6100,1.);
#6100 = DIRECTION('',(0.,0.,1.));
#6101 = PCURVE('',#268,#6102);
#6102 = DEFINITIONAL_REPRESENTATION('',(#6103),#6107);
#6103 = LINE('',#6104,#6105);
#6104 = CARTESIAN_POINT('',(0.858438728701,0.));
#6105 = VECTOR('',#6106,1.);
#6106 = DIRECTION('',(0.,1.));
#6107 = ( GEOMETRIC_REPRESENTATION_CONTEXT(2) 
PARAMETRIC_REPRESENTATION_CONTEXT() REPRESENTATION_CONTEXT('2D SPACE',''
  ) );
#6108 = PCURVE('',#296,#6109);
#6109 = DEFINITIONAL_REPRESENTATION('',(#6110),#6114);
#6110 = LINE('',#6111,#6112);
#6111 = CARTESIAN_POINT('',(3.661412257272,0.));
#6112 = VECTOR('',#6113,1.);
#6113 = DIRECTION('',(0.,-1.));
#6114 = ( GEOMETRIC_REPRESENTATION_CONTEXT(2) 
PARAMETRIC_REPRESENTATION_CONTEXT() REPRESENTATION_CONTEXT('2D SPACE',''
  ) );
#6115 = ORIENTED_EDGE('',*,*,#3392,.F.);
#6116 = ORIENTED_EDGE('',*,*,#6043,.F.);
#6117 = ADVANCED_FACE('',(#6118),#296,.F.);
#6118 = FACE_BOUND('',#6119,.F.);
#6119 = EDGE_LOOP('',(#6120,#6121,#6122,#6123));
#6120 = ORIENTED_EDGE('',*,*,#280,.F.);
#6121 = ORIENTED_EDGE('',*,*,#6095,.T.);
#6122 = ORIENTED_EDGE('',*,*,#3416,.T.);
#6123 = ORIENTED_EDGE('',*,*,#6070,.F.);
#6124 = ADVANCED_FACE('',(#6125),#471,.F.);
#6125 = FACE_BOUND('',#6126,.F.);
#6126 = EDGE_LOOP('',(#6127,#6128,#6149,#6150));
#6127 = ORIENTED_EDGE('',*,*,#450,.F.);
#6128 = ORIENTED_EDGE('',*,*,#6129,.F.);
#6129 = EDGE_CURVE('',#3535,#451,#6130,.T.);
#6130 = SEAM_CURVE('',#6131,(#6135,#6142),.PCURVE_S1.);
#6131 = LINE('',#6132,#6133);
#6132 = CARTESIAN_POINT('',(-65.95,-25.4,6.));
#6133 = VECTOR('',#6134,1.);
#6134 = DIRECTION('',(0.,0.,-1.));
#6135 = PCURVE('',#471,#6136);
#6136 = DEFINITIONAL_REPRESENTATION('',(#6137),#6141);
#6137 = LINE('',#6138,#6139);
#6138 = CARTESIAN_POINT('',(6.28318530718,-0.));
#6139 = VECTOR('',#6140,1.);
#6140 = DIRECTION('',(0.,1.));
#6141 = ( GEOMETRIC_REPRESENTATION_CONTEXT(2) 
PARAMETRIC_REPRESENTATION_CONTEXT() REPRESENTATION_CONTEXT('2D SPACE',''
  ) );
#6142 = PCURVE('',#471,#6143);
#6143 = DEFINITIONAL_REPRESENTATION('',(#6144),#6148);
#6144 = LINE('',#6145,#6146);
#6145 = CARTESIAN_POINT('',(0.,-0.));
#6146 = VECTOR('',#6147,1.);
#6147 = DIRECTION('',(0.,1.));
#6148 = ( GEOMETRIC_REPRESENTATION_CONTEXT(2) 
PARAMETRIC_REPRESENTATION_CONTEXT() REPRESENTATION_CONTEXT('2D SPACE',''
  ) );
#6149 = ORIENTED_EDGE('',*,*,#3534,.T.);
#6150 = ORIENTED_EDGE('',*,*,#6129,.T.);
#6151 = ADVANCED_FACE('',(#6152),#506,.F.);
#6152 = FACE_BOUND('',#6153,.F.);
#6153 = EDGE_LOOP('',(#6154,#6155,#6176,#6177));
#6154 = ORIENTED_EDGE('',*,*,#485,.F.);
#6155 = ORIENTED_EDGE('',*,*,#6156,.F.);
#6156 = EDGE_CURVE('',#3565,#486,#6157,.T.);
#6157 = SEAM_CURVE('',#6158,(#6162,#6169),.PCURVE_S1.);
#6158 = LINE('',#6159,#6160);
#6159 = CARTESIAN_POINT('',(-53.25,-25.4,6.));
#6160 = VECTOR('',#6161,1.);
#6161 = DIRECTION('',(0.,0.,-1.));
#6162 = PCURVE('',#506,#6163);
#6163 = DEFINITIONAL_REPRESENTATION('',(#6164),#6168);
#6164 = LINE('',#6165,#6166);
#6165 = CARTESIAN_POINT('',(6.28318530718,-0.));
#6166 = VECTOR('',#6167,1.);
#6167 = DIRECTION('',(0.,1.));
#6168 = ( GEOMETRIC_REPRESENTATION_CONTEXT(2) 
PARAMETRIC_REPRESENTATION_CONTEXT() REPRESENTATION_CONTEXT('2D SPACE',''
  ) );
#6169 = PCURVE('',#506,#6170);
#6170 = DEFINITIONAL_REPRESENTATION('',(#6171),#6175);
#6171 = LINE('',#6172,#6173);
#6172 = CARTESIAN_POINT('',(0.,-0.));
#6173 = VECTOR('',#6174,1.);
#6174 = DIRECTION('',(0.,1.));
#6175 = ( GEOMETRIC_REPRESENTATION_CONTEXT(2) 
PARAMETRIC_REPRESENTATION_CONTEXT() REPRESENTATION_CONTEXT('2D SPACE',''
  ) );
#6176 = ORIENTED_EDGE('',*,*,#3564,.T.);
#6177 = ORIENTED_EDGE('',*,*,#6156,.T.);
#6178 = ADVANCED_FACE('',(#6179),#541,.F.);
#6179 = FACE_BOUND('',#6180,.F.);
#6180 = EDGE_LOOP('',(#6181,#6182,#6203,#6204));
#6181 = ORIENTED_EDGE('',*,*,#520,.F.);
#6182 = ORIENTED_EDGE('',*,*,#6183,.F.);
#6183 = EDGE_CURVE('',#3595,#521,#6184,.T.);
#6184 = SEAM_CURVE('',#6185,(#6189,#6196),.PCURVE_S1.);
#6185 = LINE('',#6186,#6187);
#6186 = CARTESIAN_POINT('',(-40.55,-25.4,6.));
#6187 = VECTOR('',#6188,1.);
#6188 = DIRECTION('',(0.,0.,-1.));
#6189 = PCURVE('',#541,#6190);
#6190 = DEFINITIONAL_REPRESENTATION('',(#6191),#6195);
#6191 = LINE('',#6192,#6193);
#6192 = CARTESIAN_POINT('',(6.28318530718,-0.));
#6193 = VECTOR('',#6194,1.);
#6194 = DIRECTION('',(0.,1.));
#6195 = ( GEOMETRIC_REPRESENTATION_CONTEXT(2) 
PARAMETRIC_REPRESENTATION_CONTEXT() REPRESENTATION_CONTEXT('2D SPACE',''
  ) );
#6196 = PCURVE('',#541,#6197);
#6197 = DEFINITIONAL_REPRESENTATION('',(#6198),#6202);
#6198 = LINE('',#6199,#6200);
#6199 = CARTESIAN_POINT('',(0.,-0.));
#6200 = VECTOR('',#6201,1.);
#6201 = DIRECTION('',(0.,1.));
#6202 = ( GEOMETRIC_REPRESENTATION_CONTEXT(2) 
PARAMETRIC_REPRESENTATION_CONTEXT() REPRESENTATION_CONTEXT('2D SPACE',''
  ) );
#6203 = ORIENTED_EDGE('',*,*,#3594,.T.);
#6204 = ORIENTED_EDGE('',*,*,#6183,.T.);
#6205 = ADVANCED_FACE('',(#6206),#576,.F.);
#6206 = FACE_BOUND('',#6207,.F.);
#6207 = EDGE_LOOP('',(#6208,#6209,#6230,#6231));
#6208 = ORIENTED_EDGE('',*,*,#555,.F.);
#6209 = ORIENTED_EDGE('',*,*,#6210,.F.);
#6210 = EDGE_CURVE('',#3625,#556,#6211,.T.);
#6211 = SEAM_CURVE('',#6212,(#6216,#6223),.PCURVE_S1.);
#6212 = LINE('',#6213,#6214);
#6213 = CARTESIAN_POINT('',(-65.95,-12.7,6.));
#6214 = VECTOR('',#6215,1.);
#6215 = DIRECTION('',(0.,0.,-1.));
#6216 = PCURVE('',#576,#6217);
#6217 = DEFINITIONAL_REPRESENTATION('',(#6218),#6222);
#6218 = LINE('',#6219,#6220);
#6219 = CARTESIAN_POINT('',(6.28318530718,-0.));
#6220 = VECTOR('',#6221,1.);
#6221 = DIRECTION('',(0.,1.));
#6222 = ( GEOMETRIC_REPRESENTATION_CONTEXT(2) 
PARAMETRIC_REPRESENTATION_CONTEXT() REPRESENTATION_CONTEXT('2D SPACE',''
  ) );
#6223 = PCURVE('',#576,#6224);
#6224 = DEFINITIONAL_REPRESENTATION('',(#6225),#6229);
#6225 = LINE('',#6226,#6227);
#6226 = CARTESIAN_POINT('',(0.,-0.));
#6227 = VECTOR('',#6228,1.);
#6228 = DIRECTION('',(0.,1.));
#6229 = ( GEOMETRIC_REPRESENTATION_CONTEXT(2) 
PARAMETRIC_REPRESENTATION_CONTEXT() REPRESENTATION_CONTEXT('2D SPACE',''
  ) );
#6230 = ORIENTED_EDGE('',*,*,#3624,.T.);
#6231 = ORIENTED_EDGE('',*,*,#6210,.T.);
#6232 = ADVANCED_FACE('',(#6233),#611,.F.);
#6233 = FACE_BOUND('',#6234,.F.);
#6234 = EDGE_LOOP('',(#6235,#6236,#6257,#6258));
#6235 = ORIENTED_EDGE('',*,*,#590,.F.);
#6236 = ORIENTED_EDGE('',*,*,#6237,.F.);
#6237 = EDGE_CURVE('',#3655,#591,#6238,.T.);
#6238 = SEAM_CURVE('',#6239,(#6243,#6250),.PCURVE_S1.);
#6239 = LINE('',#6240,#6241);
#6240 = CARTESIAN_POINT('',(-53.25,-12.7,6.));
#6241 = VECTOR('',#6242,1.);
#6242 = DIRECTION('',(0.,0.,-1.));
#6243 = PCURVE('',#611,#6244);
#6244 = DEFINITIONAL_REPRESENTATION('',(#6245),#6249);
#6245 = LINE('',#6246,#6247);
#6246 = CARTESIAN_POINT('',(6.28318530718,-0.));
#6247 = VECTOR('',#6248,1.);
#6248 = DIRECTION('',(0.,1.));
#6249 = ( GEOMETRIC_REPRESENTATION_CONTEXT(2) 
PARAMETRIC_REPRESENTATION_CONTEXT() REPRESENTATION_CONTEXT('2D SPACE',''
  ) );
#6250 = PCURVE('',#611,#6251);
#6251 = DEFINITIONAL_REPRESENTATION('',(#6252),#6256);
#6252 = LINE('',#6253,#6254);
#6253 = CARTESIAN_POINT('',(0.,-0.));
#6254 = VECTOR('',#6255,1.);
#6255 = DIRECTION('',(0.,1.));
#6256 = ( GEOMETRIC_REPRESENTATION_CONTEXT(2) 
PARAMETRIC_REPRESENTATION_CONTEXT() REPRESENTATION_CONTEXT('2D SPACE',''
  ) );
#6257 = ORIENTED_EDGE('',*,*,#3654,.T.);
#6258 = ORIENTED_EDGE('',*,*,#6237,.T.);
#6259 = ADVANCED_FACE('',(#6260),#646,.F.);
#6260 = FACE_BOUND('',#6261,.F.);
#6261 = EDGE_LOOP('',(#6262,#6263,#6284,#6285));
#6262 = ORIENTED_EDGE('',*,*,#625,.F.);
#6263 = ORIENTED_EDGE('',*,*,#6264,.F.);
#6264 = EDGE_CURVE('',#3685,#626,#6265,.T.);
#6265 = SEAM_CURVE('',#6266,(#6270,#6277),.PCURVE_S1.);
#6266 = LINE('',#6267,#6268);
#6267 = CARTESIAN_POINT('',(-40.55,-12.7,6.));
#6268 = VECTOR('',#6269,1.);
#6269 = DIRECTION('',(0.,0.,-1.));
#6270 = PCURVE('',#646,#6271);
#6271 = DEFINITIONAL_REPRESENTATION('',(#6272),#6276);
#6272 = LINE('',#6273,#6274);
#6273 = CARTESIAN_POINT('',(6.28318530718,-0.));
#6274 = VECTOR('',#6275,1.);
#6275 = DIRECTION('',(0.,1.));
#6276 = ( GEOMETRIC_REPRESENTATION_CONTEXT(2) 
PARAMETRIC_REPRESENTATION_CONTEXT() REPRESENTATION_CONTEXT('2D SPACE',''
  ) );
#6277 = PCURVE('',#646,#6278);
#6278 = DEFINITIONAL_REPRESENTATION('',(#6279),#6283);
#6279 = LINE('',#6280,#6281);
#6280 = CARTESIAN_POINT('',(0.,-0.));
#6281 = VECTOR('',#6282,1.);
#6282 = DIRECTION('',(0.,1.));
#6283 = ( GEOMETRIC_REPRESENTATION_CONTEXT(2) 
PARAMETRIC_REPRESENTATION_CONTEXT() REPRESENTATION_CONTEXT('2D SPACE',''
  ) );
#6284 = ORIENTED_EDGE('',*,*,#3684,.T.);
#6285 = ORIENTED_EDGE('',*,*,#6264,.T.);
#6286 = ADVANCED_FACE('',(#6287),#681,.F.);
#6287 = FACE_BOUND('',#6288,.F.);
#6288 = EDGE_LOOP('',(#6289,#6290,#6311,#6312));
#6289 = ORIENTED_EDGE('',*,*,#660,.F.);
#6290 = ORIENTED_EDGE('',*,*,#6291,.F.);
#6291 = EDGE_CURVE('',#3715,#661,#6292,.T.);
#6292 = SEAM_CURVE('',#6293,(#6297,#6304),.PCURVE_S1.);
#6293 = LINE('',#6294,#6295);
#6294 = CARTESIAN_POINT('',(-27.85,-25.4,6.));
#6295 = VECTOR('',#6296,1.);
#6296 = DIRECTION('',(0.,0.,-1.));
#6297 = PCURVE('',#681,#6298);
#6298 = DEFINITIONAL_REPRESENTATION('',(#6299),#6303);
#6299 = LINE('',#6300,#6301);
#6300 = CARTESIAN_POINT('',(6.28318530718,-0.));
#6301 = VECTOR('',#6302,1.);
#6302 = DIRECTION('',(0.,1.));
#6303 = ( GEOMETRIC_REPRESENTATION_CONTEXT(2) 
PARAMETRIC_REPRESENTATION_CONTEXT() REPRESENTATION_CONTEXT('2D SPACE',''
  ) );
#6304 = PCURVE('',#681,#6305);
#6305 = DEFINITIONAL_REPRESENTATION('',(#6306),#6310);
#6306 = LINE('',#6307,#6308);
#6307 = CARTESIAN_POINT('',(0.,-0.));
#6308 = VECTOR('',#6309,1.);
#6309 = DIRECTION('',(0.,1.));
#6310 = ( GEOMETRIC_REPRESENTATION_CONTEXT(2) 
PARAMETRIC_REPRESENTATION_CONTEXT() REPRESENTATION_CONTEXT('2D SPACE',''
  ) );
#6311 = ORIENTED_EDGE('',*,*,#3714,.T.);
#6312 = ORIENTED_EDGE('',*,*,#6291,.T.);
#6313 = ADVANCED_FACE('',(#6314),#716,.F.);
#6314 = FACE_BOUND('',#6315,.F.);
#6315 = EDGE_LOOP('',(#6316,#6317,#6338,#6339));
#6316 = ORIENTED_EDGE('',*,*,#695,.F.);
#6317 = ORIENTED_EDGE('',*,*,#6318,.F.);
#6318 = EDGE_CURVE('',#3745,#696,#6319,.T.);
#6319 = SEAM_CURVE('',#6320,(#6324,#6331),.PCURVE_S1.);
#6320 = LINE('',#6321,#6322);
#6321 = CARTESIAN_POINT('',(-15.15,-25.4,6.));
#6322 = VECTOR('',#6323,1.);
#6323 = DIRECTION('',(0.,0.,-1.));
#6324 = PCURVE('',#716,#6325);
#6325 = DEFINITIONAL_REPRESENTATION('',(#6326),#6330);
#6326 = LINE('',#6327,#6328);
#6327 = CARTESIAN_POINT('',(6.28318530718,-0.));
#6328 = VECTOR('',#6329,1.);
#6329 = DIRECTION('',(0.,1.));
#6330 = ( GEOMETRIC_REPRESENTATION_CONTEXT(2) 
PARAMETRIC_REPRESENTATION_CONTEXT() REPRESENTATION_CONTEXT('2D SPACE',''
  ) );
#6331 = PCURVE('',#716,#6332);
#6332 = DEFINITIONAL_REPRESENTATION('',(#6333),#6337);
#6333 = LINE('',#6334,#6335);
#6334 = CARTESIAN_POINT('',(0.,-0.));
#6335 = VECTOR('',#6336,1.);
#6336 = DIRECTION('',(0.,1.));
#6337 = ( GEOMETRIC_REPRESENTATION_CONTEXT(2) 
PARAMETRIC_REPRESENTATION_CONTEXT() REPRESENTATION_CONTEXT('2D SPACE',''
  ) );
#6338 = ORIENTED_EDGE('',*,*,#3744,.T.);
#6339 = ORIENTED_EDGE('',*,*,#6318,.T.);
#6340 = ADVANCED_FACE('',(#6341),#751,.F.);
#6341 = FACE_BOUND('',#6342,.F.);
#6342 = EDGE_LOOP('',(#6343,#6344,#6365,#6366));
#6343 = ORIENTED_EDGE('',*,*,#730,.F.);
#6344 = ORIENTED_EDGE('',*,*,#6345,.F.);
#6345 = EDGE_CURVE('',#3775,#731,#6346,.T.);
#6346 = SEAM_CURVE('',#6347,(#6351,#6358),.PCURVE_S1.);
#6347 = LINE('',#6348,#6349);
#6348 = CARTESIAN_POINT('',(-27.85,-12.7,6.));
#6349 = VECTOR('',#6350,1.);
#6350 = DIRECTION('',(0.,0.,-1.));
#6351 = PCURVE('',#751,#6352);
#6352 = DEFINITIONAL_REPRESENTATION('',(#6353),#6357);
#6353 = LINE('',#6354,#6355);
#6354 = CARTESIAN_POINT('',(6.28318530718,-0.));
#6355 = VECTOR('',#6356,1.);
#6356 = DIRECTION('',(0.,1.));
#6357 = ( GEOMETRIC_REPRESENTATION_CONTEXT(2) 
PARAMETRIC_REPRESENTATION_CONTEXT() REPRESENTATION_CONTEXT('2D SPACE',''
  ) );
#6358 = PCURVE('',#751,#6359);
#6359 = DEFINITIONAL_REPRESENTATION('',(#6360),#6364);
#6360 = LINE('',#6361,#6362);
#6361 = CARTESIAN_POINT('',(0.,-0.));
#6362 = VECTOR('',#6363,1.);
#6363 = DIRECTION('',(0.,1.));
#6364 = ( GEOMETRIC_REPRESENTATION_CONTEXT(2) 
PARAMETRIC_REPRESENTATION_CONTEXT() REPRESENTATION_CONTEXT('2D SPACE',''
  ) );
#6365 = ORIENTED_EDGE('',*,*,#3774,.T.);
#6366 = ORIENTED_EDGE('',*,*,#6345,.T.);
#6367 = ADVANCED_FACE('',(#6368),#786,.F.);
#6368 = FACE_BOUND('',#6369,.F.);
#6369 = EDGE_LOOP('',(#6370,#6371,#6392,#6393));
#6370 = ORIENTED_EDGE('',*,*,#765,.F.);
#6371 = ORIENTED_EDGE('',*,*,#6372,.F.);
#6372 = EDGE_CURVE('',#3805,#766,#6373,.T.);
#6373 = SEAM_CURVE('',#6374,(#6378,#6385),.PCURVE_S1.);
#6374 = LINE('',#6375,#6376);
#6375 = CARTESIAN_POINT('',(-15.15,-12.7,6.));
#6376 = VECTOR('',#6377,1.);
#6377 = DIRECTION('',(0.,0.,-1.));
#6378 = PCURVE('',#786,#6379);
#6379 = DEFINITIONAL_REPRESENTATION('',(#6380),#6384);
#6380 = LINE('',#6381,#6382);
#6381 = CARTESIAN_POINT('',(6.28318530718,-0.));
#6382 = VECTOR('',#6383,1.);
#6383 = DIRECTION('',(0.,1.));
#6384 = ( GEOMETRIC_REPRESENTATION_CONTEXT(2) 
PARAMETRIC_REPRESENTATION_CONTEXT() REPRESENTATION_CONTEXT('2D SPACE',''
  ) );
#6385 = PCURVE('',#786,#6386);
#6386 = DEFINITIONAL_REPRESENTATION('',(#6387),#6391);
#6387 = LINE('',#6388,#6389);
#6388 = CARTESIAN_POINT('',(0.,-0.));
#6389 = VECTOR('',#6390,1.);
#6390 = DIRECTION('',(0.,1.));
#6391 = ( GEOMETRIC_REPRESENTATION_CONTEXT(2) 
PARAMETRIC_REPRESENTATION_CONTEXT() REPRESENTATION_CONTEXT('2D SPACE',''
  ) );
#6392 = ORIENTED_EDGE('',*,*,#3804,.T.);
#6393 = ORIENTED_EDGE('',*,*,#6372,.T.);
#6394 = ADVANCED_FACE('',(#6395),#821,.F.);
#6395 = FACE_BOUND('',#6396,.F.);
#6396 = EDGE_LOOP('',(#6397,#6398,#6419,#6420));
#6397 = ORIENTED_EDGE('',*,*,#800,.F.);
#6398 = ORIENTED_EDGE('',*,*,#6399,.F.);
#6399 = EDGE_CURVE('',#3835,#801,#6400,.T.);
#6400 = SEAM_CURVE('',#6401,(#6405,#6412),.PCURVE_S1.);
#6401 = LINE('',#6402,#6403);
#6402 = CARTESIAN_POINT('',(-65.95,-6.000769315822E-16,6.));
#6403 = VECTOR('',#6404,1.);
#6404 = DIRECTION('',(0.,0.,-1.));
#6405 = PCURVE('',#821,#6406);
#6406 = DEFINITIONAL_REPRESENTATION('',(#6407),#6411);
#6407 = LINE('',#6408,#6409);
#6408 = CARTESIAN_POINT('',(6.28318530718,-0.));
#6409 = VECTOR('',#6410,1.);
#6410 = DIRECTION('',(0.,1.));
#6411 = ( GEOMETRIC_REPRESENTATION_CONTEXT(2) 
PARAMETRIC_REPRESENTATION_CONTEXT() REPRESENTATION_CONTEXT('2D SPACE',''
  ) );
#6412 = PCURVE('',#821,#6413);
#6413 = DEFINITIONAL_REPRESENTATION('',(#6414),#6418);
#6414 = LINE('',#6415,#6416);
#6415 = CARTESIAN_POINT('',(0.,-0.));
#6416 = VECTOR('',#6417,1.);
#6417 = DIRECTION('',(0.,1.));
#6418 = ( GEOMETRIC_REPRESENTATION_CONTEXT(2) 
PARAMETRIC_REPRESENTATION_CONTEXT() REPRESENTATION_CONTEXT('2D SPACE',''
  ) );
#6419 = ORIENTED_EDGE('',*,*,#3834,.T.);
#6420 = ORIENTED_EDGE('',*,*,#6399,.T.);
#6421 = ADVANCED_FACE('',(#6422),#856,.F.);
#6422 = FACE_BOUND('',#6423,.F.);
#6423 = EDGE_LOOP('',(#6424,#6425,#6446,#6447));
#6424 = ORIENTED_EDGE('',*,*,#835,.F.);
#6425 = ORIENTED_EDGE('',*,*,#6426,.F.);
#6426 = EDGE_CURVE('',#3865,#836,#6427,.T.);
#6427 = SEAM_CURVE('',#6428,(#6432,#6439),.PCURVE_S1.);
#6428 = LINE('',#6429,#6430);
#6429 = CARTESIAN_POINT('',(-53.25,-6.000769315822E-16,6.));
#6430 = VECTOR('',#6431,1.);
#6431 = DIRECTION('',(0.,0.,-1.));
#6432 = PCURVE('',#856,#6433);
#6433 = DEFINITIONAL_REPRESENTATION('',(#6434),#6438);
#6434 = LINE('',#6435,#6436);
#6435 = CARTESIAN_POINT('',(6.28318530718,-0.));
#6436 = VECTOR('',#6437,1.);
#6437 = DIRECTION('',(0.,1.));
#6438 = ( GEOMETRIC_REPRESENTATION_CONTEXT(2) 
PARAMETRIC_REPRESENTATION_CONTEXT() REPRESENTATION_CONTEXT('2D SPACE',''
  ) );
#6439 = PCURVE('',#856,#6440);
#6440 = DEFINITIONAL_REPRESENTATION('',(#6441),#6445);
#6441 = LINE('',#6442,#6443);
#6442 = CARTESIAN_POINT('',(0.,-0.));
#6443 = VECTOR('',#6444,1.);
#6444 = DIRECTION('',(0.,1.));
#6445 = ( GEOMETRIC_REPRESENTATION_CONTEXT(2) 
PARAMETRIC_REPRESENTATION_CONTEXT() REPRESENTATION_CONTEXT('2D SPACE',''
  ) );
#6446 = ORIENTED_EDGE('',*,*,#3864,.T.);
#6447 = ORIENTED_EDGE('',*,*,#6426,.T.);
#6448 = ADVANCED_FACE('',(#6449),#891,.F.);
#6449 = FACE_BOUND('',#6450,.F.);
#6450 = EDGE_LOOP('',(#6451,#6452,#6473,#6474));
#6451 = ORIENTED_EDGE('',*,*,#870,.F.);
#6452 = ORIENTED_EDGE('',*,*,#6453,.F.);
#6453 = EDGE_CURVE('',#3895,#871,#6454,.T.);
#6454 = SEAM_CURVE('',#6455,(#6459,#6466),.PCURVE_S1.);
#6455 = LINE('',#6456,#6457);
#6456 = CARTESIAN_POINT('',(-40.55,-6.000769315822E-16,6.));
#6457 = VECTOR('',#6458,1.);
#6458 = DIRECTION('',(0.,0.,-1.));
#6459 = PCURVE('',#891,#6460);
#6460 = DEFINITIONAL_REPRESENTATION('',(#6461),#6465);
#6461 = LINE('',#6462,#6463);
#6462 = CARTESIAN_POINT('',(6.28318530718,-0.));
#6463 = VECTOR('',#6464,1.);
#6464 = DIRECTION('',(0.,1.));
#6465 = ( GEOMETRIC_REPRESENTATION_CONTEXT(2) 
PARAMETRIC_REPRESENTATION_CONTEXT() REPRESENTATION_CONTEXT('2D SPACE',''
  ) );
#6466 = PCURVE('',#891,#6467);
#6467 = DEFINITIONAL_REPRESENTATION('',(#6468),#6472);
#6468 = LINE('',#6469,#6470);
#6469 = CARTESIAN_POINT('',(0.,-0.));
#6470 = VECTOR('',#6471,1.);
#6471 = DIRECTION('',(0.,1.));
#6472 = ( GEOMETRIC_REPRESENTATION_CONTEXT(2) 
PARAMETRIC_REPRESENTATION_CONTEXT() REPRESENTATION_CONTEXT('2D SPACE',''
  ) );
#6473 = ORIENTED_EDGE('',*,*,#3894,.T.);
#6474 = ORIENTED_EDGE('',*,*,#6453,.T.);
#6475 = ADVANCED_FACE('',(#6476),#926,.F.);
#6476 = FACE_BOUND('',#6477,.F.);
#6477 = EDGE_LOOP('',(#6478,#6479,#6500,#6501));
#6478 = ORIENTED_EDGE('',*,*,#905,.F.);
#6479 = ORIENTED_EDGE('',*,*,#6480,.F.);
#6480 = EDGE_CURVE('',#3925,#906,#6481,.T.);
#6481 = SEAM_CURVE('',#6482,(#6486,#6493),.PCURVE_S1.);
#6482 = LINE('',#6483,#6484);
#6483 = CARTESIAN_POINT('',(-65.95,12.7,6.));
#6484 = VECTOR('',#6485,1.);
#6485 = DIRECTION('',(0.,0.,-1.));
#6486 = PCURVE('',#926,#6487);
#6487 = DEFINITIONAL_REPRESENTATION('',(#6488),#6492);
#6488 = LINE('',#6489,#6490);
#6489 = CARTESIAN_POINT('',(6.28318530718,-0.));
#6490 = VECTOR('',#6491,1.);
#6491 = DIRECTION('',(0.,1.));
#6492 = ( GEOMETRIC_REPRESENTATION_CONTEXT(2) 
PARAMETRIC_REPRESENTATION_CONTEXT() REPRESENTATION_CONTEXT('2D SPACE',''
  ) );
#6493 = PCURVE('',#926,#6494);
#6494 = DEFINITIONAL_REPRESENTATION('',(#6495),#6499);
#6495 = LINE('',#6496,#6497);
#6496 = CARTESIAN_POINT('',(0.,-0.));
#6497 = VECTOR('',#6498,1.);
#6498 = DIRECTION('',(0.,1.));
#6499 = ( GEOMETRIC_REPRESENTATION_CONTEXT(2) 
PARAMETRIC_REPRESENTATION_CONTEXT() REPRESENTATION_CONTEXT('2D SPACE',''
  ) );
#6500 = ORIENTED_EDGE('',*,*,#3924,.T.);
#6501 = ORIENTED_EDGE('',*,*,#6480,.T.);
#6502 = ADVANCED_FACE('',(#6503),#961,.F.);
#6503 = FACE_BOUND('',#6504,.F.);
#6504 = EDGE_LOOP('',(#6505,#6506,#6527,#6528));
#6505 = ORIENTED_EDGE('',*,*,#940,.F.);
#6506 = ORIENTED_EDGE('',*,*,#6507,.F.);
#6507 = EDGE_CURVE('',#3955,#941,#6508,.T.);
#6508 = SEAM_CURVE('',#6509,(#6513,#6520),.PCURVE_S1.);
#6509 = LINE('',#6510,#6511);
#6510 = CARTESIAN_POINT('',(-53.25,12.7,6.));
#6511 = VECTOR('',#6512,1.);
#6512 = DIRECTION('',(0.,0.,-1.));
#6513 = PCURVE('',#961,#6514);
#6514 = DEFINITIONAL_REPRESENTATION('',(#6515),#6519);
#6515 = LINE('',#6516,#6517);
#6516 = CARTESIAN_POINT('',(6.28318530718,-0.));
#6517 = VECTOR('',#6518,1.);
#6518 = DIRECTION('',(0.,1.));
#6519 = ( GEOMETRIC_REPRESENTATION_CONTEXT(2) 
PARAMETRIC_REPRESENTATION_CONTEXT() REPRESENTATION_CONTEXT('2D SPACE',''
  ) );
#6520 = PCURVE('',#961,#6521);
#6521 = DEFINITIONAL_REPRESENTATION('',(#6522),#6526);
#6522 = LINE('',#6523,#6524);
#6523 = CARTESIAN_POINT('',(0.,-0.));
#6524 = VECTOR('',#6525,1.);
#6525 = DIRECTION('',(0.,1.));
#6526 = ( GEOMETRIC_REPRESENTATION_CONTEXT(2) 
PARAMETRIC_REPRESENTATION_CONTEXT() REPRESENTATION_CONTEXT('2D SPACE',''
  ) );
#6527 = ORIENTED_EDGE('',*,*,#3954,.T.);
#6528 = ORIENTED_EDGE('',*,*,#6507,.T.);
#6529 = ADVANCED_FACE('',(#6530),#996,.F.);
#6530 = FACE_BOUND('',#6531,.F.);
#6531 = EDGE_LOOP('',(#6532,#6533,#6554,#6555));
#6532 = ORIENTED_EDGE('',*,*,#975,.F.);
#6533 = ORIENTED_EDGE('',*,*,#6534,.F.);
#6534 = EDGE_CURVE('',#3985,#976,#6535,.T.);
#6535 = SEAM_CURVE('',#6536,(#6540,#6547),.PCURVE_S1.);
#6536 = LINE('',#6537,#6538);
#6537 = CARTESIAN_POINT('',(-40.55,12.7,6.));
#6538 = VECTOR('',#6539,1.);
#6539 = DIRECTION('',(0.,0.,-1.));
#6540 = PCURVE('',#996,#6541);
#6541 = DEFINITIONAL_REPRESENTATION('',(#6542),#6546);
#6542 = LINE('',#6543,#6544);
#6543 = CARTESIAN_POINT('',(6.28318530718,-0.));
#6544 = VECTOR('',#6545,1.);
#6545 = DIRECTION('',(0.,1.));
#6546 = ( GEOMETRIC_REPRESENTATION_CONTEXT(2) 
PARAMETRIC_REPRESENTATION_CONTEXT() REPRESENTATION_CONTEXT('2D SPACE',''
  ) );
#6547 = PCURVE('',#996,#6548);
#6548 = DEFINITIONAL_REPRESENTATION('',(#6549),#6553);
#6549 = LINE('',#6550,#6551);
#6550 = CARTESIAN_POINT('',(0.,-0.));
#6551 = VECTOR('',#6552,1.);
#6552 = DIRECTION('',(0.,1.));
#6553 = ( GEOMETRIC_REPRESENTATION_CONTEXT(2) 
PARAMETRIC_REPRESENTATION_CONTEXT() REPRESENTATION_CONTEXT('2D SPACE',''
  ) );
#6554 = ORIENTED_EDGE('',*,*,#3984,.T.);
#6555 = ORIENTED_EDGE('',*,*,#6534,.T.);
#6556 = ADVANCED_FACE('',(#6557),#1031,.F.);
#6557 = FACE_BOUND('',#6558,.F.);
#6558 = EDGE_LOOP('',(#6559,#6560,#6581,#6582));
#6559 = ORIENTED_EDGE('',*,*,#1010,.F.);
#6560 = ORIENTED_EDGE('',*,*,#6561,.F.);
#6561 = EDGE_CURVE('',#4015,#1011,#6562,.T.);
#6562 = SEAM_CURVE('',#6563,(#6567,#6574),.PCURVE_S1.);
#6563 = LINE('',#6564,#6565);
#6564 = CARTESIAN_POINT('',(-27.85,-6.000769315822E-16,6.));
#6565 = VECTOR('',#6566,1.);
#6566 = DIRECTION('',(0.,0.,-1.));
#6567 = PCURVE('',#1031,#6568);
#6568 = DEFINITIONAL_REPRESENTATION('',(#6569),#6573);
#6569 = LINE('',#6570,#6571);
#6570 = CARTESIAN_POINT('',(6.28318530718,-0.));
#6571 = VECTOR('',#6572,1.);
#6572 = DIRECTION('',(0.,1.));
#6573 = ( GEOMETRIC_REPRESENTATION_CONTEXT(2) 
PARAMETRIC_REPRESENTATION_CONTEXT() REPRESENTATION_CONTEXT('2D SPACE',''
  ) );
#6574 = PCURVE('',#1031,#6575);
#6575 = DEFINITIONAL_REPRESENTATION('',(#6576),#6580);
#6576 = LINE('',#6577,#6578);
#6577 = CARTESIAN_POINT('',(0.,-0.));
#6578 = VECTOR('',#6579,1.);
#6579 = DIRECTION('',(0.,1.));
#6580 = ( GEOMETRIC_REPRESENTATION_CONTEXT(2) 
PARAMETRIC_REPRESENTATION_CONTEXT() REPRESENTATION_CONTEXT('2D SPACE',''
  ) );
#6581 = ORIENTED_EDGE('',*,*,#4014,.T.);
#6582 = ORIENTED_EDGE('',*,*,#6561,.T.);
#6583 = ADVANCED_FACE('',(#6584),#1066,.F.);
#6584 = FACE_BOUND('',#6585,.F.);
#6585 = EDGE_LOOP('',(#6586,#6587,#6608,#6609));
#6586 = ORIENTED_EDGE('',*,*,#1045,.F.);
#6587 = ORIENTED_EDGE('',*,*,#6588,.F.);
#6588 = EDGE_CURVE('',#4045,#1046,#6589,.T.);
#6589 = SEAM_CURVE('',#6590,(#6594,#6601),.PCURVE_S1.);
#6590 = LINE('',#6591,#6592);
#6591 = CARTESIAN_POINT('',(-15.15,-6.000769315822E-16,6.));
#6592 = VECTOR('',#6593,1.);
#6593 = DIRECTION('',(0.,0.,-1.));
#6594 = PCURVE('',#1066,#6595);
#6595 = DEFINITIONAL_REPRESENTATION('',(#6596),#6600);
#6596 = LINE('',#6597,#6598);
#6597 = CARTESIAN_POINT('',(6.28318530718,-0.));
#6598 = VECTOR('',#6599,1.);
#6599 = DIRECTION('',(0.,1.));
#6600 = ( GEOMETRIC_REPRESENTATION_CONTEXT(2) 
PARAMETRIC_REPRESENTATION_CONTEXT() REPRESENTATION_CONTEXT('2D SPACE',''
  ) );
#6601 = PCURVE('',#1066,#6602);
#6602 = DEFINITIONAL_REPRESENTATION('',(#6603),#6607);
#6603 = LINE('',#6604,#6605);
#6604 = CARTESIAN_POINT('',(0.,-0.));
#6605 = VECTOR('',#6606,1.);
#6606 = DIRECTION('',(0.,1.));
#6607 = ( GEOMETRIC_REPRESENTATION_CONTEXT(2) 
PARAMETRIC_REPRESENTATION_CONTEXT() REPRESENTATION_CONTEXT('2D SPACE',''
  ) );
#6608 = ORIENTED_EDGE('',*,*,#4044,.T.);
#6609 = ORIENTED_EDGE('',*,*,#6588,.T.);
#6610 = ADVANCED_FACE('',(#6611),#1101,.F.);
#6611 = FACE_BOUND('',#6612,.F.);
#6612 = EDGE_LOOP('',(#6613,#6614,#6635,#6636));
#6613 = ORIENTED_EDGE('',*,*,#1080,.F.);
#6614 = ORIENTED_EDGE('',*,*,#6615,.F.);
#6615 = EDGE_CURVE('',#4075,#1081,#6616,.T.);
#6616 = SEAM_CURVE('',#6617,(#6621,#6628),.PCURVE_S1.);
#6617 = LINE('',#6618,#6619);
#6618 = CARTESIAN_POINT('',(-27.85,12.7,6.));
#6619 = VECTOR('',#6620,1.);
#6620 = DIRECTION('',(0.,0.,-1.));
#6621 = PCURVE('',#1101,#6622);
#6622 = DEFINITIONAL_REPRESENTATION('',(#6623),#6627);
#6623 = LINE('',#6624,#6625);
#6624 = CARTESIAN_POINT('',(6.28318530718,-0.));
#6625 = VECTOR('',#6626,1.);
#6626 = DIRECTION('',(0.,1.));
#6627 = ( GEOMETRIC_REPRESENTATION_CONTEXT(2) 
PARAMETRIC_REPRESENTATION_CONTEXT() REPRESENTATION_CONTEXT('2D SPACE',''
  ) );
#6628 = PCURVE('',#1101,#6629);
#6629 = DEFINITIONAL_REPRESENTATION('',(#6630),#6634);
#6630 = LINE('',#6631,#6632);
#6631 = CARTESIAN_POINT('',(0.,-0.));
#6632 = VECTOR('',#6633,1.);
#6633 = DIRECTION('',(0.,1.));
#6634 = ( GEOMETRIC_REPRESENTATION_CONTEXT(2) 
PARAMETRIC_REPRESENTATION_CONTEXT() REPRESENTATION_CONTEXT('2D SPACE',''
  ) );
#6635 = ORIENTED_EDGE('',*,*,#4074,.T.);
#6636 = ORIENTED_EDGE('',*,*,#6615,.T.);
#6637 = ADVANCED_FACE('',(#6638),#1136,.F.);
#6638 = FACE_BOUND('',#6639,.F.);
#6639 = EDGE_LOOP('',(#6640,#6641,#6662,#6663));
#6640 = ORIENTED_EDGE('',*,*,#1115,.F.);
#6641 = ORIENTED_EDGE('',*,*,#6642,.F.);
#6642 = EDGE_CURVE('',#4105,#1116,#6643,.T.);
#6643 = SEAM_CURVE('',#6644,(#6648,#6655),.PCURVE_S1.);
#6644 = LINE('',#6645,#6646);
#6645 = CARTESIAN_POINT('',(-15.15,12.7,6.));
#6646 = VECTOR('',#6647,1.);
#6647 = DIRECTION('',(0.,0.,-1.));
#6648 = PCURVE('',#1136,#6649);
#6649 = DEFINITIONAL_REPRESENTATION('',(#6650),#6654);
#6650 = LINE('',#6651,#6652);
#6651 = CARTESIAN_POINT('',(6.28318530718,-0.));
#6652 = VECTOR('',#6653,1.);
#6653 = DIRECTION('',(0.,1.));
#6654 = ( GEOMETRIC_REPRESENTATION_CONTEXT(2) 
PARAMETRIC_REPRESENTATION_CONTEXT() REPRESENTATION_CONTEXT('2D SPACE',''
  ) );
#6655 = PCURVE('',#1136,#6656);
#6656 = DEFINITIONAL_REPRESENTATION('',(#6657),#6661);
#6657 = LINE('',#6658,#6659);
#6658 = CARTESIAN_POINT('',(0.,-0.));
#6659 = VECTOR('',#6660,1.);
#6660 = DIRECTION('',(0.,1.));
#6661 = ( GEOMETRIC_REPRESENTATION_CONTEXT(2) 
PARAMETRIC_REPRESENTATION_CONTEXT() REPRESENTATION_CONTEXT('2D SPACE',''
  ) );
#6662 = ORIENTED_EDGE('',*,*,#4104,.T.);
#6663 = ORIENTED_EDGE('',*,*,#6642,.T.);
#6664 = ADVANCED_FACE('',(#6665),#1171,.F.);
#6665 = FACE_BOUND('',#6666,.F.);
#6666 = EDGE_LOOP('',(#6667,#6668,#6689,#6690));
#6667 = ORIENTED_EDGE('',*,*,#1150,.F.);
#6668 = ORIENTED_EDGE('',*,*,#6669,.F.);
#6669 = EDGE_CURVE('',#4135,#1151,#6670,.T.);
#6670 = SEAM_CURVE('',#6671,(#6675,#6682),.PCURVE_S1.);
#6671 = LINE('',#6672,#6673);
#6672 = CARTESIAN_POINT('',(-2.45,-25.4,6.));
#6673 = VECTOR('',#6674,1.);
#6674 = DIRECTION('',(0.,0.,-1.));
#6675 = PCURVE('',#1171,#6676);
#6676 = DEFINITIONAL_REPRESENTATION('',(#6677),#6681);
#6677 = LINE('',#6678,#6679);
#6678 = CARTESIAN_POINT('',(6.28318530718,-0.));
#6679 = VECTOR('',#6680,1.);
#6680 = DIRECTION('',(0.,1.));
#6681 = ( GEOMETRIC_REPRESENTATION_CONTEXT(2) 
PARAMETRIC_REPRESENTATION_CONTEXT() REPRESENTATION_CONTEXT('2D SPACE',''
  ) );
#6682 = PCURVE('',#1171,#6683);
#6683 = DEFINITIONAL_REPRESENTATION('',(#6684),#6688);
#6684 = LINE('',#6685,#6686);
#6685 = CARTESIAN_POINT('',(0.,-0.));
#6686 = VECTOR('',#6687,1.);
#6687 = DIRECTION('',(0.,1.));
#6688 = ( GEOMETRIC_REPRESENTATION_CONTEXT(2) 
PARAMETRIC_REPRESENTATION_CONTEXT() REPRESENTATION_CONTEXT('2D SPACE',''
  ) );
#6689 = ORIENTED_EDGE('',*,*,#4134,.T.);
#6690 = ORIENTED_EDGE('',*,*,#6669,.T.);
#6691 = ADVANCED_FACE('',(#6692),#1206,.F.);
#6692 = FACE_BOUND('',#6693,.F.);
#6693 = EDGE_LOOP('',(#6694,#6695,#6716,#6717));
#6694 = ORIENTED_EDGE('',*,*,#1185,.F.);
#6695 = ORIENTED_EDGE('',*,*,#6696,.F.);
#6696 = EDGE_CURVE('',#4165,#1186,#6697,.T.);
#6697 = SEAM_CURVE('',#6698,(#6702,#6709),.PCURVE_S1.);
#6698 = LINE('',#6699,#6700);
#6699 = CARTESIAN_POINT('',(10.25,-25.4,6.));
#6700 = VECTOR('',#6701,1.);
#6701 = DIRECTION('',(0.,0.,-1.));
#6702 = PCURVE('',#1206,#6703);
#6703 = DEFINITIONAL_REPRESENTATION('',(#6704),#6708);
#6704 = LINE('',#6705,#6706);
#6705 = CARTESIAN_POINT('',(6.28318530718,-0.));
#6706 = VECTOR('',#6707,1.);
#6707 = DIRECTION('',(0.,1.));
#6708 = ( GEOMETRIC_REPRESENTATION_CONTEXT(2) 
PARAMETRIC_REPRESENTATION_CONTEXT() REPRESENTATION_CONTEXT('2D SPACE',''
  ) );
#6709 = PCURVE('',#1206,#6710);
#6710 = DEFINITIONAL_REPRESENTATION('',(#6711),#6715);
#6711 = LINE('',#6712,#6713);
#6712 = CARTESIAN_POINT('',(0.,-0.));
#6713 = VECTOR('',#6714,1.);
#6714 = DIRECTION('',(0.,1.));
#6715 = ( GEOMETRIC_REPRESENTATION_CONTEXT(2) 
PARAMETRIC_REPRESENTATION_CONTEXT() REPRESENTATION_CONTEXT('2D SPACE',''
  ) );
#6716 = ORIENTED_EDGE('',*,*,#4164,.T.);
#6717 = ORIENTED_EDGE('',*,*,#6696,.T.);
#6718 = ADVANCED_FACE('',(#6719),#1241,.F.);
#6719 = FACE_BOUND('',#6720,.F.);
#6720 = EDGE_LOOP('',(#6721,#6722,#6743,#6744));
#6721 = ORIENTED_EDGE('',*,*,#1220,.F.);
#6722 = ORIENTED_EDGE('',*,*,#6723,.F.);
#6723 = EDGE_CURVE('',#4195,#1221,#6724,.T.);
#6724 = SEAM_CURVE('',#6725,(#6729,#6736),.PCURVE_S1.);
#6725 = LINE('',#6726,#6727);
#6726 = CARTESIAN_POINT('',(-2.45,-12.7,6.));
#6727 = VECTOR('',#6728,1.);
#6728 = DIRECTION('',(0.,0.,-1.));
#6729 = PCURVE('',#1241,#6730);
#6730 = DEFINITIONAL_REPRESENTATION('',(#6731),#6735);
#6731 = LINE('',#6732,#6733);
#6732 = CARTESIAN_POINT('',(6.28318530718,-0.));
#6733 = VECTOR('',#6734,1.);
#6734 = DIRECTION('',(0.,1.));
#6735 = ( GEOMETRIC_REPRESENTATION_CONTEXT(2) 
PARAMETRIC_REPRESENTATION_CONTEXT() REPRESENTATION_CONTEXT('2D SPACE',''
  ) );
#6736 = PCURVE('',#1241,#6737);
#6737 = DEFINITIONAL_REPRESENTATION('',(#6738),#6742);
#6738 = LINE('',#6739,#6740);
#6739 = CARTESIAN_POINT('',(0.,-0.));
#6740 = VECTOR('',#6741,1.);
#6741 = DIRECTION('',(0.,1.));
#6742 = ( GEOMETRIC_REPRESENTATION_CONTEXT(2) 
PARAMETRIC_REPRESENTATION_CONTEXT() REPRESENTATION_CONTEXT('2D SPACE',''
  ) );
#6743 = ORIENTED_EDGE('',*,*,#4194,.T.);
#6744 = ORIENTED_EDGE('',*,*,#6723,.T.);
#6745 = ADVANCED_FACE('',(#6746),#1276,.F.);
#6746 = FACE_BOUND('',#6747,.F.);
#6747 = EDGE_LOOP('',(#6748,#6749,#6770,#6771));
#6748 = ORIENTED_EDGE('',*,*,#1255,.F.);
#6749 = ORIENTED_EDGE('',*,*,#6750,.F.);
#6750 = EDGE_CURVE('',#4225,#1256,#6751,.T.);
#6751 = SEAM_CURVE('',#6752,(#6756,#6763),.PCURVE_S1.);
#6752 = LINE('',#6753,#6754);
#6753 = CARTESIAN_POINT('',(10.25,-12.7,6.));
#6754 = VECTOR('',#6755,1.);
#6755 = DIRECTION('',(0.,0.,-1.));
#6756 = PCURVE('',#1276,#6757);
#6757 = DEFINITIONAL_REPRESENTATION('',(#6758),#6762);
#6758 = LINE('',#6759,#6760);
#6759 = CARTESIAN_POINT('',(6.28318530718,-0.));
#6760 = VECTOR('',#6761,1.);
#6761 = DIRECTION('',(0.,1.));
#6762 = ( GEOMETRIC_REPRESENTATION_CONTEXT(2) 
PARAMETRIC_REPRESENTATION_CONTEXT() REPRESENTATION_CONTEXT('2D SPACE',''
  ) );
#6763 = PCURVE('',#1276,#6764);
#6764 = DEFINITIONAL_REPRESENTATION('',(#6765),#6769);
#6765 = LINE('',#6766,#6767);
#6766 = CARTESIAN_POINT('',(0.,-0.));
#6767 = VECTOR('',#6768,1.);
#6768 = DIRECTION('',(0.,1.));
#6769 = ( GEOMETRIC_REPRESENTATION_CONTEXT(2) 
PARAMETRIC_REPRESENTATION_CONTEXT() REPRESENTATION_CONTEXT('2D SPACE',''
  ) );
#6770 = ORIENTED_EDGE('',*,*,#4224,.T.);
#6771 = ORIENTED_EDGE('',*,*,#6750,.T.);
#6772 = ADVANCED_FACE('',(#6773),#1311,.F.);
#6773 = FACE_BOUND('',#6774,.F.);
#6774 = EDGE_LOOP('',(#6775,#6776,#6797,#6798));
#6775 = ORIENTED_EDGE('',*,*,#1290,.F.);
#6776 = ORIENTED_EDGE('',*,*,#6777,.F.);
#6777 = EDGE_CURVE('',#4255,#1291,#6778,.T.);
#6778 = SEAM_CURVE('',#6779,(#6783,#6790),.PCURVE_S1.);
#6779 = LINE('',#6780,#6781);
#6780 = CARTESIAN_POINT('',(22.95,-25.4,6.));
#6781 = VECTOR('',#6782,1.);
#6782 = DIRECTION('',(0.,0.,-1.));
#6783 = PCURVE('',#1311,#6784);
#6784 = DEFINITIONAL_REPRESENTATION('',(#6785),#6789);
#6785 = LINE('',#6786,#6787);
#6786 = CARTESIAN_POINT('',(6.28318530718,-0.));
#6787 = VECTOR('',#6788,1.);
#6788 = DIRECTION('',(0.,1.));
#6789 = ( GEOMETRIC_REPRESENTATION_CONTEXT(2) 
PARAMETRIC_REPRESENTATION_CONTEXT() REPRESENTATION_CONTEXT('2D SPACE',''
  ) );
#6790 = PCURVE('',#1311,#6791);
#6791 = DEFINITIONAL_REPRESENTATION('',(#6792),#6796);
#6792 = LINE('',#6793,#6794);
#6793 = CARTESIAN_POINT('',(0.,-0.));
#6794 = VECTOR('',#6795,1.);
#6795 = DIRECTION('',(0.,1.));
#6796 = ( GEOMETRIC_REPRESENTATION_CONTEXT(2) 
PARAMETRIC_REPRESENTATION_CONTEXT() REPRESENTATION_CONTEXT('2D SPACE',''
  ) );
#6797 = ORIENTED_EDGE('',*,*,#4254,.T.);
#6798 = ORIENTED_EDGE('',*,*,#6777,.T.);
#6799 = ADVANCED_FACE('',(#6800),#1346,.F.);
#6800 = FACE_BOUND('',#6801,.F.);
#6801 = EDGE_LOOP('',(#6802,#6803,#6824,#6825));
#6802 = ORIENTED_EDGE('',*,*,#1325,.F.);
#6803 = ORIENTED_EDGE('',*,*,#6804,.F.);
#6804 = EDGE_CURVE('',#4285,#1326,#6805,.T.);
#6805 = SEAM_CURVE('',#6806,(#6810,#6817),.PCURVE_S1.);
#6806 = LINE('',#6807,#6808);
#6807 = CARTESIAN_POINT('',(35.65,-25.4,6.));
#6808 = VECTOR('',#6809,1.);
#6809 = DIRECTION('',(0.,0.,-1.));
#6810 = PCURVE('',#1346,#6811);
#6811 = DEFINITIONAL_REPRESENTATION('',(#6812),#6816);
#6812 = LINE('',#6813,#6814);
#6813 = CARTESIAN_POINT('',(6.28318530718,-0.));
#6814 = VECTOR('',#6815,1.);
#6815 = DIRECTION('',(0.,1.));
#6816 = ( GEOMETRIC_REPRESENTATION_CONTEXT(2) 
PARAMETRIC_REPRESENTATION_CONTEXT() REPRESENTATION_CONTEXT('2D SPACE',''
  ) );
#6817 = PCURVE('',#1346,#6818);
#6818 = DEFINITIONAL_REPRESENTATION('',(#6819),#6823);
#6819 = LINE('',#6820,#6821);
#6820 = CARTESIAN_POINT('',(0.,-0.));
#6821 = VECTOR('',#6822,1.);
#6822 = DIRECTION('',(0.,1.));
#6823 = ( GEOMETRIC_REPRESENTATION_CONTEXT(2) 
PARAMETRIC_REPRESENTATION_CONTEXT() REPRESENTATION_CONTEXT('2D SPACE',''
  ) );
#6824 = ORIENTED_EDGE('',*,*,#4284,.T.);
#6825 = ORIENTED_EDGE('',*,*,#6804,.T.);
#6826 = ADVANCED_FACE('',(#6827),#1381,.F.);
#6827 = FACE_BOUND('',#6828,.F.);
#6828 = EDGE_LOOP('',(#6829,#6830,#6851,#6852));
#6829 = ORIENTED_EDGE('',*,*,#1360,.F.);
#6830 = ORIENTED_EDGE('',*,*,#6831,.F.);
#6831 = EDGE_CURVE('',#4315,#1361,#6832,.T.);
#6832 = SEAM_CURVE('',#6833,(#6837,#6844),.PCURVE_S1.);
#6833 = LINE('',#6834,#6835);
#6834 = CARTESIAN_POINT('',(48.35,-25.4,6.));
#6835 = VECTOR('',#6836,1.);
#6836 = DIRECTION('',(0.,0.,-1.));
#6837 = PCURVE('',#1381,#6838);
#6838 = DEFINITIONAL_REPRESENTATION('',(#6839),#6843);
#6839 = LINE('',#6840,#6841);
#6840 = CARTESIAN_POINT('',(6.28318530718,-0.));
#6841 = VECTOR('',#6842,1.);
#6842 = DIRECTION('',(0.,1.));
#6843 = ( GEOMETRIC_REPRESENTATION_CONTEXT(2) 
PARAMETRIC_REPRESENTATION_CONTEXT() REPRESENTATION_CONTEXT('2D SPACE',''
  ) );
#6844 = PCURVE('',#1381,#6845);
#6845 = DEFINITIONAL_REPRESENTATION('',(#6846),#6850);
#6846 = LINE('',#6847,#6848);
#6847 = CARTESIAN_POINT('',(0.,-0.));
#6848 = VECTOR('',#6849,1.);
#6849 = DIRECTION('',(0.,1.));
#6850 = ( GEOMETRIC_REPRESENTATION_CONTEXT(2) 
PARAMETRIC_REPRESENTATION_CONTEXT() REPRESENTATION_CONTEXT('2D SPACE',''
  ) );
#6851 = ORIENTED_EDGE('',*,*,#4314,.T.);
#6852 = ORIENTED_EDGE('',*,*,#6831,.T.);
#6853 = ADVANCED_FACE('',(#6854),#1416,.F.);
#6854 = FACE_BOUND('',#6855,.F.);
#6855 = EDGE_LOOP('',(#6856,#6857,#6878,#6879));
#6856 = ORIENTED_EDGE('',*,*,#1395,.F.);
#6857 = ORIENTED_EDGE('',*,*,#6858,.F.);
#6858 = EDGE_CURVE('',#4345,#1396,#6859,.T.);
#6859 = SEAM_CURVE('',#6860,(#6864,#6871),.PCURVE_S1.);
#6860 = LINE('',#6861,#6862);
#6861 = CARTESIAN_POINT('',(22.95,-12.7,6.));
#6862 = VECTOR('',#6863,1.);
#6863 = DIRECTION('',(0.,0.,-1.));
#6864 = PCURVE('',#1416,#6865);
#6865 = DEFINITIONAL_REPRESENTATION('',(#6866),#6870);
#6866 = LINE('',#6867,#6868);
#6867 = CARTESIAN_POINT('',(6.28318530718,-0.));
#6868 = VECTOR('',#6869,1.);
#6869 = DIRECTION('',(0.,1.));
#6870 = ( GEOMETRIC_REPRESENTATION_CONTEXT(2) 
PARAMETRIC_REPRESENTATION_CONTEXT() REPRESENTATION_CONTEXT('2D SPACE',''
  ) );
#6871 = PCURVE('',#1416,#6872);
#6872 = DEFINITIONAL_REPRESENTATION('',(#6873),#6877);
#6873 = LINE('',#6874,#6875);
#6874 = CARTESIAN_POINT('',(0.,-0.));
#6875 = VECTOR('',#6876,1.);
#6876 = DIRECTION('',(0.,1.));
#6877 = ( GEOMETRIC_REPRESENTATION_CONTEXT(2) 
PARAMETRIC_REPRESENTATION_CONTEXT() REPRESENTATION_CONTEXT('2D SPACE',''
  ) );
#6878 = ORIENTED_EDGE('',*,*,#4344,.T.);
#6879 = ORIENTED_EDGE('',*,*,#6858,.T.);
#6880 = ADVANCED_FACE('',(#6881),#1451,.F.);
#6881 = FACE_BOUND('',#6882,.F.);
#6882 = EDGE_LOOP('',(#6883,#6884,#6905,#6906));
#6883 = ORIENTED_EDGE('',*,*,#1430,.F.);
#6884 = ORIENTED_EDGE('',*,*,#6885,.F.);
#6885 = EDGE_CURVE('',#4375,#1431,#6886,.T.);
#6886 = SEAM_CURVE('',#6887,(#6891,#6898),.PCURVE_S1.);
#6887 = LINE('',#6888,#6889);
#6888 = CARTESIAN_POINT('',(35.65,-12.7,6.));
#6889 = VECTOR('',#6890,1.);
#6890 = DIRECTION('',(0.,0.,-1.));
#6891 = PCURVE('',#1451,#6892);
#6892 = DEFINITIONAL_REPRESENTATION('',(#6893),#6897);
#6893 = LINE('',#6894,#6895);
#6894 = CARTESIAN_POINT('',(6.28318530718,-0.));
#6895 = VECTOR('',#6896,1.);
#6896 = DIRECTION('',(0.,1.));
#6897 = ( GEOMETRIC_REPRESENTATION_CONTEXT(2) 
PARAMETRIC_REPRESENTATION_CONTEXT() REPRESENTATION_CONTEXT('2D SPACE',''
  ) );
#6898 = PCURVE('',#1451,#6899);
#6899 = DEFINITIONAL_REPRESENTATION('',(#6900),#6904);
#6900 = LINE('',#6901,#6902);
#6901 = CARTESIAN_POINT('',(0.,-0.));
#6902 = VECTOR('',#6903,1.);
#6903 = DIRECTION('',(0.,1.));
#6904 = ( GEOMETRIC_REPRESENTATION_CONTEXT(2) 
PARAMETRIC_REPRESENTATION_CONTEXT() REPRESENTATION_CONTEXT('2D SPACE',''
  ) );
#6905 = ORIENTED_EDGE('',*,*,#4374,.T.);
#6906 = ORIENTED_EDGE('',*,*,#6885,.T.);
#6907 = ADVANCED_FACE('',(#6908),#1486,.F.);
#6908 = FACE_BOUND('',#6909,.F.);
#6909 = EDGE_LOOP('',(#6910,#6911,#6932,#6933));
#6910 = ORIENTED_EDGE('',*,*,#1465,.F.);
#6911 = ORIENTED_EDGE('',*,*,#6912,.F.);
#6912 = EDGE_CURVE('',#4405,#1466,#6913,.T.);
#6913 = SEAM_CURVE('',#6914,(#6918,#6925),.PCURVE_S1.);
#6914 = LINE('',#6915,#6916);
#6915 = CARTESIAN_POINT('',(48.35,-12.7,6.));
#6916 = VECTOR('',#6917,1.);
#6917 = DIRECTION('',(0.,0.,-1.));
#6918 = PCURVE('',#1486,#6919);
#6919 = DEFINITIONAL_REPRESENTATION('',(#6920),#6924);
#6920 = LINE('',#6921,#6922);
#6921 = CARTESIAN_POINT('',(6.28318530718,-0.));
#6922 = VECTOR('',#6923,1.);
#6923 = DIRECTION('',(0.,1.));
#6924 = ( GEOMETRIC_REPRESENTATION_CONTEXT(2) 
PARAMETRIC_REPRESENTATION_CONTEXT() REPRESENTATION_CONTEXT('2D SPACE',''
  ) );
#6925 = PCURVE('',#1486,#6926);
#6926 = DEFINITIONAL_REPRESENTATION('',(#6927),#6931);
#6927 = LINE('',#6928,#6929);
#6928 = CARTESIAN_POINT('',(0.,-0.));
#6929 = VECTOR('',#6930,1.);
#6930 = DIRECTION('',(0.,1.));
#6931 = ( GEOMETRIC_REPRESENTATION_CONTEXT(2) 
PARAMETRIC_REPRESENTATION_CONTEXT() REPRESENTATION_CONTEXT('2D SPACE',''
  ) );
#6932 = ORIENTED_EDGE('',*,*,#4404,.T.);
#6933 = ORIENTED_EDGE('',*,*,#6912,.T.);
#6934 = ADVANCED_FACE('',(#6935),#1521,.F.);
#6935 = FACE_BOUND('',#6936,.F.);
#6936 = EDGE_LOOP('',(#6937,#6938,#6959,#6960));
#6937 = ORIENTED_EDGE('',*,*,#1500,.F.);
#6938 = ORIENTED_EDGE('',*,*,#6939,.F.);
#6939 = EDGE_CURVE('',#4435,#1501,#6940,.T.);
#6940 = SEAM_CURVE('',#6941,(#6945,#6952),.PCURVE_S1.);
#6941 = LINE('',#6942,#6943);
#6942 = CARTESIAN_POINT('',(-8.,-1.959434878636E-15,6.));
#6943 = VECTOR('',#6944,1.);
#6944 = DIRECTION('',(0.,0.,-1.));
#6945 = PCURVE('',#1521,#6946);
#6946 = DEFINITIONAL_REPRESENTATION('',(#6947),#6951);
#6947 = LINE('',#6948,#6949);
#6948 = CARTESIAN_POINT('',(6.28318530718,-0.));
#6949 = VECTOR('',#6950,1.);
#6950 = DIRECTION('',(0.,1.));
#6951 = ( GEOMETRIC_REPRESENTATION_CONTEXT(2) 
PARAMETRIC_REPRESENTATION_CONTEXT() REPRESENTATION_CONTEXT('2D SPACE',''
  ) );
#6952 = PCURVE('',#1521,#6953);
#6953 = DEFINITIONAL_REPRESENTATION('',(#6954),#6958);
#6954 = LINE('',#6955,#6956);
#6955 = CARTESIAN_POINT('',(0.,-0.));
#6956 = VECTOR('',#6957,1.);
#6957 = DIRECTION('',(0.,1.));
#6958 = ( GEOMETRIC_REPRESENTATION_CONTEXT(2) 
PARAMETRIC_REPRESENTATION_CONTEXT() REPRESENTATION_CONTEXT('2D SPACE',''
  ) );
#6959 = ORIENTED_EDGE('',*,*,#4434,.T.);
#6960 = ORIENTED_EDGE('',*,*,#6939,.T.);
#6961 = ADVANCED_FACE('',(#6962),#1556,.F.);
#6962 = FACE_BOUND('',#6963,.F.);
#6963 = EDGE_LOOP('',(#6964,#6965,#6986,#6987));
#6964 = ORIENTED_EDGE('',*,*,#1535,.F.);
#6965 = ORIENTED_EDGE('',*,*,#6966,.F.);
#6966 = EDGE_CURVE('',#4465,#1536,#6967,.T.);
#6967 = SEAM_CURVE('',#6968,(#6972,#6979),.PCURVE_S1.);
#6968 = LINE('',#6969,#6970);
#6969 = CARTESIAN_POINT('',(10.25,-6.000769315822E-16,6.));
#6970 = VECTOR('',#6971,1.);
#6971 = DIRECTION('',(0.,0.,-1.));
#6972 = PCURVE('',#1556,#6973);
#6973 = DEFINITIONAL_REPRESENTATION('',(#6974),#6978);
#6974 = LINE('',#6975,#6976);
#6975 = CARTESIAN_POINT('',(6.28318530718,-0.));
#6976 = VECTOR('',#6977,1.);
#6977 = DIRECTION('',(0.,1.));
#6978 = ( GEOMETRIC_REPRESENTATION_CONTEXT(2) 
PARAMETRIC_REPRESENTATION_CONTEXT() REPRESENTATION_CONTEXT('2D SPACE',''
  ) );
#6979 = PCURVE('',#1556,#6980);
#6980 = DEFINITIONAL_REPRESENTATION('',(#6981),#6985);
#6981 = LINE('',#6982,#6983);
#6982 = CARTESIAN_POINT('',(0.,-0.));
#6983 = VECTOR('',#6984,1.);
#6984 = DIRECTION('',(0.,1.));
#6985 = ( GEOMETRIC_REPRESENTATION_CONTEXT(2) 
PARAMETRIC_REPRESENTATION_CONTEXT() REPRESENTATION_CONTEXT('2D SPACE',''
  ) );
#6986 = ORIENTED_EDGE('',*,*,#4464,.T.);
#6987 = ORIENTED_EDGE('',*,*,#6966,.T.);
#6988 = ADVANCED_FACE('',(#6989),#1591,.F.);
#6989 = FACE_BOUND('',#6990,.F.);
#6990 = EDGE_LOOP('',(#6991,#6992,#7013,#7014));
#6991 = ORIENTED_EDGE('',*,*,#1570,.F.);
#6992 = ORIENTED_EDGE('',*,*,#6993,.F.);
#6993 = EDGE_CURVE('',#4495,#1571,#6994,.T.);
#6994 = SEAM_CURVE('',#6995,(#6999,#7006),.PCURVE_S1.);
#6995 = LINE('',#6996,#6997);
#6996 = CARTESIAN_POINT('',(-2.45,12.7,6.));
#6997 = VECTOR('',#6998,1.);
#6998 = DIRECTION('',(0.,0.,-1.));
#6999 = PCURVE('',#1591,#7000);
#7000 = DEFINITIONAL_REPRESENTATION('',(#7001),#7005);
#7001 = LINE('',#7002,#7003);
#7002 = CARTESIAN_POINT('',(6.28318530718,-0.));
#7003 = VECTOR('',#7004,1.);
#7004 = DIRECTION('',(0.,1.));
#7005 = ( GEOMETRIC_REPRESENTATION_CONTEXT(2) 
PARAMETRIC_REPRESENTATION_CONTEXT() REPRESENTATION_CONTEXT('2D SPACE',''
  ) );
#7006 = PCURVE('',#1591,#7007);
#7007 = DEFINITIONAL_REPRESENTATION('',(#7008),#7012);
#7008 = LINE('',#7009,#7010);
#7009 = CARTESIAN_POINT('',(0.,-0.));
#7010 = VECTOR('',#7011,1.);
#7011 = DIRECTION('',(0.,1.));
#7012 = ( GEOMETRIC_REPRESENTATION_CONTEXT(2) 
PARAMETRIC_REPRESENTATION_CONTEXT() REPRESENTATION_CONTEXT('2D SPACE',''
  ) );
#7013 = ORIENTED_EDGE('',*,*,#4494,.T.);
#7014 = ORIENTED_EDGE('',*,*,#6993,.T.);
#7015 = ADVANCED_FACE('',(#7016),#1626,.F.);
#7016 = FACE_BOUND('',#7017,.F.);
#7017 = EDGE_LOOP('',(#7018,#7019,#7040,#7041));
#7018 = ORIENTED_EDGE('',*,*,#1605,.F.);
#7019 = ORIENTED_EDGE('',*,*,#7020,.F.);
#7020 = EDGE_CURVE('',#4525,#1606,#7021,.T.);
#7021 = SEAM_CURVE('',#7022,(#7026,#7033),.PCURVE_S1.);
#7022 = LINE('',#7023,#7024);
#7023 = CARTESIAN_POINT('',(10.25,12.7,6.));
#7024 = VECTOR('',#7025,1.);
#7025 = DIRECTION('',(0.,0.,-1.));
#7026 = PCURVE('',#1626,#7027);
#7027 = DEFINITIONAL_REPRESENTATION('',(#7028),#7032);
#7028 = LINE('',#7029,#7030);
#7029 = CARTESIAN_POINT('',(6.28318530718,-0.));
#7030 = VECTOR('',#7031,1.);
#7031 = DIRECTION('',(0.,1.));
#7032 = ( GEOMETRIC_REPRESENTATION_CONTEXT(2) 
PARAMETRIC_REPRESENTATION_CONTEXT() REPRESENTATION_CONTEXT('2D SPACE',''
  ) );
#7033 = PCURVE('',#1626,#7034);
#7034 = DEFINITIONAL_REPRESENTATION('',(#7035),#7039);
#7035 = LINE('',#7036,#7037);
#7036 = CARTESIAN_POINT('',(0.,-0.));
#7037 = VECTOR('',#7038,1.);
#7038 = DIRECTION('',(0.,1.));
#7039 = ( GEOMETRIC_REPRESENTATION_CONTEXT(2) 
PARAMETRIC_REPRESENTATION_CONTEXT() REPRESENTATION_CONTEXT('2D SPACE',''
  ) );
#7040 = ORIENTED_EDGE('',*,*,#4524,.T.);
#7041 = ORIENTED_EDGE('',*,*,#7020,.T.);
#7042 = ADVANCED_FACE('',(#7043),#1661,.F.);
#7043 = FACE_BOUND('',#7044,.F.);
#7044 = EDGE_LOOP('',(#7045,#7046,#7067,#7068));
#7045 = ORIENTED_EDGE('',*,*,#1640,.F.);
#7046 = ORIENTED_EDGE('',*,*,#7047,.F.);
#7047 = EDGE_CURVE('',#4555,#1641,#7048,.T.);
#7048 = SEAM_CURVE('',#7049,(#7053,#7060),.PCURVE_S1.);
#7049 = LINE('',#7050,#7051);
#7050 = CARTESIAN_POINT('',(22.95,-6.000769315822E-16,6.));
#7051 = VECTOR('',#7052,1.);
#7052 = DIRECTION('',(0.,0.,-1.));
#7053 = PCURVE('',#1661,#7054);
#7054 = DEFINITIONAL_REPRESENTATION('',(#7055),#7059);
#7055 = LINE('',#7056,#7057);
#7056 = CARTESIAN_POINT('',(6.28318530718,-0.));
#7057 = VECTOR('',#7058,1.);
#7058 = DIRECTION('',(0.,1.));
#7059 = ( GEOMETRIC_REPRESENTATION_CONTEXT(2) 
PARAMETRIC_REPRESENTATION_CONTEXT() REPRESENTATION_CONTEXT('2D SPACE',''
  ) );
#7060 = PCURVE('',#1661,#7061);
#7061 = DEFINITIONAL_REPRESENTATION('',(#7062),#7066);
#7062 = LINE('',#7063,#7064);
#7063 = CARTESIAN_POINT('',(0.,-0.));
#7064 = VECTOR('',#7065,1.);
#7065 = DIRECTION('',(0.,1.));
#7066 = ( GEOMETRIC_REPRESENTATION_CONTEXT(2) 
PARAMETRIC_REPRESENTATION_CONTEXT() REPRESENTATION_CONTEXT('2D SPACE',''
  ) );
#7067 = ORIENTED_EDGE('',*,*,#4554,.T.);
#7068 = ORIENTED_EDGE('',*,*,#7047,.T.);
#7069 = ADVANCED_FACE('',(#7070),#1696,.F.);
#7070 = FACE_BOUND('',#7071,.F.);
#7071 = EDGE_LOOP('',(#7072,#7073,#7094,#7095));
#7072 = ORIENTED_EDGE('',*,*,#1675,.F.);
#7073 = ORIENTED_EDGE('',*,*,#7074,.F.);
#7074 = EDGE_CURVE('',#4585,#1676,#7075,.T.);
#7075 = SEAM_CURVE('',#7076,(#7080,#7087),.PCURVE_S1.);
#7076 = LINE('',#7077,#7078);
#7077 = CARTESIAN_POINT('',(35.65,-6.000769315822E-16,6.));
#7078 = VECTOR('',#7079,1.);
#7079 = DIRECTION('',(0.,0.,-1.));
#7080 = PCURVE('',#1696,#7081);
#7081 = DEFINITIONAL_REPRESENTATION('',(#7082),#7086);
#7082 = LINE('',#7083,#7084);
#7083 = CARTESIAN_POINT('',(6.28318530718,-0.));
#7084 = VECTOR('',#7085,1.);
#7085 = DIRECTION('',(0.,1.));
#7086 = ( GEOMETRIC_REPRESENTATION_CONTEXT(2) 
PARAMETRIC_REPRESENTATION_CONTEXT() REPRESENTATION_CONTEXT('2D SPACE',''
  ) );
#7087 = PCURVE('',#1696,#7088);
#7088 = DEFINITIONAL_REPRESENTATION('',(#7089),#7093);
#7089 = LINE('',#7090,#7091);
#7090 = CARTESIAN_POINT('',(0.,-0.));
#7091 = VECTOR('',#7092,1.);
#7092 = DIRECTION('',(0.,1.));
#7093 = ( GEOMETRIC_REPRESENTATION_CONTEXT(2) 
PARAMETRIC_REPRESENTATION_CONTEXT() REPRESENTATION_CONTEXT('2D SPACE',''
  ) );
#7094 = ORIENTED_EDGE('',*,*,#4584,.T.);
#7095 = ORIENTED_EDGE('',*,*,#7074,.T.);
#7096 = ADVANCED_FACE('',(#7097),#1731,.F.);
#7097 = FACE_BOUND('',#7098,.F.);
#7098 = EDGE_LOOP('',(#7099,#7100,#7121,#7122));
#7099 = ORIENTED_EDGE('',*,*,#1710,.F.);
#7100 = ORIENTED_EDGE('',*,*,#7101,.F.);
#7101 = EDGE_CURVE('',#4615,#1711,#7102,.T.);
#7102 = SEAM_CURVE('',#7103,(#7107,#7114),.PCURVE_S1.);
#7103 = LINE('',#7104,#7105);
#7104 = CARTESIAN_POINT('',(48.35,-6.000769315822E-16,6.));
#7105 = VECTOR('',#7106,1.);
#7106 = DIRECTION('',(0.,0.,-1.));
#7107 = PCURVE('',#1731,#7108);
#7108 = DEFINITIONAL_REPRESENTATION('',(#7109),#7113);
#7109 = LINE('',#7110,#7111);
#7110 = CARTESIAN_POINT('',(6.28318530718,-0.));
#7111 = VECTOR('',#7112,1.);
#7112 = DIRECTION('',(0.,1.));
#7113 = ( GEOMETRIC_REPRESENTATION_CONTEXT(2) 
PARAMETRIC_REPRESENTATION_CONTEXT() REPRESENTATION_CONTEXT('2D SPACE',''
  ) );
#7114 = PCURVE('',#1731,#7115);
#7115 = DEFINITIONAL_REPRESENTATION('',(#7116),#7120);
#7116 = LINE('',#7117,#7118);
#7117 = CARTESIAN_POINT('',(0.,-0.));
#7118 = VECTOR('',#7119,1.);
#7119 = DIRECTION('',(0.,1.));
#7120 = ( GEOMETRIC_REPRESENTATION_CONTEXT(2) 
PARAMETRIC_REPRESENTATION_CONTEXT() REPRESENTATION_CONTEXT('2D SPACE',''
  ) );
#7121 = ORIENTED_EDGE('',*,*,#4614,.T.);
#7122 = ORIENTED_EDGE('',*,*,#7101,.T.);
#7123 = ADVANCED_FACE('',(#7124),#1766,.F.);
#7124 = FACE_BOUND('',#7125,.F.);
#7125 = EDGE_LOOP('',(#7126,#7127,#7148,#7149));
#7126 = ORIENTED_EDGE('',*,*,#1745,.F.);
#7127 = ORIENTED_EDGE('',*,*,#7128,.F.);
#7128 = EDGE_CURVE('',#4645,#1746,#7129,.T.);
#7129 = SEAM_CURVE('',#7130,(#7134,#7141),.PCURVE_S1.);
#7130 = LINE('',#7131,#7132);
#7131 = CARTESIAN_POINT('',(22.95,12.7,6.));
#7132 = VECTOR('',#7133,1.);
#7133 = DIRECTION('',(0.,0.,-1.));
#7134 = PCURVE('',#1766,#7135);
#7135 = DEFINITIONAL_REPRESENTATION('',(#7136),#7140);
#7136 = LINE('',#7137,#7138);
#7137 = CARTESIAN_POINT('',(6.28318530718,-0.));
#7138 = VECTOR('',#7139,1.);
#7139 = DIRECTION('',(0.,1.));
#7140 = ( GEOMETRIC_REPRESENTATION_CONTEXT(2) 
PARAMETRIC_REPRESENTATION_CONTEXT() REPRESENTATION_CONTEXT('2D SPACE',''
  ) );
#7141 = PCURVE('',#1766,#7142);
#7142 = DEFINITIONAL_REPRESENTATION('',(#7143),#7147);
#7143 = LINE('',#7144,#7145);
#7144 = CARTESIAN_POINT('',(0.,-0.));
#7145 = VECTOR('',#7146,1.);
#7146 = DIRECTION('',(0.,1.));
#7147 = ( GEOMETRIC_REPRESENTATION_CONTEXT(2) 
PARAMETRIC_REPRESENTATION_CONTEXT() REPRESENTATION_CONTEXT('2D SPACE',''
  ) );
#7148 = ORIENTED_EDGE('',*,*,#4644,.T.);
#7149 = ORIENTED_EDGE('',*,*,#7128,.T.);
#7150 = ADVANCED_FACE('',(#7151),#1801,.F.);
#7151 = FACE_BOUND('',#7152,.F.);
#7152 = EDGE_LOOP('',(#7153,#7154,#7175,#7176));
#7153 = ORIENTED_EDGE('',*,*,#1780,.F.);
#7154 = ORIENTED_EDGE('',*,*,#7155,.F.);
#7155 = EDGE_CURVE('',#4675,#1781,#7156,.T.);
#7156 = SEAM_CURVE('',#7157,(#7161,#7168),.PCURVE_S1.);
#7157 = LINE('',#7158,#7159);
#7158 = CARTESIAN_POINT('',(35.65,12.7,6.));
#7159 = VECTOR('',#7160,1.);
#7160 = DIRECTION('',(0.,0.,-1.));
#7161 = PCURVE('',#1801,#7162);
#7162 = DEFINITIONAL_REPRESENTATION('',(#7163),#7167);
#7163 = LINE('',#7164,#7165);
#7164 = CARTESIAN_POINT('',(6.28318530718,-0.));
#7165 = VECTOR('',#7166,1.);
#7166 = DIRECTION('',(0.,1.));
#7167 = ( GEOMETRIC_REPRESENTATION_CONTEXT(2) 
PARAMETRIC_REPRESENTATION_CONTEXT() REPRESENTATION_CONTEXT('2D SPACE',''
  ) );
#7168 = PCURVE('',#1801,#7169);
#7169 = DEFINITIONAL_REPRESENTATION('',(#7170),#7174);
#7170 = LINE('',#7171,#7172);
#7171 = CARTESIAN_POINT('',(0.,-0.));
#7172 = VECTOR('',#7173,1.);
#7173 = DIRECTION('',(0.,1.));
#7174 = ( GEOMETRIC_REPRESENTATION_CONTEXT(2) 
PARAMETRIC_REPRESENTATION_CONTEXT() REPRESENTATION_CONTEXT('2D SPACE',''
  ) );
#7175 = ORIENTED_EDGE('',*,*,#4674,.T.);
#7176 = ORIENTED_EDGE('',*,*,#7155,.T.);
#7177 = ADVANCED_FACE('',(#7178),#1836,.F.);
#7178 = FACE_BOUND('',#7179,.F.);
#7179 = EDGE_LOOP('',(#7180,#7181,#7202,#7203));
#7180 = ORIENTED_EDGE('',*,*,#1815,.F.);
#7181 = ORIENTED_EDGE('',*,*,#7182,.F.);
#7182 = EDGE_CURVE('',#4705,#1816,#7183,.T.);
#7183 = SEAM_CURVE('',#7184,(#7188,#7195),.PCURVE_S1.);
#7184 = LINE('',#7185,#7186);
#7185 = CARTESIAN_POINT('',(48.35,12.7,6.));
#7186 = VECTOR('',#7187,1.);
#7187 = DIRECTION('',(0.,0.,-1.));
#7188 = PCURVE('',#1836,#7189);
#7189 = DEFINITIONAL_REPRESENTATION('',(#7190),#7194);
#7190 = LINE('',#7191,#7192);
#7191 = CARTESIAN_POINT('',(6.28318530718,-0.));
#7192 = VECTOR('',#7193,1.);
#7193 = DIRECTION('',(0.,1.));
#7194 = ( GEOMETRIC_REPRESENTATION_CONTEXT(2) 
PARAMETRIC_REPRESENTATION_CONTEXT() REPRESENTATION_CONTEXT('2D SPACE',''
  ) );
#7195 = PCURVE('',#1836,#7196);
#7196 = DEFINITIONAL_REPRESENTATION('',(#7197),#7201);
#7197 = LINE('',#7198,#7199);
#7198 = CARTESIAN_POINT('',(0.,-0.));
#7199 = VECTOR('',#7200,1.);
#7200 = DIRECTION('',(0.,1.));
#7201 = ( GEOMETRIC_REPRESENTATION_CONTEXT(2) 
PARAMETRIC_REPRESENTATION_CONTEXT() REPRESENTATION_CONTEXT('2D SPACE',''
  ) );
#7202 = ORIENTED_EDGE('',*,*,#4704,.T.);
#7203 = ORIENTED_EDGE('',*,*,#7182,.T.);
#7204 = ADVANCED_FACE('',(#7205),#1871,.F.);
#7205 = FACE_BOUND('',#7206,.F.);
#7206 = EDGE_LOOP('',(#7207,#7208,#7229,#7230));
#7207 = ORIENTED_EDGE('',*,*,#1850,.F.);
#7208 = ORIENTED_EDGE('',*,*,#7209,.F.);
#7209 = EDGE_CURVE('',#4735,#1851,#7210,.T.);
#7210 = SEAM_CURVE('',#7211,(#7215,#7222),.PCURVE_S1.);
#7211 = LINE('',#7212,#7213);
#7212 = CARTESIAN_POINT('',(-65.95,25.4,6.));
#7213 = VECTOR('',#7214,1.);
#7214 = DIRECTION('',(0.,0.,-1.));
#7215 = PCURVE('',#1871,#7216);
#7216 = DEFINITIONAL_REPRESENTATION('',(#7217),#7221);
#7217 = LINE('',#7218,#7219);
#7218 = CARTESIAN_POINT('',(6.28318530718,-0.));
#7219 = VECTOR('',#7220,1.);
#7220 = DIRECTION('',(0.,1.));
#7221 = ( GEOMETRIC_REPRESENTATION_CONTEXT(2) 
PARAMETRIC_REPRESENTATION_CONTEXT() REPRESENTATION_CONTEXT('2D SPACE',''
  ) );
#7222 = PCURVE('',#1871,#7223);
#7223 = DEFINITIONAL_REPRESENTATION('',(#7224),#7228);
#7224 = LINE('',#7225,#7226);
#7225 = CARTESIAN_POINT('',(0.,-0.));
#7226 = VECTOR('',#7227,1.);
#7227 = DIRECTION('',(0.,1.));
#7228 = ( GEOMETRIC_REPRESENTATION_CONTEXT(2) 
PARAMETRIC_REPRESENTATION_CONTEXT() REPRESENTATION_CONTEXT('2D SPACE',''
  ) );
#7229 = ORIENTED_EDGE('',*,*,#4734,.T.);
#7230 = ORIENTED_EDGE('',*,*,#7209,.T.);
#7231 = ADVANCED_FACE('',(#7232),#1906,.F.);
#7232 = FACE_BOUND('',#7233,.F.);
#7233 = EDGE_LOOP('',(#7234,#7235,#7256,#7257));
#7234 = ORIENTED_EDGE('',*,*,#1885,.F.);
#7235 = ORIENTED_EDGE('',*,*,#7236,.F.);
#7236 = EDGE_CURVE('',#4765,#1886,#7237,.T.);
#7237 = SEAM_CURVE('',#7238,(#7242,#7249),.PCURVE_S1.);
#7238 = LINE('',#7239,#7240);
#7239 = CARTESIAN_POINT('',(-65.95,38.1,6.));
#7240 = VECTOR('',#7241,1.);
#7241 = DIRECTION('',(0.,0.,-1.));
#7242 = PCURVE('',#1906,#7243);
#7243 = DEFINITIONAL_REPRESENTATION('',(#7244),#7248);
#7244 = LINE('',#7245,#7246);
#7245 = CARTESIAN_POINT('',(6.28318530718,-0.));
#7246 = VECTOR('',#7247,1.);
#7247 = DIRECTION('',(0.,1.));
#7248 = ( GEOMETRIC_REPRESENTATION_CONTEXT(2) 
PARAMETRIC_REPRESENTATION_CONTEXT() REPRESENTATION_CONTEXT('2D SPACE',''
  ) );
#7249 = PCURVE('',#1906,#7250);
#7250 = DEFINITIONAL_REPRESENTATION('',(#7251),#7255);
#7251 = LINE('',#7252,#7253);
#7252 = CARTESIAN_POINT('',(0.,-0.));
#7253 = VECTOR('',#7254,1.);
#7254 = DIRECTION('',(0.,1.));
#7255 = ( GEOMETRIC_REPRESENTATION_CONTEXT(2) 
PARAMETRIC_REPRESENTATION_CONTEXT() REPRESENTATION_CONTEXT('2D SPACE',''
  ) );
#7256 = ORIENTED_EDGE('',*,*,#4764,.T.);
#7257 = ORIENTED_EDGE('',*,*,#7236,.T.);
#7258 = ADVANCED_FACE('',(#7259),#1941,.F.);
#7259 = FACE_BOUND('',#7260,.F.);
#7260 = EDGE_LOOP('',(#7261,#7262,#7283,#7284));
#7261 = ORIENTED_EDGE('',*,*,#1920,.F.);
#7262 = ORIENTED_EDGE('',*,*,#7263,.F.);
#7263 = EDGE_CURVE('',#4795,#1921,#7264,.T.);
#7264 = SEAM_CURVE('',#7265,(#7269,#7276),.PCURVE_S1.);
#7265 = LINE('',#7266,#7267);
#7266 = CARTESIAN_POINT('',(-53.25,25.4,6.));
#7267 = VECTOR('',#7268,1.);
#7268 = DIRECTION('',(0.,0.,-1.));
#7269 = PCURVE('',#1941,#7270);
#7270 = DEFINITIONAL_REPRESENTATION('',(#7271),#7275);
#7271 = LINE('',#7272,#7273);
#7272 = CARTESIAN_POINT('',(6.28318530718,-0.));
#7273 = VECTOR('',#7274,1.);
#7274 = DIRECTION('',(0.,1.));
#7275 = ( GEOMETRIC_REPRESENTATION_CONTEXT(2) 
PARAMETRIC_REPRESENTATION_CONTEXT() REPRESENTATION_CONTEXT('2D SPACE',''
  ) );
#7276 = PCURVE('',#1941,#7277);
#7277 = DEFINITIONAL_REPRESENTATION('',(#7278),#7282);
#7278 = LINE('',#7279,#7280);
#7279 = CARTESIAN_POINT('',(0.,-0.));
#7280 = VECTOR('',#7281,1.);
#7281 = DIRECTION('',(0.,1.));
#7282 = ( GEOMETRIC_REPRESENTATION_CONTEXT(2) 
PARAMETRIC_REPRESENTATION_CONTEXT() REPRESENTATION_CONTEXT('2D SPACE',''
  ) );
#7283 = ORIENTED_EDGE('',*,*,#4794,.T.);
#7284 = ORIENTED_EDGE('',*,*,#7263,.T.);
#7285 = ADVANCED_FACE('',(#7286),#1976,.F.);
#7286 = FACE_BOUND('',#7287,.F.);
#7287 = EDGE_LOOP('',(#7288,#7289,#7310,#7311));
#7288 = ORIENTED_EDGE('',*,*,#1955,.F.);
#7289 = ORIENTED_EDGE('',*,*,#7290,.F.);
#7290 = EDGE_CURVE('',#4825,#1956,#7291,.T.);
#7291 = SEAM_CURVE('',#7292,(#7296,#7303),.PCURVE_S1.);
#7292 = LINE('',#7293,#7294);
#7293 = CARTESIAN_POINT('',(-46.1,25.4,6.));
#7294 = VECTOR('',#7295,1.);
#7295 = DIRECTION('',(0.,0.,-1.));
#7296 = PCURVE('',#1976,#7297);
#7297 = DEFINITIONAL_REPRESENTATION('',(#7298),#7302);
#7298 = LINE('',#7299,#7300);
#7299 = CARTESIAN_POINT('',(6.28318530718,-0.));
#7300 = VECTOR('',#7301,1.);
#7301 = DIRECTION('',(0.,1.));
#7302 = ( GEOMETRIC_REPRESENTATION_CONTEXT(2) 
PARAMETRIC_REPRESENTATION_CONTEXT() REPRESENTATION_CONTEXT('2D SPACE',''
  ) );
#7303 = PCURVE('',#1976,#7304);
#7304 = DEFINITIONAL_REPRESENTATION('',(#7305),#7309);
#7305 = LINE('',#7306,#7307);
#7306 = CARTESIAN_POINT('',(0.,-0.));
#7307 = VECTOR('',#7308,1.);
#7308 = DIRECTION('',(0.,1.));
#7309 = ( GEOMETRIC_REPRESENTATION_CONTEXT(2) 
PARAMETRIC_REPRESENTATION_CONTEXT() REPRESENTATION_CONTEXT('2D SPACE',''
  ) );
#7310 = ORIENTED_EDGE('',*,*,#4824,.T.);
#7311 = ORIENTED_EDGE('',*,*,#7290,.T.);
#7312 = ADVANCED_FACE('',(#7313),#2011,.F.);
#7313 = FACE_BOUND('',#7314,.F.);
#7314 = EDGE_LOOP('',(#7315,#7316,#7337,#7338));
#7315 = ORIENTED_EDGE('',*,*,#1990,.F.);
#7316 = ORIENTED_EDGE('',*,*,#7317,.F.);
#7317 = EDGE_CURVE('',#4855,#1991,#7318,.T.);
#7318 = SEAM_CURVE('',#7319,(#7323,#7330),.PCURVE_S1.);
#7319 = LINE('',#7320,#7321);
#7320 = CARTESIAN_POINT('',(-53.25,38.1,6.));
#7321 = VECTOR('',#7322,1.);
#7322 = DIRECTION('',(0.,0.,-1.));
#7323 = PCURVE('',#2011,#7324);
#7324 = DEFINITIONAL_REPRESENTATION('',(#7325),#7329);
#7325 = LINE('',#7326,#7327);
#7326 = CARTESIAN_POINT('',(6.28318530718,-0.));
#7327 = VECTOR('',#7328,1.);
#7328 = DIRECTION('',(0.,1.));
#7329 = ( GEOMETRIC_REPRESENTATION_CONTEXT(2) 
PARAMETRIC_REPRESENTATION_CONTEXT() REPRESENTATION_CONTEXT('2D SPACE',''
  ) );
#7330 = PCURVE('',#2011,#7331);
#7331 = DEFINITIONAL_REPRESENTATION('',(#7332),#7336);
#7332 = LINE('',#7333,#7334);
#7333 = CARTESIAN_POINT('',(0.,-0.));
#7334 = VECTOR('',#7335,1.);
#7335 = DIRECTION('',(0.,1.));
#7336 = ( GEOMETRIC_REPRESENTATION_CONTEXT(2) 
PARAMETRIC_REPRESENTATION_CONTEXT() REPRESENTATION_CONTEXT('2D SPACE',''
  ) );
#7337 = ORIENTED_EDGE('',*,*,#4854,.T.);
#7338 = ORIENTED_EDGE('',*,*,#7317,.T.);
#7339 = ADVANCED_FACE('',(#7340),#2046,.F.);
#7340 = FACE_BOUND('',#7341,.F.);
#7341 = EDGE_LOOP('',(#7342,#7343,#7364,#7365));
#7342 = ORIENTED_EDGE('',*,*,#2025,.F.);
#7343 = ORIENTED_EDGE('',*,*,#7344,.F.);
#7344 = EDGE_CURVE('',#4885,#2026,#7345,.T.);
#7345 = SEAM_CURVE('',#7346,(#7350,#7357),.PCURVE_S1.);
#7346 = LINE('',#7347,#7348);
#7347 = CARTESIAN_POINT('',(-40.55,38.1,6.));
#7348 = VECTOR('',#7349,1.);
#7349 = DIRECTION('',(0.,0.,-1.));
#7350 = PCURVE('',#2046,#7351);
#7351 = DEFINITIONAL_REPRESENTATION('',(#7352),#7356);
#7352 = LINE('',#7353,#7354);
#7353 = CARTESIAN_POINT('',(6.28318530718,-0.));
#7354 = VECTOR('',#7355,1.);
#7355 = DIRECTION('',(0.,1.));
#7356 = ( GEOMETRIC_REPRESENTATION_CONTEXT(2) 
PARAMETRIC_REPRESENTATION_CONTEXT() REPRESENTATION_CONTEXT('2D SPACE',''
  ) );
#7357 = PCURVE('',#2046,#7358);
#7358 = DEFINITIONAL_REPRESENTATION('',(#7359),#7363);
#7359 = LINE('',#7360,#7361);
#7360 = CARTESIAN_POINT('',(0.,-0.));
#7361 = VECTOR('',#7362,1.);
#7362 = DIRECTION('',(0.,1.));
#7363 = ( GEOMETRIC_REPRESENTATION_CONTEXT(2) 
PARAMETRIC_REPRESENTATION_CONTEXT() REPRESENTATION_CONTEXT('2D SPACE',''
  ) );
#7364 = ORIENTED_EDGE('',*,*,#4884,.T.);
#7365 = ORIENTED_EDGE('',*,*,#7344,.T.);
#7366 = ADVANCED_FACE('',(#7367),#2081,.F.);
#7367 = FACE_BOUND('',#7368,.F.);
#7368 = EDGE_LOOP('',(#7369,#7370,#7391,#7392));
#7369 = ORIENTED_EDGE('',*,*,#2060,.F.);
#7370 = ORIENTED_EDGE('',*,*,#7371,.F.);
#7371 = EDGE_CURVE('',#4915,#2061,#7372,.T.);
#7372 = SEAM_CURVE('',#7373,(#7377,#7384),.PCURVE_S1.);
#7373 = LINE('',#7374,#7375);
#7374 = CARTESIAN_POINT('',(-53.25,50.8,6.));
#7375 = VECTOR('',#7376,1.);
#7376 = DIRECTION('',(0.,0.,-1.));
#7377 = PCURVE('',#2081,#7378);
#7378 = DEFINITIONAL_REPRESENTATION('',(#7379),#7383);
#7379 = LINE('',#7380,#7381);
#7380 = CARTESIAN_POINT('',(6.28318530718,-0.));
#7381 = VECTOR('',#7382,1.);
#7382 = DIRECTION('',(0.,1.));
#7383 = ( GEOMETRIC_REPRESENTATION_CONTEXT(2) 
PARAMETRIC_REPRESENTATION_CONTEXT() REPRESENTATION_CONTEXT('2D SPACE',''
  ) );
#7384 = PCURVE('',#2081,#7385);
#7385 = DEFINITIONAL_REPRESENTATION('',(#7386),#7390);
#7386 = LINE('',#7387,#7388);
#7387 = CARTESIAN_POINT('',(0.,-0.));
#7388 = VECTOR('',#7389,1.);
#7389 = DIRECTION('',(0.,1.));
#7390 = ( GEOMETRIC_REPRESENTATION_CONTEXT(2) 
PARAMETRIC_REPRESENTATION_CONTEXT() REPRESENTATION_CONTEXT('2D SPACE',''
  ) );
#7391 = ORIENTED_EDGE('',*,*,#4914,.T.);
#7392 = ORIENTED_EDGE('',*,*,#7371,.T.);
#7393 = ADVANCED_FACE('',(#7394),#2116,.F.);
#7394 = FACE_BOUND('',#7395,.F.);
#7395 = EDGE_LOOP('',(#7396,#7397,#7418,#7419));
#7396 = ORIENTED_EDGE('',*,*,#2095,.F.);
#7397 = ORIENTED_EDGE('',*,*,#7398,.F.);
#7398 = EDGE_CURVE('',#4945,#2096,#7399,.T.);
#7399 = SEAM_CURVE('',#7400,(#7404,#7411),.PCURVE_S1.);
#7400 = LINE('',#7401,#7402);
#7401 = CARTESIAN_POINT('',(-40.55,50.8,6.));
#7402 = VECTOR('',#7403,1.);
#7403 = DIRECTION('',(0.,0.,-1.));
#7404 = PCURVE('',#2116,#7405);
#7405 = DEFINITIONAL_REPRESENTATION('',(#7406),#7410);
#7406 = LINE('',#7407,#7408);
#7407 = CARTESIAN_POINT('',(6.28318530718,-0.));
#7408 = VECTOR('',#7409,1.);
#7409 = DIRECTION('',(0.,1.));
#7410 = ( GEOMETRIC_REPRESENTATION_CONTEXT(2) 
PARAMETRIC_REPRESENTATION_CONTEXT() REPRESENTATION_CONTEXT('2D SPACE',''
  ) );
#7411 = PCURVE('',#2116,#7412);
#7412 = DEFINITIONAL_REPRESENTATION('',(#7413),#7417);
#7413 = LINE('',#7414,#7415);
#7414 = CARTESIAN_POINT('',(0.,-0.));
#7415 = VECTOR('',#7416,1.);
#7416 = DIRECTION('',(0.,1.));
#7417 = ( GEOMETRIC_REPRESENTATION_CONTEXT(2) 
PARAMETRIC_REPRESENTATION_CONTEXT() REPRESENTATION_CONTEXT('2D SPACE',''
  ) );
#7418 = ORIENTED_EDGE('',*,*,#4944,.T.);
#7419 = ORIENTED_EDGE('',*,*,#7398,.T.);
#7420 = ADVANCED_FACE('',(#7421),#2151,.F.);
#7421 = FACE_BOUND('',#7422,.F.);
#7422 = EDGE_LOOP('',(#7423,#7424,#7445,#7446));
#7423 = ORIENTED_EDGE('',*,*,#2130,.F.);
#7424 = ORIENTED_EDGE('',*,*,#7425,.F.);
#7425 = EDGE_CURVE('',#4975,#2131,#7426,.T.);
#7426 = SEAM_CURVE('',#7427,(#7431,#7438),.PCURVE_S1.);
#7427 = LINE('',#7428,#7429);
#7428 = CARTESIAN_POINT('',(-27.85,25.4,6.));
#7429 = VECTOR('',#7430,1.);
#7430 = DIRECTION('',(0.,0.,-1.));
#7431 = PCURVE('',#2151,#7432);
#7432 = DEFINITIONAL_REPRESENTATION('',(#7433),#7437);
#7433 = LINE('',#7434,#7435);
#7434 = CARTESIAN_POINT('',(6.28318530718,-0.));
#7435 = VECTOR('',#7436,1.);
#7436 = DIRECTION('',(0.,1.));
#7437 = ( GEOMETRIC_REPRESENTATION_CONTEXT(2) 
PARAMETRIC_REPRESENTATION_CONTEXT() REPRESENTATION_CONTEXT('2D SPACE',''
  ) );
#7438 = PCURVE('',#2151,#7439);
#7439 = DEFINITIONAL_REPRESENTATION('',(#7440),#7444);
#7440 = LINE('',#7441,#7442);
#7441 = CARTESIAN_POINT('',(0.,-0.));
#7442 = VECTOR('',#7443,1.);
#7443 = DIRECTION('',(0.,1.));
#7444 = ( GEOMETRIC_REPRESENTATION_CONTEXT(2) 
PARAMETRIC_REPRESENTATION_CONTEXT() REPRESENTATION_CONTEXT('2D SPACE',''
  ) );
#7445 = ORIENTED_EDGE('',*,*,#4974,.T.);
#7446 = ORIENTED_EDGE('',*,*,#7425,.T.);
#7447 = ADVANCED_FACE('',(#7448),#2186,.F.);
#7448 = FACE_BOUND('',#7449,.F.);
#7449 = EDGE_LOOP('',(#7450,#7451,#7472,#7473));
#7450 = ORIENTED_EDGE('',*,*,#2165,.F.);
#7451 = ORIENTED_EDGE('',*,*,#7452,.F.);
#7452 = EDGE_CURVE('',#5005,#2166,#7453,.T.);
#7453 = SEAM_CURVE('',#7454,(#7458,#7465),.PCURVE_S1.);
#7454 = LINE('',#7455,#7456);
#7455 = CARTESIAN_POINT('',(-27.85,38.1,6.));
#7456 = VECTOR('',#7457,1.);
#7457 = DIRECTION('',(0.,0.,-1.));
#7458 = PCURVE('',#2186,#7459);
#7459 = DEFINITIONAL_REPRESENTATION('',(#7460),#7464);
#7460 = LINE('',#7461,#7462);
#7461 = CARTESIAN_POINT('',(6.28318530718,-0.));
#7462 = VECTOR('',#7463,1.);
#7463 = DIRECTION('',(0.,1.));
#7464 = ( GEOMETRIC_REPRESENTATION_CONTEXT(2) 
PARAMETRIC_REPRESENTATION_CONTEXT() REPRESENTATION_CONTEXT('2D SPACE',''
  ) );
#7465 = PCURVE('',#2186,#7466);
#7466 = DEFINITIONAL_REPRESENTATION('',(#7467),#7471);
#7467 = LINE('',#7468,#7469);
#7468 = CARTESIAN_POINT('',(0.,-0.));
#7469 = VECTOR('',#7470,1.);
#7470 = DIRECTION('',(0.,1.));
#7471 = ( GEOMETRIC_REPRESENTATION_CONTEXT(2) 
PARAMETRIC_REPRESENTATION_CONTEXT() REPRESENTATION_CONTEXT('2D SPACE',''
  ) );
#7472 = ORIENTED_EDGE('',*,*,#5004,.T.);
#7473 = ORIENTED_EDGE('',*,*,#7452,.T.);
#7474 = ADVANCED_FACE('',(#7475),#2221,.F.);
#7475 = FACE_BOUND('',#7476,.F.);
#7476 = EDGE_LOOP('',(#7477,#7478,#7499,#7500));
#7477 = ORIENTED_EDGE('',*,*,#2200,.F.);
#7478 = ORIENTED_EDGE('',*,*,#7479,.F.);
#7479 = EDGE_CURVE('',#5035,#2201,#7480,.T.);
#7480 = SEAM_CURVE('',#7481,(#7485,#7492),.PCURVE_S1.);
#7481 = LINE('',#7482,#7483);
#7482 = CARTESIAN_POINT('',(-15.15,25.4,6.));
#7483 = VECTOR('',#7484,1.);
#7484 = DIRECTION('',(0.,0.,-1.));
#7485 = PCURVE('',#2221,#7486);
#7486 = DEFINITIONAL_REPRESENTATION('',(#7487),#7491);
#7487 = LINE('',#7488,#7489);
#7488 = CARTESIAN_POINT('',(6.28318530718,-0.));
#7489 = VECTOR('',#7490,1.);
#7490 = DIRECTION('',(0.,1.));
#7491 = ( GEOMETRIC_REPRESENTATION_CONTEXT(2) 
PARAMETRIC_REPRESENTATION_CONTEXT() REPRESENTATION_CONTEXT('2D SPACE',''
  ) );
#7492 = PCURVE('',#2221,#7493);
#7493 = DEFINITIONAL_REPRESENTATION('',(#7494),#7498);
#7494 = LINE('',#7495,#7496);
#7495 = CARTESIAN_POINT('',(0.,-0.));
#7496 = VECTOR('',#7497,1.);
#7497 = DIRECTION('',(0.,1.));
#7498 = ( GEOMETRIC_REPRESENTATION_CONTEXT(2) 
PARAMETRIC_REPRESENTATION_CONTEXT() REPRESENTATION_CONTEXT('2D SPACE',''
  ) );
#7499 = ORIENTED_EDGE('',*,*,#5034,.T.);
#7500 = ORIENTED_EDGE('',*,*,#7479,.T.);
#7501 = ADVANCED_FACE('',(#7502),#2256,.F.);
#7502 = FACE_BOUND('',#7503,.F.);
#7503 = EDGE_LOOP('',(#7504,#7505,#7526,#7527));
#7504 = ORIENTED_EDGE('',*,*,#2235,.F.);
#7505 = ORIENTED_EDGE('',*,*,#7506,.F.);
#7506 = EDGE_CURVE('',#5065,#2236,#7507,.T.);
#7507 = SEAM_CURVE('',#7508,(#7512,#7519),.PCURVE_S1.);
#7508 = LINE('',#7509,#7510);
#7509 = CARTESIAN_POINT('',(-15.15,38.1,6.));
#7510 = VECTOR('',#7511,1.);
#7511 = DIRECTION('',(0.,0.,-1.));
#7512 = PCURVE('',#2256,#7513);
#7513 = DEFINITIONAL_REPRESENTATION('',(#7514),#7518);
#7514 = LINE('',#7515,#7516);
#7515 = CARTESIAN_POINT('',(6.28318530718,-0.));
#7516 = VECTOR('',#7517,1.);
#7517 = DIRECTION('',(0.,1.));
#7518 = ( GEOMETRIC_REPRESENTATION_CONTEXT(2) 
PARAMETRIC_REPRESENTATION_CONTEXT() REPRESENTATION_CONTEXT('2D SPACE',''
  ) );
#7519 = PCURVE('',#2256,#7520);
#7520 = DEFINITIONAL_REPRESENTATION('',(#7521),#7525);
#7521 = LINE('',#7522,#7523);
#7522 = CARTESIAN_POINT('',(0.,-0.));
#7523 = VECTOR('',#7524,1.);
#7524 = DIRECTION('',(0.,1.));
#7525 = ( GEOMETRIC_REPRESENTATION_CONTEXT(2) 
PARAMETRIC_REPRESENTATION_CONTEXT() REPRESENTATION_CONTEXT('2D SPACE',''
  ) );
#7526 = ORIENTED_EDGE('',*,*,#5064,.T.);
#7527 = ORIENTED_EDGE('',*,*,#7506,.T.);
#7528 = ADVANCED_FACE('',(#7529),#2291,.F.);
#7529 = FACE_BOUND('',#7530,.F.);
#7530 = EDGE_LOOP('',(#7531,#7532,#7553,#7554));
#7531 = ORIENTED_EDGE('',*,*,#2270,.F.);
#7532 = ORIENTED_EDGE('',*,*,#7533,.F.);
#7533 = EDGE_CURVE('',#5095,#2271,#7534,.T.);
#7534 = SEAM_CURVE('',#7535,(#7539,#7546),.PCURVE_S1.);
#7535 = LINE('',#7536,#7537);
#7536 = CARTESIAN_POINT('',(-27.85,50.8,6.));
#7537 = VECTOR('',#7538,1.);
#7538 = DIRECTION('',(0.,0.,-1.));
#7539 = PCURVE('',#2291,#7540);
#7540 = DEFINITIONAL_REPRESENTATION('',(#7541),#7545);
#7541 = LINE('',#7542,#7543);
#7542 = CARTESIAN_POINT('',(6.28318530718,-0.));
#7543 = VECTOR('',#7544,1.);
#7544 = DIRECTION('',(0.,1.));
#7545 = ( GEOMETRIC_REPRESENTATION_CONTEXT(2) 
PARAMETRIC_REPRESENTATION_CONTEXT() REPRESENTATION_CONTEXT('2D SPACE',''
  ) );
#7546 = PCURVE('',#2291,#7547);
#7547 = DEFINITIONAL_REPRESENTATION('',(#7548),#7552);
#7548 = LINE('',#7549,#7550);
#7549 = CARTESIAN_POINT('',(0.,-0.));
#7550 = VECTOR('',#7551,1.);
#7551 = DIRECTION('',(0.,1.));
#7552 = ( GEOMETRIC_REPRESENTATION_CONTEXT(2) 
PARAMETRIC_REPRESENTATION_CONTEXT() REPRESENTATION_CONTEXT('2D SPACE',''
  ) );
#7553 = ORIENTED_EDGE('',*,*,#5094,.T.);
#7554 = ORIENTED_EDGE('',*,*,#7533,.T.);
#7555 = ADVANCED_FACE('',(#7556),#2326,.F.);
#7556 = FACE_BOUND('',#7557,.F.);
#7557 = EDGE_LOOP('',(#7558,#7559,#7580,#7581));
#7558 = ORIENTED_EDGE('',*,*,#2305,.F.);
#7559 = ORIENTED_EDGE('',*,*,#7560,.F.);
#7560 = EDGE_CURVE('',#5125,#2306,#7561,.T.);
#7561 = SEAM_CURVE('',#7562,(#7566,#7573),.PCURVE_S1.);
#7562 = LINE('',#7563,#7564);
#7563 = CARTESIAN_POINT('',(-15.15,50.8,6.));
#7564 = VECTOR('',#7565,1.);
#7565 = DIRECTION('',(0.,0.,-1.));
#7566 = PCURVE('',#2326,#7567);
#7567 = DEFINITIONAL_REPRESENTATION('',(#7568),#7572);
#7568 = LINE('',#7569,#7570);
#7569 = CARTESIAN_POINT('',(6.28318530718,-0.));
#7570 = VECTOR('',#7571,1.);
#7571 = DIRECTION('',(0.,1.));
#7572 = ( GEOMETRIC_REPRESENTATION_CONTEXT(2) 
PARAMETRIC_REPRESENTATION_CONTEXT() REPRESENTATION_CONTEXT('2D SPACE',''
  ) );
#7573 = PCURVE('',#2326,#7574);
#7574 = DEFINITIONAL_REPRESENTATION('',(#7575),#7579);
#7575 = LINE('',#7576,#7577);
#7576 = CARTESIAN_POINT('',(0.,-0.));
#7577 = VECTOR('',#7578,1.);
#7578 = DIRECTION('',(0.,1.));
#7579 = ( GEOMETRIC_REPRESENTATION_CONTEXT(2) 
PARAMETRIC_REPRESENTATION_CONTEXT() REPRESENTATION_CONTEXT('2D SPACE',''
  ) );
#7580 = ORIENTED_EDGE('',*,*,#5124,.T.);
#7581 = ORIENTED_EDGE('',*,*,#7560,.T.);
#7582 = ADVANCED_FACE('',(#7583),#2361,.F.);
#7583 = FACE_BOUND('',#7584,.F.);
#7584 = EDGE_LOOP('',(#7585,#7586,#7607,#7608));
#7585 = ORIENTED_EDGE('',*,*,#2340,.F.);
#7586 = ORIENTED_EDGE('',*,*,#7587,.F.);
#7587 = EDGE_CURVE('',#5155,#2341,#7588,.T.);
#7588 = SEAM_CURVE('',#7589,(#7593,#7600),.PCURVE_S1.);
#7589 = LINE('',#7590,#7591);
#7590 = CARTESIAN_POINT('',(-40.55,63.5,6.));
#7591 = VECTOR('',#7592,1.);
#7592 = DIRECTION('',(0.,0.,-1.));
#7593 = PCURVE('',#2361,#7594);
#7594 = DEFINITIONAL_REPRESENTATION('',(#7595),#7599);
#7595 = LINE('',#7596,#7597);
#7596 = CARTESIAN_POINT('',(6.28318530718,-0.));
#7597 = VECTOR('',#7598,1.);
#7598 = DIRECTION('',(0.,1.));
#7599 = ( GEOMETRIC_REPRESENTATION_CONTEXT(2) 
PARAMETRIC_REPRESENTATION_CONTEXT() REPRESENTATION_CONTEXT('2D SPACE',''
  ) );
#7600 = PCURVE('',#2361,#7601);
#7601 = DEFINITIONAL_REPRESENTATION('',(#7602),#7606);
#7602 = LINE('',#7603,#7604);
#7603 = CARTESIAN_POINT('',(0.,-0.));
#7604 = VECTOR('',#7605,1.);
#7605 = DIRECTION('',(0.,1.));
#7606 = ( GEOMETRIC_REPRESENTATION_CONTEXT(2) 
PARAMETRIC_REPRESENTATION_CONTEXT() REPRESENTATION_CONTEXT('2D SPACE',''
  ) );
#7607 = ORIENTED_EDGE('',*,*,#5154,.T.);
#7608 = ORIENTED_EDGE('',*,*,#7587,.T.);
#7609 = ADVANCED_FACE('',(#7610),#2396,.F.);
#7610 = FACE_BOUND('',#7611,.F.);
#7611 = EDGE_LOOP('',(#7612,#7613,#7634,#7635));
#7612 = ORIENTED_EDGE('',*,*,#2375,.F.);
#7613 = ORIENTED_EDGE('',*,*,#7614,.F.);
#7614 = EDGE_CURVE('',#5185,#2376,#7615,.T.);
#7615 = SEAM_CURVE('',#7616,(#7620,#7627),.PCURVE_S1.);
#7616 = LINE('',#7617,#7618);
#7617 = CARTESIAN_POINT('',(-40.55,76.2,6.));
#7618 = VECTOR('',#7619,1.);
#7619 = DIRECTION('',(0.,0.,-1.));
#7620 = PCURVE('',#2396,#7621);
#7621 = DEFINITIONAL_REPRESENTATION('',(#7622),#7626);
#7622 = LINE('',#7623,#7624);
#7623 = CARTESIAN_POINT('',(6.28318530718,-0.));
#7624 = VECTOR('',#7625,1.);
#7625 = DIRECTION('',(0.,1.));
#7626 = ( GEOMETRIC_REPRESENTATION_CONTEXT(2) 
PARAMETRIC_REPRESENTATION_CONTEXT() REPRESENTATION_CONTEXT('2D SPACE',''
  ) );
#7627 = PCURVE('',#2396,#7628);
#7628 = DEFINITIONAL_REPRESENTATION('',(#7629),#7633);
#7629 = LINE('',#7630,#7631);
#7630 = CARTESIAN_POINT('',(0.,-0.));
#7631 = VECTOR('',#7632,1.);
#7632 = DIRECTION('',(0.,1.));
#7633 = ( GEOMETRIC_REPRESENTATION_CONTEXT(2) 
PARAMETRIC_REPRESENTATION_CONTEXT() REPRESENTATION_CONTEXT('2D SPACE',''
  ) );
#7634 = ORIENTED_EDGE('',*,*,#5184,.T.);
#7635 = ORIENTED_EDGE('',*,*,#7614,.T.);
#7636 = ADVANCED_FACE('',(#7637),#2431,.F.);
#7637 = FACE_BOUND('',#7638,.F.);
#7638 = EDGE_LOOP('',(#7639,#7640,#7661,#7662));
#7639 = ORIENTED_EDGE('',*,*,#2410,.F.);
#7640 = ORIENTED_EDGE('',*,*,#7641,.F.);
#7641 = EDGE_CURVE('',#5215,#2411,#7642,.T.);
#7642 = SEAM_CURVE('',#7643,(#7647,#7654),.PCURVE_S1.);
#7643 = LINE('',#7644,#7645);
#7644 = CARTESIAN_POINT('',(-27.85,63.5,6.));
#7645 = VECTOR('',#7646,1.);
#7646 = DIRECTION('',(0.,0.,-1.));
#7647 = PCURVE('',#2431,#7648);
#7648 = DEFINITIONAL_REPRESENTATION('',(#7649),#7653);
#7649 = LINE('',#7650,#7651);
#7650 = CARTESIAN_POINT('',(6.28318530718,-0.));
#7651 = VECTOR('',#7652,1.);
#7652 = DIRECTION('',(0.,1.));
#7653 = ( GEOMETRIC_REPRESENTATION_CONTEXT(2) 
PARAMETRIC_REPRESENTATION_CONTEXT() REPRESENTATION_CONTEXT('2D SPACE',''
  ) );
#7654 = PCURVE('',#2431,#7655);
#7655 = DEFINITIONAL_REPRESENTATION('',(#7656),#7660);
#7656 = LINE('',#7657,#7658);
#7657 = CARTESIAN_POINT('',(0.,-0.));
#7658 = VECTOR('',#7659,1.);
#7659 = DIRECTION('',(0.,1.));
#7660 = ( GEOMETRIC_REPRESENTATION_CONTEXT(2) 
PARAMETRIC_REPRESENTATION_CONTEXT() REPRESENTATION_CONTEXT('2D SPACE',''
  ) );
#7661 = ORIENTED_EDGE('',*,*,#5214,.T.);
#7662 = ORIENTED_EDGE('',*,*,#7641,.T.);
#7663 = ADVANCED_FACE('',(#7664),#2466,.F.);
#7664 = FACE_BOUND('',#7665,.F.);
#7665 = EDGE_LOOP('',(#7666,#7667,#7688,#7689));
#7666 = ORIENTED_EDGE('',*,*,#2445,.F.);
#7667 = ORIENTED_EDGE('',*,*,#7668,.F.);
#7668 = EDGE_CURVE('',#5245,#2446,#7669,.T.);
#7669 = SEAM_CURVE('',#7670,(#7674,#7681),.PCURVE_S1.);
#7670 = LINE('',#7671,#7672);
#7671 = CARTESIAN_POINT('',(-15.15,63.5,6.));
#7672 = VECTOR('',#7673,1.);
#7673 = DIRECTION('',(0.,0.,-1.));
#7674 = PCURVE('',#2466,#7675);
#7675 = DEFINITIONAL_REPRESENTATION('',(#7676),#7680);
#7676 = LINE('',#7677,#7678);
#7677 = CARTESIAN_POINT('',(6.28318530718,-0.));
#7678 = VECTOR('',#7679,1.);
#7679 = DIRECTION('',(0.,1.));
#7680 = ( GEOMETRIC_REPRESENTATION_CONTEXT(2) 
PARAMETRIC_REPRESENTATION_CONTEXT() REPRESENTATION_CONTEXT('2D SPACE',''
  ) );
#7681 = PCURVE('',#2466,#7682);
#7682 = DEFINITIONAL_REPRESENTATION('',(#7683),#7687);
#7683 = LINE('',#7684,#7685);
#7684 = CARTESIAN_POINT('',(0.,-0.));
#7685 = VECTOR('',#7686,1.);
#7686 = DIRECTION('',(0.,1.));
#7687 = ( GEOMETRIC_REPRESENTATION_CONTEXT(2) 
PARAMETRIC_REPRESENTATION_CONTEXT() REPRESENTATION_CONTEXT('2D SPACE',''
  ) );
#7688 = ORIENTED_EDGE('',*,*,#5244,.T.);
#7689 = ORIENTED_EDGE('',*,*,#7668,.T.);
#7690 = ADVANCED_FACE('',(#7691),#2501,.F.);
#7691 = FACE_BOUND('',#7692,.F.);
#7692 = EDGE_LOOP('',(#7693,#7694,#7715,#7716));
#7693 = ORIENTED_EDGE('',*,*,#2480,.F.);
#7694 = ORIENTED_EDGE('',*,*,#7695,.F.);
#7695 = EDGE_CURVE('',#5275,#2481,#7696,.T.);
#7696 = SEAM_CURVE('',#7697,(#7701,#7708),.PCURVE_S1.);
#7697 = LINE('',#7698,#7699);
#7698 = CARTESIAN_POINT('',(-27.85,76.2,6.));
#7699 = VECTOR('',#7700,1.);
#7700 = DIRECTION('',(0.,0.,-1.));
#7701 = PCURVE('',#2501,#7702);
#7702 = DEFINITIONAL_REPRESENTATION('',(#7703),#7707);
#7703 = LINE('',#7704,#7705);
#7704 = CARTESIAN_POINT('',(6.28318530718,-0.));
#7705 = VECTOR('',#7706,1.);
#7706 = DIRECTION('',(0.,1.));
#7707 = ( GEOMETRIC_REPRESENTATION_CONTEXT(2) 
PARAMETRIC_REPRESENTATION_CONTEXT() REPRESENTATION_CONTEXT('2D SPACE',''
  ) );
#7708 = PCURVE('',#2501,#7709);
#7709 = DEFINITIONAL_REPRESENTATION('',(#7710),#7714);
#7710 = LINE('',#7711,#7712);
#7711 = CARTESIAN_POINT('',(0.,-0.));
#7712 = VECTOR('',#7713,1.);
#7713 = DIRECTION('',(0.,1.));
#7714 = ( GEOMETRIC_REPRESENTATION_CONTEXT(2) 
PARAMETRIC_REPRESENTATION_CONTEXT() REPRESENTATION_CONTEXT('2D SPACE',''
  ) );
#7715 = ORIENTED_EDGE('',*,*,#5274,.T.);
#7716 = ORIENTED_EDGE('',*,*,#7695,.T.);
#7717 = ADVANCED_FACE('',(#7718),#2536,.F.);
#7718 = FACE_BOUND('',#7719,.F.);
#7719 = EDGE_LOOP('',(#7720,#7721,#7742,#7743));
#7720 = ORIENTED_EDGE('',*,*,#2515,.F.);
#7721 = ORIENTED_EDGE('',*,*,#7722,.F.);
#7722 = EDGE_CURVE('',#5305,#2516,#7723,.T.);
#7723 = SEAM_CURVE('',#7724,(#7728,#7735),.PCURVE_S1.);
#7724 = LINE('',#7725,#7726);
#7725 = CARTESIAN_POINT('',(-15.15,76.2,6.));
#7726 = VECTOR('',#7727,1.);
#7727 = DIRECTION('',(0.,0.,-1.));
#7728 = PCURVE('',#2536,#7729);
#7729 = DEFINITIONAL_REPRESENTATION('',(#7730),#7734);
#7730 = LINE('',#7731,#7732);
#7731 = CARTESIAN_POINT('',(6.28318530718,-0.));
#7732 = VECTOR('',#7733,1.);
#7733 = DIRECTION('',(0.,1.));
#7734 = ( GEOMETRIC_REPRESENTATION_CONTEXT(2) 
PARAMETRIC_REPRESENTATION_CONTEXT() REPRESENTATION_CONTEXT('2D SPACE',''
  ) );
#7735 = PCURVE('',#2536,#7736);
#7736 = DEFINITIONAL_REPRESENTATION('',(#7737),#7741);
#7737 = LINE('',#7738,#7739);
#7738 = CARTESIAN_POINT('',(0.,-0.));
#7739 = VECTOR('',#7740,1.);
#7740 = DIRECTION('',(0.,1.));
#7741 = ( GEOMETRIC_REPRESENTATION_CONTEXT(2) 
PARAMETRIC_REPRESENTATION_CONTEXT() REPRESENTATION_CONTEXT('2D SPACE',''
  ) );
#7742 = ORIENTED_EDGE('',*,*,#5304,.T.);
#7743 = ORIENTED_EDGE('',*,*,#7722,.T.);
#7744 = ADVANCED_FACE('',(#7745),#2571,.F.);
#7745 = FACE_BOUND('',#7746,.F.);
#7746 = EDGE_LOOP('',(#7747,#7748,#7769,#7770));
#7747 = ORIENTED_EDGE('',*,*,#2550,.F.);
#7748 = ORIENTED_EDGE('',*,*,#7749,.F.);
#7749 = EDGE_CURVE('',#5335,#2551,#7750,.T.);
#7750 = SEAM_CURVE('',#7751,(#7755,#7762),.PCURVE_S1.);
#7751 = LINE('',#7752,#7753);
#7752 = CARTESIAN_POINT('',(-2.45,25.4,6.));
#7753 = VECTOR('',#7754,1.);
#7754 = DIRECTION('',(0.,0.,-1.));
#7755 = PCURVE('',#2571,#7756);
#7756 = DEFINITIONAL_REPRESENTATION('',(#7757),#7761);
#7757 = LINE('',#7758,#7759);
#7758 = CARTESIAN_POINT('',(6.28318530718,-0.));
#7759 = VECTOR('',#7760,1.);
#7760 = DIRECTION('',(0.,1.));
#7761 = ( GEOMETRIC_REPRESENTATION_CONTEXT(2) 
PARAMETRIC_REPRESENTATION_CONTEXT() REPRESENTATION_CONTEXT('2D SPACE',''
  ) );
#7762 = PCURVE('',#2571,#7763);
#7763 = DEFINITIONAL_REPRESENTATION('',(#7764),#7768);
#7764 = LINE('',#7765,#7766);
#7765 = CARTESIAN_POINT('',(0.,-0.));
#7766 = VECTOR('',#7767,1.);
#7767 = DIRECTION('',(0.,1.));
#7768 = ( GEOMETRIC_REPRESENTATION_CONTEXT(2) 
PARAMETRIC_REPRESENTATION_CONTEXT() REPRESENTATION_CONTEXT('2D SPACE',''
  ) );
#7769 = ORIENTED_EDGE('',*,*,#5334,.T.);
#7770 = ORIENTED_EDGE('',*,*,#7749,.T.);
#7771 = ADVANCED_FACE('',(#7772),#2606,.F.);
#7772 = FACE_BOUND('',#7773,.F.);
#7773 = EDGE_LOOP('',(#7774,#7775,#7796,#7797));
#7774 = ORIENTED_EDGE('',*,*,#2585,.F.);
#7775 = ORIENTED_EDGE('',*,*,#7776,.F.);
#7776 = EDGE_CURVE('',#5365,#2586,#7777,.T.);
#7777 = SEAM_CURVE('',#7778,(#7782,#7789),.PCURVE_S1.);
#7778 = LINE('',#7779,#7780);
#7779 = CARTESIAN_POINT('',(-2.45,38.1,6.));
#7780 = VECTOR('',#7781,1.);
#7781 = DIRECTION('',(0.,0.,-1.));
#7782 = PCURVE('',#2606,#7783);
#7783 = DEFINITIONAL_REPRESENTATION('',(#7784),#7788);
#7784 = LINE('',#7785,#7786);
#7785 = CARTESIAN_POINT('',(6.28318530718,-0.));
#7786 = VECTOR('',#7787,1.);
#7787 = DIRECTION('',(0.,1.));
#7788 = ( GEOMETRIC_REPRESENTATION_CONTEXT(2) 
PARAMETRIC_REPRESENTATION_CONTEXT() REPRESENTATION_CONTEXT('2D SPACE',''
  ) );
#7789 = PCURVE('',#2606,#7790);
#7790 = DEFINITIONAL_REPRESENTATION('',(#7791),#7795);
#7791 = LINE('',#7792,#7793);
#7792 = CARTESIAN_POINT('',(0.,-0.));
#7793 = VECTOR('',#7794,1.);
#7794 = DIRECTION('',(0.,1.));
#7795 = ( GEOMETRIC_REPRESENTATION_CONTEXT(2) 
PARAMETRIC_REPRESENTATION_CONTEXT() REPRESENTATION_CONTEXT('2D SPACE',''
  ) );
#7796 = ORIENTED_EDGE('',*,*,#5364,.T.);
#7797 = ORIENTED_EDGE('',*,*,#7776,.T.);
#7798 = ADVANCED_FACE('',(#7799),#2641,.F.);
#7799 = FACE_BOUND('',#7800,.F.);
#7800 = EDGE_LOOP('',(#7801,#7802,#7823,#7824));
#7801 = ORIENTED_EDGE('',*,*,#2620,.F.);
#7802 = ORIENTED_EDGE('',*,*,#7803,.F.);
#7803 = EDGE_CURVE('',#5395,#2621,#7804,.T.);
#7804 = SEAM_CURVE('',#7805,(#7809,#7816),.PCURVE_S1.);
#7805 = LINE('',#7806,#7807);
#7806 = CARTESIAN_POINT('',(10.25,25.4,6.));
#7807 = VECTOR('',#7808,1.);
#7808 = DIRECTION('',(0.,0.,-1.));
#7809 = PCURVE('',#2641,#7810);
#7810 = DEFINITIONAL_REPRESENTATION('',(#7811),#7815);
#7811 = LINE('',#7812,#7813);
#7812 = CARTESIAN_POINT('',(6.28318530718,-0.));
#7813 = VECTOR('',#7814,1.);
#7814 = DIRECTION('',(0.,1.));
#7815 = ( GEOMETRIC_REPRESENTATION_CONTEXT(2) 
PARAMETRIC_REPRESENTATION_CONTEXT() REPRESENTATION_CONTEXT('2D SPACE',''
  ) );
#7816 = PCURVE('',#2641,#7817);
#7817 = DEFINITIONAL_REPRESENTATION('',(#7818),#7822);
#7818 = LINE('',#7819,#7820);
#7819 = CARTESIAN_POINT('',(0.,-0.));
#7820 = VECTOR('',#7821,1.);
#7821 = DIRECTION('',(0.,1.));
#7822 = ( GEOMETRIC_REPRESENTATION_CONTEXT(2) 
PARAMETRIC_REPRESENTATION_CONTEXT() REPRESENTATION_CONTEXT('2D SPACE',''
  ) );
#7823 = ORIENTED_EDGE('',*,*,#5394,.T.);
#7824 = ORIENTED_EDGE('',*,*,#7803,.T.);
#7825 = ADVANCED_FACE('',(#7826),#2676,.F.);
#7826 = FACE_BOUND('',#7827,.F.);
#7827 = EDGE_LOOP('',(#7828,#7829,#7850,#7851));
#7828 = ORIENTED_EDGE('',*,*,#2655,.F.);
#7829 = ORIENTED_EDGE('',*,*,#7830,.F.);
#7830 = EDGE_CURVE('',#5425,#2656,#7831,.T.);
#7831 = SEAM_CURVE('',#7832,(#7836,#7843),.PCURVE_S1.);
#7832 = LINE('',#7833,#7834);
#7833 = CARTESIAN_POINT('',(10.25,38.1,6.));
#7834 = VECTOR('',#7835,1.);
#7835 = DIRECTION('',(0.,0.,-1.));
#7836 = PCURVE('',#2676,#7837);
#7837 = DEFINITIONAL_REPRESENTATION('',(#7838),#7842);
#7838 = LINE('',#7839,#7840);
#7839 = CARTESIAN_POINT('',(6.28318530718,-0.));
#7840 = VECTOR('',#7841,1.);
#7841 = DIRECTION('',(0.,1.));
#7842 = ( GEOMETRIC_REPRESENTATION_CONTEXT(2) 
PARAMETRIC_REPRESENTATION_CONTEXT() REPRESENTATION_CONTEXT('2D SPACE',''
  ) );
#7843 = PCURVE('',#2676,#7844);
#7844 = DEFINITIONAL_REPRESENTATION('',(#7845),#7849);
#7845 = LINE('',#7846,#7847);
#7846 = CARTESIAN_POINT('',(0.,-0.));
#7847 = VECTOR('',#7848,1.);
#7848 = DIRECTION('',(0.,1.));
#7849 = ( GEOMETRIC_REPRESENTATION_CONTEXT(2) 
PARAMETRIC_REPRESENTATION_CONTEXT() REPRESENTATION_CONTEXT('2D SPACE',''
  ) );
#7850 = ORIENTED_EDGE('',*,*,#5424,.T.);
#7851 = ORIENTED_EDGE('',*,*,#7830,.T.);
#7852 = ADVANCED_FACE('',(#7853),#2711,.F.);
#7853 = FACE_BOUND('',#7854,.F.);
#7854 = EDGE_LOOP('',(#7855,#7856,#7877,#7878));
#7855 = ORIENTED_EDGE('',*,*,#2690,.F.);
#7856 = ORIENTED_EDGE('',*,*,#7857,.F.);
#7857 = EDGE_CURVE('',#5455,#2691,#7858,.T.);
#7858 = SEAM_CURVE('',#7859,(#7863,#7870),.PCURVE_S1.);
#7859 = LINE('',#7860,#7861);
#7860 = CARTESIAN_POINT('',(-2.45,50.8,6.));
#7861 = VECTOR('',#7862,1.);
#7862 = DIRECTION('',(0.,0.,-1.));
#7863 = PCURVE('',#2711,#7864);
#7864 = DEFINITIONAL_REPRESENTATION('',(#7865),#7869);
#7865 = LINE('',#7866,#7867);
#7866 = CARTESIAN_POINT('',(6.28318530718,-0.));
#7867 = VECTOR('',#7868,1.);
#7868 = DIRECTION('',(0.,1.));
#7869 = ( GEOMETRIC_REPRESENTATION_CONTEXT(2) 
PARAMETRIC_REPRESENTATION_CONTEXT() REPRESENTATION_CONTEXT('2D SPACE',''
  ) );
#7870 = PCURVE('',#2711,#7871);
#7871 = DEFINITIONAL_REPRESENTATION('',(#7872),#7876);
#7872 = LINE('',#7873,#7874);
#7873 = CARTESIAN_POINT('',(0.,-0.));
#7874 = VECTOR('',#7875,1.);
#7875 = DIRECTION('',(0.,1.));
#7876 = ( GEOMETRIC_REPRESENTATION_CONTEXT(2) 
PARAMETRIC_REPRESENTATION_CONTEXT() REPRESENTATION_CONTEXT('2D SPACE',''
  ) );
#7877 = ORIENTED_EDGE('',*,*,#5454,.T.);
#7878 = ORIENTED_EDGE('',*,*,#7857,.T.);
#7879 = ADVANCED_FACE('',(#7880),#2746,.F.);
#7880 = FACE_BOUND('',#7881,.F.);
#7881 = EDGE_LOOP('',(#7882,#7883,#7904,#7905));
#7882 = ORIENTED_EDGE('',*,*,#2725,.F.);
#7883 = ORIENTED_EDGE('',*,*,#7884,.F.);
#7884 = EDGE_CURVE('',#5485,#2726,#7885,.T.);
#7885 = SEAM_CURVE('',#7886,(#7890,#7897),.PCURVE_S1.);
#7886 = LINE('',#7887,#7888);
#7887 = CARTESIAN_POINT('',(10.25,50.8,6.));
#7888 = VECTOR('',#7889,1.);
#7889 = DIRECTION('',(0.,0.,-1.));
#7890 = PCURVE('',#2746,#7891);
#7891 = DEFINITIONAL_REPRESENTATION('',(#7892),#7896);
#7892 = LINE('',#7893,#7894);
#7893 = CARTESIAN_POINT('',(6.28318530718,-0.));
#7894 = VECTOR('',#7895,1.);
#7895 = DIRECTION('',(0.,1.));
#7896 = ( GEOMETRIC_REPRESENTATION_CONTEXT(2) 
PARAMETRIC_REPRESENTATION_CONTEXT() REPRESENTATION_CONTEXT('2D SPACE',''
  ) );
#7897 = PCURVE('',#2746,#7898);
#7898 = DEFINITIONAL_REPRESENTATION('',(#7899),#7903);
#7899 = LINE('',#7900,#7901);
#7900 = CARTESIAN_POINT('',(0.,-0.));
#7901 = VECTOR('',#7902,1.);
#7902 = DIRECTION('',(0.,1.));
#7903 = ( GEOMETRIC_REPRESENTATION_CONTEXT(2) 
PARAMETRIC_REPRESENTATION_CONTEXT() REPRESENTATION_CONTEXT('2D SPACE',''
  ) );
#7904 = ORIENTED_EDGE('',*,*,#5484,.T.);
#7905 = ORIENTED_EDGE('',*,*,#7884,.T.);
#7906 = ADVANCED_FACE('',(#7907),#2781,.F.);
#7907 = FACE_BOUND('',#7908,.F.);
#7908 = EDGE_LOOP('',(#7909,#7910,#7931,#7932));
#7909 = ORIENTED_EDGE('',*,*,#2760,.F.);
#7910 = ORIENTED_EDGE('',*,*,#7911,.F.);
#7911 = EDGE_CURVE('',#5515,#2761,#7912,.T.);
#7912 = SEAM_CURVE('',#7913,(#7917,#7924),.PCURVE_S1.);
#7913 = LINE('',#7914,#7915);
#7914 = CARTESIAN_POINT('',(22.95,25.4,6.));
#7915 = VECTOR('',#7916,1.);
#7916 = DIRECTION('',(0.,0.,-1.));
#7917 = PCURVE('',#2781,#7918);
#7918 = DEFINITIONAL_REPRESENTATION('',(#7919),#7923);
#7919 = LINE('',#7920,#7921);
#7920 = CARTESIAN_POINT('',(6.28318530718,-0.));
#7921 = VECTOR('',#7922,1.);
#7922 = DIRECTION('',(0.,1.));
#7923 = ( GEOMETRIC_REPRESENTATION_CONTEXT(2) 
PARAMETRIC_REPRESENTATION_CONTEXT() REPRESENTATION_CONTEXT('2D SPACE',''
  ) );
#7924 = PCURVE('',#2781,#7925);
#7925 = DEFINITIONAL_REPRESENTATION('',(#7926),#7930);
#7926 = LINE('',#7927,#7928);
#7927 = CARTESIAN_POINT('',(0.,-0.));
#7928 = VECTOR('',#7929,1.);
#7929 = DIRECTION('',(0.,1.));
#7930 = ( GEOMETRIC_REPRESENTATION_CONTEXT(2) 
PARAMETRIC_REPRESENTATION_CONTEXT() REPRESENTATION_CONTEXT('2D SPACE',''
  ) );
#7931 = ORIENTED_EDGE('',*,*,#5514,.T.);
#7932 = ORIENTED_EDGE('',*,*,#7911,.T.);
#7933 = ADVANCED_FACE('',(#7934),#2816,.F.);
#7934 = FACE_BOUND('',#7935,.F.);
#7935 = EDGE_LOOP('',(#7936,#7937,#7958,#7959));
#7936 = ORIENTED_EDGE('',*,*,#2795,.F.);
#7937 = ORIENTED_EDGE('',*,*,#7938,.F.);
#7938 = EDGE_CURVE('',#5545,#2796,#7939,.T.);
#7939 = SEAM_CURVE('',#7940,(#7944,#7951),.PCURVE_S1.);
#7940 = LINE('',#7941,#7942);
#7941 = CARTESIAN_POINT('',(35.65,25.4,6.));
#7942 = VECTOR('',#7943,1.);
#7943 = DIRECTION('',(0.,0.,-1.));
#7944 = PCURVE('',#2816,#7945);
#7945 = DEFINITIONAL_REPRESENTATION('',(#7946),#7950);
#7946 = LINE('',#7947,#7948);
#7947 = CARTESIAN_POINT('',(6.28318530718,-0.));
#7948 = VECTOR('',#7949,1.);
#7949 = DIRECTION('',(0.,1.));
#7950 = ( GEOMETRIC_REPRESENTATION_CONTEXT(2) 
PARAMETRIC_REPRESENTATION_CONTEXT() REPRESENTATION_CONTEXT('2D SPACE',''
  ) );
#7951 = PCURVE('',#2816,#7952);
#7952 = DEFINITIONAL_REPRESENTATION('',(#7953),#7957);
#7953 = LINE('',#7954,#7955);
#7954 = CARTESIAN_POINT('',(0.,-0.));
#7955 = VECTOR('',#7956,1.);
#7956 = DIRECTION('',(0.,1.));
#7957 = ( GEOMETRIC_REPRESENTATION_CONTEXT(2) 
PARAMETRIC_REPRESENTATION_CONTEXT() REPRESENTATION_CONTEXT('2D SPACE',''
  ) );
#7958 = ORIENTED_EDGE('',*,*,#5544,.T.);
#7959 = ORIENTED_EDGE('',*,*,#7938,.T.);
#7960 = ADVANCED_FACE('',(#7961),#2851,.F.);
#7961 = FACE_BOUND('',#7962,.F.);
#7962 = EDGE_LOOP('',(#7963,#7964,#7985,#7986));
#7963 = ORIENTED_EDGE('',*,*,#2830,.F.);
#7964 = ORIENTED_EDGE('',*,*,#7965,.F.);
#7965 = EDGE_CURVE('',#5575,#2831,#7966,.T.);
#7966 = SEAM_CURVE('',#7967,(#7971,#7978),.PCURVE_S1.);
#7967 = LINE('',#7968,#7969);
#7968 = CARTESIAN_POINT('',(22.95,38.1,6.));
#7969 = VECTOR('',#7970,1.);
#7970 = DIRECTION('',(0.,0.,-1.));
#7971 = PCURVE('',#2851,#7972);
#7972 = DEFINITIONAL_REPRESENTATION('',(#7973),#7977);
#7973 = LINE('',#7974,#7975);
#7974 = CARTESIAN_POINT('',(6.28318530718,-0.));
#7975 = VECTOR('',#7976,1.);
#7976 = DIRECTION('',(0.,1.));
#7977 = ( GEOMETRIC_REPRESENTATION_CONTEXT(2) 
PARAMETRIC_REPRESENTATION_CONTEXT() REPRESENTATION_CONTEXT('2D SPACE',''
  ) );
#7978 = PCURVE('',#2851,#7979);
#7979 = DEFINITIONAL_REPRESENTATION('',(#7980),#7984);
#7980 = LINE('',#7981,#7982);
#7981 = CARTESIAN_POINT('',(0.,-0.));
#7982 = VECTOR('',#7983,1.);
#7983 = DIRECTION('',(0.,1.));
#7984 = ( GEOMETRIC_REPRESENTATION_CONTEXT(2) 
PARAMETRIC_REPRESENTATION_CONTEXT() REPRESENTATION_CONTEXT('2D SPACE',''
  ) );
#7985 = ORIENTED_EDGE('',*,*,#5574,.T.);
#7986 = ORIENTED_EDGE('',*,*,#7965,.T.);
#7987 = ADVANCED_FACE('',(#7988),#2886,.F.);
#7988 = FACE_BOUND('',#7989,.F.);
#7989 = EDGE_LOOP('',(#7990,#7991,#8012,#8013));
#7990 = ORIENTED_EDGE('',*,*,#2865,.F.);
#7991 = ORIENTED_EDGE('',*,*,#7992,.F.);
#7992 = EDGE_CURVE('',#5605,#2866,#7993,.T.);
#7993 = SEAM_CURVE('',#7994,(#7998,#8005),.PCURVE_S1.);
#7994 = LINE('',#7995,#7996);
#7995 = CARTESIAN_POINT('',(35.65,38.1,6.));
#7996 = VECTOR('',#7997,1.);
#7997 = DIRECTION('',(0.,0.,-1.));
#7998 = PCURVE('',#2886,#7999);
#7999 = DEFINITIONAL_REPRESENTATION('',(#8000),#8004);
#8000 = LINE('',#8001,#8002);
#8001 = CARTESIAN_POINT('',(6.28318530718,-0.));
#8002 = VECTOR('',#8003,1.);
#8003 = DIRECTION('',(0.,1.));
#8004 = ( GEOMETRIC_REPRESENTATION_CONTEXT(2) 
PARAMETRIC_REPRESENTATION_CONTEXT() REPRESENTATION_CONTEXT('2D SPACE',''
  ) );
#8005 = PCURVE('',#2886,#8006);
#8006 = DEFINITIONAL_REPRESENTATION('',(#8007),#8011);
#8007 = LINE('',#8008,#8009);
#8008 = CARTESIAN_POINT('',(0.,-0.));
#8009 = VECTOR('',#8010,1.);
#8010 = DIRECTION('',(0.,1.));
#8011 = ( GEOMETRIC_REPRESENTATION_CONTEXT(2) 
PARAMETRIC_REPRESENTATION_CONTEXT() REPRESENTATION_CONTEXT('2D SPACE',''
  ) );
#8012 = ORIENTED_EDGE('',*,*,#5604,.T.);
#8013 = ORIENTED_EDGE('',*,*,#7992,.T.);
#8014 = ADVANCED_FACE('',(#8015),#2921,.F.);
#8015 = FACE_BOUND('',#8016,.F.);
#8016 = EDGE_LOOP('',(#8017,#8018,#8039,#8040));
#8017 = ORIENTED_EDGE('',*,*,#2900,.F.);
#8018 = ORIENTED_EDGE('',*,*,#8019,.F.);
#8019 = EDGE_CURVE('',#5635,#2901,#8020,.T.);
#8020 = SEAM_CURVE('',#8021,(#8025,#8032),.PCURVE_S1.);
#8021 = LINE('',#8022,#8023);
#8022 = CARTESIAN_POINT('',(48.35,25.4,6.));
#8023 = VECTOR('',#8024,1.);
#8024 = DIRECTION('',(0.,0.,-1.));
#8025 = PCURVE('',#2921,#8026);
#8026 = DEFINITIONAL_REPRESENTATION('',(#8027),#8031);
#8027 = LINE('',#8028,#8029);
#8028 = CARTESIAN_POINT('',(6.28318530718,-0.));
#8029 = VECTOR('',#8030,1.);
#8030 = DIRECTION('',(0.,1.));
#8031 = ( GEOMETRIC_REPRESENTATION_CONTEXT(2) 
PARAMETRIC_REPRESENTATION_CONTEXT() REPRESENTATION_CONTEXT('2D SPACE',''
  ) );
#8032 = PCURVE('',#2921,#8033);
#8033 = DEFINITIONAL_REPRESENTATION('',(#8034),#8038);
#8034 = LINE('',#8035,#8036);
#8035 = CARTESIAN_POINT('',(0.,-0.));
#8036 = VECTOR('',#8037,1.);
#8037 = DIRECTION('',(0.,1.));
#8038 = ( GEOMETRIC_REPRESENTATION_CONTEXT(2) 
PARAMETRIC_REPRESENTATION_CONTEXT() REPRESENTATION_CONTEXT('2D SPACE',''
  ) );
#8039 = ORIENTED_EDGE('',*,*,#5634,.T.);
#8040 = ORIENTED_EDGE('',*,*,#8019,.T.);
#8041 = ADVANCED_FACE('',(#8042),#2956,.F.);
#8042 = FACE_BOUND('',#8043,.F.);
#8043 = EDGE_LOOP('',(#8044,#8045,#8066,#8067));
#8044 = ORIENTED_EDGE('',*,*,#2935,.F.);
#8045 = ORIENTED_EDGE('',*,*,#8046,.F.);
#8046 = EDGE_CURVE('',#5665,#2936,#8047,.T.);
#8047 = SEAM_CURVE('',#8048,(#8052,#8059),.PCURVE_S1.);
#8048 = LINE('',#8049,#8050);
#8049 = CARTESIAN_POINT('',(22.95,50.8,6.));
#8050 = VECTOR('',#8051,1.);
#8051 = DIRECTION('',(0.,0.,-1.));
#8052 = PCURVE('',#2956,#8053);
#8053 = DEFINITIONAL_REPRESENTATION('',(#8054),#8058);
#8054 = LINE('',#8055,#8056);
#8055 = CARTESIAN_POINT('',(6.28318530718,-0.));
#8056 = VECTOR('',#8057,1.);
#8057 = DIRECTION('',(0.,1.));
#8058 = ( GEOMETRIC_REPRESENTATION_CONTEXT(2) 
PARAMETRIC_REPRESENTATION_CONTEXT() REPRESENTATION_CONTEXT('2D SPACE',''
  ) );
#8059 = PCURVE('',#2956,#8060);
#8060 = DEFINITIONAL_REPRESENTATION('',(#8061),#8065);
#8061 = LINE('',#8062,#8063);
#8062 = CARTESIAN_POINT('',(0.,-0.));
#8063 = VECTOR('',#8064,1.);
#8064 = DIRECTION('',(0.,1.));
#8065 = ( GEOMETRIC_REPRESENTATION_CONTEXT(2) 
PARAMETRIC_REPRESENTATION_CONTEXT() REPRESENTATION_CONTEXT('2D SPACE',''
  ) );
#8066 = ORIENTED_EDGE('',*,*,#5664,.T.);
#8067 = ORIENTED_EDGE('',*,*,#8046,.T.);
#8068 = ADVANCED_FACE('',(#8069),#2991,.F.);
#8069 = FACE_BOUND('',#8070,.F.);
#8070 = EDGE_LOOP('',(#8071,#8072,#8093,#8094));
#8071 = ORIENTED_EDGE('',*,*,#2970,.F.);
#8072 = ORIENTED_EDGE('',*,*,#8073,.F.);
#8073 = EDGE_CURVE('',#5695,#2971,#8074,.T.);
#8074 = SEAM_CURVE('',#8075,(#8079,#8086),.PCURVE_S1.);
#8075 = LINE('',#8076,#8077);
#8076 = CARTESIAN_POINT('',(35.65,50.8,6.));
#8077 = VECTOR('',#8078,1.);
#8078 = DIRECTION('',(0.,0.,-1.));
#8079 = PCURVE('',#2991,#8080);
#8080 = DEFINITIONAL_REPRESENTATION('',(#8081),#8085);
#8081 = LINE('',#8082,#8083);
#8082 = CARTESIAN_POINT('',(6.28318530718,-0.));
#8083 = VECTOR('',#8084,1.);
#8084 = DIRECTION('',(0.,1.));
#8085 = ( GEOMETRIC_REPRESENTATION_CONTEXT(2) 
PARAMETRIC_REPRESENTATION_CONTEXT() REPRESENTATION_CONTEXT('2D SPACE',''
  ) );
#8086 = PCURVE('',#2991,#8087);
#8087 = DEFINITIONAL_REPRESENTATION('',(#8088),#8092);
#8088 = LINE('',#8089,#8090);
#8089 = CARTESIAN_POINT('',(0.,-0.));
#8090 = VECTOR('',#8091,1.);
#8091 = DIRECTION('',(0.,1.));
#8092 = ( GEOMETRIC_REPRESENTATION_CONTEXT(2) 
PARAMETRIC_REPRESENTATION_CONTEXT() REPRESENTATION_CONTEXT('2D SPACE',''
  ) );
#8093 = ORIENTED_EDGE('',*,*,#5694,.T.);
#8094 = ORIENTED_EDGE('',*,*,#8073,.T.);
#8095 = ADVANCED_FACE('',(#8096),#3026,.F.);
#8096 = FACE_BOUND('',#8097,.F.);
#8097 = EDGE_LOOP('',(#8098,#8099,#8120,#8121));
#8098 = ORIENTED_EDGE('',*,*,#3005,.F.);
#8099 = ORIENTED_EDGE('',*,*,#8100,.F.);
#8100 = EDGE_CURVE('',#5725,#3006,#8101,.T.);
#8101 = SEAM_CURVE('',#8102,(#8106,#8113),.PCURVE_S1.);
#8102 = LINE('',#8103,#8104);
#8103 = CARTESIAN_POINT('',(-2.45,63.5,6.));
#8104 = VECTOR('',#8105,1.);
#8105 = DIRECTION('',(0.,0.,-1.));
#8106 = PCURVE('',#3026,#8107);
#8107 = DEFINITIONAL_REPRESENTATION('',(#8108),#8112);
#8108 = LINE('',#8109,#8110);
#8109 = CARTESIAN_POINT('',(6.28318530718,-0.));
#8110 = VECTOR('',#8111,1.);
#8111 = DIRECTION('',(0.,1.));
#8112 = ( GEOMETRIC_REPRESENTATION_CONTEXT(2) 
PARAMETRIC_REPRESENTATION_CONTEXT() REPRESENTATION_CONTEXT('2D SPACE',''
  ) );
#8113 = PCURVE('',#3026,#8114);
#8114 = DEFINITIONAL_REPRESENTATION('',(#8115),#8119);
#8115 = LINE('',#8116,#8117);
#8116 = CARTESIAN_POINT('',(0.,-0.));
#8117 = VECTOR('',#8118,1.);
#8118 = DIRECTION('',(0.,1.));
#8119 = ( GEOMETRIC_REPRESENTATION_CONTEXT(2) 
PARAMETRIC_REPRESENTATION_CONTEXT() REPRESENTATION_CONTEXT('2D SPACE',''
  ) );
#8120 = ORIENTED_EDGE('',*,*,#5724,.T.);
#8121 = ORIENTED_EDGE('',*,*,#8100,.T.);
#8122 = ADVANCED_FACE('',(#8123),#3061,.F.);
#8123 = FACE_BOUND('',#8124,.F.);
#8124 = EDGE_LOOP('',(#8125,#8126,#8147,#8148));
#8125 = ORIENTED_EDGE('',*,*,#3040,.F.);
#8126 = ORIENTED_EDGE('',*,*,#8127,.F.);
#8127 = EDGE_CURVE('',#5755,#3041,#8128,.T.);
#8128 = SEAM_CURVE('',#8129,(#8133,#8140),.PCURVE_S1.);
#8129 = LINE('',#8130,#8131);
#8130 = CARTESIAN_POINT('',(10.25,63.5,6.));
#8131 = VECTOR('',#8132,1.);
#8132 = DIRECTION('',(0.,0.,-1.));
#8133 = PCURVE('',#3061,#8134);
#8134 = DEFINITIONAL_REPRESENTATION('',(#8135),#8139);
#8135 = LINE('',#8136,#8137);
#8136 = CARTESIAN_POINT('',(6.28318530718,-0.));
#8137 = VECTOR('',#8138,1.);
#8138 = DIRECTION('',(0.,1.));
#8139 = ( GEOMETRIC_REPRESENTATION_CONTEXT(2) 
PARAMETRIC_REPRESENTATION_CONTEXT() REPRESENTATION_CONTEXT('2D SPACE',''
  ) );
#8140 = PCURVE('',#3061,#8141);
#8141 = DEFINITIONAL_REPRESENTATION('',(#8142),#8146);
#8142 = LINE('',#8143,#8144);
#8143 = CARTESIAN_POINT('',(0.,-0.));
#8144 = VECTOR('',#8145,1.);
#8145 = DIRECTION('',(0.,1.));
#8146 = ( GEOMETRIC_REPRESENTATION_CONTEXT(2) 
PARAMETRIC_REPRESENTATION_CONTEXT() REPRESENTATION_CONTEXT('2D SPACE',''
  ) );
#8147 = ORIENTED_EDGE('',*,*,#5754,.T.);
#8148 = ORIENTED_EDGE('',*,*,#8127,.T.);
#8149 = ADVANCED_FACE('',(#8150),#3096,.F.);
#8150 = FACE_BOUND('',#8151,.F.);
#8151 = EDGE_LOOP('',(#8152,#8153,#8174,#8175));
#8152 = ORIENTED_EDGE('',*,*,#3075,.F.);
#8153 = ORIENTED_EDGE('',*,*,#8154,.F.);
#8154 = EDGE_CURVE('',#5785,#3076,#8155,.T.);
#8155 = SEAM_CURVE('',#8156,(#8160,#8167),.PCURVE_S1.);
#8156 = LINE('',#8157,#8158);
#8157 = CARTESIAN_POINT('',(-2.45,76.2,6.));
#8158 = VECTOR('',#8159,1.);
#8159 = DIRECTION('',(0.,0.,-1.));
#8160 = PCURVE('',#3096,#8161);
#8161 = DEFINITIONAL_REPRESENTATION('',(#8162),#8166);
#8162 = LINE('',#8163,#8164);
#8163 = CARTESIAN_POINT('',(6.28318530718,-0.));
#8164 = VECTOR('',#8165,1.);
#8165 = DIRECTION('',(0.,1.));
#8166 = ( GEOMETRIC_REPRESENTATION_CONTEXT(2) 
PARAMETRIC_REPRESENTATION_CONTEXT() REPRESENTATION_CONTEXT('2D SPACE',''
  ) );
#8167 = PCURVE('',#3096,#8168);
#8168 = DEFINITIONAL_REPRESENTATION('',(#8169),#8173);
#8169 = LINE('',#8170,#8171);
#8170 = CARTESIAN_POINT('',(0.,-0.));
#8171 = VECTOR('',#8172,1.);
#8172 = DIRECTION('',(0.,1.));
#8173 = ( GEOMETRIC_REPRESENTATION_CONTEXT(2) 
PARAMETRIC_REPRESENTATION_CONTEXT() REPRESENTATION_CONTEXT('2D SPACE',''
  ) );
#8174 = ORIENTED_EDGE('',*,*,#5784,.T.);
#8175 = ORIENTED_EDGE('',*,*,#8154,.T.);
#8176 = ADVANCED_FACE('',(#8177),#3131,.F.);
#8177 = FACE_BOUND('',#8178,.F.);
#8178 = EDGE_LOOP('',(#8179,#8180,#8201,#8202));
#8179 = ORIENTED_EDGE('',*,*,#3110,.F.);
#8180 = ORIENTED_EDGE('',*,*,#8181,.F.);
#8181 = EDGE_CURVE('',#5815,#3111,#8182,.T.);
#8182 = SEAM_CURVE('',#8183,(#8187,#8194),.PCURVE_S1.);
#8183 = LINE('',#8184,#8185);
#8184 = CARTESIAN_POINT('',(10.25,76.2,6.));
#8185 = VECTOR('',#8186,1.);
#8186 = DIRECTION('',(0.,0.,-1.));
#8187 = PCURVE('',#3131,#8188);
#8188 = DEFINITIONAL_REPRESENTATION('',(#8189),#8193);
#8189 = LINE('',#8190,#8191);
#8190 = CARTESIAN_POINT('',(6.28318530718,-0.));
#8191 = VECTOR('',#8192,1.);
#8192 = DIRECTION('',(0.,1.));
#8193 = ( GEOMETRIC_REPRESENTATION_CONTEXT(2) 
PARAMETRIC_REPRESENTATION_CONTEXT() REPRESENTATION_CONTEXT('2D SPACE',''
  ) );
#8194 = PCURVE('',#3131,#8195);
#8195 = DEFINITIONAL_REPRESENTATION('',(#8196),#8200);
#8196 = LINE('',#8197,#8198);
#8197 = CARTESIAN_POINT('',(0.,-0.));
#8198 = VECTOR('',#8199,1.);
#8199 = DIRECTION('',(0.,1.));
#8200 = ( GEOMETRIC_REPRESENTATION_CONTEXT(2) 
PARAMETRIC_REPRESENTATION_CONTEXT() REPRESENTATION_CONTEXT('2D SPACE',''
  ) );
#8201 = ORIENTED_EDGE('',*,*,#5814,.T.);
#8202 = ORIENTED_EDGE('',*,*,#8181,.T.);
#8203 = ADVANCED_FACE('',(#8204),#3166,.F.);
#8204 = FACE_BOUND('',#8205,.F.);
#8205 = EDGE_LOOP('',(#8206,#8207,#8228,#8229));
#8206 = ORIENTED_EDGE('',*,*,#3145,.F.);
#8207 = ORIENTED_EDGE('',*,*,#8208,.F.);
#8208 = EDGE_CURVE('',#5845,#3146,#8209,.T.);
#8209 = SEAM_CURVE('',#8210,(#8214,#8221),.PCURVE_S1.);
#8210 = LINE('',#8211,#8212);
#8211 = CARTESIAN_POINT('',(22.95,63.5,6.));
#8212 = VECTOR('',#8213,1.);
#8213 = DIRECTION('',(0.,0.,-1.));
#8214 = PCURVE('',#3166,#8215);
#8215 = DEFINITIONAL_REPRESENTATION('',(#8216),#8220);
#8216 = LINE('',#8217,#8218);
#8217 = CARTESIAN_POINT('',(6.28318530718,-0.));
#8218 = VECTOR('',#8219,1.);
#8219 = DIRECTION('',(0.,1.));
#8220 = ( GEOMETRIC_REPRESENTATION_CONTEXT(2) 
PARAMETRIC_REPRESENTATION_CONTEXT() REPRESENTATION_CONTEXT('2D SPACE',''
  ) );
#8221 = PCURVE('',#3166,#8222);
#8222 = DEFINITIONAL_REPRESENTATION('',(#8223),#8227);
#8223 = LINE('',#8224,#8225);
#8224 = CARTESIAN_POINT('',(0.,-0.));
#8225 = VECTOR('',#8226,1.);
#8226 = DIRECTION('',(0.,1.));
#8227 = ( GEOMETRIC_REPRESENTATION_CONTEXT(2) 
PARAMETRIC_REPRESENTATION_CONTEXT() REPRESENTATION_CONTEXT('2D SPACE',''
  ) );
#8228 = ORIENTED_EDGE('',*,*,#5844,.T.);
#8229 = ORIENTED_EDGE('',*,*,#8208,.T.);
#8230 = ADVANCED_FACE('',(#8231),#3201,.F.);
#8231 = FACE_BOUND('',#8232,.F.);
#8232 = EDGE_LOOP('',(#8233,#8234,#8255,#8256));
#8233 = ORIENTED_EDGE('',*,*,#3180,.F.);
#8234 = ORIENTED_EDGE('',*,*,#8235,.F.);
#8235 = EDGE_CURVE('',#5875,#3181,#8236,.T.);
#8236 = SEAM_CURVE('',#8237,(#8241,#8248),.PCURVE_S1.);
#8237 = LINE('',#8238,#8239);
#8238 = CARTESIAN_POINT('',(22.95,76.2,6.));
#8239 = VECTOR('',#8240,1.);
#8240 = DIRECTION('',(0.,0.,-1.));
#8241 = PCURVE('',#3201,#8242);
#8242 = DEFINITIONAL_REPRESENTATION('',(#8243),#8247);
#8243 = LINE('',#8244,#8245);
#8244 = CARTESIAN_POINT('',(6.28318530718,-0.));
#8245 = VECTOR('',#8246,1.);
#8246 = DIRECTION('',(0.,1.));
#8247 = ( GEOMETRIC_REPRESENTATION_CONTEXT(2) 
PARAMETRIC_REPRESENTATION_CONTEXT() REPRESENTATION_CONTEXT('2D SPACE',''
  ) );
#8248 = PCURVE('',#3201,#8249);
#8249 = DEFINITIONAL_REPRESENTATION('',(#8250),#8254);
#8250 = LINE('',#8251,#8252);
#8251 = CARTESIAN_POINT('',(0.,-0.));
#8252 = VECTOR('',#8253,1.);
#8253 = DIRECTION('',(0.,1.));
#8254 = ( GEOMETRIC_REPRESENTATION_CONTEXT(2) 
PARAMETRIC_REPRESENTATION_CONTEXT() REPRESENTATION_CONTEXT('2D SPACE',''
  ) );
#8255 = ORIENTED_EDGE('',*,*,#5874,.T.);
#8256 = ORIENTED_EDGE('',*,*,#8235,.T.);
#8257 = ( GEOMETRIC_REPRESENTATION_CONTEXT(3) 
GLOBAL_UNCERTAINTY_ASSIGNED_CONTEXT((#8261)) 
GLOBAL_UNIT_ASSIGNED_CONTEXT((#8258,#8259,#8260)) REPRESENTATION_CONTEXT
('Context #1','3D Context with UNIT and UNCERTAINTY') );
#8258 = ( LENGTH_UNIT() NAMED_UNIT(*) SI_UNIT(.MILLI.,.METRE.) );
#8259 = ( NAMED_UNIT(*) PLANE_ANGLE_UNIT() SI_UNIT($,.RADIAN.) );
#8260 = ( NAMED_UNIT(*) SI_UNIT($,.STERADIAN.) SOLID_ANGLE_UNIT() );
#8261 = UNCERTAINTY_MEASURE_WITH_UNIT(LENGTH_MEASURE(1.E-07),#8258,
  'distance_accuracy_value','confusion accuracy');
#8262 = PRODUCT_RELATED_PRODUCT_CATEGORY('part',$,(#7));
ENDSEC;
END-ISO-10303-21;
