ISO-10303-21;
HEADER;
FILE_DESCRIPTION(('Open CASCADE Model'),'2;1');
FILE_NAME('Open CASCADE Shape Model','2026-07-27T20:04:46',('Author'),(
    'Open CASCADE'),'Open CASCADE STEP processor 7.9','Open CASCADE 7.9'
  ,'Unknown');
FILE_SCHEMA(('AUTOMOTIVE_DESIGN { 1 0 10303 214 1 1 1 1 }'));
ENDSEC;
DATA;
#1 = APPLICATION_PROTOCOL_DEFINITION('international standard',
  'automotive_design',2000,#2);
#2 = APPLICATION_CONTEXT(
  'core data for automotive mechanical design processes');
#3 = SHAPE_DEFINITION_REPRESENTATION(#4,#10);
#4 = PRODUCT_DEFINITION_SHAPE('','',#5);
#5 = PRODUCT_DEFINITION('design','',#6,#9);
#6 = PRODUCT_DEFINITION_FORMATION('','',#7);
#7 = PRODUCT('Open CASCADE STEP translator 7.9 1',
  'Open CASCADE STEP translator 7.9 1','',(#8));
#8 = PRODUCT_CONTEXT('',#2,'mechanical');
#9 = PRODUCT_DEFINITION_CONTEXT('part definition',#2,'design');
#10 = ADVANCED_BREP_SHAPE_REPRESENTATION('',(#11,#15),#3774);
#11 = AXIS2_PLACEMENT_3D('',#12,#13,#14);
#12 = CARTESIAN_POINT('',(0.,0.,0.));
#13 = DIRECTION('',(0.,0.,1.));
#14 = DIRECTION('',(1.,0.,-0.));
#15 = MANIFOLD_SOLID_BREP('',#16);
#16 = CLOSED_SHELL('',(#17,#240,#386,#435,#548,#1213,#1307,#1800,#1827,
    #1834,#1889,#1916,#2326,#2388,#2450,#2521,#2592,#2619,#2685,#2756,
    #2783,#2849,#2920,#2947,#3013,#3084,#3111,#3177,#3248,#3275,#3321,
    #3325,#3455,#3516,#3609,#3639,#3666,#3693,#3720,#3747));
#17 = ADVANCED_FACE('',(#18),#32,.T.);
#18 = FACE_BOUND('',#19,.T.);
#19 = EDGE_LOOP('',(#20,#55,#83,#111,#137,#165,#191,#214));
#20 = ORIENTED_EDGE('',*,*,#21,.T.);
#21 = EDGE_CURVE('',#22,#24,#26,.T.);
#22 = VERTEX_POINT('',#23);
#23 = CARTESIAN_POINT('',(-10.,0.,0.));
#24 = VERTEX_POINT('',#25);
#25 = CARTESIAN_POINT('',(10.,0.,0.));
#26 = SURFACE_CURVE('',#27,(#31,#43),.PCURVE_S1.);
#27 = LINE('',#28,#29);
#28 = CARTESIAN_POINT('',(-10.,0.,0.));
#29 = VECTOR('',#30,1.);
#30 = DIRECTION('',(1.,0.,0.));
#31 = PCURVE('',#32,#37);
#32 = PLANE('',#33);
#33 = AXIS2_PLACEMENT_3D('',#34,#35,#36);
#34 = CARTESIAN_POINT('',(9.836025474365E-16,0.,35.));
#35 = DIRECTION('',(0.,-1.,0.));
#36 = DIRECTION('',(1.,0.,2.478345596314E-18));
#37 = DEFINITIONAL_REPRESENTATION('',(#38),#42);
#38 = LINE('',#39,#40);
#39 = CARTESIAN_POINT('',(-10.,-35.));
#40 = VECTOR('',#41,1.);
#41 = DIRECTION('',(1.,-2.478345596314E-18));
#42 = ( GEOMETRIC_REPRESENTATION_CONTEXT(2) 
PARAMETRIC_REPRESENTATION_CONTEXT() REPRESENTATION_CONTEXT('2D SPACE',''
  ) );
#43 = PCURVE('',#44,#49);
#44 = PLANE('',#45);
#45 = AXIS2_PLACEMENT_3D('',#46,#47,#48);
#46 = CARTESIAN_POINT('',(-8.,0.,0.));
#47 = DIRECTION('',(0.,0.,-1.));
#48 = DIRECTION('',(0.776114000116,0.630592625094,0.));
#49 = DEFINITIONAL_REPRESENTATION('',(#50),#54);
#50 = LINE('',#51,#52);
#51 = CARTESIAN_POINT('',(-1.552228000233,-1.261185250189));
#52 = VECTOR('',#53,1.);
#53 = DIRECTION('',(0.776114000116,0.630592625094));
#54 = ( GEOMETRIC_REPRESENTATION_CONTEXT(2) 
PARAMETRIC_REPRESENTATION_CONTEXT() REPRESENTATION_CONTEXT('2D SPACE',''
  ) );
#55 = ORIENTED_EDGE('',*,*,#56,.T.);
#56 = EDGE_CURVE('',#24,#57,#59,.T.);
#57 = VERTEX_POINT('',#58);
#58 = CARTESIAN_POINT('',(10.,0.,2.));
#59 = SURFACE_CURVE('',#60,(#64,#71),.PCURVE_S1.);
#60 = LINE('',#61,#62);
#61 = CARTESIAN_POINT('',(10.,0.,0.));
#62 = VECTOR('',#63,1.);
#63 = DIRECTION('',(0.,0.,1.));
#64 = PCURVE('',#32,#65);
#65 = DEFINITIONAL_REPRESENTATION('',(#66),#70);
#66 = LINE('',#67,#68);
#67 = CARTESIAN_POINT('',(10.,-35.));
#68 = VECTOR('',#69,1.);
#69 = DIRECTION('',(2.478345596314E-18,1.));
#70 = ( GEOMETRIC_REPRESENTATION_CONTEXT(2) 
PARAMETRIC_REPRESENTATION_CONTEXT() REPRESENTATION_CONTEXT('2D SPACE',''
  ) );
#71 = PCURVE('',#72,#77);
#72 = PLANE('',#73);
#73 = AXIS2_PLACEMENT_3D('',#74,#75,#76);
#74 = CARTESIAN_POINT('',(10.,0.,0.));
#75 = DIRECTION('',(-1.,0.,0.));
#76 = DIRECTION('',(0.,1.,0.));
#77 = DEFINITIONAL_REPRESENTATION('',(#78),#82);
#78 = LINE('',#79,#80);
#79 = CARTESIAN_POINT('',(0.,0.));
#80 = VECTOR('',#81,1.);
#81 = DIRECTION('',(0.,-1.));
#82 = ( GEOMETRIC_REPRESENTATION_CONTEXT(2) 
PARAMETRIC_REPRESENTATION_CONTEXT() REPRESENTATION_CONTEXT('2D SPACE',''
  ) );
#83 = ORIENTED_EDGE('',*,*,#84,.F.);
#84 = EDGE_CURVE('',#85,#57,#87,.T.);
#85 = VERTEX_POINT('',#86);
#86 = CARTESIAN_POINT('',(7.9,0.,1.999999999999));
#87 = SURFACE_CURVE('',#88,(#92,#99),.PCURVE_S1.);
#88 = LINE('',#89,#90);
#89 = CARTESIAN_POINT('',(-10.,0.,2.));
#90 = VECTOR('',#91,1.);
#91 = DIRECTION('',(1.,0.,0.));
#92 = PCURVE('',#32,#93);
#93 = DEFINITIONAL_REPRESENTATION('',(#94),#98);
#94 = LINE('',#95,#96);
#95 = CARTESIAN_POINT('',(-10.,-33.));
#96 = VECTOR('',#97,1.);
#97 = DIRECTION('',(1.,-2.478345596314E-18));
#98 = ( GEOMETRIC_REPRESENTATION_CONTEXT(2) 
PARAMETRIC_REPRESENTATION_CONTEXT() REPRESENTATION_CONTEXT('2D SPACE',''
  ) );
#99 = PCURVE('',#100,#105);
#100 = PLANE('',#101);
#101 = AXIS2_PLACEMENT_3D('',#102,#103,#104);
#102 = CARTESIAN_POINT('',(0.,8.5,2.));
#103 = DIRECTION('',(0.,0.,1.));
#104 = DIRECTION('',(1.,0.,-0.));
#105 = DEFINITIONAL_REPRESENTATION('',(#106),#110);
#106 = LINE('',#107,#108);
#107 = CARTESIAN_POINT('',(-10.,-8.5));
#108 = VECTOR('',#109,1.);
#109 = DIRECTION('',(1.,0.));
#110 = ( GEOMETRIC_REPRESENTATION_CONTEXT(2) 
PARAMETRIC_REPRESENTATION_CONTEXT() REPRESENTATION_CONTEXT('2D SPACE',''
  ) );
#111 = ORIENTED_EDGE('',*,*,#112,.T.);
#112 = EDGE_CURVE('',#85,#113,#115,.T.);
#113 = VERTEX_POINT('',#114);
#114 = CARTESIAN_POINT('',(7.098214285714,0.,18.035714285713));
#115 = SURFACE_CURVE('',#116,(#119,#125),.PCURVE_S1.);
#116 = B_SPLINE_CURVE_WITH_KNOTS('',1,(#117,#118),.UNSPECIFIED.,.F.,.F.,
  (2,2),(0.,1.),.PIECEWISE_BEZIER_KNOTS.);
#117 = CARTESIAN_POINT('',(8.,0.,0.));
#118 = CARTESIAN_POINT('',(4.5,0.,70.));
#119 = PCURVE('',#32,#120);
#120 = DEFINITIONAL_REPRESENTATION('',(#121),#124);
#121 = B_SPLINE_CURVE_WITH_KNOTS('',1,(#122,#123),.UNSPECIFIED.,.F.,.F.,
  (2,2),(0.,1.),.PIECEWISE_BEZIER_KNOTS.);
#122 = CARTESIAN_POINT('',(8.,-35.));
#123 = CARTESIAN_POINT('',(4.5,35.));
#124 = ( GEOMETRIC_REPRESENTATION_CONTEXT(2) 
PARAMETRIC_REPRESENTATION_CONTEXT() REPRESENTATION_CONTEXT('2D SPACE',''
  ) );
#125 = PCURVE('',#126,#131);
#126 = B_SPLINE_SURFACE_WITH_KNOTS('',1,1,(
    (#127,#128)
    ,(#129,#130
  )),.UNSPECIFIED.,.F.,.F.,.F.,(2,2),(2,2),(0.,13.),(0.,1.),
  .PIECEWISE_BEZIER_KNOTS.);
#127 = CARTESIAN_POINT('',(8.,0.,0.));
#128 = CARTESIAN_POINT('',(4.5,0.,70.));
#129 = CARTESIAN_POINT('',(8.,13.,0.));
#130 = CARTESIAN_POINT('',(4.5,7.,70.));
#131 = DEFINITIONAL_REPRESENTATION('',(#132),#136);
#132 = LINE('',#133,#134);
#133 = CARTESIAN_POINT('',(0.,0.));
#134 = VECTOR('',#135,1.);
#135 = DIRECTION('',(0.,1.));
#136 = ( GEOMETRIC_REPRESENTATION_CONTEXT(2) 
PARAMETRIC_REPRESENTATION_CONTEXT() REPRESENTATION_CONTEXT('2D SPACE',''
  ) );
#137 = ORIENTED_EDGE('',*,*,#138,.F.);
#138 = EDGE_CURVE('',#139,#113,#141,.T.);
#139 = VERTEX_POINT('',#140);
#140 = CARTESIAN_POINT('',(-7.098214285714,0.,18.035714285713));
#141 = SURFACE_CURVE('',#142,(#146,#153),.PCURVE_S1.);
#142 = LINE('',#143,#144);
#143 = CARTESIAN_POINT('',(-16.,0.,18.035714285714));
#144 = VECTOR('',#145,1.);
#145 = DIRECTION('',(1.,0.,0.));
#146 = PCURVE('',#32,#147);
#147 = DEFINITIONAL_REPRESENTATION('',(#148),#152);
#148 = LINE('',#149,#150);
#149 = CARTESIAN_POINT('',(-16.,-16.96428571428));
#150 = VECTOR('',#151,1.);
#151 = DIRECTION('',(1.,-2.478345596314E-18));
#152 = ( GEOMETRIC_REPRESENTATION_CONTEXT(2) 
PARAMETRIC_REPRESENTATION_CONTEXT() REPRESENTATION_CONTEXT('2D SPACE',''
  ) );
#153 = PCURVE('',#154,#159);
#154 = PLANE('',#155);
#155 = AXIS2_PLACEMENT_3D('',#156,#157,#158);
#156 = CARTESIAN_POINT('',(0.,9.661224489796,20.285714285714));
#157 = DIRECTION('',(0.,0.226819865195,-0.973936727284));
#158 = DIRECTION('',(0.,-0.973936727284,-0.226819865195));
#159 = DEFINITIONAL_REPRESENTATION('',(#160),#164);
#160 = LINE('',#161,#162);
#161 = CARTESIAN_POINT('',(9.919766057838,16.));
#162 = VECTOR('',#163,1.);
#163 = DIRECTION('',(0.,-1.));
#164 = ( GEOMETRIC_REPRESENTATION_CONTEXT(2) 
PARAMETRIC_REPRESENTATION_CONTEXT() REPRESENTATION_CONTEXT('2D SPACE',''
  ) );
#165 = ORIENTED_EDGE('',*,*,#166,.F.);
#166 = EDGE_CURVE('',#167,#139,#169,.T.);
#167 = VERTEX_POINT('',#168);
#168 = CARTESIAN_POINT('',(-7.9,0.,1.999999999999));
#169 = SURFACE_CURVE('',#170,(#173,#179),.PCURVE_S1.);
#170 = B_SPLINE_CURVE_WITH_KNOTS('',1,(#171,#172),.UNSPECIFIED.,.F.,.F.,
  (2,2),(0.,1.),.PIECEWISE_BEZIER_KNOTS.);
#171 = CARTESIAN_POINT('',(-8.,0.,0.));
#172 = CARTESIAN_POINT('',(-4.5,0.,70.));
#173 = PCURVE('',#32,#174);
#174 = DEFINITIONAL_REPRESENTATION('',(#175),#178);
#175 = B_SPLINE_CURVE_WITH_KNOTS('',1,(#176,#177),.UNSPECIFIED.,.F.,.F.,
  (2,2),(0.,1.),.PIECEWISE_BEZIER_KNOTS.);
#176 = CARTESIAN_POINT('',(-8.,-35.));
#177 = CARTESIAN_POINT('',(-4.5,35.));
#178 = ( GEOMETRIC_REPRESENTATION_CONTEXT(2) 
PARAMETRIC_REPRESENTATION_CONTEXT() REPRESENTATION_CONTEXT('2D SPACE',''
  ) );
#179 = PCURVE('',#180,#185);
#180 = B_SPLINE_SURFACE_WITH_KNOTS('',1,1,(
    (#181,#182)
    ,(#183,#184
  )),.UNSPECIFIED.,.F.,.F.,.F.,(2,2),(2,2),(0.,13.),(0.,1.),
  .PIECEWISE_BEZIER_KNOTS.);
#181 = CARTESIAN_POINT('',(-8.,13.,0.));
#182 = CARTESIAN_POINT('',(-4.5,7.,70.));
#183 = CARTESIAN_POINT('',(-8.,0.,0.));
#184 = CARTESIAN_POINT('',(-4.5,0.,70.));
#185 = DEFINITIONAL_REPRESENTATION('',(#186),#190);
#186 = LINE('',#187,#188);
#187 = CARTESIAN_POINT('',(13.,0.));
#188 = VECTOR('',#189,1.);
#189 = DIRECTION('',(0.,1.));
#190 = ( GEOMETRIC_REPRESENTATION_CONTEXT(2) 
PARAMETRIC_REPRESENTATION_CONTEXT() REPRESENTATION_CONTEXT('2D SPACE',''
  ) );
#191 = ORIENTED_EDGE('',*,*,#192,.F.);
#192 = EDGE_CURVE('',#193,#167,#195,.T.);
#193 = VERTEX_POINT('',#194);
#194 = CARTESIAN_POINT('',(-10.,0.,2.));
#195 = SURFACE_CURVE('',#196,(#200,#207),.PCURVE_S1.);
#196 = LINE('',#197,#198);
#197 = CARTESIAN_POINT('',(-10.,0.,2.));
#198 = VECTOR('',#199,1.);
#199 = DIRECTION('',(1.,0.,0.));
#200 = PCURVE('',#32,#201);
#201 = DEFINITIONAL_REPRESENTATION('',(#202),#206);
#202 = LINE('',#203,#204);
#203 = CARTESIAN_POINT('',(-10.,-33.));
#204 = VECTOR('',#205,1.);
#205 = DIRECTION('',(1.,-2.478345596314E-18));
#206 = ( GEOMETRIC_REPRESENTATION_CONTEXT(2) 
PARAMETRIC_REPRESENTATION_CONTEXT() REPRESENTATION_CONTEXT('2D SPACE',''
  ) );
#207 = PCURVE('',#100,#208);
#208 = DEFINITIONAL_REPRESENTATION('',(#209),#213);
#209 = LINE('',#210,#211);
#210 = CARTESIAN_POINT('',(-10.,-8.5));
#211 = VECTOR('',#212,1.);
#212 = DIRECTION('',(1.,0.));
#213 = ( GEOMETRIC_REPRESENTATION_CONTEXT(2) 
PARAMETRIC_REPRESENTATION_CONTEXT() REPRESENTATION_CONTEXT('2D SPACE',''
  ) );
#214 = ORIENTED_EDGE('',*,*,#215,.F.);
#215 = EDGE_CURVE('',#22,#193,#216,.T.);
#216 = SURFACE_CURVE('',#217,(#221,#228),.PCURVE_S1.);
#217 = LINE('',#218,#219);
#218 = CARTESIAN_POINT('',(-10.,0.,0.));
#219 = VECTOR('',#220,1.);
#220 = DIRECTION('',(0.,0.,1.));
#221 = PCURVE('',#32,#222);
#222 = DEFINITIONAL_REPRESENTATION('',(#223),#227);
#223 = LINE('',#224,#225);
#224 = CARTESIAN_POINT('',(-10.,-35.));
#225 = VECTOR('',#226,1.);
#226 = DIRECTION('',(2.478345596314E-18,1.));
#227 = ( GEOMETRIC_REPRESENTATION_CONTEXT(2) 
PARAMETRIC_REPRESENTATION_CONTEXT() REPRESENTATION_CONTEXT('2D SPACE',''
  ) );
#228 = PCURVE('',#229,#234);
#229 = PLANE('',#230);
#230 = AXIS2_PLACEMENT_3D('',#231,#232,#233);
#231 = CARTESIAN_POINT('',(-10.,17.,0.));
#232 = DIRECTION('',(1.,0.,-0.));
#233 = DIRECTION('',(0.,-1.,0.));
#234 = DEFINITIONAL_REPRESENTATION('',(#235),#239);
#235 = LINE('',#236,#237);
#236 = CARTESIAN_POINT('',(17.,0.));
#237 = VECTOR('',#238,1.);
#238 = DIRECTION('',(0.,-1.));
#239 = ( GEOMETRIC_REPRESENTATION_CONTEXT(2) 
PARAMETRIC_REPRESENTATION_CONTEXT() REPRESENTATION_CONTEXT('2D SPACE',''
  ) );
#240 = ADVANCED_FACE('',(#241,#316,#351),#44,.T.);
#241 = FACE_BOUND('',#242,.T.);
#242 = EDGE_LOOP('',(#243,#244,#267,#295));
#243 = ORIENTED_EDGE('',*,*,#21,.F.);
#244 = ORIENTED_EDGE('',*,*,#245,.F.);
#245 = EDGE_CURVE('',#246,#22,#248,.T.);
#246 = VERTEX_POINT('',#247);
#247 = CARTESIAN_POINT('',(-10.,17.,0.));
#248 = SURFACE_CURVE('',#249,(#253,#260),.PCURVE_S1.);
#249 = LINE('',#250,#251);
#250 = CARTESIAN_POINT('',(-10.,17.,0.));
#251 = VECTOR('',#252,1.);
#252 = DIRECTION('',(0.,-1.,0.));
#253 = PCURVE('',#44,#254);
#254 = DEFINITIONAL_REPRESENTATION('',(#255),#259);
#255 = LINE('',#256,#257);
#256 = CARTESIAN_POINT('',(9.167846626373,-14.45512325216));
#257 = VECTOR('',#258,1.);
#258 = DIRECTION('',(-0.630592625094,0.776114000116));
#259 = ( GEOMETRIC_REPRESENTATION_CONTEXT(2) 
PARAMETRIC_REPRESENTATION_CONTEXT() REPRESENTATION_CONTEXT('2D SPACE',''
  ) );
#260 = PCURVE('',#229,#261);
#261 = DEFINITIONAL_REPRESENTATION('',(#262),#266);
#262 = LINE('',#263,#264);
#263 = CARTESIAN_POINT('',(0.,0.));
#264 = VECTOR('',#265,1.);
#265 = DIRECTION('',(1.,0.));
#266 = ( GEOMETRIC_REPRESENTATION_CONTEXT(2) 
PARAMETRIC_REPRESENTATION_CONTEXT() REPRESENTATION_CONTEXT('2D SPACE',''
  ) );
#267 = ORIENTED_EDGE('',*,*,#268,.F.);
#268 = EDGE_CURVE('',#269,#246,#271,.T.);
#269 = VERTEX_POINT('',#270);
#270 = CARTESIAN_POINT('',(10.,17.,0.));
#271 = SURFACE_CURVE('',#272,(#276,#283),.PCURVE_S1.);
#272 = LINE('',#273,#274);
#273 = CARTESIAN_POINT('',(10.,17.,0.));
#274 = VECTOR('',#275,1.);
#275 = DIRECTION('',(-1.,0.,0.));
#276 = PCURVE('',#44,#277);
#277 = DEFINITIONAL_REPRESENTATION('',(#278),#282);
#278 = LINE('',#279,#280);
#279 = CARTESIAN_POINT('',(24.690126628699,-1.843270750276));
#280 = VECTOR('',#281,1.);
#281 = DIRECTION('',(-0.776114000116,-0.630592625094));
#282 = ( GEOMETRIC_REPRESENTATION_CONTEXT(2) 
PARAMETRIC_REPRESENTATION_CONTEXT() REPRESENTATION_CONTEXT('2D SPACE',''
  ) );
#283 = PCURVE('',#284,#289);
#284 = PLANE('',#285);
#285 = AXIS2_PLACEMENT_3D('',#286,#287,#288);
#286 = CARTESIAN_POINT('',(10.,17.,0.));
#287 = DIRECTION('',(0.,-1.,0.));
#288 = DIRECTION('',(-1.,0.,0.));
#289 = DEFINITIONAL_REPRESENTATION('',(#290),#294);
#290 = LINE('',#291,#292);
#291 = CARTESIAN_POINT('',(0.,-0.));
#292 = VECTOR('',#293,1.);
#293 = DIRECTION('',(1.,0.));
#294 = ( GEOMETRIC_REPRESENTATION_CONTEXT(2) 
PARAMETRIC_REPRESENTATION_CONTEXT() REPRESENTATION_CONTEXT('2D SPACE',''
  ) );
#295 = ORIENTED_EDGE('',*,*,#296,.F.);
#296 = EDGE_CURVE('',#24,#269,#297,.T.);
#297 = SURFACE_CURVE('',#298,(#302,#309),.PCURVE_S1.);
#298 = LINE('',#299,#300);
#299 = CARTESIAN_POINT('',(10.,0.,0.));
#300 = VECTOR('',#301,1.);
#301 = DIRECTION('',(0.,1.,0.));
#302 = PCURVE('',#44,#303);
#303 = DEFINITIONAL_REPRESENTATION('',(#304),#308);
#304 = LINE('',#305,#306);
#305 = CARTESIAN_POINT('',(13.970052002093,11.3506672517));
#306 = VECTOR('',#307,1.);
#307 = DIRECTION('',(0.630592625094,-0.776114000116));
#308 = ( GEOMETRIC_REPRESENTATION_CONTEXT(2) 
PARAMETRIC_REPRESENTATION_CONTEXT() REPRESENTATION_CONTEXT('2D SPACE',''
  ) );
#309 = PCURVE('',#72,#310);
#310 = DEFINITIONAL_REPRESENTATION('',(#311),#315);
#311 = LINE('',#312,#313);
#312 = CARTESIAN_POINT('',(0.,0.));
#313 = VECTOR('',#314,1.);
#314 = DIRECTION('',(1.,0.));
#315 = ( GEOMETRIC_REPRESENTATION_CONTEXT(2) 
PARAMETRIC_REPRESENTATION_CONTEXT() REPRESENTATION_CONTEXT('2D SPACE',''
  ) );
#316 = FACE_BOUND('',#317,.T.);
#317 = EDGE_LOOP('',(#318));
#318 = ORIENTED_EDGE('',*,*,#319,.T.);
#319 = EDGE_CURVE('',#320,#320,#322,.T.);
#320 = VERTEX_POINT('',#321);
#321 = CARTESIAN_POINT('',(1.4,8.06,0.));
#322 = SURFACE_CURVE('',#323,(#328,#339),.PCURVE_S1.);
#323 = CIRCLE('',#324,1.4);
#324 = AXIS2_PLACEMENT_3D('',#325,#326,#327);
#325 = CARTESIAN_POINT('',(0.,8.06,0.));
#326 = DIRECTION('',(0.,0.,1.));
#327 = DIRECTION('',(1.,0.,0.));
#328 = PCURVE('',#44,#329);
#329 = DEFINITIONAL_REPRESENTATION('',(#330),#338);
#330 = ( BOUNDED_CURVE() B_SPLINE_CURVE(2,(#331,#332,#333,#334,#335,#336
,#337),.UNSPECIFIED.,.T.,.F.) B_SPLINE_CURVE_WITH_KNOTS((1,2,2,2,2,1),(
    -2.094395102393,0.,2.094395102393,4.188790204786,6.28318530718,
8.377580409573),.UNSPECIFIED.) CURVE() GEOMETRIC_REPRESENTATION_ITEM() 
RATIONAL_B_SPLINE_CURVE((1.,0.5,1.,0.5,1.,0.5,1.)) REPRESENTATION_ITEM(
  '') );
#331 = CARTESIAN_POINT('',(12.378048159354,-0.327908165049));
#332 = CARTESIAN_POINT('',(13.907154011113,-2.209884597983));
#333 = CARTESIAN_POINT('',(11.512761684989,-2.593140894214));
#334 = CARTESIAN_POINT('',(9.118369358866,-2.976397190446));
#335 = CARTESIAN_POINT('',(9.983655833231,-0.711164461281));
#336 = CARTESIAN_POINT('',(10.848942307596,1.554068267885));
#337 = CARTESIAN_POINT('',(12.378048159354,-0.327908165049));
#338 = ( GEOMETRIC_REPRESENTATION_CONTEXT(2) 
PARAMETRIC_REPRESENTATION_CONTEXT() REPRESENTATION_CONTEXT('2D SPACE',''
  ) );
#339 = PCURVE('',#340,#345);
#340 = CYLINDRICAL_SURFACE('',#341,1.4);
#341 = AXIS2_PLACEMENT_3D('',#342,#343,#344);
#342 = CARTESIAN_POINT('',(0.,8.06,0.));
#343 = DIRECTION('',(-0.,-0.,-1.));
#344 = DIRECTION('',(1.,0.,0.));
#345 = DEFINITIONAL_REPRESENTATION('',(#346),#350);
#346 = LINE('',#347,#348);
#347 = CARTESIAN_POINT('',(-0.,0.));
#348 = VECTOR('',#349,1.);
#349 = DIRECTION('',(-1.,0.));
#350 = ( GEOMETRIC_REPRESENTATION_CONTEXT(2) 
PARAMETRIC_REPRESENTATION_CONTEXT() REPRESENTATION_CONTEXT('2D SPACE',''
  ) );
#351 = FACE_BOUND('',#352,.T.);
#352 = EDGE_LOOP('',(#353));
#353 = ORIENTED_EDGE('',*,*,#354,.T.);
#354 = EDGE_CURVE('',#355,#355,#357,.T.);
#355 = VERTEX_POINT('',#356);
#356 = CARTESIAN_POINT('',(0.9,2.2,0.));
#357 = SURFACE_CURVE('',#358,(#363,#374),.PCURVE_S1.);
#358 = CIRCLE('',#359,0.9);
#359 = AXIS2_PLACEMENT_3D('',#360,#361,#362);
#360 = CARTESIAN_POINT('',(0.,2.2,0.));
#361 = DIRECTION('',(0.,0.,1.));
#362 = DIRECTION('',(1.,0.,0.));
#363 = PCURVE('',#44,#364);
#364 = DEFINITIONAL_REPRESENTATION('',(#365),#373);
#365 = ( BOUNDED_CURVE() B_SPLINE_CURVE(2,(#366,#367,#368,#369,#370,#371
,#372),.UNSPECIFIED.,.T.,.F.) B_SPLINE_CURVE_WITH_KNOTS((1,2,2,2,2,1),(
    -2.094395102393,0.,2.094395102393,4.188790204786,6.28318530718,
8.377580409573),.UNSPECIFIED.) CURVE() GEOMETRIC_REPRESENTATION_ITEM() 
RATIONAL_B_SPLINE_CURVE((1.,0.5,1.,0.5,1.,0.5,1.)) REPRESENTATION_ITEM(
  '') );
#366 = CARTESIAN_POINT('',(8.294718376243,3.904823563085));
#367 = CARTESIAN_POINT('',(9.27771499523,2.694981570485));
#368 = CARTESIAN_POINT('',(7.738462785579,2.448602522907));
#369 = CARTESIAN_POINT('',(6.199210575929,2.20222347533));
#370 = CARTESIAN_POINT('',(6.755466166592,3.658444515508));
#371 = CARTESIAN_POINT('',(7.311721757255,5.114665555685));
#372 = CARTESIAN_POINT('',(8.294718376243,3.904823563085));
#373 = ( GEOMETRIC_REPRESENTATION_CONTEXT(2) 
PARAMETRIC_REPRESENTATION_CONTEXT() REPRESENTATION_CONTEXT('2D SPACE',''
  ) );
#374 = PCURVE('',#375,#380);
#375 = CYLINDRICAL_SURFACE('',#376,0.9);
#376 = AXIS2_PLACEMENT_3D('',#377,#378,#379);
#377 = CARTESIAN_POINT('',(0.,2.2,0.));
#378 = DIRECTION('',(-0.,-0.,-1.));
#379 = DIRECTION('',(1.,0.,0.));
#380 = DEFINITIONAL_REPRESENTATION('',(#381),#385);
#381 = LINE('',#382,#383);
#382 = CARTESIAN_POINT('',(-0.,0.));
#383 = VECTOR('',#384,1.);
#384 = DIRECTION('',(-1.,0.));
#385 = ( GEOMETRIC_REPRESENTATION_CONTEXT(2) 
PARAMETRIC_REPRESENTATION_CONTEXT() REPRESENTATION_CONTEXT('2D SPACE',''
  ) );
#386 = ADVANCED_FACE('',(#387),#229,.F.);
#387 = FACE_BOUND('',#388,.F.);
#388 = EDGE_LOOP('',(#389,#412,#433,#434));
#389 = ORIENTED_EDGE('',*,*,#390,.T.);
#390 = EDGE_CURVE('',#246,#391,#393,.T.);
#391 = VERTEX_POINT('',#392);
#392 = CARTESIAN_POINT('',(-10.,17.,2.));
#393 = SURFACE_CURVE('',#394,(#398,#405),.PCURVE_S1.);
#394 = LINE('',#395,#396);
#395 = CARTESIAN_POINT('',(-10.,17.,0.));
#396 = VECTOR('',#397,1.);
#397 = DIRECTION('',(0.,0.,1.));
#398 = PCURVE('',#229,#399);
#399 = DEFINITIONAL_REPRESENTATION('',(#400),#404);
#400 = LINE('',#401,#402);
#401 = CARTESIAN_POINT('',(0.,0.));
#402 = VECTOR('',#403,1.);
#403 = DIRECTION('',(0.,-1.));
#404 = ( GEOMETRIC_REPRESENTATION_CONTEXT(2) 
PARAMETRIC_REPRESENTATION_CONTEXT() REPRESENTATION_CONTEXT('2D SPACE',''
  ) );
#405 = PCURVE('',#284,#406);
#406 = DEFINITIONAL_REPRESENTATION('',(#407),#411);
#407 = LINE('',#408,#409);
#408 = CARTESIAN_POINT('',(20.,0.));
#409 = VECTOR('',#410,1.);
#410 = DIRECTION('',(0.,-1.));
#411 = ( GEOMETRIC_REPRESENTATION_CONTEXT(2) 
PARAMETRIC_REPRESENTATION_CONTEXT() REPRESENTATION_CONTEXT('2D SPACE',''
  ) );
#412 = ORIENTED_EDGE('',*,*,#413,.T.);
#413 = EDGE_CURVE('',#391,#193,#414,.T.);
#414 = SURFACE_CURVE('',#415,(#419,#426),.PCURVE_S1.);
#415 = LINE('',#416,#417);
#416 = CARTESIAN_POINT('',(-10.,17.,2.));
#417 = VECTOR('',#418,1.);
#418 = DIRECTION('',(0.,-1.,0.));
#419 = PCURVE('',#229,#420);
#420 = DEFINITIONAL_REPRESENTATION('',(#421),#425);
#421 = LINE('',#422,#423);
#422 = CARTESIAN_POINT('',(0.,-2.));
#423 = VECTOR('',#424,1.);
#424 = DIRECTION('',(1.,0.));
#425 = ( GEOMETRIC_REPRESENTATION_CONTEXT(2) 
PARAMETRIC_REPRESENTATION_CONTEXT() REPRESENTATION_CONTEXT('2D SPACE',''
  ) );
#426 = PCURVE('',#100,#427);
#427 = DEFINITIONAL_REPRESENTATION('',(#428),#432);
#428 = LINE('',#429,#430);
#429 = CARTESIAN_POINT('',(-10.,8.5));
#430 = VECTOR('',#431,1.);
#431 = DIRECTION('',(0.,-1.));
#432 = ( GEOMETRIC_REPRESENTATION_CONTEXT(2) 
PARAMETRIC_REPRESENTATION_CONTEXT() REPRESENTATION_CONTEXT('2D SPACE',''
  ) );
#433 = ORIENTED_EDGE('',*,*,#215,.F.);
#434 = ORIENTED_EDGE('',*,*,#245,.F.);
#435 = ADVANCED_FACE('',(#436),#100,.T.);
#436 = FACE_BOUND('',#437,.T.);
#437 = EDGE_LOOP('',(#438,#439,#440,#460,#485,#503,#504,#527));
#438 = ORIENTED_EDGE('',*,*,#413,.T.);
#439 = ORIENTED_EDGE('',*,*,#192,.T.);
#440 = ORIENTED_EDGE('',*,*,#441,.T.);
#441 = EDGE_CURVE('',#167,#442,#444,.T.);
#442 = VERTEX_POINT('',#443);
#443 = CARTESIAN_POINT('',(-7.9,12.828571428571,2.));
#444 = SURFACE_CURVE('',#445,(#448,#454),.PCURVE_S1.);
#445 = B_SPLINE_CURVE_WITH_KNOTS('',1,(#446,#447),.UNSPECIFIED.,.F.,.F.,
  (2,2),(0.,1.),.PIECEWISE_BEZIER_KNOTS.);
#446 = CARTESIAN_POINT('',(-7.9,0.,2.));
#447 = CARTESIAN_POINT('',(-7.9,12.828571428571,2.));
#448 = PCURVE('',#100,#449);
#449 = DEFINITIONAL_REPRESENTATION('',(#450),#453);
#450 = B_SPLINE_CURVE_WITH_KNOTS('',1,(#451,#452),.UNSPECIFIED.,.F.,.F.,
  (2,2),(0.,1.),.PIECEWISE_BEZIER_KNOTS.);
#451 = CARTESIAN_POINT('',(-7.9,-8.5));
#452 = CARTESIAN_POINT('',(-7.9,4.328571428571));
#453 = ( GEOMETRIC_REPRESENTATION_CONTEXT(2) 
PARAMETRIC_REPRESENTATION_CONTEXT() REPRESENTATION_CONTEXT('2D SPACE',''
  ) );
#454 = PCURVE('',#180,#455);
#455 = DEFINITIONAL_REPRESENTATION('',(#456),#459);
#456 = B_SPLINE_CURVE_WITH_KNOTS('',1,(#457,#458),.UNSPECIFIED.,.F.,.F.,
  (2,2),(0.,1.),.PIECEWISE_BEZIER_KNOTS.);
#457 = CARTESIAN_POINT('',(13.,2.857142857143E-02));
#458 = CARTESIAN_POINT('',(0.,2.857142857143E-02));
#459 = ( GEOMETRIC_REPRESENTATION_CONTEXT(2) 
PARAMETRIC_REPRESENTATION_CONTEXT() REPRESENTATION_CONTEXT('2D SPACE',''
  ) );
#460 = ORIENTED_EDGE('',*,*,#461,.T.);
#461 = EDGE_CURVE('',#442,#462,#464,.T.);
#462 = VERTEX_POINT('',#463);
#463 = CARTESIAN_POINT('',(7.9,12.828571428571,2.));
#464 = SURFACE_CURVE('',#465,(#468,#474),.PCURVE_S1.);
#465 = B_SPLINE_CURVE_WITH_KNOTS('',1,(#466,#467),.UNSPECIFIED.,.F.,.F.,
  (2,2),(0.,1.),.PIECEWISE_BEZIER_KNOTS.);
#466 = CARTESIAN_POINT('',(-7.9,12.828571428571,2.));
#467 = CARTESIAN_POINT('',(7.9,12.828571428571,2.));
#468 = PCURVE('',#100,#469);
#469 = DEFINITIONAL_REPRESENTATION('',(#470),#473);
#470 = B_SPLINE_CURVE_WITH_KNOTS('',1,(#471,#472),.UNSPECIFIED.,.F.,.F.,
  (2,2),(0.,1.),.PIECEWISE_BEZIER_KNOTS.);
#471 = CARTESIAN_POINT('',(-7.9,4.328571428571));
#472 = CARTESIAN_POINT('',(7.9,4.328571428571));
#473 = ( GEOMETRIC_REPRESENTATION_CONTEXT(2) 
PARAMETRIC_REPRESENTATION_CONTEXT() REPRESENTATION_CONTEXT('2D SPACE',''
  ) );
#474 = PCURVE('',#475,#480);
#475 = B_SPLINE_SURFACE_WITH_KNOTS('',1,1,(
    (#476,#477)
    ,(#478,#479
  )),.UNSPECIFIED.,.F.,.F.,.F.,(2,2),(2,2),(0.,16.),(0.,1.),
  .PIECEWISE_BEZIER_KNOTS.);
#476 = CARTESIAN_POINT('',(8.,13.,0.));
#477 = CARTESIAN_POINT('',(4.5,7.,70.));
#478 = CARTESIAN_POINT('',(-8.,13.,0.));
#479 = CARTESIAN_POINT('',(-4.5,7.,70.));
#480 = DEFINITIONAL_REPRESENTATION('',(#481),#484);
#481 = B_SPLINE_CURVE_WITH_KNOTS('',1,(#482,#483),.UNSPECIFIED.,.F.,.F.,
  (2,2),(0.,1.),.PIECEWISE_BEZIER_KNOTS.);
#482 = CARTESIAN_POINT('',(16.,2.857142857143E-02));
#483 = CARTESIAN_POINT('',(0.,2.857142857143E-02));
#484 = ( GEOMETRIC_REPRESENTATION_CONTEXT(2) 
PARAMETRIC_REPRESENTATION_CONTEXT() REPRESENTATION_CONTEXT('2D SPACE',''
  ) );
#485 = ORIENTED_EDGE('',*,*,#486,.T.);
#486 = EDGE_CURVE('',#462,#85,#487,.T.);
#487 = SURFACE_CURVE('',#488,(#491,#497),.PCURVE_S1.);
#488 = B_SPLINE_CURVE_WITH_KNOTS('',1,(#489,#490),.UNSPECIFIED.,.F.,.F.,
  (2,2),(0.,1.),.PIECEWISE_BEZIER_KNOTS.);
#489 = CARTESIAN_POINT('',(7.9,12.828571428571,2.));
#490 = CARTESIAN_POINT('',(7.9,0.,2.));
#491 = PCURVE('',#100,#492);
#492 = DEFINITIONAL_REPRESENTATION('',(#493),#496);
#493 = B_SPLINE_CURVE_WITH_KNOTS('',1,(#494,#495),.UNSPECIFIED.,.F.,.F.,
  (2,2),(0.,1.),.PIECEWISE_BEZIER_KNOTS.);
#494 = CARTESIAN_POINT('',(7.9,4.328571428571));
#495 = CARTESIAN_POINT('',(7.9,-8.5));
#496 = ( GEOMETRIC_REPRESENTATION_CONTEXT(2) 
PARAMETRIC_REPRESENTATION_CONTEXT() REPRESENTATION_CONTEXT('2D SPACE',''
  ) );
#497 = PCURVE('',#126,#498);
#498 = DEFINITIONAL_REPRESENTATION('',(#499),#502);
#499 = B_SPLINE_CURVE_WITH_KNOTS('',1,(#500,#501),.UNSPECIFIED.,.F.,.F.,
  (2,2),(0.,1.),.PIECEWISE_BEZIER_KNOTS.);
#500 = CARTESIAN_POINT('',(13.,2.857142857143E-02));
#501 = CARTESIAN_POINT('',(0.,2.857142857143E-02));
#502 = ( GEOMETRIC_REPRESENTATION_CONTEXT(2) 
PARAMETRIC_REPRESENTATION_CONTEXT() REPRESENTATION_CONTEXT('2D SPACE',''
  ) );
#503 = ORIENTED_EDGE('',*,*,#84,.T.);
#504 = ORIENTED_EDGE('',*,*,#505,.T.);
#505 = EDGE_CURVE('',#57,#506,#508,.T.);
#506 = VERTEX_POINT('',#507);
#507 = CARTESIAN_POINT('',(10.,17.,2.));
#508 = SURFACE_CURVE('',#509,(#513,#520),.PCURVE_S1.);
#509 = LINE('',#510,#511);
#510 = CARTESIAN_POINT('',(10.,0.,2.));
#511 = VECTOR('',#512,1.);
#512 = DIRECTION('',(0.,1.,0.));
#513 = PCURVE('',#100,#514);
#514 = DEFINITIONAL_REPRESENTATION('',(#515),#519);
#515 = LINE('',#516,#517);
#516 = CARTESIAN_POINT('',(10.,-8.5));
#517 = VECTOR('',#518,1.);
#518 = DIRECTION('',(0.,1.));
#519 = ( GEOMETRIC_REPRESENTATION_CONTEXT(2) 
PARAMETRIC_REPRESENTATION_CONTEXT() REPRESENTATION_CONTEXT('2D SPACE',''
  ) );
#520 = PCURVE('',#72,#521);
#521 = DEFINITIONAL_REPRESENTATION('',(#522),#526);
#522 = LINE('',#523,#524);
#523 = CARTESIAN_POINT('',(0.,-2.));
#524 = VECTOR('',#525,1.);
#525 = DIRECTION('',(1.,0.));
#526 = ( GEOMETRIC_REPRESENTATION_CONTEXT(2) 
PARAMETRIC_REPRESENTATION_CONTEXT() REPRESENTATION_CONTEXT('2D SPACE',''
  ) );
#527 = ORIENTED_EDGE('',*,*,#528,.T.);
#528 = EDGE_CURVE('',#506,#391,#529,.T.);
#529 = SURFACE_CURVE('',#530,(#534,#541),.PCURVE_S1.);
#530 = LINE('',#531,#532);
#531 = CARTESIAN_POINT('',(10.,17.,2.));
#532 = VECTOR('',#533,1.);
#533 = DIRECTION('',(-1.,0.,0.));
#534 = PCURVE('',#100,#535);
#535 = DEFINITIONAL_REPRESENTATION('',(#536),#540);
#536 = LINE('',#537,#538);
#537 = CARTESIAN_POINT('',(10.,8.5));
#538 = VECTOR('',#539,1.);
#539 = DIRECTION('',(-1.,0.));
#540 = ( GEOMETRIC_REPRESENTATION_CONTEXT(2) 
PARAMETRIC_REPRESENTATION_CONTEXT() REPRESENTATION_CONTEXT('2D SPACE',''
  ) );
#541 = PCURVE('',#284,#542);
#542 = DEFINITIONAL_REPRESENTATION('',(#543),#547);
#543 = LINE('',#544,#545);
#544 = CARTESIAN_POINT('',(0.,-2.));
#545 = VECTOR('',#546,1.);
#546 = DIRECTION('',(1.,0.));
#547 = ( GEOMETRIC_REPRESENTATION_CONTEXT(2) 
PARAMETRIC_REPRESENTATION_CONTEXT() REPRESENTATION_CONTEXT('2D SPACE',''
  ) );
#548 = ADVANCED_FACE('',(#549),#180,.T.);
#549 = FACE_BOUND('',#550,.T.);
#550 = EDGE_LOOP('',(#551,#573,#574,#575,#613,#647,#673,#716,#750,#776,
    #819,#853,#879,#922,#956,#982,#1025,#1059,#1085,#1128,#1162,#1188));
#551 = ORIENTED_EDGE('',*,*,#552,.F.);
#552 = EDGE_CURVE('',#442,#553,#555,.T.);
#553 = VERTEX_POINT('',#554);
#554 = CARTESIAN_POINT('',(-4.5,7.,70.));
#555 = SURFACE_CURVE('',#556,(#559,#566),.PCURVE_S1.);
#556 = B_SPLINE_CURVE_WITH_KNOTS('',1,(#557,#558),.UNSPECIFIED.,.F.,.F.,
  (2,2),(0.,1.),.PIECEWISE_BEZIER_KNOTS.);
#557 = CARTESIAN_POINT('',(-8.,13.,0.));
#558 = CARTESIAN_POINT('',(-4.5,7.,70.));
#559 = PCURVE('',#180,#560);
#560 = DEFINITIONAL_REPRESENTATION('',(#561),#565);
#561 = LINE('',#562,#563);
#562 = CARTESIAN_POINT('',(0.,0.));
#563 = VECTOR('',#564,1.);
#564 = DIRECTION('',(0.,1.));
#565 = ( GEOMETRIC_REPRESENTATION_CONTEXT(2) 
PARAMETRIC_REPRESENTATION_CONTEXT() REPRESENTATION_CONTEXT('2D SPACE',''
  ) );
#566 = PCURVE('',#475,#567);
#567 = DEFINITIONAL_REPRESENTATION('',(#568),#572);
#568 = LINE('',#569,#570);
#569 = CARTESIAN_POINT('',(16.,0.));
#570 = VECTOR('',#571,1.);
#571 = DIRECTION('',(0.,1.));
#572 = ( GEOMETRIC_REPRESENTATION_CONTEXT(2) 
PARAMETRIC_REPRESENTATION_CONTEXT() REPRESENTATION_CONTEXT('2D SPACE',''
  ) );
#573 = ORIENTED_EDGE('',*,*,#441,.F.);
#574 = ORIENTED_EDGE('',*,*,#166,.T.);
#575 = ORIENTED_EDGE('',*,*,#576,.T.);
#576 = EDGE_CURVE('',#139,#577,#579,.T.);
#577 = VERTEX_POINT('',#578);
#578 = CARTESIAN_POINT('',(-6.985714285714,9.661224489796,
    20.285714285714));
#579 = SURFACE_CURVE('',#580,(#589,#601),.PCURVE_S1.);
#580 = B_SPLINE_CURVE_WITH_KNOTS('',4,(#581,#582,#583,#584,#585,#586,
    #587,#588),.UNSPECIFIED.,.F.,.F.,(5,3,5),(0.,0.862274201109,1.),
  .UNSPECIFIED.);
#581 = CARTESIAN_POINT('',(-7.098214285714,0.,18.035714285714));
#582 = CARTESIAN_POINT('',(-7.073733276242,2.10236913999,18.525334475161
    ));
#583 = CARTESIAN_POINT('',(-7.049383798483,4.193442658536,
    19.012324030335));
#584 = CARTESIAN_POINT('',(-7.025166431741,6.273170806488,
    19.496671365172));
#585 = CARTESIAN_POINT('',(-6.997234731049,8.671876857765,
    20.055305379015));
#586 = CARTESIAN_POINT('',(-6.993391197512,9.001950105227,
    20.132176049764));
#587 = CARTESIAN_POINT('',(-6.989551048656,9.331732684489,
    20.208979026874));
#588 = CARTESIAN_POINT('',(-6.985714285714,9.661224489796,
    20.285714285714));
#589 = PCURVE('',#180,#590);
#590 = DEFINITIONAL_REPRESENTATION('',(#591),#600);
#591 = B_SPLINE_CURVE_WITH_KNOTS('',4,(#592,#593,#594,#595,#596,#597,
    #598,#599),.UNSPECIFIED.,.F.,.F.,(5,3,5),(0.,0.862274201109,1.),
  .UNSPECIFIED.);
#592 = CARTESIAN_POINT('',(13.,0.257653061224));
#593 = CARTESIAN_POINT('',(10.61388126116,0.264647635359));
#594 = CARTESIAN_POINT('',(8.217268868971,0.271604629005));
#595 = CARTESIAN_POINT('',(5.810270480142,0.278523876645));
#596 = CARTESIAN_POINT('',(3.006904127976,0.286504362557));
#597 = CARTESIAN_POINT('',(2.620546208343,0.287602514997));
#598 = CARTESIAN_POINT('',(2.233926665043,0.288699700384));
#599 = CARTESIAN_POINT('',(1.847046012293,0.289795918367));
#600 = ( GEOMETRIC_REPRESENTATION_CONTEXT(2) 
PARAMETRIC_REPRESENTATION_CONTEXT() REPRESENTATION_CONTEXT('2D SPACE',''
  ) );
#601 = PCURVE('',#154,#602);
#602 = DEFINITIONAL_REPRESENTATION('',(#603),#612);
#603 = B_SPLINE_CURVE_WITH_KNOTS('',4,(#604,#605,#606,#607,#608,#609,
    #610,#611),.UNSPECIFIED.,.F.,.F.,(5,3,5),(0.,0.862274201109,1.),
  .UNSPECIFIED.);
#604 = CARTESIAN_POINT('',(9.919766057838,7.098214285714));
#605 = CARTESIAN_POINT('',(7.761135952726,7.073733276242));
#606 = CARTESIAN_POINT('',(5.614103748307,7.049383798483));
#607 = CARTESIAN_POINT('',(3.478720525055,7.025166431741));
#608 = CARTESIAN_POINT('',(1.015823312043,6.997234731049));
#609 = CARTESIAN_POINT('',(0.67691705847,6.993391197512));
#610 = CARTESIAN_POINT('',(0.338309251594,6.989551048656));
#611 = CARTESIAN_POINT('',(0.,6.985714285714));
#612 = ( GEOMETRIC_REPRESENTATION_CONTEXT(2) 
PARAMETRIC_REPRESENTATION_CONTEXT() REPRESENTATION_CONTEXT('2D SPACE',''
  ) );
#613 = ORIENTED_EDGE('',*,*,#614,.F.);
#614 = EDGE_CURVE('',#615,#577,#617,.T.);
#615 = VERTEX_POINT('',#616);
#616 = CARTESIAN_POINT('',(-6.873214285714,0.,22.535714285713));
#617 = SURFACE_CURVE('',#618,(#624,#633),.PCURVE_S1.);
#618 = B_SPLINE_CURVE_WITH_KNOTS('',4,(#619,#620,#621,#622,#623),
  .UNSPECIFIED.,.F.,.F.,(5,5),(0.,1.),.PIECEWISE_BEZIER_KNOTS.);
#619 = CARTESIAN_POINT('',(-6.873214285714,0.,22.535714285714));
#620 = CARTESIAN_POINT('',(-6.901067649305,2.391978652812,
    21.978647013909));
#621 = CARTESIAN_POINT('',(-6.929102624908,4.799553700589,
    21.417947501832));
#622 = CARTESIAN_POINT('',(-6.95731848289,7.222662483988,20.8536303422)
  );
#623 = CARTESIAN_POINT('',(-6.985714285714,9.661224489796,
    20.285714285714));
#624 = PCURVE('',#180,#625);
#625 = DEFINITIONAL_REPRESENTATION('',(#626),#632);
#626 = B_SPLINE_CURVE_WITH_KNOTS('',4,(#627,#628,#629,#630,#631),
  .UNSPECIFIED.,.F.,.F.,(5,5),(0.,1.),.PIECEWISE_BEZIER_KNOTS.);
#627 = CARTESIAN_POINT('',(13.,0.32193877551));
#628 = CARTESIAN_POINT('',(10.190577299085,0.313980671627));
#629 = CARTESIAN_POINT('',(7.395155689354,0.305970678598));
#630 = CARTESIAN_POINT('',(4.613920720648,0.297909004889));
#631 = CARTESIAN_POINT('',(1.847046050706,0.289795918367));
#632 = ( GEOMETRIC_REPRESENTATION_CONTEXT(2) 
PARAMETRIC_REPRESENTATION_CONTEXT() REPRESENTATION_CONTEXT('2D SPACE',''
  ) );
#633 = PCURVE('',#634,#639);
#634 = PLANE('',#635);
#635 = AXIS2_PLACEMENT_3D('',#636,#637,#638);
#636 = CARTESIAN_POINT('',(0.,0.,22.535714285714));
#637 = DIRECTION('',(-0.,0.226819865195,0.973936727284));
#638 = DIRECTION('',(0.,0.973936727284,-0.226819865195));
#639 = DEFINITIONAL_REPRESENTATION('',(#640),#646);
#640 = B_SPLINE_CURVE_WITH_KNOTS('',4,(#641,#642,#643,#644,#645),
  .UNSPECIFIED.,.F.,.F.,(5,5),(0.,1.),.PIECEWISE_BEZIER_KNOTS.);
#641 = CARTESIAN_POINT('',(0.,6.873214285714));
#642 = CARTESIAN_POINT('',(2.455989784349,6.901067649305));
#643 = CARTESIAN_POINT('',(4.927993334816,6.929102624908));
#644 = CARTESIAN_POINT('',(7.415946315248,6.95731848289));
#645 = CARTESIAN_POINT('',(9.919766057838,6.985714285714));
#646 = ( GEOMETRIC_REPRESENTATION_CONTEXT(2) 
PARAMETRIC_REPRESENTATION_CONTEXT() REPRESENTATION_CONTEXT('2D SPACE',''
  ) );
#647 = ORIENTED_EDGE('',*,*,#648,.T.);
#648 = EDGE_CURVE('',#615,#649,#651,.T.);
#649 = VERTEX_POINT('',#650);
#650 = CARTESIAN_POINT('',(-6.683928571428,0.,26.321428571429));
#651 = SURFACE_CURVE('',#652,(#655,#662),.PCURVE_S1.);
#652 = B_SPLINE_CURVE_WITH_KNOTS('',1,(#653,#654),.UNSPECIFIED.,.F.,.F.,
  (2,2),(0.,1.),.PIECEWISE_BEZIER_KNOTS.);
#653 = CARTESIAN_POINT('',(-8.,0.,0.));
#654 = CARTESIAN_POINT('',(-4.5,0.,70.));
#655 = PCURVE('',#180,#656);
#656 = DEFINITIONAL_REPRESENTATION('',(#657),#661);
#657 = LINE('',#658,#659);
#658 = CARTESIAN_POINT('',(13.,0.));
#659 = VECTOR('',#660,1.);
#660 = DIRECTION('',(0.,1.));
#661 = ( GEOMETRIC_REPRESENTATION_CONTEXT(2) 
PARAMETRIC_REPRESENTATION_CONTEXT() REPRESENTATION_CONTEXT('2D SPACE',''
  ) );
#662 = PCURVE('',#663,#668);
#663 = PLANE('',#664);
#664 = AXIS2_PLACEMENT_3D('',#665,#666,#667);
#665 = CARTESIAN_POINT('',(9.836025474365E-16,0.,35.));
#666 = DIRECTION('',(0.,-1.,0.));
#667 = DIRECTION('',(1.,0.,2.478345596314E-18));
#668 = DEFINITIONAL_REPRESENTATION('',(#669),#672);
#669 = B_SPLINE_CURVE_WITH_KNOTS('',1,(#670,#671),.UNSPECIFIED.,.F.,.F.,
  (2,2),(0.,1.),.PIECEWISE_BEZIER_KNOTS.);
#670 = CARTESIAN_POINT('',(-8.,-35.));
#671 = CARTESIAN_POINT('',(-4.5,35.));
#672 = ( GEOMETRIC_REPRESENTATION_CONTEXT(2) 
PARAMETRIC_REPRESENTATION_CONTEXT() REPRESENTATION_CONTEXT('2D SPACE',''
  ) );
#673 = ORIENTED_EDGE('',*,*,#674,.T.);
#674 = EDGE_CURVE('',#649,#675,#677,.T.);
#675 = VERTEX_POINT('',#676);
#676 = CARTESIAN_POINT('',(-6.571428571429,8.951020408163,
    28.571428571429));
#677 = SURFACE_CURVE('',#678,(#687,#699),.PCURVE_S1.);
#678 = B_SPLINE_CURVE_WITH_KNOTS('',4,(#679,#680,#681,#682,#683,#684,
    #685,#686),.UNSPECIFIED.,.F.,.F.,(5,3,5),(0.,0.895367831355,1.),
  .UNSPECIFIED.);
#679 = CARTESIAN_POINT('',(-6.683928571429,0.,26.321428571429));
#680 = CARTESIAN_POINT('',(-6.658478362939,2.024936316304,
    26.830432741225));
#681 = CARTESIAN_POINT('',(-6.633187800397,4.037170462461,
    27.336243992054));
#682 = CARTESIAN_POINT('',(-6.608057358101,6.036664701248,
    27.838852837987));
#683 = CARTESIAN_POINT('',(-6.580169366838,8.255562291814,
    28.396612663249));
#684 = CARTESIAN_POINT('',(-6.577253576234,8.487556080244,28.45492847532
    ));
#685 = CARTESIAN_POINT('',(-6.574339978336,8.719375406863,
    28.513200433277));
#686 = CARTESIAN_POINT('',(-6.571428571429,8.951020408163,
    28.571428571429));
#687 = PCURVE('',#180,#688);
#688 = DEFINITIONAL_REPRESENTATION('',(#689),#698);
#689 = B_SPLINE_CURVE_WITH_KNOTS('',4,(#690,#691,#692,#693,#694,#695,
    #696,#697),.UNSPECIFIED.,.F.,.F.,(5,3,5),(0.,0.895367831355,1.),
  .UNSPECIFIED.);
#690 = CARTESIAN_POINT('',(13.,0.376020408163));
#691 = CARTESIAN_POINT('',(10.549844366064,0.383291896303));
#692 = CARTESIAN_POINT('',(8.088525869339,0.390517771315));
#693 = CARTESIAN_POINT('',(5.61619277795,0.397697897686));
#694 = CARTESIAN_POINT('',(2.842815521377,0.405665895189));
#695 = CARTESIAN_POINT('',(2.552482774107,0.406498978219));
#696 = CARTESIAN_POINT('',(2.262001884175,0.407331434761));
#697 = CARTESIAN_POINT('',(1.971373244488,0.408163265306));
#698 = ( GEOMETRIC_REPRESENTATION_CONTEXT(2) 
PARAMETRIC_REPRESENTATION_CONTEXT() REPRESENTATION_CONTEXT('2D SPACE',''
  ) );
#699 = PCURVE('',#700,#705);
#700 = PLANE('',#701);
#701 = AXIS2_PLACEMENT_3D('',#702,#703,#704);
#702 = CARTESIAN_POINT('',(0.,8.951020408163,28.571428571429));
#703 = DIRECTION('',(0.,0.243784098192,-0.969829528045));
#704 = DIRECTION('',(0.,-0.969829528045,-0.243784098192));
#705 = DEFINITIONAL_REPRESENTATION('',(#706),#715);
#706 = B_SPLINE_CURVE_WITH_KNOTS('',4,(#707,#708,#709,#710,#711,#712,
    #713,#714),.UNSPECIFIED.,.F.,.F.,(5,3,5),(0.,0.895367831355,1.),
  .UNSPECIFIED.);
#707 = CARTESIAN_POINT('',(9.229478118905,6.683928571429));
#708 = CARTESIAN_POINT('',(7.141547964433,6.658478362939));
#709 = CARTESIAN_POINT('',(5.06671513251,6.633187800397));
#710 = CARTESIAN_POINT('',(3.005018534329,6.608057358101));
#711 = CARTESIAN_POINT('',(0.71709315528,6.580169366838));
#712 = CARTESIAN_POINT('',(0.477882261281,6.577253576234));
#713 = CARTESIAN_POINT('',(0.238851256434,6.574339978336));
#714 = CARTESIAN_POINT('',(0.,6.571428571429));
#715 = ( GEOMETRIC_REPRESENTATION_CONTEXT(2) 
PARAMETRIC_REPRESENTATION_CONTEXT() REPRESENTATION_CONTEXT('2D SPACE',''
  ) );
#716 = ORIENTED_EDGE('',*,*,#717,.F.);
#717 = EDGE_CURVE('',#718,#675,#720,.T.);
#718 = VERTEX_POINT('',#719);
#719 = CARTESIAN_POINT('',(-6.458928571428,0.,30.82142857143));
#720 = SURFACE_CURVE('',#721,(#727,#736),.PCURVE_S1.);
#721 = B_SPLINE_CURVE_WITH_KNOTS('',4,(#722,#723,#724,#725,#726),
  .UNSPECIFIED.,.F.,.F.,(5,5),(0.,1.),.PIECEWISE_BEZIER_KNOTS.);
#722 = CARTESIAN_POINT('',(-6.458928571429,0.,30.821428571429));
#723 = CARTESIAN_POINT('',(-6.486748196089,2.21345802737,30.265036078229
    ));
#724 = CARTESIAN_POINT('',(-6.514771728815,4.443139923777,
    29.704565423694));
#725 = CARTESIAN_POINT('',(-6.542998750553,6.689012347242,
    29.140024988931));
#726 = CARTESIAN_POINT('',(-6.571428571429,8.951020408163,
    28.571428571429));
#727 = PCURVE('',#180,#728);
#728 = DEFINITIONAL_REPRESENTATION('',(#729),#735);
#729 = B_SPLINE_CURVE_WITH_KNOTS('',4,(#730,#731,#732,#733,#734),
  .UNSPECIFIED.,.F.,.F.,(5,5),(0.,1.),.PIECEWISE_BEZIER_KNOTS.);
#730 = CARTESIAN_POINT('',(13.,0.440306122449));
#731 = CARTESIAN_POINT('',(10.222002239317,0.43235765826));
#732 = CARTESIAN_POINT('',(7.45775030523,0.424350934624));
#733 = CARTESIAN_POINT('',(4.707469343794,0.41628607127));
#734 = CARTESIAN_POINT('',(1.971373372947,0.408163265306));
#735 = ( GEOMETRIC_REPRESENTATION_CONTEXT(2) 
PARAMETRIC_REPRESENTATION_CONTEXT() REPRESENTATION_CONTEXT('2D SPACE',''
  ) );
#736 = PCURVE('',#737,#742);
#737 = PLANE('',#738);
#738 = AXIS2_PLACEMENT_3D('',#739,#740,#741);
#739 = CARTESIAN_POINT('',(0.,0.,30.821428571429));
#740 = DIRECTION('',(-0.,0.243784098192,0.969829528045));
#741 = DIRECTION('',(0.,0.969829528045,-0.243784098192));
#742 = DEFINITIONAL_REPRESENTATION('',(#743),#749);
#743 = B_SPLINE_CURVE_WITH_KNOTS('',4,(#744,#745,#746,#747,#748),
  .UNSPECIFIED.,.F.,.F.,(5,5),(0.,1.),.PIECEWISE_BEZIER_KNOTS.);
#744 = CARTESIAN_POINT('',(0.,6.458928571429));
#745 = CARTESIAN_POINT('',(2.282316596228,6.486748196089));
#746 = CARTESIAN_POINT('',(4.58136177059,6.514771728815));
#747 = CARTESIAN_POINT('',(6.897101143872,6.542998750553));
#748 = CARTESIAN_POINT('',(9.229478118905,6.571428571429));
#749 = ( GEOMETRIC_REPRESENTATION_CONTEXT(2) 
PARAMETRIC_REPRESENTATION_CONTEXT() REPRESENTATION_CONTEXT('2D SPACE',''
  ) );
#750 = ORIENTED_EDGE('',*,*,#751,.T.);
#751 = EDGE_CURVE('',#718,#752,#754,.T.);
#752 = VERTEX_POINT('',#753);
#753 = CARTESIAN_POINT('',(-6.269642857143,0.,34.607142857141));
#754 = SURFACE_CURVE('',#755,(#758,#765),.PCURVE_S1.);
#755 = B_SPLINE_CURVE_WITH_KNOTS('',1,(#756,#757),.UNSPECIFIED.,.F.,.F.,
  (2,2),(0.,1.),.PIECEWISE_BEZIER_KNOTS.);
#756 = CARTESIAN_POINT('',(-8.,0.,0.));
#757 = CARTESIAN_POINT('',(-4.5,0.,70.));
#758 = PCURVE('',#180,#759);
#759 = DEFINITIONAL_REPRESENTATION('',(#760),#764);
#760 = LINE('',#761,#762);
#761 = CARTESIAN_POINT('',(13.,0.));
#762 = VECTOR('',#763,1.);
#763 = DIRECTION('',(0.,1.));
#764 = ( GEOMETRIC_REPRESENTATION_CONTEXT(2) 
PARAMETRIC_REPRESENTATION_CONTEXT() REPRESENTATION_CONTEXT('2D SPACE',''
  ) );
#765 = PCURVE('',#766,#771);
#766 = PLANE('',#767);
#767 = AXIS2_PLACEMENT_3D('',#768,#769,#770);
#768 = CARTESIAN_POINT('',(9.836025474365E-16,0.,35.));
#769 = DIRECTION('',(0.,-1.,0.));
#770 = DIRECTION('',(1.,0.,2.478345596314E-18));
#771 = DEFINITIONAL_REPRESENTATION('',(#772),#775);
#772 = B_SPLINE_CURVE_WITH_KNOTS('',1,(#773,#774),.UNSPECIFIED.,.F.,.F.,
  (2,2),(0.,1.),.PIECEWISE_BEZIER_KNOTS.);
#773 = CARTESIAN_POINT('',(-8.,-35.));
#774 = CARTESIAN_POINT('',(-4.5,35.));
#775 = ( GEOMETRIC_REPRESENTATION_CONTEXT(2) 
PARAMETRIC_REPRESENTATION_CONTEXT() REPRESENTATION_CONTEXT('2D SPACE',''
  ) );
#776 = ORIENTED_EDGE('',*,*,#777,.T.);
#777 = EDGE_CURVE('',#752,#778,#780,.T.);
#778 = VERTEX_POINT('',#779);
#779 = CARTESIAN_POINT('',(-6.157142857143,8.240816326531,
    36.857142857143));
#780 = SURFACE_CURVE('',#781,(#790,#802),.PCURVE_S1.);
#781 = B_SPLINE_CURVE_WITH_KNOTS('',4,(#782,#783,#784,#785,#786,#787,
    #788,#789),.UNSPECIFIED.,.F.,.F.,(5,3,5),(0.,0.892738966001,1.),
  .UNSPECIFIED.);
#782 = CARTESIAN_POINT('',(-6.269642857143,1.7763568394E-15,
    34.607142857143));
#783 = CARTESIAN_POINT('',(-6.244233067573,1.861310299955,35.11533864855
    ));
#784 = CARTESIAN_POINT('',(-6.219002622476,3.709483312181,
    35.619947550476));
#785 = CARTESIAN_POINT('',(-6.193951712396,5.544505079175,
    36.120965752089));
#786 = CARTESIAN_POINT('',(-6.166092069959,7.585271267981,
    36.678158600815));
#787 = CARTESIAN_POINT('',(-6.163106406826,7.803976170158,
    36.737871863482));
#788 = CARTESIAN_POINT('',(-6.160123336797,8.022491123049,
    36.797533264067));
#789 = CARTESIAN_POINT('',(-6.157142857143,8.240816326531,
    36.857142857143));
#790 = PCURVE('',#180,#791);
#791 = DEFINITIONAL_REPRESENTATION('',(#792),#801);
#792 = B_SPLINE_CURVE_WITH_KNOTS('',4,(#793,#794,#795,#796,#797,#798,
    #799,#800),.UNSPECIFIED.,.F.,.F.,(5,3,5),(0.,0.892738966001,1.),
  .UNSPECIFIED.);
#793 = CARTESIAN_POINT('',(13.,0.494387755102));
#794 = CARTESIAN_POINT('',(10.588417245863,0.501647694979));
#795 = CARTESIAN_POINT('',(8.165936917142,0.508856393578));
#796 = CARTESIAN_POINT('',(5.732736791672,0.516013796458));
#797 = CARTESIAN_POINT('',(2.995389272731,0.523973694297));
#798 = CARTESIAN_POINT('',(2.70162647664,0.524826740907));
#799 = CARTESIAN_POINT('',(2.407711801307,0.52567904663));
#800 = CARTESIAN_POINT('',(2.11364571785,0.526530612245));
#801 = ( GEOMETRIC_REPRESENTATION_CONTEXT(2) 
PARAMETRIC_REPRESENTATION_CONTEXT() REPRESENTATION_CONTEXT('2D SPACE',''
  ) );
#802 = PCURVE('',#803,#808);
#803 = PLANE('',#804);
#804 = AXIS2_PLACEMENT_3D('',#805,#806,#807);
#805 = CARTESIAN_POINT('',(0.,8.240816326531,36.857142857143));
#806 = DIRECTION('',(0.,0.263390295729,-0.964689355241));
#807 = DIRECTION('',(0.,-0.964689355241,-0.263390295729));
#808 = DEFINITIONAL_REPRESENTATION('',(#809),#818);
#809 = B_SPLINE_CURVE_WITH_KNOTS('',4,(#810,#811,#812,#813,#814,#815,
    #816,#817),.UNSPECIFIED.,.F.,.F.,(5,3,5),(0.,0.892738966001,1.),
  .UNSPECIFIED.);
#810 = CARTESIAN_POINT('',(8.542455954093,6.269642857143));
#811 = CARTESIAN_POINT('',(6.613015881138,6.244233067573));
#812 = CARTESIAN_POINT('',(4.697193961694,6.219002622476));
#813 = CARTESIAN_POINT('',(2.79500466415,6.193951712396));
#814 = CARTESIAN_POINT('',(0.679540056069,6.166092069959));
#815 = CARTESIAN_POINT('',(0.452829871087,6.163106406826));
#816 = CARTESIAN_POINT('',(0.226316588128,6.160123336797));
#817 = CARTESIAN_POINT('',(0.,6.157142857143));
#818 = ( GEOMETRIC_REPRESENTATION_CONTEXT(2) 
PARAMETRIC_REPRESENTATION_CONTEXT() REPRESENTATION_CONTEXT('2D SPACE',''
  ) );
#819 = ORIENTED_EDGE('',*,*,#820,.F.);
#820 = EDGE_CURVE('',#821,#778,#823,.T.);
#821 = VERTEX_POINT('',#822);
#822 = CARTESIAN_POINT('',(-6.044642857143,0.,39.107142857145));
#823 = SURFACE_CURVE('',#824,(#830,#839),.PCURVE_S1.);
#824 = B_SPLINE_CURVE_WITH_KNOTS('',4,(#825,#826,#827,#828,#829),
  .UNSPECIFIED.,.F.,.F.,(5,5),(0.,1.),.PIECEWISE_BEZIER_KNOTS.);
#825 = CARTESIAN_POINT('',(-6.044642857143,0.,39.107142857143));
#826 = CARTESIAN_POINT('',(-6.072423331242,2.034966973481,
    38.551533375156));
#827 = CARTESIAN_POINT('',(-6.100433506497,4.086759947251,
    37.991329870059));
#828 = CARTESIAN_POINT('',(-6.128673443198,6.155383337705,
    37.426531136038));
#829 = CARTESIAN_POINT('',(-6.157142857143,8.240816326531,
    36.857142857143));
#830 = PCURVE('',#180,#831);
#831 = DEFINITIONAL_REPRESENTATION('',(#832),#838);
#832 = B_SPLINE_CURVE_WITH_KNOTS('',4,(#833,#834,#835,#836,#837),
  .UNSPECIFIED.,.F.,.F.,(5,5),(0.,1.),.PIECEWISE_BEZIER_KNOTS.);
#833 = CARTESIAN_POINT('',(13.,0.558673469388));
#834 = CARTESIAN_POINT('',(10.258013829493,0.550736191074));
#835 = CARTESIAN_POINT('',(7.529448424384,0.542733283858));
#836 = CARTESIAN_POINT('',(4.814572558818,0.534664730515));
#837 = CARTESIAN_POINT('',(2.113645865297,0.526530612245));
#838 = ( GEOMETRIC_REPRESENTATION_CONTEXT(2) 
PARAMETRIC_REPRESENTATION_CONTEXT() REPRESENTATION_CONTEXT('2D SPACE',''
  ) );
#839 = PCURVE('',#840,#845);
#840 = PLANE('',#841);
#841 = AXIS2_PLACEMENT_3D('',#842,#843,#844);
#842 = CARTESIAN_POINT('',(0.,0.,39.107142857143));
#843 = DIRECTION('',(-0.,0.263390295729,0.964689355241));
#844 = DIRECTION('',(0.,0.964689355241,-0.263390295729));
#845 = DEFINITIONAL_REPRESENTATION('',(#846),#852);
#846 = B_SPLINE_CURVE_WITH_KNOTS('',4,(#847,#848,#849,#850,#851),
  .UNSPECIFIED.,.F.,.F.,(5,5),(0.,1.),.PIECEWISE_BEZIER_KNOTS.);
#847 = CARTESIAN_POINT('',(0.,6.044642857143));
#848 = CARTESIAN_POINT('',(2.109453123355,6.072423331242));
#849 = CARTESIAN_POINT('',(4.236348131186,6.100433506497));
#850 = CARTESIAN_POINT('',(6.380689601541,6.128673443198));
#851 = CARTESIAN_POINT('',(8.542455954093,6.157142857143));
#852 = ( GEOMETRIC_REPRESENTATION_CONTEXT(2) 
PARAMETRIC_REPRESENTATION_CONTEXT() REPRESENTATION_CONTEXT('2D SPACE',''
  ) );
#853 = ORIENTED_EDGE('',*,*,#854,.T.);
#854 = EDGE_CURVE('',#821,#855,#857,.T.);
#855 = VERTEX_POINT('',#856);
#856 = CARTESIAN_POINT('',(-5.855357142857,0.,42.892857142857));
#857 = SURFACE_CURVE('',#858,(#861,#868),.PCURVE_S1.);
#858 = B_SPLINE_CURVE_WITH_KNOTS('',1,(#859,#860),.UNSPECIFIED.,.F.,.F.,
  (2,2),(0.,1.),.PIECEWISE_BEZIER_KNOTS.);
#859 = CARTESIAN_POINT('',(-8.,0.,0.));
#860 = CARTESIAN_POINT('',(-4.5,0.,70.));
#861 = PCURVE('',#180,#862);
#862 = DEFINITIONAL_REPRESENTATION('',(#863),#867);
#863 = LINE('',#864,#865);
#864 = CARTESIAN_POINT('',(13.,0.));
#865 = VECTOR('',#866,1.);
#866 = DIRECTION('',(0.,1.));
#867 = ( GEOMETRIC_REPRESENTATION_CONTEXT(2) 
PARAMETRIC_REPRESENTATION_CONTEXT() REPRESENTATION_CONTEXT('2D SPACE',''
  ) );
#868 = PCURVE('',#869,#874);
#869 = PLANE('',#870);
#870 = AXIS2_PLACEMENT_3D('',#871,#872,#873);
#871 = CARTESIAN_POINT('',(9.836025474365E-16,0.,35.));
#872 = DIRECTION('',(0.,-1.,0.));
#873 = DIRECTION('',(1.,0.,2.478345596314E-18));
#874 = DEFINITIONAL_REPRESENTATION('',(#875),#878);
#875 = B_SPLINE_CURVE_WITH_KNOTS('',1,(#876,#877),.UNSPECIFIED.,.F.,.F.,
  (2,2),(0.,1.),.PIECEWISE_BEZIER_KNOTS.);
#876 = CARTESIAN_POINT('',(-8.,-35.));
#877 = CARTESIAN_POINT('',(-4.5,35.));
#878 = ( GEOMETRIC_REPRESENTATION_CONTEXT(2) 
PARAMETRIC_REPRESENTATION_CONTEXT() REPRESENTATION_CONTEXT('2D SPACE',''
  ) );
#879 = ORIENTED_EDGE('',*,*,#880,.T.);
#880 = EDGE_CURVE('',#855,#881,#883,.T.);
#881 = VERTEX_POINT('',#882);
#882 = CARTESIAN_POINT('',(-5.742857142857,7.530612244898,
    45.142857142857));
#883 = SURFACE_CURVE('',#884,(#893,#905),.PCURVE_S1.);
#884 = B_SPLINE_CURVE_WITH_KNOTS('',4,(#885,#886,#887,#888,#889,#890,
    #891,#892),.UNSPECIFIED.,.F.,.F.,(5,3,5),(0.,0.891863049777,1.),
  .UNSPECIFIED.);
#885 = CARTESIAN_POINT('',(-5.855357142857,1.7763568394E-15,
    42.892857142857));
#886 = CARTESIAN_POINT('',(-5.829932263822,1.70191027011,43.401354723561
    ));
#887 = CARTESIAN_POINT('',(-5.804710506283,3.390223835959,
    43.905789874333));
#888 = CARTESIAN_POINT('',(-5.779691628041,5.064956910134,
    44.406167439178));
#889 = CARTESIAN_POINT('',(-5.75186617369,6.927558752406,44.962676526198
    ));
#890 = CARTESIAN_POINT('',(-5.748860188693,7.128775707295,
    45.022796226134));
#891 = CARTESIAN_POINT('',(-5.745857179494,7.329793465968,
    45.082856410128));
#892 = CARTESIAN_POINT('',(-5.742857142857,7.530612244898,
    45.142857142857));
#893 = PCURVE('',#180,#894);
#894 = DEFINITIONAL_REPRESENTATION('',(#895),#904);
#895 = B_SPLINE_CURVE_WITH_KNOTS('',4,(#896,#897,#898,#899,#900,#901,
    #902,#903),.UNSPECIFIED.,.F.,.F.,(5,3,5),(0.,0.891863049777,1.),
  .UNSPECIFIED.);
#896 = CARTESIAN_POINT('',(13.,0.612755102041));
#897 = CARTESIAN_POINT('',(10.626974188333,0.620019353194));
#898 = CARTESIAN_POINT('',(8.243324070696,0.627225569633));
#899 = CARTESIAN_POINT('',(5.849261095704,0.63437382056));
#900 = CARTESIAN_POINT('',(3.153487233905,0.642323950374));
#901 = CARTESIAN_POINT('',(2.861824569361,0.64318280323));
#902 = CARTESIAN_POINT('',(2.57001229358,0.644040805859));
#903 = CARTESIAN_POINT('',(2.278050902548,0.644897959184));
#904 = ( GEOMETRIC_REPRESENTATION_CONTEXT(2) 
PARAMETRIC_REPRESENTATION_CONTEXT() REPRESENTATION_CONTEXT('2D SPACE',''
  ) );
#905 = PCURVE('',#906,#911);
#906 = PLANE('',#907);
#907 = AXIS2_PLACEMENT_3D('',#908,#909,#910);
#908 = CARTESIAN_POINT('',(0.,7.530612244898,45.142857142857));
#909 = DIRECTION('',(0.,0.286275712668,-0.958147283217));
#910 = DIRECTION('',(0.,-0.958147283217,-0.286275712668));
#911 = DEFINITIONAL_REPRESENTATION('',(#912),#921);
#912 = B_SPLINE_CURVE_WITH_KNOTS('',4,(#913,#914,#915,#916,#917,#918,
    #919,#920),.UNSPECIFIED.,.F.,.F.,(5,3,5),(0.,0.891863049777,1.),
  .UNSPECIFIED.);
#913 = CARTESIAN_POINT('',(7.859556016914,5.855357142857));
#914 = CARTESIAN_POINT('',(6.083304808023,5.829932263822));
#915 = CARTESIAN_POINT('',(4.321244219404,5.804710506283));
#916 = CARTESIAN_POINT('',(2.57335733029,5.779691628041));
#917 = CARTESIAN_POINT('',(0.629395399908,5.75186617369));
#918 = CARTESIAN_POINT('',(0.4193891113,5.748860188693));
#919 = CARTESIAN_POINT('',(0.209590719974,5.745857179494));
#920 = CARTESIAN_POINT('',(0.,5.742857142857));
#921 = ( GEOMETRIC_REPRESENTATION_CONTEXT(2) 
PARAMETRIC_REPRESENTATION_CONTEXT() REPRESENTATION_CONTEXT('2D SPACE',''
  ) );
#922 = ORIENTED_EDGE('',*,*,#923,.F.);
#923 = EDGE_CURVE('',#924,#881,#926,.T.);
#924 = VERTEX_POINT('',#925);
#925 = CARTESIAN_POINT('',(-5.630357142857,0.,47.392857142856));
#926 = SURFACE_CURVE('',#927,(#933,#942),.PCURVE_S1.);
#927 = B_SPLINE_CURVE_WITH_KNOTS('',4,(#928,#929,#930,#931,#932),
  .UNSPECIFIED.,.F.,.F.,(5,5),(0.,1.),.PIECEWISE_BEZIER_KNOTS.);
#928 = CARTESIAN_POINT('',(-5.630357142857,0.,47.392857142857));
#929 = CARTESIAN_POINT('',(-5.658091930536,1.856532726225,46.83816138929
    ));
#930 = CARTESIAN_POINT('',(-5.686086411745,3.730449019442,
    46.278271765097));
#931 = CARTESIAN_POINT('',(-5.714341365871,5.621801050714,
    45.713172682583));
#932 = CARTESIAN_POINT('',(-5.742857142857,7.530612244898,
    45.142857142857));
#933 = PCURVE('',#180,#934);
#934 = DEFINITIONAL_REPRESENTATION('',(#935),#941);
#935 = B_SPLINE_CURVE_WITH_KNOTS('',4,(#936,#937,#938,#939,#940),
  .UNSPECIFIED.,.F.,.F.,(5,5),(0.,1.),.PIECEWISE_BEZIER_KNOTS.);
#936 = CARTESIAN_POINT('',(13.,0.677040816327));
#937 = CARTESIAN_POINT('',(10.299665837183,0.669116591276));
#938 = CARTESIAN_POINT('',(7.61235294714,0.661118168073));
#939 = CARTESIAN_POINT('',(4.938377744142,0.653045324037));
#940 = CARTESIAN_POINT('',(2.278051022196,0.644897959184));
#941 = ( GEOMETRIC_REPRESENTATION_CONTEXT(2) 
PARAMETRIC_REPRESENTATION_CONTEXT() REPRESENTATION_CONTEXT('2D SPACE',''
  ) );
#942 = PCURVE('',#943,#948);
#943 = PLANE('',#944);
#944 = AXIS2_PLACEMENT_3D('',#945,#946,#947);
#945 = CARTESIAN_POINT('',(0.,0.,47.392857142857));
#946 = DIRECTION('',(-0.,0.286275712668,0.958147283217));
#947 = DIRECTION('',(0.,0.958147283217,-0.286275712668));
#948 = DEFINITIONAL_REPRESENTATION('',(#949),#955);
#949 = B_SPLINE_CURVE_WITH_KNOTS('',4,(#950,#951,#952,#953,#954),
  .UNSPECIFIED.,.F.,.F.,(5,5),(0.,1.),.PIECEWISE_BEZIER_KNOTS.);
#950 = CARTESIAN_POINT('',(0.,5.630357142857));
#951 = CARTESIAN_POINT('',(1.937627710003,5.658091930536));
#952 = CARTESIAN_POINT('',(3.893398316506,5.686086411745));
#953 = CARTESIAN_POINT('',(5.867366269452,5.714341365871));
#954 = CARTESIAN_POINT('',(7.859556016914,5.742857142857));
#955 = ( GEOMETRIC_REPRESENTATION_CONTEXT(2) 
PARAMETRIC_REPRESENTATION_CONTEXT() REPRESENTATION_CONTEXT('2D SPACE',''
  ) );
#956 = ORIENTED_EDGE('',*,*,#957,.T.);
#957 = EDGE_CURVE('',#924,#958,#960,.T.);
#958 = VERTEX_POINT('',#959);
#959 = CARTESIAN_POINT('',(-5.441071428572,0.,51.17857142857));
#960 = SURFACE_CURVE('',#961,(#964,#971),.PCURVE_S1.);
#961 = B_SPLINE_CURVE_WITH_KNOTS('',1,(#962,#963),.UNSPECIFIED.,.F.,.F.,
  (2,2),(0.,1.),.PIECEWISE_BEZIER_KNOTS.);
#962 = CARTESIAN_POINT('',(-8.,0.,0.));
#963 = CARTESIAN_POINT('',(-4.5,0.,70.));
#964 = PCURVE('',#180,#965);
#965 = DEFINITIONAL_REPRESENTATION('',(#966),#970);
#966 = LINE('',#967,#968);
#967 = CARTESIAN_POINT('',(13.,0.));
#968 = VECTOR('',#969,1.);
#969 = DIRECTION('',(0.,1.));
#970 = ( GEOMETRIC_REPRESENTATION_CONTEXT(2) 
PARAMETRIC_REPRESENTATION_CONTEXT() REPRESENTATION_CONTEXT('2D SPACE',''
  ) );
#971 = PCURVE('',#972,#977);
#972 = PLANE('',#973);
#973 = AXIS2_PLACEMENT_3D('',#974,#975,#976);
#974 = CARTESIAN_POINT('',(9.836025474365E-16,0.,35.));
#975 = DIRECTION('',(0.,-1.,0.));
#976 = DIRECTION('',(1.,0.,2.478345596314E-18));
#977 = DEFINITIONAL_REPRESENTATION('',(#978),#981);
#978 = B_SPLINE_CURVE_WITH_KNOTS('',1,(#979,#980),.UNSPECIFIED.,.F.,.F.,
  (2,2),(0.,1.),.PIECEWISE_BEZIER_KNOTS.);
#979 = CARTESIAN_POINT('',(-8.,-35.));
#980 = CARTESIAN_POINT('',(-4.5,35.));
#981 = ( GEOMETRIC_REPRESENTATION_CONTEXT(2) 
PARAMETRIC_REPRESENTATION_CONTEXT() REPRESENTATION_CONTEXT('2D SPACE',''
  ) );
#982 = ORIENTED_EDGE('',*,*,#983,.T.);
#983 = EDGE_CURVE('',#958,#984,#986,.T.);
#984 = VERTEX_POINT('',#985);
#985 = CARTESIAN_POINT('',(-5.328571428571,6.820408163265,
    53.428571428571));
#986 = SURFACE_CURVE('',#987,(#996,#1008),.PCURVE_S1.);
#987 = B_SPLINE_CURVE_WITH_KNOTS('',4,(#988,#989,#990,#991,#992,#993,
    #994,#995),.UNSPECIFIED.,.F.,.F.,(5,3,5),(0.,0.889605966284,1.),
  .UNSPECIFIED.);
#988 = CARTESIAN_POINT('',(-5.441071428571,0.,51.178571428571));
#989 = CARTESIAN_POINT('',(-5.415663964326,1.540349124875,
    51.686720713483));
#990 = CARTESIAN_POINT('',(-5.390486924946,3.066728546321,
    52.190261501078));
#991 = CARTESIAN_POINT('',(-5.365539421488,4.579192157343,
    52.689211570244));
#992 = CARTESIAN_POINT('',(-5.337752778914,6.263780991458,
    53.244944421714));
#993 = CARTESIAN_POINT('',(-5.334688815557,6.449536375424,
    53.306223688866));
#994 = CARTESIAN_POINT('',(-5.331628366297,6.635078714199,
    53.367432674055));
#995 = CARTESIAN_POINT('',(-5.328571428571,6.820408163265,
    53.428571428571));
#996 = PCURVE('',#180,#997);
#997 = DEFINITIONAL_REPRESENTATION('',(#998),#1007);
#998 = B_SPLINE_CURVE_WITH_KNOTS('',4,(#999,#1000,#1001,#1002,#1003,
    #1004,#1005,#1006),.UNSPECIFIED.,.F.,.F.,(5,3,5),(0.,0.889605966284,
    1.),.UNSPECIFIED.);
#999 = CARTESIAN_POINT('',(13.,0.73112244898));
#1000 = CARTESIAN_POINT('',(10.675151303055,0.738381724478));
#1001 = CARTESIAN_POINT('',(8.340036816649,0.745575164301));
#1002 = CARTESIAN_POINT('',(5.994903892106,0.752703022432));
#1003 = CARTESIAN_POINT('',(3.347772483582,0.760642063167));
#1004 = CARTESIAN_POINT('',(3.055394506573,0.76151748127));
#1005 = CARTESIAN_POINT('',(2.762866531617,0.762391895344));
#1006 = CARTESIAN_POINT('',(2.47018903993,0.763265306122));
#1007 = ( GEOMETRIC_REPRESENTATION_CONTEXT(2) 
PARAMETRIC_REPRESENTATION_CONTEXT() REPRESENTATION_CONTEXT('2D SPACE',''
  ) );
#1008 = PCURVE('',#1009,#1014);
#1009 = PLANE('',#1010);
#1010 = AXIS2_PLACEMENT_3D('',#1011,#1012,#1013);
#1011 = CARTESIAN_POINT('',(0.,6.820408163265,53.428571428571));
#1012 = DIRECTION('',(0.,0.313285201658,-0.949659087474));
#1013 = DIRECTION('',(0.,-0.949659087474,-0.313285201658));
#1014 = DEFINITIONAL_REPRESENTATION('',(#1015),#1024);
#1015 = B_SPLINE_CURVE_WITH_KNOTS('',4,(#1016,#1017,#1018,#1019,#1020,
    #1021,#1022,#1023),.UNSPECIFIED.,.F.,.F.,(5,3,5),(0.,0.889605966284,
    1.),.UNSPECIFIED.);
#1016 = CARTESIAN_POINT('',(7.181954296258,5.441071428571));
#1017 = CARTESIAN_POINT('',(5.559952100741,5.415663964326));
#1018 = CARTESIAN_POINT('',(3.952660135047,5.390486924946));
#1019 = CARTESIAN_POINT('',(2.36002164933,5.365539421488));
#1020 = CARTESIAN_POINT('',(0.586133675915,5.337752778914));
#1021 = CARTESIAN_POINT('',(0.390531499917,5.334688815557));
#1022 = CARTESIAN_POINT('',(0.19515366252,5.331628366297));
#1023 = CARTESIAN_POINT('',(0.,5.328571428571));
#1024 = ( GEOMETRIC_REPRESENTATION_CONTEXT(2) 
PARAMETRIC_REPRESENTATION_CONTEXT() REPRESENTATION_CONTEXT('2D SPACE',''
  ) );
#1025 = ORIENTED_EDGE('',*,*,#1026,.F.);
#1026 = EDGE_CURVE('',#1027,#984,#1029,.T.);
#1027 = VERTEX_POINT('',#1028);
#1028 = CARTESIAN_POINT('',(-5.216071428572,0.,55.67857142857));
#1029 = SURFACE_CURVE('',#1030,(#1036,#1045),.PCURVE_S1.);
#1030 = B_SPLINE_CURVE_WITH_KNOTS('',4,(#1031,#1032,#1033,#1034,#1035),
  .UNSPECIFIED.,.F.,.F.,(5,5),(0.,1.),.PIECEWISE_BEZIER_KNOTS.);
#1031 = CARTESIAN_POINT('',(-5.216071428571,0.,55.678571428571));
#1032 = CARTESIAN_POINT('',(-5.2437525454,1.678191246069,55.124949092009
    ));
#1033 = CARTESIAN_POINT('',(-5.271728445619,3.374253985895,
    54.565431087623));
#1034 = CARTESIAN_POINT('',(-5.300000967767,5.088299682412,
    53.999980644652));
#1035 = CARTESIAN_POINT('',(-5.328571428571,6.820408163265,
    53.428571428571));
#1036 = PCURVE('',#180,#1037);
#1037 = DEFINITIONAL_REPRESENTATION('',(#1038),#1044);
#1038 = B_SPLINE_CURVE_WITH_KNOTS('',4,(#1039,#1040,#1041,#1042,#1043),
  .UNSPECIFIED.,.F.,.F.,(5,5),(0.,1.),.PIECEWISE_BEZIER_KNOTS.);
#1039 = CARTESIAN_POINT('',(13.,0.795408163265));
#1040 = CARTESIAN_POINT('',(10.348362089183,0.787499272743));
#1041 = CARTESIAN_POINT('',(7.709269043419,0.779506158395));
#1042 = CARTESIAN_POINT('',(5.08308874029,0.771428294924));
#1043 = CARTESIAN_POINT('',(2.470189050471,0.763265306122));
#1044 = ( GEOMETRIC_REPRESENTATION_CONTEXT(2) 
PARAMETRIC_REPRESENTATION_CONTEXT() REPRESENTATION_CONTEXT('2D SPACE',''
  ) );
#1045 = PCURVE('',#1046,#1051);
#1046 = PLANE('',#1047);
#1047 = AXIS2_PLACEMENT_3D('',#1048,#1049,#1050);
#1048 = CARTESIAN_POINT('',(0.,0.,55.678571428571));
#1049 = DIRECTION('',(-0.,0.313285201658,0.949659087474));
#1050 = DIRECTION('',(0.,0.949659087474,-0.313285201658));
#1051 = DEFINITIONAL_REPRESENTATION('',(#1052),#1058);
#1052 = B_SPLINE_CURVE_WITH_KNOTS('',4,(#1053,#1054,#1055,#1056,#1057),
  .UNSPECIFIED.,.F.,.F.,(5,5),(0.,1.),.PIECEWISE_BEZIER_KNOTS.);
#1053 = CARTESIAN_POINT('',(0.,5.216071428571));
#1054 = CARTESIAN_POINT('',(1.767151252701,5.2437525454));
#1055 = CARTESIAN_POINT('',(3.553121357338,5.271728445619));
#1056 = CARTESIAN_POINT('',(5.358027685435,5.300000967767));
#1057 = CARTESIAN_POINT('',(7.181954296258,5.328571428571));
#1058 = ( GEOMETRIC_REPRESENTATION_CONTEXT(2) 
PARAMETRIC_REPRESENTATION_CONTEXT() REPRESENTATION_CONTEXT('2D SPACE',''
  ) );
#1059 = ORIENTED_EDGE('',*,*,#1060,.T.);
#1060 = EDGE_CURVE('',#1027,#1061,#1063,.T.);
#1061 = VERTEX_POINT('',#1062);
#1062 = CARTESIAN_POINT('',(-5.026785714286,0.,59.464285714285));
#1063 = SURFACE_CURVE('',#1064,(#1067,#1074),.PCURVE_S1.);
#1064 = B_SPLINE_CURVE_WITH_KNOTS('',1,(#1065,#1066),.UNSPECIFIED.,.F.,
  .F.,(2,2),(0.,1.),.PIECEWISE_BEZIER_KNOTS.);
#1065 = CARTESIAN_POINT('',(-8.,0.,0.));
#1066 = CARTESIAN_POINT('',(-4.5,0.,70.));
#1067 = PCURVE('',#180,#1068);
#1068 = DEFINITIONAL_REPRESENTATION('',(#1069),#1073);
#1069 = LINE('',#1070,#1071);
#1070 = CARTESIAN_POINT('',(13.,0.));
#1071 = VECTOR('',#1072,1.);
#1072 = DIRECTION('',(0.,1.));
#1073 = ( GEOMETRIC_REPRESENTATION_CONTEXT(2) 
PARAMETRIC_REPRESENTATION_CONTEXT() REPRESENTATION_CONTEXT('2D SPACE',''
  ) );
#1074 = PCURVE('',#1075,#1080);
#1075 = PLANE('',#1076);
#1076 = AXIS2_PLACEMENT_3D('',#1077,#1078,#1079);
#1077 = CARTESIAN_POINT('',(9.836025474365E-16,0.,35.));
#1078 = DIRECTION('',(0.,-1.,0.));
#1079 = DIRECTION('',(1.,0.,2.478345596314E-18));
#1080 = DEFINITIONAL_REPRESENTATION('',(#1081),#1084);
#1081 = B_SPLINE_CURVE_WITH_KNOTS('',1,(#1082,#1083),.UNSPECIFIED.,.F.,
  .F.,(2,2),(0.,1.),.PIECEWISE_BEZIER_KNOTS.);
#1082 = CARTESIAN_POINT('',(-8.,-35.));
#1083 = CARTESIAN_POINT('',(-4.5,35.));
#1084 = ( GEOMETRIC_REPRESENTATION_CONTEXT(2) 
PARAMETRIC_REPRESENTATION_CONTEXT() REPRESENTATION_CONTEXT('2D SPACE',''
  ) );
#1085 = ORIENTED_EDGE('',*,*,#1086,.T.);
#1086 = EDGE_CURVE('',#1061,#1087,#1089,.T.);
#1087 = VERTEX_POINT('',#1088);
#1088 = CARTESIAN_POINT('',(-4.914285714286,6.110204081633,
    61.714285714286));
#1089 = SURFACE_CURVE('',#1090,(#1099,#1111),.PCURVE_S1.);
#1090 = B_SPLINE_CURVE_WITH_KNOTS('',4,(#1091,#1092,#1093,#1094,#1095,
    #1096,#1097,#1098),.UNSPECIFIED.,.F.,.F.,(5,3,5),(0.,0.890292141923,
    1.),.UNSPECIFIED.);
#1091 = CARTESIAN_POINT('',(-5.026785714286,-1.7763568394E-15,
    59.464285714286));
#1092 = CARTESIAN_POINT('',(-5.001302992608,1.38404115563,
    59.973940147847));
#1093 = CARTESIAN_POINT('',(-4.976084825022,2.753713604644,
    60.478303499563));
#1094 = CARTESIAN_POINT('',(-4.951129351164,4.109118388882,
    60.977412976725));
#1095 = CARTESIAN_POINT('',(-4.923391259119,5.615655306487,
    61.532174817626));
#1096 = CARTESIAN_POINT('',(-4.92035212666,5.780719480303,
    61.592957466802));
#1097 = CARTESIAN_POINT('',(-4.917316947949,5.945568914499,
    61.653661041018));
#1098 = CARTESIAN_POINT('',(-4.914285714286,6.110204081633,
    61.714285714286));
#1099 = PCURVE('',#180,#1100);
#1100 = DEFINITIONAL_REPRESENTATION('',(#1101),#1110);
#1101 = B_SPLINE_CURVE_WITH_KNOTS('',4,(#1102,#1103,#1104,#1105,#1106,
    #1107,#1108,#1109),.UNSPECIFIED.,.F.,.F.,(5,3,5),(0.,0.890292141923,
    1.),.UNSPECIFIED.);
#1102 = CARTESIAN_POINT('',(13.,0.849489795918));
#1103 = CARTESIAN_POINT('',(10.723346117143,0.856770573541));
#1104 = CARTESIAN_POINT('',(8.436769414489,0.863975764279));
#1105 = CARTESIAN_POINT('',(6.140559131707,0.871105899667));
#1106 = CARTESIAN_POINT('',(3.550893306365,0.879031068823));
#1107 = CARTESIAN_POINT('',(3.266644687159,0.879899392383));
#1108 = CARTESIAN_POINT('',(2.982254543938,0.8807665863));
#1109 = CARTESIAN_POINT('',(2.697723563356,0.881632653061));
#1110 = ( GEOMETRIC_REPRESENTATION_CONTEXT(2) 
PARAMETRIC_REPRESENTATION_CONTEXT() REPRESENTATION_CONTEXT('2D SPACE',''
  ) );
#1111 = PCURVE('',#1112,#1117);
#1112 = PLANE('',#1113);
#1113 = AXIS2_PLACEMENT_3D('',#1114,#1115,#1116);
#1114 = CARTESIAN_POINT('',(0.,6.110204081633,61.714285714286));
#1115 = DIRECTION('',(0.,0.345552845456,-0.938399291878));
#1116 = DIRECTION('',(0.,-0.938399291878,-0.345552845456));
#1117 = DEFINITIONAL_REPRESENTATION('',(#1118),#1127);
#1118 = B_SPLINE_CURVE_WITH_KNOTS('',4,(#1119,#1120,#1121,#1122,#1123,
    #1124,#1125,#1126),.UNSPECIFIED.,.F.,.F.,(5,3,5),(0.,0.890292141923,
    1.),.UNSPECIFIED.);
#1119 = CARTESIAN_POINT('',(6.511305085711,5.026785714286));
#1120 = CARTESIAN_POINT('',(5.036409305621,5.001302992608));
#1121 = CARTESIAN_POINT('',(3.576825458032,4.976084825022));
#1122 = CARTESIAN_POINT('',(2.132445868268,4.951129351164));
#1123 = CARTESIAN_POINT('',(0.527013158925,4.923391259119));
#1124 = CARTESIAN_POINT('',(0.351113437725,4.92035212666));
#1125 = CARTESIAN_POINT('',(0.175442552609,4.917316947949));
#1126 = CARTESIAN_POINT('',(0.,4.914285714286));
#1127 = ( GEOMETRIC_REPRESENTATION_CONTEXT(2) 
PARAMETRIC_REPRESENTATION_CONTEXT() REPRESENTATION_CONTEXT('2D SPACE',''
  ) );
#1128 = ORIENTED_EDGE('',*,*,#1129,.F.);
#1129 = EDGE_CURVE('',#1130,#1087,#1132,.T.);
#1130 = VERTEX_POINT('',#1131);
#1131 = CARTESIAN_POINT('',(-4.801785714286,0.,63.964285714288));
#1132 = SURFACE_CURVE('',#1133,(#1139,#1148),.PCURVE_S1.);
#1133 = B_SPLINE_CURVE_WITH_KNOTS('',4,(#1134,#1135,#1136,#1137,#1138),
  .UNSPECIFIED.,.F.,.F.,(5,5),(0.,1.),.PIECEWISE_BEZIER_KNOTS.);
#1134 = CARTESIAN_POINT('',(-4.801785714286,0.,63.964285714286));
#1135 = CARTESIAN_POINT('',(-4.829403266532,1.499990048519,
    63.411934669365));
#1136 = CARTESIAN_POINT('',(-4.857356961884,3.018237012395,
    62.852860762327));
#1137 = CARTESIAN_POINT('',(-4.885650190701,4.554925031992,
    62.286996185972));
#1138 = CARTESIAN_POINT('',(-4.914285714286,6.110204081633,
    61.714285714286));
#1139 = PCURVE('',#180,#1140);
#1140 = DEFINITIONAL_REPRESENTATION('',(#1141),#1147);
#1141 = B_SPLINE_CURVE_WITH_KNOTS('',4,(#1142,#1143,#1144,#1145,#1146),
  .UNSPECIFIED.,.F.,.F.,(5,5),(0.,1.),.PIECEWISE_BEZIER_KNOTS.);
#1142 = CARTESIAN_POINT('',(13.,0.913775510204));
#1143 = CARTESIAN_POINT('',(10.40601693795,0.905884780991));
#1144 = CARTESIAN_POINT('',(7.824026417873,0.89789801089));
#1145 = CARTESIAN_POINT('',(5.254451731358,0.889814231228));
#1146 = CARTESIAN_POINT('',(2.697723768401,0.881632653061));
#1147 = ( GEOMETRIC_REPRESENTATION_CONTEXT(2) 
PARAMETRIC_REPRESENTATION_CONTEXT() REPRESENTATION_CONTEXT('2D SPACE',''
  ) );
#1148 = PCURVE('',#1149,#1154);
#1149 = PLANE('',#1150);
#1150 = AXIS2_PLACEMENT_3D('',#1151,#1152,#1153);
#1151 = CARTESIAN_POINT('',(0.,0.,63.964285714286));
#1152 = DIRECTION('',(-0.,0.345552845456,0.938399291878));
#1153 = DIRECTION('',(0.,0.938399291878,-0.345552845456));
#1154 = DEFINITIONAL_REPRESENTATION('',(#1155),#1161);
#1155 = B_SPLINE_CURVE_WITH_KNOTS('',4,(#1156,#1157,#1158,#1159,#1160),
  .UNSPECIFIED.,.F.,.F.,(5,5),(0.,1.),.PIECEWISE_BEZIER_KNOTS.);
#1156 = CARTESIAN_POINT('',(0.,4.801785714286));
#1157 = CARTESIAN_POINT('',(1.598456074617,4.829403266532));
#1158 = CARTESIAN_POINT('',(3.216367529812,4.857356961884));
#1159 = CARTESIAN_POINT('',(4.853930593741,4.885650190701));
#1160 = CARTESIAN_POINT('',(6.511305085711,4.914285714286));
#1161 = ( GEOMETRIC_REPRESENTATION_CONTEXT(2) 
PARAMETRIC_REPRESENTATION_CONTEXT() REPRESENTATION_CONTEXT('2D SPACE',''
  ) );
#1162 = ORIENTED_EDGE('',*,*,#1163,.T.);
#1163 = EDGE_CURVE('',#1130,#1164,#1166,.T.);
#1164 = VERTEX_POINT('',#1165);
#1165 = CARTESIAN_POINT('',(-4.5,0.,70.));
#1166 = SURFACE_CURVE('',#1167,(#1170,#1177),.PCURVE_S1.);
#1167 = B_SPLINE_CURVE_WITH_KNOTS('',1,(#1168,#1169),.UNSPECIFIED.,.F.,
  .F.,(2,2),(0.,1.),.PIECEWISE_BEZIER_KNOTS.);
#1168 = CARTESIAN_POINT('',(-8.,0.,0.));
#1169 = CARTESIAN_POINT('',(-4.5,0.,70.));
#1170 = PCURVE('',#180,#1171);
#1171 = DEFINITIONAL_REPRESENTATION('',(#1172),#1176);
#1172 = LINE('',#1173,#1174);
#1173 = CARTESIAN_POINT('',(13.,0.));
#1174 = VECTOR('',#1175,1.);
#1175 = DIRECTION('',(0.,1.));
#1176 = ( GEOMETRIC_REPRESENTATION_CONTEXT(2) 
PARAMETRIC_REPRESENTATION_CONTEXT() REPRESENTATION_CONTEXT('2D SPACE',''
  ) );
#1177 = PCURVE('',#1178,#1183);
#1178 = PLANE('',#1179);
#1179 = AXIS2_PLACEMENT_3D('',#1180,#1181,#1182);
#1180 = CARTESIAN_POINT('',(9.836025474365E-16,0.,35.));
#1181 = DIRECTION('',(0.,-1.,0.));
#1182 = DIRECTION('',(1.,0.,2.478345596314E-18));
#1183 = DEFINITIONAL_REPRESENTATION('',(#1184),#1187);
#1184 = B_SPLINE_CURVE_WITH_KNOTS('',1,(#1185,#1186),.UNSPECIFIED.,.F.,
  .F.,(2,2),(0.,1.),.PIECEWISE_BEZIER_KNOTS.);
#1185 = CARTESIAN_POINT('',(-8.,-35.));
#1186 = CARTESIAN_POINT('',(-4.5,35.));
#1187 = ( GEOMETRIC_REPRESENTATION_CONTEXT(2) 
PARAMETRIC_REPRESENTATION_CONTEXT() REPRESENTATION_CONTEXT('2D SPACE',''
  ) );
#1188 = ORIENTED_EDGE('',*,*,#1189,.F.);
#1189 = EDGE_CURVE('',#553,#1164,#1190,.T.);
#1190 = SURFACE_CURVE('',#1191,(#1195,#1201),.PCURVE_S1.);
#1191 = LINE('',#1192,#1193);
#1192 = CARTESIAN_POINT('',(-4.5,7.,70.));
#1193 = VECTOR('',#1194,1.);
#1194 = DIRECTION('',(0.,-1.,0.));
#1195 = PCURVE('',#180,#1196);
#1196 = DEFINITIONAL_REPRESENTATION('',(#1197),#1200);
#1197 = B_SPLINE_CURVE_WITH_KNOTS('',1,(#1198,#1199),.UNSPECIFIED.,.F.,
  .F.,(2,2),(0.,7.),.PIECEWISE_BEZIER_KNOTS.);
#1198 = CARTESIAN_POINT('',(0.,1.));
#1199 = CARTESIAN_POINT('',(13.,1.));
#1200 = ( GEOMETRIC_REPRESENTATION_CONTEXT(2) 
PARAMETRIC_REPRESENTATION_CONTEXT() REPRESENTATION_CONTEXT('2D SPACE',''
  ) );
#1201 = PCURVE('',#1202,#1207);
#1202 = PLANE('',#1203);
#1203 = AXIS2_PLACEMENT_3D('',#1204,#1205,#1206);
#1204 = CARTESIAN_POINT('',(-4.5,0.,70.));
#1205 = DIRECTION('',(0.,0.,-1.));
#1206 = DIRECTION('',(0.789352217376,0.613940613515,0.));
#1207 = DEFINITIONAL_REPRESENTATION('',(#1208),#1212);
#1208 = LINE('',#1209,#1210);
#1209 = CARTESIAN_POINT('',(4.297584294604,-5.525465521634));
#1210 = VECTOR('',#1211,1.);
#1211 = DIRECTION('',(-0.613940613515,0.789352217376));
#1212 = ( GEOMETRIC_REPRESENTATION_CONTEXT(2) 
PARAMETRIC_REPRESENTATION_CONTEXT() REPRESENTATION_CONTEXT('2D SPACE',''
  ) );
#1213 = ADVANCED_FACE('',(#1214,#1268),#154,.F.);
#1214 = FACE_BOUND('',#1215,.F.);
#1215 = EDGE_LOOP('',(#1216,#1239,#1266,#1267));
#1216 = ORIENTED_EDGE('',*,*,#1217,.T.);
#1217 = EDGE_CURVE('',#577,#1218,#1220,.T.);
#1218 = VERTEX_POINT('',#1219);
#1219 = CARTESIAN_POINT('',(6.985714285714,9.661224489796,
    20.285714285714));
#1220 = SURFACE_CURVE('',#1221,(#1225,#1232),.PCURVE_S1.);
#1221 = LINE('',#1222,#1223);
#1222 = CARTESIAN_POINT('',(-16.,9.661224489796,20.285714285714));
#1223 = VECTOR('',#1224,1.);
#1224 = DIRECTION('',(1.,0.,0.));
#1225 = PCURVE('',#154,#1226);
#1226 = DEFINITIONAL_REPRESENTATION('',(#1227),#1231);
#1227 = LINE('',#1228,#1229);
#1228 = CARTESIAN_POINT('',(-0.,16.));
#1229 = VECTOR('',#1230,1.);
#1230 = DIRECTION('',(0.,-1.));
#1231 = ( GEOMETRIC_REPRESENTATION_CONTEXT(2) 
PARAMETRIC_REPRESENTATION_CONTEXT() REPRESENTATION_CONTEXT('2D SPACE',''
  ) );
#1232 = PCURVE('',#634,#1233);
#1233 = DEFINITIONAL_REPRESENTATION('',(#1234),#1238);
#1234 = LINE('',#1235,#1236);
#1235 = CARTESIAN_POINT('',(9.919766057838,16.));
#1236 = VECTOR('',#1237,1.);
#1237 = DIRECTION('',(0.,-1.));
#1238 = ( GEOMETRIC_REPRESENTATION_CONTEXT(2) 
PARAMETRIC_REPRESENTATION_CONTEXT() REPRESENTATION_CONTEXT('2D SPACE',''
  ) );
#1239 = ORIENTED_EDGE('',*,*,#1240,.T.);
#1240 = EDGE_CURVE('',#1218,#113,#1241,.T.);
#1241 = SURFACE_CURVE('',#1242,(#1248,#1257),.PCURVE_S1.);
#1242 = B_SPLINE_CURVE_WITH_KNOTS('',4,(#1243,#1244,#1245,#1246,#1247),
  .UNSPECIFIED.,.F.,.F.,(5,5),(0.,1.),.PIECEWISE_BEZIER_KNOTS.);
#1243 = CARTESIAN_POINT('',(6.985714285714,9.661224489796,
    20.285714285714));
#1244 = CARTESIAN_POINT('',(7.013572268528,7.268849149388,
    19.728554629441));
#1245 = CARTESIAN_POINT('',(7.041608766813,4.861143337511,
    19.167824663747));
#1246 = CARTESIAN_POINT('',(7.069823073938,2.438167737837,
    18.603538521237));
#1247 = CARTESIAN_POINT('',(7.098214285714,0.,18.035714285714));
#1248 = PCURVE('',#154,#1249);
#1249 = DEFINITIONAL_REPRESENTATION('',(#1250),#1256);
#1250 = B_SPLINE_CURVE_WITH_KNOTS('',4,(#1251,#1252,#1253,#1254,#1255),
  .UNSPECIFIED.,.F.,.F.,(5,5),(0.,1.),.PIECEWISE_BEZIER_KNOTS.);
#1251 = CARTESIAN_POINT('',(0.,-6.985714285714));
#1252 = CARTESIAN_POINT('',(2.4563970876,-7.013572268528));
#1253 = CARTESIAN_POINT('',(4.928534901512,-7.041608766813));
#1254 = CARTESIAN_POINT('',(7.416351134124,-7.069823073938));
#1255 = CARTESIAN_POINT('',(9.919766057838,-7.098214285714));
#1256 = ( GEOMETRIC_REPRESENTATION_CONTEXT(2) 
PARAMETRIC_REPRESENTATION_CONTEXT() REPRESENTATION_CONTEXT('2D SPACE',''
  ) );
#1257 = PCURVE('',#126,#1258);
#1258 = DEFINITIONAL_REPRESENTATION('',(#1259),#1265);
#1259 = B_SPLINE_CURVE_WITH_KNOTS('',4,(#1260,#1261,#1262,#1263,#1264),
  .UNSPECIFIED.,.F.,.F.,(5,5),(0.,1.),.PIECEWISE_BEZIER_KNOTS.);
#1260 = CARTESIAN_POINT('',(11.152953987707,0.289795918367));
#1261 = CARTESIAN_POINT('',(8.343889487738,0.281836494706));
#1262 = CARTESIAN_POINT('',(5.548591399874,0.273826066625));
#1263 = CARTESIAN_POINT('',(2.76723892918,0.265764836018));
#1264 = CARTESIAN_POINT('',(0.,0.257653061224));
#1265 = ( GEOMETRIC_REPRESENTATION_CONTEXT(2) 
PARAMETRIC_REPRESENTATION_CONTEXT() REPRESENTATION_CONTEXT('2D SPACE',''
  ) );
#1266 = ORIENTED_EDGE('',*,*,#138,.F.);
#1267 = ORIENTED_EDGE('',*,*,#576,.T.);
#1268 = FACE_BOUND('',#1269,.F.);
#1269 = EDGE_LOOP('',(#1270));
#1270 = ORIENTED_EDGE('',*,*,#1271,.F.);
#1271 = EDGE_CURVE('',#1272,#1272,#1274,.T.);
#1272 = VERTEX_POINT('',#1273);
#1273 = CARTESIAN_POINT('',(0.9,2.2,18.548071700163));
#1274 = SURFACE_CURVE('',#1275,(#1280,#1287),.PCURVE_S1.);
#1275 = ELLIPSE('',#1276,0.924084670787,0.9);
#1276 = AXIS2_PLACEMENT_3D('',#1277,#1278,#1279);
#1277 = CARTESIAN_POINT('',(0.,2.2,18.548071700163));
#1278 = DIRECTION('',(0.,0.226819865195,-0.973936727284));
#1279 = DIRECTION('',(0.,-0.973936727284,-0.226819865195));
#1280 = PCURVE('',#154,#1281);
#1281 = DEFINITIONAL_REPRESENTATION('',(#1282),#1286);
#1282 = ELLIPSE('',#1283,0.924084670787,0.9);
#1283 = AXIS2_PLACEMENT_2D('',#1284,#1285);
#1284 = CARTESIAN_POINT('',(7.660892418136,0.));
#1285 = DIRECTION('',(1.,0.));
#1286 = ( GEOMETRIC_REPRESENTATION_CONTEXT(2) 
PARAMETRIC_REPRESENTATION_CONTEXT() REPRESENTATION_CONTEXT('2D SPACE',''
  ) );
#1287 = PCURVE('',#375,#1288);
#1288 = DEFINITIONAL_REPRESENTATION('',(#1289),#1306);
#1289 = B_SPLINE_CURVE_WITH_KNOTS('',8,(#1290,#1291,#1292,#1293,#1294,
    #1295,#1296,#1297,#1298,#1299,#1300,#1301,#1302,#1303,#1304,#1305),
  .UNSPECIFIED.,.F.,.F.,(9,7,9),(4.712388980385,7.853981633974,
    10.995574287564),.UNSPECIFIED.);
#1290 = CARTESIAN_POINT('',(-6.28318530718,-18.54807170016));
#1291 = CARTESIAN_POINT('',(-5.890486225481,-18.465761674));
#1292 = CARTESIAN_POINT('',(-5.497787143782,-18.38345099151));
#1293 = CARTESIAN_POINT('',(-5.105088062084,-18.32048943166));
#1294 = CARTESIAN_POINT('',(-4.712388980384,-18.29617381074));
#1295 = CARTESIAN_POINT('',(-4.31968989869,-18.32048943164));
#1296 = CARTESIAN_POINT('',(-3.926990816988,-18.38345099152));
#1297 = CARTESIAN_POINT('',(-3.534291735289,-18.465761674));
#1298 = CARTESIAN_POINT('',(-2.748893571891,-18.63038172631));
#1299 = CARTESIAN_POINT('',(-2.356194490198,-18.71269240877));
#1300 = CARTESIAN_POINT('',(-1.963495408495,-18.77565396871));
#1301 = CARTESIAN_POINT('',(-1.570796326806,-18.79996958936));
#1302 = CARTESIAN_POINT('',(-1.178097245101,-18.77565396871));
#1303 = CARTESIAN_POINT('',(-0.785398163401,-18.71269240877));
#1304 = CARTESIAN_POINT('',(-0.392699081699,-18.63038172631));
#1305 = CARTESIAN_POINT('',(-8.881784197001E-16,-18.54807170016));
#1306 = ( GEOMETRIC_REPRESENTATION_CONTEXT(2) 
PARAMETRIC_REPRESENTATION_CONTEXT() REPRESENTATION_CONTEXT('2D SPACE',''
  ) );
#1307 = ADVANCED_FACE('',(#1308),#126,.T.);
#1308 = FACE_BOUND('',#1309,.T.);
#1309 = EDGE_LOOP('',(#1310,#1311,#1312,#1334,#1356,#1377,#1406,#1435,
    #1456,#1485,#1514,#1535,#1564,#1593,#1614,#1643,#1672,#1693,#1722,
    #1751,#1772,#1799));
#1310 = ORIENTED_EDGE('',*,*,#112,.F.);
#1311 = ORIENTED_EDGE('',*,*,#486,.F.);
#1312 = ORIENTED_EDGE('',*,*,#1313,.T.);
#1313 = EDGE_CURVE('',#462,#1314,#1316,.T.);
#1314 = VERTEX_POINT('',#1315);
#1315 = CARTESIAN_POINT('',(4.5,7.,70.));
#1316 = SURFACE_CURVE('',#1317,(#1320,#1327),.PCURVE_S1.);
#1317 = B_SPLINE_CURVE_WITH_KNOTS('',1,(#1318,#1319),.UNSPECIFIED.,.F.,
  .F.,(2,2),(0.,1.),.PIECEWISE_BEZIER_KNOTS.);
#1318 = CARTESIAN_POINT('',(8.,13.,0.));
#1319 = CARTESIAN_POINT('',(4.5,7.,70.));
#1320 = PCURVE('',#126,#1321);
#1321 = DEFINITIONAL_REPRESENTATION('',(#1322),#1326);
#1322 = LINE('',#1323,#1324);
#1323 = CARTESIAN_POINT('',(13.,0.));
#1324 = VECTOR('',#1325,1.);
#1325 = DIRECTION('',(0.,1.));
#1326 = ( GEOMETRIC_REPRESENTATION_CONTEXT(2) 
PARAMETRIC_REPRESENTATION_CONTEXT() REPRESENTATION_CONTEXT('2D SPACE',''
  ) );
#1327 = PCURVE('',#475,#1328);
#1328 = DEFINITIONAL_REPRESENTATION('',(#1329),#1333);
#1329 = LINE('',#1330,#1331);
#1330 = CARTESIAN_POINT('',(0.,0.));
#1331 = VECTOR('',#1332,1.);
#1332 = DIRECTION('',(0.,1.));
#1333 = ( GEOMETRIC_REPRESENTATION_CONTEXT(2) 
PARAMETRIC_REPRESENTATION_CONTEXT() REPRESENTATION_CONTEXT('2D SPACE',''
  ) );
#1334 = ORIENTED_EDGE('',*,*,#1335,.F.);
#1335 = EDGE_CURVE('',#1336,#1314,#1338,.T.);
#1336 = VERTEX_POINT('',#1337);
#1337 = CARTESIAN_POINT('',(4.5,0.,70.));
#1338 = SURFACE_CURVE('',#1339,(#1343,#1349),.PCURVE_S1.);
#1339 = LINE('',#1340,#1341);
#1340 = CARTESIAN_POINT('',(4.5,0.,70.));
#1341 = VECTOR('',#1342,1.);
#1342 = DIRECTION('',(0.,1.,0.));
#1343 = PCURVE('',#126,#1344);
#1344 = DEFINITIONAL_REPRESENTATION('',(#1345),#1348);
#1345 = B_SPLINE_CURVE_WITH_KNOTS('',1,(#1346,#1347),.UNSPECIFIED.,.F.,
  .F.,(2,2),(0.,7.),.PIECEWISE_BEZIER_KNOTS.);
#1346 = CARTESIAN_POINT('',(0.,1.));
#1347 = CARTESIAN_POINT('',(13.,1.));
#1348 = ( GEOMETRIC_REPRESENTATION_CONTEXT(2) 
PARAMETRIC_REPRESENTATION_CONTEXT() REPRESENTATION_CONTEXT('2D SPACE',''
  ) );
#1349 = PCURVE('',#1202,#1350);
#1350 = DEFINITIONAL_REPRESENTATION('',(#1351),#1355);
#1351 = LINE('',#1352,#1353);
#1352 = CARTESIAN_POINT('',(7.104169956387,5.525465521634));
#1353 = VECTOR('',#1354,1.);
#1354 = DIRECTION('',(0.613940613515,-0.789352217376));
#1355 = ( GEOMETRIC_REPRESENTATION_CONTEXT(2) 
PARAMETRIC_REPRESENTATION_CONTEXT() REPRESENTATION_CONTEXT('2D SPACE',''
  ) );
#1356 = ORIENTED_EDGE('',*,*,#1357,.F.);
#1357 = EDGE_CURVE('',#1358,#1336,#1360,.T.);
#1358 = VERTEX_POINT('',#1359);
#1359 = CARTESIAN_POINT('',(4.801785714286,0.,63.964285714288));
#1360 = SURFACE_CURVE('',#1361,(#1364,#1371),.PCURVE_S1.);
#1361 = B_SPLINE_CURVE_WITH_KNOTS('',1,(#1362,#1363),.UNSPECIFIED.,.F.,
  .F.,(2,2),(0.,1.),.PIECEWISE_BEZIER_KNOTS.);
#1362 = CARTESIAN_POINT('',(8.,0.,0.));
#1363 = CARTESIAN_POINT('',(4.5,0.,70.));
#1364 = PCURVE('',#126,#1365);
#1365 = DEFINITIONAL_REPRESENTATION('',(#1366),#1370);
#1366 = LINE('',#1367,#1368);
#1367 = CARTESIAN_POINT('',(0.,0.));
#1368 = VECTOR('',#1369,1.);
#1369 = DIRECTION('',(0.,1.));
#1370 = ( GEOMETRIC_REPRESENTATION_CONTEXT(2) 
PARAMETRIC_REPRESENTATION_CONTEXT() REPRESENTATION_CONTEXT('2D SPACE',''
  ) );
#1371 = PCURVE('',#1178,#1372);
#1372 = DEFINITIONAL_REPRESENTATION('',(#1373),#1376);
#1373 = B_SPLINE_CURVE_WITH_KNOTS('',1,(#1374,#1375),.UNSPECIFIED.,.F.,
  .F.,(2,2),(0.,1.),.PIECEWISE_BEZIER_KNOTS.);
#1374 = CARTESIAN_POINT('',(8.,-35.));
#1375 = CARTESIAN_POINT('',(4.5,35.));
#1376 = ( GEOMETRIC_REPRESENTATION_CONTEXT(2) 
PARAMETRIC_REPRESENTATION_CONTEXT() REPRESENTATION_CONTEXT('2D SPACE',''
  ) );
#1377 = ORIENTED_EDGE('',*,*,#1378,.F.);
#1378 = EDGE_CURVE('',#1379,#1358,#1381,.T.);
#1379 = VERTEX_POINT('',#1380);
#1380 = CARTESIAN_POINT('',(4.914285714286,6.110204081633,
    61.714285714286));
#1381 = SURFACE_CURVE('',#1382,(#1388,#1397),.PCURVE_S1.);
#1382 = B_SPLINE_CURVE_WITH_KNOTS('',4,(#1383,#1384,#1385,#1386,#1387),
  .UNSPECIFIED.,.F.,.F.,(5,5),(0.,1.),.PIECEWISE_BEZIER_KNOTS.);
#1383 = CARTESIAN_POINT('',(4.914285714286,6.110204081633,
    61.714285714286));
#1384 = CARTESIAN_POINT('',(4.885650190701,4.554925031989,
    62.286996185973));
#1385 = CARTESIAN_POINT('',(4.857356961884,3.018237012397,
    62.852860762326));
#1386 = CARTESIAN_POINT('',(4.829403266532,1.499990048513,
    63.411934669367));
#1387 = CARTESIAN_POINT('',(4.801785714286,0.,63.964285714286));
#1388 = PCURVE('',#126,#1389);
#1389 = DEFINITIONAL_REPRESENTATION('',(#1390),#1396);
#1390 = B_SPLINE_CURVE_WITH_KNOTS('',4,(#1391,#1392,#1393,#1394,#1395),
  .UNSPECIFIED.,.F.,.F.,(5,5),(0.,1.),.PIECEWISE_BEZIER_KNOTS.);
#1391 = CARTESIAN_POINT('',(10.302276231599,0.881632653061));
#1392 = CARTESIAN_POINT('',(7.745548268638,0.889814231228));
#1393 = CARTESIAN_POINT('',(5.175973582131,0.89789801089));
#1394 = CARTESIAN_POINT('',(2.593983062041,0.905884780991));
#1395 = CARTESIAN_POINT('',(0.,0.913775510204));
#1396 = ( GEOMETRIC_REPRESENTATION_CONTEXT(2) 
PARAMETRIC_REPRESENTATION_CONTEXT() REPRESENTATION_CONTEXT('2D SPACE',''
  ) );
#1397 = PCURVE('',#1149,#1398);
#1398 = DEFINITIONAL_REPRESENTATION('',(#1399),#1405);
#1399 = B_SPLINE_CURVE_WITH_KNOTS('',4,(#1400,#1401,#1402,#1403,#1404),
  .UNSPECIFIED.,.F.,.F.,(5,5),(0.,1.),.PIECEWISE_BEZIER_KNOTS.);
#1400 = CARTESIAN_POINT('',(6.511305085711,-4.914285714286));
#1401 = CARTESIAN_POINT('',(4.853930593739,-4.885650190701));
#1402 = CARTESIAN_POINT('',(3.216367529814,-4.857356961884));
#1403 = CARTESIAN_POINT('',(1.598456074611,-4.829403266532));
#1404 = CARTESIAN_POINT('',(0.,-4.801785714286));
#1405 = ( GEOMETRIC_REPRESENTATION_CONTEXT(2) 
PARAMETRIC_REPRESENTATION_CONTEXT() REPRESENTATION_CONTEXT('2D SPACE',''
  ) );
#1406 = ORIENTED_EDGE('',*,*,#1407,.T.);
#1407 = EDGE_CURVE('',#1379,#1408,#1410,.T.);
#1408 = VERTEX_POINT('',#1409);
#1409 = CARTESIAN_POINT('',(5.026785714286,0.,59.464285714285));
#1410 = SURFACE_CURVE('',#1411,(#1417,#1426),.PCURVE_S1.);
#1411 = B_SPLINE_CURVE_WITH_KNOTS('',4,(#1412,#1413,#1414,#1415,#1416),
  .UNSPECIFIED.,.F.,.F.,(5,5),(0.,1.),.PIECEWISE_BEZIER_KNOTS.);
#1412 = CARTESIAN_POINT('',(4.914285714286,6.110204081633,
    61.714285714286));
#1413 = CARTESIAN_POINT('',(4.941915764772,4.609535217109,
    61.161684704554));
#1414 = CARTESIAN_POINT('',(4.969873733092,3.091056175859,
    60.602525338162));
#1415 = CARTESIAN_POINT('',(4.99816283822,1.554592125933,60.036743235609
    ));
#1416 = CARTESIAN_POINT('',(5.026785714286,-1.7763568394E-15,
    59.464285714286));
#1417 = PCURVE('',#126,#1418);
#1418 = DEFINITIONAL_REPRESENTATION('',(#1419),#1425);
#1419 = B_SPLINE_CURVE_WITH_KNOTS('',4,(#1420,#1421,#1422,#1423,#1424),
  .UNSPECIFIED.,.F.,.F.,(5,5),(0.,1.),.PIECEWISE_BEZIER_KNOTS.);
#1420 = CARTESIAN_POINT('',(10.302276436644,0.881632653061));
#1421 = CARTESIAN_POINT('',(7.70874316555,0.873738352922));
#1422 = CARTESIAN_POINT('',(5.126916344448,0.865750361974));
#1423 = CARTESIAN_POINT('',(2.557198668094,0.857667760509));
#1424 = CARTESIAN_POINT('',(0.,0.849489795918));
#1425 = ( GEOMETRIC_REPRESENTATION_CONTEXT(2) 
PARAMETRIC_REPRESENTATION_CONTEXT() REPRESENTATION_CONTEXT('2D SPACE',''
  ) );
#1426 = PCURVE('',#1112,#1427);
#1427 = DEFINITIONAL_REPRESENTATION('',(#1428),#1434);
#1428 = B_SPLINE_CURVE_WITH_KNOTS('',4,(#1429,#1430,#1431,#1432,#1433),
  .UNSPECIFIED.,.F.,.F.,(5,5),(0.,1.),.PIECEWISE_BEZIER_KNOTS.);
#1429 = CARTESIAN_POINT('',(0.,-4.914285714286));
#1430 = CARTESIAN_POINT('',(1.599179451127,-4.941915764772));
#1431 = CARTESIAN_POINT('',(3.217338218288,-4.969873733092));
#1432 = CARTESIAN_POINT('',(4.85466261018,-4.99816283822));
#1433 = CARTESIAN_POINT('',(6.511305085711,-5.026785714286));
#1434 = ( GEOMETRIC_REPRESENTATION_CONTEXT(2) 
PARAMETRIC_REPRESENTATION_CONTEXT() REPRESENTATION_CONTEXT('2D SPACE',''
  ) );
#1435 = ORIENTED_EDGE('',*,*,#1436,.F.);
#1436 = EDGE_CURVE('',#1437,#1408,#1439,.T.);
#1437 = VERTEX_POINT('',#1438);
#1438 = CARTESIAN_POINT('',(5.216071428572,0.,55.67857142857));
#1439 = SURFACE_CURVE('',#1440,(#1443,#1450),.PCURVE_S1.);
#1440 = B_SPLINE_CURVE_WITH_KNOTS('',1,(#1441,#1442),.UNSPECIFIED.,.F.,
  .F.,(2,2),(0.,1.),.PIECEWISE_BEZIER_KNOTS.);
#1441 = CARTESIAN_POINT('',(8.,0.,0.));
#1442 = CARTESIAN_POINT('',(4.5,0.,70.));
#1443 = PCURVE('',#126,#1444);
#1444 = DEFINITIONAL_REPRESENTATION('',(#1445),#1449);
#1445 = LINE('',#1446,#1447);
#1446 = CARTESIAN_POINT('',(0.,0.));
#1447 = VECTOR('',#1448,1.);
#1448 = DIRECTION('',(0.,1.));
#1449 = ( GEOMETRIC_REPRESENTATION_CONTEXT(2) 
PARAMETRIC_REPRESENTATION_CONTEXT() REPRESENTATION_CONTEXT('2D SPACE',''
  ) );
#1450 = PCURVE('',#1075,#1451);
#1451 = DEFINITIONAL_REPRESENTATION('',(#1452),#1455);
#1452 = B_SPLINE_CURVE_WITH_KNOTS('',1,(#1453,#1454),.UNSPECIFIED.,.F.,
  .F.,(2,2),(0.,1.),.PIECEWISE_BEZIER_KNOTS.);
#1453 = CARTESIAN_POINT('',(8.,-35.));
#1454 = CARTESIAN_POINT('',(4.5,35.));
#1455 = ( GEOMETRIC_REPRESENTATION_CONTEXT(2) 
PARAMETRIC_REPRESENTATION_CONTEXT() REPRESENTATION_CONTEXT('2D SPACE',''
  ) );
#1456 = ORIENTED_EDGE('',*,*,#1457,.F.);
#1457 = EDGE_CURVE('',#1458,#1437,#1460,.T.);
#1458 = VERTEX_POINT('',#1459);
#1459 = CARTESIAN_POINT('',(5.328571428571,6.820408163265,
    53.428571428571));
#1460 = SURFACE_CURVE('',#1461,(#1467,#1476),.PCURVE_S1.);
#1461 = B_SPLINE_CURVE_WITH_KNOTS('',4,(#1462,#1463,#1464,#1465,#1466),
  .UNSPECIFIED.,.F.,.F.,(5,5),(0.,1.),.PIECEWISE_BEZIER_KNOTS.);
#1462 = CARTESIAN_POINT('',(5.328571428571,6.820408163265,
    53.428571428571));
#1463 = CARTESIAN_POINT('',(5.300000967767,5.088299682412,
    53.999980644652));
#1464 = CARTESIAN_POINT('',(5.271728445619,3.374253985895,
    54.565431087623));
#1465 = CARTESIAN_POINT('',(5.2437525454,1.678191246069,55.124949092009)
  );
#1466 = CARTESIAN_POINT('',(5.216071428571,0.,55.678571428571));
#1467 = PCURVE('',#126,#1468);
#1468 = DEFINITIONAL_REPRESENTATION('',(#1469),#1475);
#1469 = B_SPLINE_CURVE_WITH_KNOTS('',4,(#1470,#1471,#1472,#1473,#1474),
  .UNSPECIFIED.,.F.,.F.,(5,5),(0.,1.),.PIECEWISE_BEZIER_KNOTS.);
#1470 = CARTESIAN_POINT('',(10.529810949529,0.763265306122));
#1471 = CARTESIAN_POINT('',(7.91691125971,0.771428294924));
#1472 = CARTESIAN_POINT('',(5.290730956581,0.779506158395));
#1473 = CARTESIAN_POINT('',(2.651637910817,0.787499272743));
#1474 = CARTESIAN_POINT('',(0.,0.795408163265));
#1475 = ( GEOMETRIC_REPRESENTATION_CONTEXT(2) 
PARAMETRIC_REPRESENTATION_CONTEXT() REPRESENTATION_CONTEXT('2D SPACE',''
  ) );
#1476 = PCURVE('',#1046,#1477);
#1477 = DEFINITIONAL_REPRESENTATION('',(#1478),#1484);
#1478 = B_SPLINE_CURVE_WITH_KNOTS('',4,(#1479,#1480,#1481,#1482,#1483),
  .UNSPECIFIED.,.F.,.F.,(5,5),(0.,1.),.PIECEWISE_BEZIER_KNOTS.);
#1479 = CARTESIAN_POINT('',(7.181954296258,-5.328571428571));
#1480 = CARTESIAN_POINT('',(5.358027685435,-5.300000967767));
#1481 = CARTESIAN_POINT('',(3.553121357338,-5.271728445619));
#1482 = CARTESIAN_POINT('',(1.767151252701,-5.2437525454));
#1483 = CARTESIAN_POINT('',(0.,-5.216071428571));
#1484 = ( GEOMETRIC_REPRESENTATION_CONTEXT(2) 
PARAMETRIC_REPRESENTATION_CONTEXT() REPRESENTATION_CONTEXT('2D SPACE',''
  ) );
#1485 = ORIENTED_EDGE('',*,*,#1486,.T.);
#1486 = EDGE_CURVE('',#1458,#1487,#1489,.T.);
#1487 = VERTEX_POINT('',#1488);
#1488 = CARTESIAN_POINT('',(5.441071428572,0.,51.17857142857));
#1489 = SURFACE_CURVE('',#1490,(#1496,#1505),.PCURVE_S1.);
#1490 = B_SPLINE_CURVE_WITH_KNOTS('',4,(#1491,#1492,#1493,#1494,#1495),
  .UNSPECIFIED.,.F.,.F.,(5,5),(0.,1.),.PIECEWISE_BEZIER_KNOTS.);
#1491 = CARTESIAN_POINT('',(5.328571428571,6.820408163265,
    53.428571428571));
#1492 = CARTESIAN_POINT('',(5.356262578353,5.141608660874,
    52.874748432944));
#1493 = CARTESIAN_POINT('',(5.384241875706,3.445339966914,
    52.315162485879));
#1494 = CARTESIAN_POINT('',(5.4125110713,1.731495945596,51.749778573999)
  );
#1495 = CARTESIAN_POINT('',(5.441071428571,0.,51.178571428571));
#1496 = PCURVE('',#126,#1497);
#1497 = DEFINITIONAL_REPRESENTATION('',(#1498),#1504);
#1498 = B_SPLINE_CURVE_WITH_KNOTS('',4,(#1499,#1500,#1501,#1502,#1503),
  .UNSPECIFIED.,.F.,.F.,(5,5),(0.,1.),.PIECEWISE_BEZIER_KNOTS.);
#1499 = CARTESIAN_POINT('',(10.52981096007,0.763265306122));
#1500 = CARTESIAN_POINT('',(7.878603448896,0.755353549042));
#1501 = CARTESIAN_POINT('',(5.239664848692,0.747359464084));
#1502 = CARTESIAN_POINT('',(2.61334656402,0.739282551057));
#1503 = CARTESIAN_POINT('',(0.,0.73112244898));
#1504 = ( GEOMETRIC_REPRESENTATION_CONTEXT(2) 
PARAMETRIC_REPRESENTATION_CONTEXT() REPRESENTATION_CONTEXT('2D SPACE',''
  ) );
#1505 = PCURVE('',#1009,#1506);
#1506 = DEFINITIONAL_REPRESENTATION('',(#1507),#1513);
#1507 = B_SPLINE_CURVE_WITH_KNOTS('',4,(#1508,#1509,#1510,#1511,#1512),
  .UNSPECIFIED.,.F.,.F.,(5,5),(0.,1.),.PIECEWISE_BEZIER_KNOTS.);
#1508 = CARTESIAN_POINT('',(0.,-5.328571428571));
#1509 = CARTESIAN_POINT('',(1.767791752361,-5.356262578353));
#1510 = CARTESIAN_POINT('',(3.553978728649,-5.384241875706));
#1511 = CARTESIAN_POINT('',(5.358672690854,-5.4125110713));
#1512 = CARTESIAN_POINT('',(7.181954296258,-5.441071428571));
#1513 = ( GEOMETRIC_REPRESENTATION_CONTEXT(2) 
PARAMETRIC_REPRESENTATION_CONTEXT() REPRESENTATION_CONTEXT('2D SPACE',''
  ) );
#1514 = ORIENTED_EDGE('',*,*,#1515,.F.);
#1515 = EDGE_CURVE('',#1516,#1487,#1518,.T.);
#1516 = VERTEX_POINT('',#1517);
#1517 = CARTESIAN_POINT('',(5.630357142857,0.,47.392857142856));
#1518 = SURFACE_CURVE('',#1519,(#1522,#1529),.PCURVE_S1.);
#1519 = B_SPLINE_CURVE_WITH_KNOTS('',1,(#1520,#1521),.UNSPECIFIED.,.F.,
  .F.,(2,2),(0.,1.),.PIECEWISE_BEZIER_KNOTS.);
#1520 = CARTESIAN_POINT('',(8.,0.,0.));
#1521 = CARTESIAN_POINT('',(4.5,0.,70.));
#1522 = PCURVE('',#126,#1523);
#1523 = DEFINITIONAL_REPRESENTATION('',(#1524),#1528);
#1524 = LINE('',#1525,#1526);
#1525 = CARTESIAN_POINT('',(0.,0.));
#1526 = VECTOR('',#1527,1.);
#1527 = DIRECTION('',(0.,1.));
#1528 = ( GEOMETRIC_REPRESENTATION_CONTEXT(2) 
PARAMETRIC_REPRESENTATION_CONTEXT() REPRESENTATION_CONTEXT('2D SPACE',''
  ) );
#1529 = PCURVE('',#972,#1530);
#1530 = DEFINITIONAL_REPRESENTATION('',(#1531),#1534);
#1531 = B_SPLINE_CURVE_WITH_KNOTS('',1,(#1532,#1533),.UNSPECIFIED.,.F.,
  .F.,(2,2),(0.,1.),.PIECEWISE_BEZIER_KNOTS.);
#1532 = CARTESIAN_POINT('',(8.,-35.));
#1533 = CARTESIAN_POINT('',(4.5,35.));
#1534 = ( GEOMETRIC_REPRESENTATION_CONTEXT(2) 
PARAMETRIC_REPRESENTATION_CONTEXT() REPRESENTATION_CONTEXT('2D SPACE',''
  ) );
#1535 = ORIENTED_EDGE('',*,*,#1536,.F.);
#1536 = EDGE_CURVE('',#1537,#1516,#1539,.T.);
#1537 = VERTEX_POINT('',#1538);
#1538 = CARTESIAN_POINT('',(5.742857142857,7.530612244898,
    45.142857142857));
#1539 = SURFACE_CURVE('',#1540,(#1546,#1555),.PCURVE_S1.);
#1540 = B_SPLINE_CURVE_WITH_KNOTS('',4,(#1541,#1542,#1543,#1544,#1545),
  .UNSPECIFIED.,.F.,.F.,(5,5),(0.,1.),.PIECEWISE_BEZIER_KNOTS.);
#1541 = CARTESIAN_POINT('',(5.742857142857,7.530612244898,
    45.142857142857));
#1542 = CARTESIAN_POINT('',(5.714341365871,5.621801050714,
    45.713172682583));
#1543 = CARTESIAN_POINT('',(5.686086411745,3.730449019442,
    46.278271765097));
#1544 = CARTESIAN_POINT('',(5.658091930536,1.856532726225,46.83816138929
    ));
#1545 = CARTESIAN_POINT('',(5.630357142857,0.,47.392857142857));
#1546 = PCURVE('',#126,#1547);
#1547 = DEFINITIONAL_REPRESENTATION('',(#1548),#1554);
#1548 = B_SPLINE_CURVE_WITH_KNOTS('',4,(#1549,#1550,#1551,#1552,#1553),
  .UNSPECIFIED.,.F.,.F.,(5,5),(0.,1.),.PIECEWISE_BEZIER_KNOTS.);
#1549 = CARTESIAN_POINT('',(10.721948977804,0.644897959184));
#1550 = CARTESIAN_POINT('',(8.061622255858,0.653045324037));
#1551 = CARTESIAN_POINT('',(5.38764705286,0.661118168073));
#1552 = CARTESIAN_POINT('',(2.700334162817,0.669116591276));
#1553 = CARTESIAN_POINT('',(0.,0.677040816327));
#1554 = ( GEOMETRIC_REPRESENTATION_CONTEXT(2) 
PARAMETRIC_REPRESENTATION_CONTEXT() REPRESENTATION_CONTEXT('2D SPACE',''
  ) );
#1555 = PCURVE('',#943,#1556);
#1556 = DEFINITIONAL_REPRESENTATION('',(#1557),#1563);
#1557 = B_SPLINE_CURVE_WITH_KNOTS('',4,(#1558,#1559,#1560,#1561,#1562),
  .UNSPECIFIED.,.F.,.F.,(5,5),(0.,1.),.PIECEWISE_BEZIER_KNOTS.);
#1558 = CARTESIAN_POINT('',(7.859556016914,-5.742857142857));
#1559 = CARTESIAN_POINT('',(5.867366269451,-5.714341365871));
#1560 = CARTESIAN_POINT('',(3.893398316506,-5.686086411745));
#1561 = CARTESIAN_POINT('',(1.937627710003,-5.658091930536));
#1562 = CARTESIAN_POINT('',(0.,-5.630357142857));
#1563 = ( GEOMETRIC_REPRESENTATION_CONTEXT(2) 
PARAMETRIC_REPRESENTATION_CONTEXT() REPRESENTATION_CONTEXT('2D SPACE',''
  ) );
#1564 = ORIENTED_EDGE('',*,*,#1565,.T.);
#1565 = EDGE_CURVE('',#1537,#1566,#1568,.T.);
#1566 = VERTEX_POINT('',#1567);
#1567 = CARTESIAN_POINT('',(5.855357142857,0.,42.892857142857));
#1568 = SURFACE_CURVE('',#1569,(#1575,#1584),.PCURVE_S1.);
#1569 = B_SPLINE_CURVE_WITH_KNOTS('',4,(#1570,#1571,#1572,#1573,#1574),
  .UNSPECIFIED.,.F.,.F.,(5,5),(0.,1.),.PIECEWISE_BEZIER_KNOTS.);
#1570 = CARTESIAN_POINT('',(5.742857142857,7.530612244898,
    45.142857142857));
#1571 = CARTESIAN_POINT('',(5.770600080176,5.673533991728,
    44.587998396483));
#1572 = CARTESIAN_POINT('',(5.798597297511,3.799434545593,
    44.028054049772));
#1573 = CARTESIAN_POINT('',(5.826849538458,1.908264131232,
    43.463009230847));
#1574 = CARTESIAN_POINT('',(5.855357142857,1.7763568394E-15,
    42.892857142857));
#1575 = PCURVE('',#126,#1576);
#1576 = DEFINITIONAL_REPRESENTATION('',(#1577),#1583);
#1577 = B_SPLINE_CURVE_WITH_KNOTS('',4,(#1578,#1579,#1580,#1581,#1582),
  .UNSPECIFIED.,.F.,.F.,(5,5),(0.,1.),.PIECEWISE_BEZIER_KNOTS.);
#1578 = CARTESIAN_POINT('',(10.721949097452,0.644897959184));
#1579 = CARTESIAN_POINT('',(8.022026545695,0.636971405664));
#1580 = CARTESIAN_POINT('',(5.334859542047,0.628972200711));
#1581 = CARTESIAN_POINT('',(2.660751344194,0.620900131869));
#1582 = CARTESIAN_POINT('',(0.,0.612755102041));
#1583 = ( GEOMETRIC_REPRESENTATION_CONTEXT(2) 
PARAMETRIC_REPRESENTATION_CONTEXT() REPRESENTATION_CONTEXT('2D SPACE',''
  ) );
#1584 = PCURVE('',#906,#1585);
#1585 = DEFINITIONAL_REPRESENTATION('',(#1586),#1592);
#1586 = B_SPLINE_CURVE_WITH_KNOTS('',4,(#1587,#1588,#1589,#1590,#1591),
  .UNSPECIFIED.,.F.,.F.,(5,5),(0.,1.),.PIECEWISE_BEZIER_KNOTS.);
#1587 = CARTESIAN_POINT('',(0.,-5.742857142857));
#1588 = CARTESIAN_POINT('',(1.938197066045,-5.770600080176));
#1589 = CARTESIAN_POINT('',(3.894158825747,-5.798597297511));
#1590 = CARTESIAN_POINT('',(5.867937228594,-5.826849538458));
#1591 = CARTESIAN_POINT('',(7.859556016914,-5.855357142857));
#1592 = ( GEOMETRIC_REPRESENTATION_CONTEXT(2) 
PARAMETRIC_REPRESENTATION_CONTEXT() REPRESENTATION_CONTEXT('2D SPACE',''
  ) );
#1593 = ORIENTED_EDGE('',*,*,#1594,.F.);
#1594 = EDGE_CURVE('',#1595,#1566,#1597,.T.);
#1595 = VERTEX_POINT('',#1596);
#1596 = CARTESIAN_POINT('',(6.044642857143,0.,39.107142857145));
#1597 = SURFACE_CURVE('',#1598,(#1601,#1608),.PCURVE_S1.);
#1598 = B_SPLINE_CURVE_WITH_KNOTS('',1,(#1599,#1600),.UNSPECIFIED.,.F.,
  .F.,(2,2),(0.,1.),.PIECEWISE_BEZIER_KNOTS.);
#1599 = CARTESIAN_POINT('',(8.,0.,0.));
#1600 = CARTESIAN_POINT('',(4.5,0.,70.));
#1601 = PCURVE('',#126,#1602);
#1602 = DEFINITIONAL_REPRESENTATION('',(#1603),#1607);
#1603 = LINE('',#1604,#1605);
#1604 = CARTESIAN_POINT('',(0.,0.));
#1605 = VECTOR('',#1606,1.);
#1606 = DIRECTION('',(0.,1.));
#1607 = ( GEOMETRIC_REPRESENTATION_CONTEXT(2) 
PARAMETRIC_REPRESENTATION_CONTEXT() REPRESENTATION_CONTEXT('2D SPACE',''
  ) );
#1608 = PCURVE('',#869,#1609);
#1609 = DEFINITIONAL_REPRESENTATION('',(#1610),#1613);
#1610 = B_SPLINE_CURVE_WITH_KNOTS('',1,(#1611,#1612),.UNSPECIFIED.,.F.,
  .F.,(2,2),(0.,1.),.PIECEWISE_BEZIER_KNOTS.);
#1611 = CARTESIAN_POINT('',(8.,-35.));
#1612 = CARTESIAN_POINT('',(4.5,35.));
#1613 = ( GEOMETRIC_REPRESENTATION_CONTEXT(2) 
PARAMETRIC_REPRESENTATION_CONTEXT() REPRESENTATION_CONTEXT('2D SPACE',''
  ) );
#1614 = ORIENTED_EDGE('',*,*,#1615,.F.);
#1615 = EDGE_CURVE('',#1616,#1595,#1618,.T.);
#1616 = VERTEX_POINT('',#1617);
#1617 = CARTESIAN_POINT('',(6.157142857143,8.240816326531,
    36.857142857143));
#1618 = SURFACE_CURVE('',#1619,(#1625,#1634),.PCURVE_S1.);
#1619 = B_SPLINE_CURVE_WITH_KNOTS('',4,(#1620,#1621,#1622,#1623,#1624),
  .UNSPECIFIED.,.F.,.F.,(5,5),(0.,1.),.PIECEWISE_BEZIER_KNOTS.);
#1620 = CARTESIAN_POINT('',(6.157142857143,8.240816326531,
    36.857142857143));
#1621 = CARTESIAN_POINT('',(6.128673443198,6.155383337715,
    37.426531136036));
#1622 = CARTESIAN_POINT('',(6.100433506497,4.086759947248,37.99132987006
    ));
#1623 = CARTESIAN_POINT('',(6.072423331242,2.03496697348,38.551533375156
    ));
#1624 = CARTESIAN_POINT('',(6.044642857143,0.,39.107142857143));
#1625 = PCURVE('',#126,#1626);
#1626 = DEFINITIONAL_REPRESENTATION('',(#1627),#1633);
#1627 = B_SPLINE_CURVE_WITH_KNOTS('',4,(#1628,#1629,#1630,#1631,#1632),
  .UNSPECIFIED.,.F.,.F.,(5,5),(0.,1.),.PIECEWISE_BEZIER_KNOTS.);
#1628 = CARTESIAN_POINT('',(10.886354134703,0.526530612245));
#1629 = CARTESIAN_POINT('',(8.185427441194,0.534664730515));
#1630 = CARTESIAN_POINT('',(5.470551575613,0.542733283858));
#1631 = CARTESIAN_POINT('',(2.741986170506,0.550736191074));
#1632 = CARTESIAN_POINT('',(0.,0.558673469388));
#1633 = ( GEOMETRIC_REPRESENTATION_CONTEXT(2) 
PARAMETRIC_REPRESENTATION_CONTEXT() REPRESENTATION_CONTEXT('2D SPACE',''
  ) );
#1634 = PCURVE('',#840,#1635);
#1635 = DEFINITIONAL_REPRESENTATION('',(#1636),#1642);
#1636 = B_SPLINE_CURVE_WITH_KNOTS('',4,(#1637,#1638,#1639,#1640,#1641),
  .UNSPECIFIED.,.F.,.F.,(5,5),(0.,1.),.PIECEWISE_BEZIER_KNOTS.);
#1637 = CARTESIAN_POINT('',(8.542455954093,-6.157142857143));
#1638 = CARTESIAN_POINT('',(6.380689601551,-6.128673443198));
#1639 = CARTESIAN_POINT('',(4.236348131183,-6.100433506497));
#1640 = CARTESIAN_POINT('',(2.109453123354,-6.072423331242));
#1641 = CARTESIAN_POINT('',(0.,-6.044642857143));
#1642 = ( GEOMETRIC_REPRESENTATION_CONTEXT(2) 
PARAMETRIC_REPRESENTATION_CONTEXT() REPRESENTATION_CONTEXT('2D SPACE',''
  ) );
#1643 = ORIENTED_EDGE('',*,*,#1644,.T.);
#1644 = EDGE_CURVE('',#1616,#1645,#1647,.T.);
#1645 = VERTEX_POINT('',#1646);
#1646 = CARTESIAN_POINT('',(6.269642857143,0.,34.607142857141));
#1647 = SURFACE_CURVE('',#1648,(#1654,#1663),.PCURVE_S1.);
#1648 = B_SPLINE_CURVE_WITH_KNOTS('',4,(#1649,#1650,#1651,#1652,#1653),
  .UNSPECIFIED.,.F.,.F.,(5,5),(0.,1.),.PIECEWISE_BEZIER_KNOTS.);
#1649 = CARTESIAN_POINT('',(6.157142857143,8.240816326531,
    36.857142857143));
#1650 = CARTESIAN_POINT('',(6.184930018407,6.205359506856,36.30139963186
    ));
#1651 = CARTESIAN_POINT('',(6.212942422681,4.153403253615,
    35.741151546373));
#1652 = CARTESIAN_POINT('',(6.241180125592,2.084943492127,
    35.176397488166));
#1653 = CARTESIAN_POINT('',(6.269642857143,1.7763568394E-15,
    34.607142857143));
#1654 = PCURVE('',#126,#1655);
#1655 = DEFINITIONAL_REPRESENTATION('',(#1656),#1662);
#1656 = B_SPLINE_CURVE_WITH_KNOTS('',4,(#1657,#1658,#1659,#1660,#1661),
  .UNSPECIFIED.,.F.,.F.,(5,5),(0.,1.),.PIECEWISE_BEZIER_KNOTS.);
#1657 = CARTESIAN_POINT('',(10.88635428215,0.526530612245));
#1658 = CARTESIAN_POINT('',(8.144761440545,0.518591423312));
#1659 = CARTESIAN_POINT('',(5.416333972057,0.510587879234));
#1660 = CARTESIAN_POINT('',(2.701330223706,0.502519964117));
#1661 = CARTESIAN_POINT('',(0.,0.494387755102));
#1662 = ( GEOMETRIC_REPRESENTATION_CONTEXT(2) 
PARAMETRIC_REPRESENTATION_CONTEXT() REPRESENTATION_CONTEXT('2D SPACE',''
  ) );
#1663 = PCURVE('',#803,#1664);
#1664 = DEFINITIONAL_REPRESENTATION('',(#1665),#1671);
#1665 = B_SPLINE_CURVE_WITH_KNOTS('',4,(#1666,#1667,#1668,#1669,#1670),
  .UNSPECIFIED.,.F.,.F.,(5,5),(0.,1.),.PIECEWISE_BEZIER_KNOTS.);
#1666 = CARTESIAN_POINT('',(0.,-6.157142857143));
#1667 = CARTESIAN_POINT('',(2.10996089945,-6.184930018407));
#1668 = CARTESIAN_POINT('',(4.237025163291,-6.212942422681));
#1669 = CARTESIAN_POINT('',(6.381197015348,-6.241180125592));
#1670 = CARTESIAN_POINT('',(8.542455954093,-6.269642857143));
#1671 = ( GEOMETRIC_REPRESENTATION_CONTEXT(2) 
PARAMETRIC_REPRESENTATION_CONTEXT() REPRESENTATION_CONTEXT('2D SPACE',''
  ) );
#1672 = ORIENTED_EDGE('',*,*,#1673,.F.);
#1673 = EDGE_CURVE('',#1674,#1645,#1676,.T.);
#1674 = VERTEX_POINT('',#1675);
#1675 = CARTESIAN_POINT('',(6.458928571428,0.,30.82142857143));
#1676 = SURFACE_CURVE('',#1677,(#1680,#1687),.PCURVE_S1.);
#1677 = B_SPLINE_CURVE_WITH_KNOTS('',1,(#1678,#1679),.UNSPECIFIED.,.F.,
  .F.,(2,2),(0.,1.),.PIECEWISE_BEZIER_KNOTS.);
#1678 = CARTESIAN_POINT('',(8.,0.,0.));
#1679 = CARTESIAN_POINT('',(4.5,0.,70.));
#1680 = PCURVE('',#126,#1681);
#1681 = DEFINITIONAL_REPRESENTATION('',(#1682),#1686);
#1682 = LINE('',#1683,#1684);
#1683 = CARTESIAN_POINT('',(0.,0.));
#1684 = VECTOR('',#1685,1.);
#1685 = DIRECTION('',(0.,1.));
#1686 = ( GEOMETRIC_REPRESENTATION_CONTEXT(2) 
PARAMETRIC_REPRESENTATION_CONTEXT() REPRESENTATION_CONTEXT('2D SPACE',''
  ) );
#1687 = PCURVE('',#766,#1688);
#1688 = DEFINITIONAL_REPRESENTATION('',(#1689),#1692);
#1689 = B_SPLINE_CURVE_WITH_KNOTS('',1,(#1690,#1691),.UNSPECIFIED.,.F.,
  .F.,(2,2),(0.,1.),.PIECEWISE_BEZIER_KNOTS.);
#1690 = CARTESIAN_POINT('',(8.,-35.));
#1691 = CARTESIAN_POINT('',(4.5,35.));
#1692 = ( GEOMETRIC_REPRESENTATION_CONTEXT(2) 
PARAMETRIC_REPRESENTATION_CONTEXT() REPRESENTATION_CONTEXT('2D SPACE',''
  ) );
#1693 = ORIENTED_EDGE('',*,*,#1694,.F.);
#1694 = EDGE_CURVE('',#1695,#1674,#1697,.T.);
#1695 = VERTEX_POINT('',#1696);
#1696 = CARTESIAN_POINT('',(6.571428571429,8.951020408163,
    28.571428571429));
#1697 = SURFACE_CURVE('',#1698,(#1704,#1713),.PCURVE_S1.);
#1698 = B_SPLINE_CURVE_WITH_KNOTS('',4,(#1699,#1700,#1701,#1702,#1703),
  .UNSPECIFIED.,.F.,.F.,(5,5),(0.,1.),.PIECEWISE_BEZIER_KNOTS.);
#1699 = CARTESIAN_POINT('',(6.571428571429,8.951020408163,
    28.571428571429));
#1700 = CARTESIAN_POINT('',(6.542998750553,6.689012347242,
    29.140024988931));
#1701 = CARTESIAN_POINT('',(6.514771728815,4.443139923777,
    29.704565423694));
#1702 = CARTESIAN_POINT('',(6.486748196089,2.21345802737,30.265036078229
    ));
#1703 = CARTESIAN_POINT('',(6.458928571429,0.,30.821428571429));
#1704 = PCURVE('',#126,#1705);
#1705 = DEFINITIONAL_REPRESENTATION('',(#1706),#1712);
#1706 = B_SPLINE_CURVE_WITH_KNOTS('',4,(#1707,#1708,#1709,#1710,#1711),
  .UNSPECIFIED.,.F.,.F.,(5,5),(0.,1.),.PIECEWISE_BEZIER_KNOTS.);
#1707 = CARTESIAN_POINT('',(11.028626627053,0.408163265306));
#1708 = CARTESIAN_POINT('',(8.292530656206,0.41628607127));
#1709 = CARTESIAN_POINT('',(5.542249694771,0.424350934624));
#1710 = CARTESIAN_POINT('',(2.777997760682,0.43235765826));
#1711 = CARTESIAN_POINT('',(0.,0.440306122449));
#1712 = ( GEOMETRIC_REPRESENTATION_CONTEXT(2) 
PARAMETRIC_REPRESENTATION_CONTEXT() REPRESENTATION_CONTEXT('2D SPACE',''
  ) );
#1713 = PCURVE('',#737,#1714);
#1714 = DEFINITIONAL_REPRESENTATION('',(#1715),#1721);
#1715 = B_SPLINE_CURVE_WITH_KNOTS('',4,(#1716,#1717,#1718,#1719,#1720),
  .UNSPECIFIED.,.F.,.F.,(5,5),(0.,1.),.PIECEWISE_BEZIER_KNOTS.);
#1716 = CARTESIAN_POINT('',(9.229478118905,-6.571428571429));
#1717 = CARTESIAN_POINT('',(6.897101143872,-6.542998750553));
#1718 = CARTESIAN_POINT('',(4.581361770591,-6.514771728815));
#1719 = CARTESIAN_POINT('',(2.282316596228,-6.486748196089));
#1720 = CARTESIAN_POINT('',(0.,-6.458928571429));
#1721 = ( GEOMETRIC_REPRESENTATION_CONTEXT(2) 
PARAMETRIC_REPRESENTATION_CONTEXT() REPRESENTATION_CONTEXT('2D SPACE',''
  ) );
#1722 = ORIENTED_EDGE('',*,*,#1723,.T.);
#1723 = EDGE_CURVE('',#1695,#1724,#1726,.T.);
#1724 = VERTEX_POINT('',#1725);
#1725 = CARTESIAN_POINT('',(6.683928571428,0.,26.321428571429));
#1726 = SURFACE_CURVE('',#1727,(#1733,#1742),.PCURVE_S1.);
#1727 = B_SPLINE_CURVE_WITH_KNOTS('',4,(#1728,#1729,#1730,#1731,#1732),
  .UNSPECIFIED.,.F.,.F.,(5,5),(0.,1.),.PIECEWISE_BEZIER_KNOTS.);
#1728 = CARTESIAN_POINT('',(6.571428571429,8.951020408163,
    28.571428571429));
#1729 = CARTESIAN_POINT('',(6.5992537321,6.737121910143,28.014925358007)
  );
#1730 = CARTESIAN_POINT('',(6.627279098939,4.507294083273,
    27.454418021225));
#1731 = CARTESIAN_POINT('',(6.65550426628,2.261569204226,26.889914674406
    ));
#1732 = CARTESIAN_POINT('',(6.683928571429,0.,26.321428571429));
#1733 = PCURVE('',#126,#1734);
#1734 = DEFINITIONAL_REPRESENTATION('',(#1735),#1741);
#1735 = B_SPLINE_CURVE_WITH_KNOTS('',4,(#1736,#1737,#1738,#1739,#1740),
  .UNSPECIFIED.,.F.,.F.,(5,5),(0.,1.),.PIECEWISE_BEZIER_KNOTS.);
#1736 = CARTESIAN_POINT('',(11.028626755512,0.408163265306));
#1737 = CARTESIAN_POINT('',(8.251004509088,0.4002132194));
#1738 = CARTESIAN_POINT('',(5.486883072175,0.392205971732));
#1739 = CARTESIAN_POINT('',(2.736479405626,0.384141638206));
#1740 = CARTESIAN_POINT('',(0.,0.376020408163));
#1741 = ( GEOMETRIC_REPRESENTATION_CONTEXT(2) 
PARAMETRIC_REPRESENTATION_CONTEXT() REPRESENTATION_CONTEXT('2D SPACE',''
  ) );
#1742 = PCURVE('',#700,#1743);
#1743 = DEFINITIONAL_REPRESENTATION('',(#1744),#1750);
#1744 = B_SPLINE_CURVE_WITH_KNOTS('',4,(#1745,#1746,#1747,#1748,#1749),
  .UNSPECIFIED.,.F.,.F.,(5,5),(0.,1.),.PIECEWISE_BEZIER_KNOTS.);
#1745 = CARTESIAN_POINT('',(0.,-6.571428571429));
#1746 = CARTESIAN_POINT('',(2.2827707695,-6.5992537321));
#1747 = CARTESIAN_POINT('',(4.581966414084,-6.627279098939));
#1748 = CARTESIAN_POINT('',(6.89755365298,-6.65550426628));
#1749 = CARTESIAN_POINT('',(9.229478118905,-6.683928571429));
#1750 = ( GEOMETRIC_REPRESENTATION_CONTEXT(2) 
PARAMETRIC_REPRESENTATION_CONTEXT() REPRESENTATION_CONTEXT('2D SPACE',''
  ) );
#1751 = ORIENTED_EDGE('',*,*,#1752,.F.);
#1752 = EDGE_CURVE('',#1753,#1724,#1755,.T.);
#1753 = VERTEX_POINT('',#1754);
#1754 = CARTESIAN_POINT('',(6.873214285714,0.,22.535714285713));
#1755 = SURFACE_CURVE('',#1756,(#1759,#1766),.PCURVE_S1.);
#1756 = B_SPLINE_CURVE_WITH_KNOTS('',1,(#1757,#1758),.UNSPECIFIED.,.F.,
  .F.,(2,2),(0.,1.),.PIECEWISE_BEZIER_KNOTS.);
#1757 = CARTESIAN_POINT('',(8.,0.,0.));
#1758 = CARTESIAN_POINT('',(4.5,0.,70.));
#1759 = PCURVE('',#126,#1760);
#1760 = DEFINITIONAL_REPRESENTATION('',(#1761),#1765);
#1761 = LINE('',#1762,#1763);
#1762 = CARTESIAN_POINT('',(0.,0.));
#1763 = VECTOR('',#1764,1.);
#1764 = DIRECTION('',(0.,1.));
#1765 = ( GEOMETRIC_REPRESENTATION_CONTEXT(2) 
PARAMETRIC_REPRESENTATION_CONTEXT() REPRESENTATION_CONTEXT('2D SPACE',''
  ) );
#1766 = PCURVE('',#663,#1767);
#1767 = DEFINITIONAL_REPRESENTATION('',(#1768),#1771);
#1768 = B_SPLINE_CURVE_WITH_KNOTS('',1,(#1769,#1770),.UNSPECIFIED.,.F.,
  .F.,(2,2),(0.,1.),.PIECEWISE_BEZIER_KNOTS.);
#1769 = CARTESIAN_POINT('',(8.,-35.));
#1770 = CARTESIAN_POINT('',(4.5,35.));
#1771 = ( GEOMETRIC_REPRESENTATION_CONTEXT(2) 
PARAMETRIC_REPRESENTATION_CONTEXT() REPRESENTATION_CONTEXT('2D SPACE',''
  ) );
#1772 = ORIENTED_EDGE('',*,*,#1773,.F.);
#1773 = EDGE_CURVE('',#1218,#1753,#1774,.T.);
#1774 = SURFACE_CURVE('',#1775,(#1781,#1790),.PCURVE_S1.);
#1775 = B_SPLINE_CURVE_WITH_KNOTS('',4,(#1776,#1777,#1778,#1779,#1780),
  .UNSPECIFIED.,.F.,.F.,(5,5),(0.,1.),.PIECEWISE_BEZIER_KNOTS.);
#1776 = CARTESIAN_POINT('',(6.985714285714,9.661224489796,
    20.285714285714));
#1777 = CARTESIAN_POINT('',(6.95731848289,7.222662483983,20.853630342201
    ));
#1778 = CARTESIAN_POINT('',(6.929102624908,4.79955370059,21.417947501832
    ));
#1779 = CARTESIAN_POINT('',(6.901067649304,2.391978652802,
    21.978647013912));
#1780 = CARTESIAN_POINT('',(6.873214285714,0.,22.535714285714));
#1781 = PCURVE('',#126,#1782);
#1782 = DEFINITIONAL_REPRESENTATION('',(#1783),#1789);
#1783 = B_SPLINE_CURVE_WITH_KNOTS('',4,(#1784,#1785,#1786,#1787,#1788),
  .UNSPECIFIED.,.F.,.F.,(5,5),(0.,1.),.PIECEWISE_BEZIER_KNOTS.);
#1784 = CARTESIAN_POINT('',(11.152953949294,0.289795918367));
#1785 = CARTESIAN_POINT('',(8.386079279346,0.297909004889));
#1786 = CARTESIAN_POINT('',(5.604844310643,0.305970678598));
#1787 = CARTESIAN_POINT('',(2.809422700903,0.313980671627));
#1788 = CARTESIAN_POINT('',(0.,0.32193877551));
#1789 = ( GEOMETRIC_REPRESENTATION_CONTEXT(2) 
PARAMETRIC_REPRESENTATION_CONTEXT() REPRESENTATION_CONTEXT('2D SPACE',''
  ) );
#1790 = PCURVE('',#634,#1791);
#1791 = DEFINITIONAL_REPRESENTATION('',(#1792),#1798);
#1792 = B_SPLINE_CURVE_WITH_KNOTS('',4,(#1793,#1794,#1795,#1796,#1797),
  .UNSPECIFIED.,.F.,.F.,(5,5),(0.,1.),.PIECEWISE_BEZIER_KNOTS.);
#1793 = CARTESIAN_POINT('',(9.919766057838,-6.985714285714));
#1794 = CARTESIAN_POINT('',(7.415946315243,-6.95731848289));
#1795 = CARTESIAN_POINT('',(4.927993334817,-6.929102624908));
#1796 = CARTESIAN_POINT('',(2.455989784338,-6.901067649304));
#1797 = CARTESIAN_POINT('',(0.,-6.873214285714));
#1798 = ( GEOMETRIC_REPRESENTATION_CONTEXT(2) 
PARAMETRIC_REPRESENTATION_CONTEXT() REPRESENTATION_CONTEXT('2D SPACE',''
  ) );
#1799 = ORIENTED_EDGE('',*,*,#1240,.T.);
#1800 = ADVANCED_FACE('',(#1801),#72,.F.);
#1801 = FACE_BOUND('',#1802,.F.);
#1802 = EDGE_LOOP('',(#1803,#1804,#1805,#1826));
#1803 = ORIENTED_EDGE('',*,*,#56,.T.);
#1804 = ORIENTED_EDGE('',*,*,#505,.T.);
#1805 = ORIENTED_EDGE('',*,*,#1806,.F.);
#1806 = EDGE_CURVE('',#269,#506,#1807,.T.);
#1807 = SURFACE_CURVE('',#1808,(#1812,#1819),.PCURVE_S1.);
#1808 = LINE('',#1809,#1810);
#1809 = CARTESIAN_POINT('',(10.,17.,0.));
#1810 = VECTOR('',#1811,1.);
#1811 = DIRECTION('',(0.,0.,1.));
#1812 = PCURVE('',#72,#1813);
#1813 = DEFINITIONAL_REPRESENTATION('',(#1814),#1818);
#1814 = LINE('',#1815,#1816);
#1815 = CARTESIAN_POINT('',(17.,0.));
#1816 = VECTOR('',#1817,1.);
#1817 = DIRECTION('',(0.,-1.));
#1818 = ( GEOMETRIC_REPRESENTATION_CONTEXT(2) 
PARAMETRIC_REPRESENTATION_CONTEXT() REPRESENTATION_CONTEXT('2D SPACE',''
  ) );
#1819 = PCURVE('',#284,#1820);
#1820 = DEFINITIONAL_REPRESENTATION('',(#1821),#1825);
#1821 = LINE('',#1822,#1823);
#1822 = CARTESIAN_POINT('',(0.,-0.));
#1823 = VECTOR('',#1824,1.);
#1824 = DIRECTION('',(0.,-1.));
#1825 = ( GEOMETRIC_REPRESENTATION_CONTEXT(2) 
PARAMETRIC_REPRESENTATION_CONTEXT() REPRESENTATION_CONTEXT('2D SPACE',''
  ) );
#1826 = ORIENTED_EDGE('',*,*,#296,.F.);
#1827 = ADVANCED_FACE('',(#1828),#284,.F.);
#1828 = FACE_BOUND('',#1829,.F.);
#1829 = EDGE_LOOP('',(#1830,#1831,#1832,#1833));
#1830 = ORIENTED_EDGE('',*,*,#1806,.T.);
#1831 = ORIENTED_EDGE('',*,*,#528,.T.);
#1832 = ORIENTED_EDGE('',*,*,#390,.F.);
#1833 = ORIENTED_EDGE('',*,*,#268,.F.);
#1834 = ADVANCED_FACE('',(#1835),#340,.F.);
#1835 = FACE_BOUND('',#1836,.T.);
#1836 = EDGE_LOOP('',(#1837,#1860,#1887,#1888));
#1837 = ORIENTED_EDGE('',*,*,#1838,.T.);
#1838 = EDGE_CURVE('',#320,#1839,#1841,.T.);
#1839 = VERTEX_POINT('',#1840);
#1840 = CARTESIAN_POINT('',(1.4,8.06,11.));
#1841 = SEAM_CURVE('',#1842,(#1846,#1853),.PCURVE_S1.);
#1842 = LINE('',#1843,#1844);
#1843 = CARTESIAN_POINT('',(1.4,8.06,0.));
#1844 = VECTOR('',#1845,1.);
#1845 = DIRECTION('',(0.,0.,1.));
#1846 = PCURVE('',#340,#1847);
#1847 = DEFINITIONAL_REPRESENTATION('',(#1848),#1852);
#1848 = LINE('',#1849,#1850);
#1849 = CARTESIAN_POINT('',(-0.,0.));
#1850 = VECTOR('',#1851,1.);
#1851 = DIRECTION('',(-0.,-1.));
#1852 = ( GEOMETRIC_REPRESENTATION_CONTEXT(2) 
PARAMETRIC_REPRESENTATION_CONTEXT() REPRESENTATION_CONTEXT('2D SPACE',''
  ) );
#1853 = PCURVE('',#340,#1854);
#1854 = DEFINITIONAL_REPRESENTATION('',(#1855),#1859);
#1855 = LINE('',#1856,#1857);
#1856 = CARTESIAN_POINT('',(-6.28318530718,0.));
#1857 = VECTOR('',#1858,1.);
#1858 = DIRECTION('',(-0.,-1.));
#1859 = ( GEOMETRIC_REPRESENTATION_CONTEXT(2) 
PARAMETRIC_REPRESENTATION_CONTEXT() REPRESENTATION_CONTEXT('2D SPACE',''
  ) );
#1860 = ORIENTED_EDGE('',*,*,#1861,.T.);
#1861 = EDGE_CURVE('',#1839,#1839,#1862,.T.);
#1862 = SURFACE_CURVE('',#1863,(#1868,#1875),.PCURVE_S1.);
#1863 = CIRCLE('',#1864,1.4);
#1864 = AXIS2_PLACEMENT_3D('',#1865,#1866,#1867);
#1865 = CARTESIAN_POINT('',(0.,8.06,11.));
#1866 = DIRECTION('',(0.,0.,1.));
#1867 = DIRECTION('',(1.,0.,0.));
#1868 = PCURVE('',#340,#1869);
#1869 = DEFINITIONAL_REPRESENTATION('',(#1870),#1874);
#1870 = LINE('',#1871,#1872);
#1871 = CARTESIAN_POINT('',(-0.,-11.));
#1872 = VECTOR('',#1873,1.);
#1873 = DIRECTION('',(-1.,0.));
#1874 = ( GEOMETRIC_REPRESENTATION_CONTEXT(2) 
PARAMETRIC_REPRESENTATION_CONTEXT() REPRESENTATION_CONTEXT('2D SPACE',''
  ) );
#1875 = PCURVE('',#1876,#1881);
#1876 = PLANE('',#1877);
#1877 = AXIS2_PLACEMENT_3D('',#1878,#1879,#1880);
#1878 = CARTESIAN_POINT('',(-9.156965173255E-17,8.06,11.));
#1879 = DIRECTION('',(0.,0.,1.));
#1880 = DIRECTION('',(1.,0.,-0.));
#1881 = DEFINITIONAL_REPRESENTATION('',(#1882),#1886);
#1882 = CIRCLE('',#1883,1.4);
#1883 = AXIS2_PLACEMENT_2D('',#1884,#1885);
#1884 = CARTESIAN_POINT('',(9.156965173255E-17,1.7763568394E-15));
#1885 = DIRECTION('',(1.,0.));
#1886 = ( GEOMETRIC_REPRESENTATION_CONTEXT(2) 
PARAMETRIC_REPRESENTATION_CONTEXT() REPRESENTATION_CONTEXT('2D SPACE',''
  ) );
#1887 = ORIENTED_EDGE('',*,*,#1838,.F.);
#1888 = ORIENTED_EDGE('',*,*,#319,.F.);
#1889 = ADVANCED_FACE('',(#1890),#375,.F.);
#1890 = FACE_BOUND('',#1891,.T.);
#1891 = EDGE_LOOP('',(#1892,#1893,#1914,#1915));
#1892 = ORIENTED_EDGE('',*,*,#354,.F.);
#1893 = ORIENTED_EDGE('',*,*,#1894,.T.);
#1894 = EDGE_CURVE('',#355,#1272,#1895,.T.);
#1895 = SEAM_CURVE('',#1896,(#1900,#1907),.PCURVE_S1.);
#1896 = LINE('',#1897,#1898);
#1897 = CARTESIAN_POINT('',(0.9,2.2,0.));
#1898 = VECTOR('',#1899,1.);
#1899 = DIRECTION('',(0.,0.,1.));
#1900 = PCURVE('',#375,#1901);
#1901 = DEFINITIONAL_REPRESENTATION('',(#1902),#1906);
#1902 = LINE('',#1903,#1904);
#1903 = CARTESIAN_POINT('',(-6.28318530718,0.));
#1904 = VECTOR('',#1905,1.);
#1905 = DIRECTION('',(-0.,-1.));
#1906 = ( GEOMETRIC_REPRESENTATION_CONTEXT(2) 
PARAMETRIC_REPRESENTATION_CONTEXT() REPRESENTATION_CONTEXT('2D SPACE',''
  ) );
#1907 = PCURVE('',#375,#1908);
#1908 = DEFINITIONAL_REPRESENTATION('',(#1909),#1913);
#1909 = LINE('',#1910,#1911);
#1910 = CARTESIAN_POINT('',(-0.,0.));
#1911 = VECTOR('',#1912,1.);
#1912 = DIRECTION('',(-0.,-1.));
#1913 = ( GEOMETRIC_REPRESENTATION_CONTEXT(2) 
PARAMETRIC_REPRESENTATION_CONTEXT() REPRESENTATION_CONTEXT('2D SPACE',''
  ) );
#1914 = ORIENTED_EDGE('',*,*,#1271,.F.);
#1915 = ORIENTED_EDGE('',*,*,#1894,.F.);
#1916 = ADVANCED_FACE('',(#1917,#1942),#475,.T.);
#1917 = FACE_BOUND('',#1918,.T.);
#1918 = EDGE_LOOP('',(#1919,#1920,#1921,#1922));
#1919 = ORIENTED_EDGE('',*,*,#1313,.F.);
#1920 = ORIENTED_EDGE('',*,*,#461,.F.);
#1921 = ORIENTED_EDGE('',*,*,#552,.T.);
#1922 = ORIENTED_EDGE('',*,*,#1923,.F.);
#1923 = EDGE_CURVE('',#1314,#553,#1924,.T.);
#1924 = SURFACE_CURVE('',#1925,(#1929,#1935),.PCURVE_S1.);
#1925 = LINE('',#1926,#1927);
#1926 = CARTESIAN_POINT('',(4.5,7.,70.));
#1927 = VECTOR('',#1928,1.);
#1928 = DIRECTION('',(-1.,0.,0.));
#1929 = PCURVE('',#475,#1930);
#1930 = DEFINITIONAL_REPRESENTATION('',(#1931),#1934);
#1931 = B_SPLINE_CURVE_WITH_KNOTS('',1,(#1932,#1933),.UNSPECIFIED.,.F.,
  .F.,(2,2),(0.,9.),.PIECEWISE_BEZIER_KNOTS.);
#1932 = CARTESIAN_POINT('',(0.,1.));
#1933 = CARTESIAN_POINT('',(16.,1.));
#1934 = ( GEOMETRIC_REPRESENTATION_CONTEXT(2) 
PARAMETRIC_REPRESENTATION_CONTEXT() REPRESENTATION_CONTEXT('2D SPACE',''
  ) );
#1935 = PCURVE('',#1202,#1936);
#1936 = DEFINITIONAL_REPRESENTATION('',(#1937),#1941);
#1937 = LINE('',#1938,#1939);
#1938 = CARTESIAN_POINT('',(11.401754250991,-8.881784197001E-16));
#1939 = VECTOR('',#1940,1.);
#1940 = DIRECTION('',(-0.789352217376,-0.613940613515));
#1941 = ( GEOMETRIC_REPRESENTATION_CONTEXT(2) 
PARAMETRIC_REPRESENTATION_CONTEXT() REPRESENTATION_CONTEXT('2D SPACE',''
  ) );
#1942 = FACE_BOUND('',#1943,.T.);
#1943 = EDGE_LOOP('',(#1944));
#1944 = ORIENTED_EDGE('',*,*,#1945,.T.);
#1945 = EDGE_CURVE('',#1946,#1946,#1948,.T.);
#1946 = VERTEX_POINT('',#1947);
#1947 = CARTESIAN_POINT('',(0.9,7.428571428571,65.));
#1948 = SURFACE_CURVE('',#1949,(#2043,#2182),.PCURVE_S1.);
#1949 = B_SPLINE_CURVE_WITH_KNOTS('',8,(#1950,#1951,#1952,#1953,#1954,
    #1955,#1956,#1957,#1958,#1959,#1960,#1961,#1962,#1963,#1964,#1965,
    #1966,#1967,#1968,#1969,#1970,#1971,#1972,#1973,#1974,#1975,#1976,
    #1977,#1978,#1979,#1980,#1981,#1982,#1983,#1984,#1985,#1986,#1987,
    #1988,#1989,#1990,#1991,#1992,#1993,#1994,#1995,#1996,#1997,#1998,
    #1999,#2000,#2001,#2002,#2003,#2004,#2005,#2006,#2007,#2008,#2009,
    #2010,#2011,#2012,#2013,#2014,#2015,#2016,#2017,#2018,#2019,#2020,
    #2021,#2022,#2023,#2024,#2025,#2026,#2027,#2028,#2029,#2030,#2031,
    #2032,#2033,#2034,#2035,#2036,#2037,#2038,#2039,#2040,#2041,#2042),
  .UNSPECIFIED.,.T.,.F.,(9,7,7,7,7,7,7,7,7,7,7,7,7,9),(0.,1.,
    5.986160987707,8.914243284809,19.281612676816,27.077693807196,
    29.616190099079,35.66969567947,41.090873753085,46.247336256746,
    48.822795082796,56.875865012649,67.472721407102,75.640578477635),
  .UNSPECIFIED.);
#1950 = CARTESIAN_POINT('',(0.9,7.428571428571,65.));
#1951 = CARTESIAN_POINT('',(0.9,7.427687424445,65.01031338148));
#1952 = CARTESIAN_POINT('',(0.899864942108,7.427357291726,
    65.014164929867));
#1953 = CARTESIAN_POINT('',(0.899890936269,7.427218255579,
    65.015787018241));
#1954 = CARTESIAN_POINT('',(0.899804239482,7.427010899355,
    65.018206174196));
#1955 = CARTESIAN_POINT('',(0.899748997696,7.42657880762,65.023247244432
    ));
#1956 = CARTESIAN_POINT('',(0.899558043432,7.425868741754,
    65.031531346207));
#1957 = CARTESIAN_POINT('',(0.899075438588,7.424930642035,
    65.042475842923));
#1958 = CARTESIAN_POINT('',(0.894787525821,7.418852450109,
    65.113388082058));
#1959 = CARTESIAN_POINT('',(0.88679559391,7.413838253249,65.171887045426
    ));
#1960 = CARTESIAN_POINT('',(0.874519360156,7.408953158889,
    65.228879812957));
#1961 = CARTESIAN_POINT('',(0.85835189202,7.404254354256,65.283699200342
    ));
#1962 = CARTESIAN_POINT('',(0.838783056653,7.399779540064,
    65.335905365918));
#1963 = CARTESIAN_POINT('',(0.816313890139,7.395550691475,
    65.385241932789));
#1964 = CARTESIAN_POINT('',(0.791411304008,7.39157753921,65.431595375881
    ));
#1965 = CARTESIAN_POINT('',(0.748647115418,7.385677758842,
    65.500426146847));
#1966 = CARTESIAN_POINT('',(0.732112484115,7.383582013859,
    65.524876504973));
#1967 = CARTESIAN_POINT('',(0.714937415331,7.381572762152,
    65.548317774888));
#1968 = CARTESIAN_POINT('',(0.697187805206,7.379648999134,
    65.570761676773));
#1969 = CARTESIAN_POINT('',(0.678922802049,7.377809343248,
    65.592224328775));
#1970 = CARTESIAN_POINT('',(0.660194620722,7.376052123047,
    65.612725231113));
#1971 = CARTESIAN_POINT('',(0.641048357035,7.37437546427,65.632286250181
    ));
#1972 = CARTESIAN_POINT('',(0.552384740041,7.367119079011,
    65.716944078209));
#1973 = CARTESIAN_POINT('',(0.47865521451,7.362459998275,65.771300020125
    ));
#1974 = CARTESIAN_POINT('',(0.401843880537,7.358686270679,
    65.815326842076));
#1975 = CARTESIAN_POINT('',(0.322934521452,7.355739331284,
    65.849707801689));
#1976 = CARTESIAN_POINT('',(0.242713961236,7.353566463326,
    65.875057927862));
#1977 = CARTESIAN_POINT('',(0.161725406651,7.352133879519,
    65.891771405612));
#1978 = CARTESIAN_POINT('',(8.035145726905E-02,7.351419482227,
    65.900106040681));
#1979 = CARTESIAN_POINT('',(-6.248863666826E-02,7.351435522335,
    65.899918906094));
#1980 = CARTESIAN_POINT('',(-0.123767742512,7.351851520994,
    65.895065588404));
#1981 = CARTESIAN_POINT('',(-0.184869100821,7.352676119796,
    65.885445269048));
#1982 = CARTESIAN_POINT('',(-0.245617531253,7.353915208691,
    65.87098923194));
#1983 = CARTESIAN_POINT('',(-0.305799237198,7.355580019948,
    65.851566433938));
#1984 = CARTESIAN_POINT('',(-0.36515785033,7.357686286272,
    65.826993326824));
#1985 = CARTESIAN_POINT('',(-0.423383331381,7.360255505624,
    65.797019101048));
#1986 = CARTESIAN_POINT('',(-0.4985408394,7.364318100631,65.749622159305
    ));
#1987 = CARTESIAN_POINT('',(-0.516836484153,7.365368356163,
    65.737369178096));
#1988 = CARTESIAN_POINT('',(-0.534952010217,7.36647200247,
    65.724493304513));
#1989 = CARTESIAN_POINT('',(-0.552870732459,7.367630120187,
    65.710981931154));
#1990 = CARTESIAN_POINT('',(-0.570573901022,7.368843833803,
    65.696821938962));
#1991 = CARTESIAN_POINT('',(-0.588040599078,7.37011431086,65.68199970663
    ));
#1992 = CARTESIAN_POINT('',(-0.605247640595,7.371442761143,
    65.666501119998));
#1993 = CARTESIAN_POINT('',(-0.662522639987,7.376139598377,
    65.611704685607));
#1994 = CARTESIAN_POINT('',(-0.701223344557,7.379783084478,
    65.56919734776));
#1995 = CARTESIAN_POINT('',(-0.737987765052,7.383781702497,
    65.522546804197));
#1996 = CARTESIAN_POINT('',(-0.772343264242,7.388152794887,
    65.471550726324));
#1997 = CARTESIAN_POINT('',(-0.803661886242,7.392904780551,
    65.416110893576));
#1998 = CARTESIAN_POINT('',(-0.831171147576,7.398032341507,
    65.356289349084));
#1999 = CARTESIAN_POINT('',(-0.854008425075,7.403508991694,
    65.292395096905));
#2000 = CARTESIAN_POINT('',(-0.886946950571,7.414436372149,
    65.164908991597));
#2001 = CARTESIAN_POINT('',(-0.898162336406,7.419840797469,
    65.101857362862));
#2002 = CARTESIAN_POINT('',(-0.904285187191,7.425395701151,
    65.037050153235));
#2003 = CARTESIAN_POINT('',(-0.904944634339,7.431005325832,
    64.971604531958));
#2004 = CARTESIAN_POINT('',(-0.900110460283,7.43657498084,
    64.906625223536));
#2005 = CARTESIAN_POINT('',(-0.890058510704,7.442015648991,
    64.843150761773));
#2006 = CARTESIAN_POINT('',(-0.875336217888,7.447247716683,
    64.782109972027));
#2007 = CARTESIAN_POINT('',(-0.839028878364,7.456917931511,
    64.669290799042));
#2008 = CARTESIAN_POINT('',(-0.817746607209,7.461400306913,
    64.616996419353));
#2009 = CARTESIAN_POINT('',(-0.793371531521,7.465626599448,
    64.567689673111));
#2010 = CARTESIAN_POINT('',(-0.766390052276,7.469586156535,
    64.521494840421));
#2011 = CARTESIAN_POINT('',(-0.737237275163,7.473277502367,
    64.478429139053));
#2012 = CARTESIAN_POINT('',(-0.706277053132,7.476705527794,
    64.438435509066));
#2013 = CARTESIAN_POINT('',(-0.673794061483,7.479879442214,
    64.401406507505));
#2014 = CARTESIAN_POINT('',(-0.623094612067,7.484274505245,
    64.350130772138));
#2015 = CARTESIAN_POINT('',(-0.605880496093,7.485677465868,
    64.333762898207));
#2016 = CARTESIAN_POINT('',(-0.58836800653,7.487020579084,
    64.318093244017));
#2017 = CARTESIAN_POINT('',(-0.570582699778,7.488304979787,
    64.303108569156));
#2018 = CARTESIAN_POINT('',(-0.552547741201,7.48953177345,64.28879597642
    ));
#2019 = CARTESIAN_POINT('',(-0.534284003075,7.49070203418,
    64.275142934569));
#2020 = CARTESIAN_POINT('',(-0.515810162555,7.491816802765,
    64.262137301078));
#2021 = CARTESIAN_POINT('',(-0.438772781231,7.496192425923,
    64.211088364236));
#2022 = CARTESIAN_POINT('',(-0.378545726837,7.498973058509,
    64.178647650732));
#2023 = CARTESIAN_POINT('',(-0.31693391547,7.50125273933,64.152051374485
    ));
#2024 = CARTESIAN_POINT('',(-0.254310159638,7.503053391728,
    64.131043763171));
#2025 = CARTESIAN_POINT('',(-0.190986376175,7.504391129867,
    64.115436818213));
#2026 = CARTESIAN_POINT('',(-0.127226027086,7.505277599774,
    64.105094669304));
#2027 = CARTESIAN_POINT('',(-6.324810382159E-02,7.505718889176,
    64.099946292943));
#2028 = CARTESIAN_POINT('',(8.498608573297E-02,7.505708164478,
    64.100071414425));
#2029 = CARTESIAN_POINT('',(0.169032324665,7.504929908134,
    64.109151071771));
#2030 = CARTESIAN_POINT('',(0.252598697776,7.503385259933,
    64.127171967446));
#2031 = CARTESIAN_POINT('',(0.335215997517,7.501051185214,
    64.154402839171));
#2032 = CARTESIAN_POINT('',(0.416238766443,7.497893687045,
    64.191240317807));
#2033 = CARTESIAN_POINT('',(0.494749484872,7.493859937328,
    64.238300731179));
#2034 = CARTESIAN_POINT('',(0.569624393124,7.488893943849,
    64.296237321758));
#2035 = CARTESIAN_POINT('',(0.69274841379,7.478248343306,64.420435994767
    ));
#2036 = CARTESIAN_POINT('',(0.743181057269,7.47299195571,64.481760516718
    ));
#2037 = CARTESIAN_POINT('',(0.789588445551,7.4670667285,64.550888167497)
  );
#2038 = CARTESIAN_POINT('',(0.830513574893,7.460445806964,
    64.628132252085));
#2039 = CARTESIAN_POINT('',(0.86398408449,7.453146543314,64.713290328004
    ));
#2040 = CARTESIAN_POINT('',(0.887866588842,7.445253134179,
    64.805380101249));
#2041 = CARTESIAN_POINT('',(0.9,7.436949843363,64.902251827437));
#2042 = CARTESIAN_POINT('',(0.9,7.428571428571,65.));
#2043 = PCURVE('',#475,#2044);
#2044 = DEFINITIONAL_REPRESENTATION('',(#2045),#2181);
#2045 = B_SPLINE_CURVE_WITH_KNOTS('',3,(#2046,#2047,#2048,#2049,#2050,
    #2051,#2052,#2053,#2054,#2055,#2056,#2057,#2058,#2059,#2060,#2061,
    #2062,#2063,#2064,#2065,#2066,#2067,#2068,#2069,#2070,#2071,#2072,
    #2073,#2074,#2075,#2076,#2077,#2078,#2079,#2080,#2081,#2082,#2083,
    #2084,#2085,#2086,#2087,#2088,#2089,#2090,#2091,#2092,#2093,#2094,
    #2095,#2096,#2097,#2098,#2099,#2100,#2101,#2102,#2103,#2104,#2105,
    #2106,#2107,#2108,#2109,#2110,#2111,#2112,#2113,#2114,#2115,#2116,
    #2117,#2118,#2119,#2120,#2121,#2122,#2123,#2124,#2125,#2126,#2127,
    #2128,#2129,#2130,#2131,#2132,#2133,#2134,#2135,#2136,#2137,#2138,
    #2139,#2140,#2141,#2142,#2143,#2144,#2145,#2146,#2147,#2148,#2149,
    #2150,#2151,#2152,#2153,#2154,#2155,#2156,#2157,#2158,#2159,#2160,
    #2161,#2162,#2163,#2164,#2165,#2166,#2167,#2168,#2169,#2170,#2171,
    #2172,#2173,#2174,#2175,#2176,#2177,#2178,#2179,#2180),
  .UNSPECIFIED.,.T.,.F.,(4,1,1,1,1,1,1,1,1,1,1,1,1,1,1,1,1,1,1,1,1,1,1,1
    ,1,1,1,1,1,1,1,1,1,1,1,1,1,1,1,1,1,1,1,1,1,1,1,1,1,1,1,1,1,1,1,1,1,1
    ,1,1,1,1,1,1,1,1,1,1,1,1,1,1,1,1,1,1,1,1,1,1,1,1,1,1,1,1,1,1,1,1,1,1
    ,1,1,1,1,1,1,1,1,1,1,1,1,1,1,1,1,1,1,1,1,1,1,1,1,1,1,1,1,1,1,1,1,1,1
    ,1,1,1,1,1,1,4),(0.,0.573034685437,1.146069370873,1.71910405631,
    2.292138741747,2.865173427183,3.43820811262,4.011242798056,
    4.584277483493,5.15731216893,5.730346854366,6.303381539803,
    6.87641622524,7.449450910676,8.022485596113,8.595520281549,
    9.168554966986,9.741589652423,10.314624337859,10.887659023296,
    11.460693708733,12.033728394169,12.606763079606,13.179797765043,
    13.752832450479,14.325867135916,14.898901821352,15.471936506789,
    16.044971192226,16.618005877662,17.191040563099,17.764075248536,
    18.337109933972,18.910144619409,19.483179304845,20.056213990282,
    20.629248675719,21.202283361155,21.775318046592,22.348352732029,
    22.921387417465,23.494422102902,24.067456788338,24.640491473775,
    25.213526159212,25.786560844648,26.359595530085,26.932630215522,
    27.505664900958,28.078699586395,28.651734271832,29.224768957268,
    29.797803642705,30.370838328141,30.943873013578,31.516907699015,
    32.089942384451,32.662977069888,33.236011755325,33.809046440761,
    34.382081126198,34.955115811634,35.528150497071,36.101185182508,
    36.674219867944,37.247254553381,37.820289238818,38.393323924254,
    38.966358609691,39.539393295128,40.112427980564,40.685462666001,
    41.258497351437,41.831532036874,42.404566722311,42.977601407747,
    43.550636093184,44.123670778621,44.696705464057,45.269740149494,
    45.84277483493,46.415809520367,46.988844205804,47.56187889124,
    48.134913576677,48.707948262114,49.28098294755,49.854017632987,
    50.427052318424,51.00008700386,51.573121689297,52.146156374733,
    52.71919106017,53.292225745607,53.865260431043,54.43829511648,
    55.011329801917,55.584364487353,56.15739917279,56.730433858226,
    57.303468543663,57.8765032291,58.449537914536,59.022572599973,
    59.59560728541,60.168641970846,60.741676656283,61.314711341719,
    61.887746027156,62.460780712593,63.033815398029,63.606850083466,
    64.179884768903,64.752919454339,65.325954139776,65.898988825213,
    66.472023510649,67.045058196086,67.618092881522,68.191127566959,
    68.764162252396,69.337196937832,69.910231623269,70.483266308706,
    71.056300994142,71.629335679579,72.202370365015,72.775405050452,
    73.348439735889,73.921474421325,74.494509106762,75.067543792199,
    75.640578477635),.QUASI_UNIFORM_KNOTS.);
#2046 = CARTESIAN_POINT('',(6.484210526316,0.928571428571));
#2047 = CARTESIAN_POINT('',(6.484055230136,0.928612186265));
#2048 = CARTESIAN_POINT('',(6.483892871717,0.928854427986));
#2049 = CARTESIAN_POINT('',(6.486385394272,0.929523230038));
#2050 = CARTESIAN_POINT('',(6.49542971618,0.930322623599));
#2051 = CARTESIAN_POINT('',(6.509506243777,0.931071140216));
#2052 = CARTESIAN_POINT('',(6.528695202225,0.931810823648));
#2053 = CARTESIAN_POINT('',(6.552563578795,0.932525050781));
#2054 = CARTESIAN_POINT('',(6.580761102352,0.93321403539));
#2055 = CARTESIAN_POINT('',(6.612885677157,0.933874495141));
#2056 = CARTESIAN_POINT('',(6.648539706035,0.934504993051));
#2057 = CARTESIAN_POINT('',(6.687334668216,0.935104430644));
#2058 = CARTESIAN_POINT('',(6.728896594914,0.935672275099));
#2059 = CARTESIAN_POINT('',(6.772944152842,0.936209182859));
#2060 = CARTESIAN_POINT('',(6.819194498356,0.936715521857));
#2061 = CARTESIAN_POINT('',(6.867395803189,0.937191867529));
#2062 = CARTESIAN_POINT('',(6.917321572836,0.937638884723));
#2063 = CARTESIAN_POINT('',(6.968782895199,0.938057387735));
#2064 = CARTESIAN_POINT('',(7.021561084992,0.938447830017));
#2065 = CARTESIAN_POINT('',(7.075525699542,0.938811218502));
#2066 = CARTESIAN_POINT('',(7.130551044119,0.939148380484));
#2067 = CARTESIAN_POINT('',(7.186523424252,0.939460071607));
#2068 = CARTESIAN_POINT('',(7.243337783709,0.939746966341));
#2069 = CARTESIAN_POINT('',(7.300897456912,0.940009675444));
#2070 = CARTESIAN_POINT('',(7.359113307883,0.940248752455));
#2071 = CARTESIAN_POINT('',(7.417903210682,0.940464700049));
#2072 = CARTESIAN_POINT('',(7.47719157659,0.940657973932));
#2073 = CARTESIAN_POINT('',(7.536908974602,0.940828985384));
#2074 = CARTESIAN_POINT('',(7.596991801762,0.940978102538));
#2075 = CARTESIAN_POINT('',(7.657382004442,0.941105650657));
#2076 = CARTESIAN_POINT('',(7.718026788964,0.941211911574));
#2077 = CARTESIAN_POINT('',(7.778878491958,0.94129712227));
#2078 = CARTESIAN_POINT('',(7.839893941197,0.941361472868));
#2079 = CARTESIAN_POINT('',(7.901035789655,0.941405103006));
#2080 = CARTESIAN_POINT('',(7.96226656274,0.941428099927));
#2081 = CARTESIAN_POINT('',(8.023570002897,0.941430485082));
#2082 = CARTESIAN_POINT('',(8.084847446153,0.941412240887));
#2083 = CARTESIAN_POINT('',(8.146057485415,0.94137334117));
#2084 = CARTESIAN_POINT('',(8.207159995199,0.941313702879));
#2085 = CARTESIAN_POINT('',(8.268110921229,0.941233198079));
#2086 = CARTESIAN_POINT('',(8.328863411101,0.941131652909));
#2087 = CARTESIAN_POINT('',(8.389367249779,0.941008849301));
#2088 = CARTESIAN_POINT('',(8.449568739471,0.940864525036));
#2089 = CARTESIAN_POINT('',(8.509410434905,0.940698373148));
#2090 = CARTESIAN_POINT('',(8.568830883173,0.940510040191));
#2091 = CARTESIAN_POINT('',(8.627764293099,0.940299123397));
#2092 = CARTESIAN_POINT('',(8.68614021778,0.940065166234));
#2093 = CARTESIAN_POINT('',(8.743882923369,0.939807653399));
#2094 = CARTESIAN_POINT('',(8.800911601046,0.939526000739));
#2095 = CARTESIAN_POINT('',(8.857137054309,0.939219556178));
#2096 = CARTESIAN_POINT('',(8.912441127602,0.938887719753));
#2097 = CARTESIAN_POINT('',(8.966709161007,0.938529765828));
#2098 = CARTESIAN_POINT('',(9.019805637075,0.938144968119));
#2099 = CARTESIAN_POINT('',(9.071584251695,0.93773252399));
#2100 = CARTESIAN_POINT('',(9.121858339774,0.93729180742));
#2101 = CARTESIAN_POINT('',(9.170455889209,0.936821900376));
#2102 = CARTESIAN_POINT('',(9.217163109725,0.936322031691));
#2103 = CARTESIAN_POINT('',(9.261730233248,0.935791612454));
#2104 = CARTESIAN_POINT('',(9.30387343565,0.93523028669));
#2105 = CARTESIAN_POINT('',(9.343278289853,0.934637983095));
#2106 = CARTESIAN_POINT('',(9.379603844685,0.934014967631));
#2107 = CARTESIAN_POINT('',(9.412487365055,0.933361920967));
#2108 = CARTESIAN_POINT('',(9.441552305097,0.932679953966));
#2109 = CARTESIAN_POINT('',(9.466410982498,0.931970893356));
#2110 = CARTESIAN_POINT('',(9.486695279661,0.931236604864));
#2111 = CARTESIAN_POINT('',(9.502008510438,0.930481346149));
#2112 = CARTESIAN_POINT('',(9.512015592568,0.92971171328));
#2113 = CARTESIAN_POINT('',(9.516522666503,0.928933787793));
#2114 = CARTESIAN_POINT('',(9.515450467789,0.928153739919));
#2115 = CARTESIAN_POINT('',(9.50883428021,0.927377584845));
#2116 = CARTESIAN_POINT('',(9.496815828792,0.926611148399));
#2117 = CARTESIAN_POINT('',(9.479641022009,0.925860066628));
#2118 = CARTESIAN_POINT('',(9.457642678904,0.925129465058));
#2119 = CARTESIAN_POINT('',(9.431277901997,0.924424909965));
#2120 = CARTESIAN_POINT('',(9.400937936781,0.923748020954));
#2121 = CARTESIAN_POINT('',(9.366982743009,0.92309973885));
#2122 = CARTESIAN_POINT('',(9.329785219124,0.922481143154));
#2123 = CARTESIAN_POINT('',(9.28969128556,0.921892732929));
#2124 = CARTESIAN_POINT('',(9.247024079981,0.921334698342));
#2125 = CARTESIAN_POINT('',(9.2020779464,0.920806920195));
#2126 = CARTESIAN_POINT('',(9.155115335934,0.920309028175));
#2127 = CARTESIAN_POINT('',(9.106367098586,0.919840465646));
#2128 = CARTESIAN_POINT('',(9.056019776822,0.919400447015));
#2129 = CARTESIAN_POINT('',(9.004260411328,0.918988379853));
#2130 = CARTESIAN_POINT('',(8.951250927946,0.918603595762));
#2131 = CARTESIAN_POINT('',(8.89713162873,0.918245406262));
#2132 = CARTESIAN_POINT('',(8.842026852754,0.917913147065));
#2133 = CARTESIAN_POINT('',(8.786050937959,0.917606206689));
#2134 = CARTESIAN_POINT('',(8.729311709777,0.917324029482));
#2135 = CARTESIAN_POINT('',(8.671888966926,0.917066011842));
#2136 = CARTESIAN_POINT('',(8.613861782858,0.916831646115));
#2137 = CARTESIAN_POINT('',(8.55530248138,0.916620474597));
#2138 = CARTESIAN_POINT('',(8.496278878343,0.916432093379));
#2139 = CARTESIAN_POINT('',(8.436854213853,0.916266144799));
#2140 = CARTESIAN_POINT('',(8.377087619818,0.916122314715));
#2141 = CARTESIAN_POINT('',(8.317034384466,0.916000330096));
#2142 = CARTESIAN_POINT('',(8.256746187626,0.915899957931));
#2143 = CARTESIAN_POINT('',(8.196271414966,0.915821005086));
#2144 = CARTESIAN_POINT('',(8.135655009631,0.915763318768));
#2145 = CARTESIAN_POINT('',(8.074939984422,0.915726788507));
#2146 = CARTESIAN_POINT('',(8.014162708643,0.91571134547));
#2147 = CARTESIAN_POINT('',(7.953371455381,0.915716974136));
#2148 = CARTESIAN_POINT('',(7.892659811326,0.915743655184));
#2149 = CARTESIAN_POINT('',(7.832041544258,0.915791413629));
#2150 = CARTESIAN_POINT('',(7.771553797822,0.915860334804));
#2151 = CARTESIAN_POINT('',(7.711232947438,0.915950553174));
#2152 = CARTESIAN_POINT('',(7.651121287948,0.916062249697));
#2153 = CARTESIAN_POINT('',(7.591265489691,0.916195648194));
#2154 = CARTESIAN_POINT('',(7.53171728247,0.91635101308));
#2155 = CARTESIAN_POINT('',(7.472533562675,0.916528647708));
#2156 = CARTESIAN_POINT('',(7.413776678311,0.916728893497));
#2157 = CARTESIAN_POINT('',(7.355514698339,0.916952129851));
#2158 = CARTESIAN_POINT('',(7.297821731926,0.917198775026));
#2159 = CARTESIAN_POINT('',(7.24077829999,0.917469288121));
#2160 = CARTESIAN_POINT('',(7.184471780168,0.917764172514));
#2161 = CARTESIAN_POINT('',(7.128996959763,0.918083980941));
#2162 = CARTESIAN_POINT('',(7.074456683883,0.918429323133));
#2163 = CARTESIAN_POINT('',(7.020962787256,0.918800874646));
#2164 = CARTESIAN_POINT('',(6.968636765794,0.919199394298));
#2165 = CARTESIAN_POINT('',(6.917612398121,0.919625725277));
#2166 = CARTESIAN_POINT('',(6.868031266511,0.920080885142));
#2167 = CARTESIAN_POINT('',(6.820088447168,0.920565666607));
#2168 = CARTESIAN_POINT('',(6.774017991415,0.921080660642));
#2169 = CARTESIAN_POINT('',(6.730089163726,0.921626224171));
#2170 = CARTESIAN_POINT('',(6.688603086816,0.922202428675));
#2171 = CARTESIAN_POINT('',(6.649888379641,0.922809012394));
#2172 = CARTESIAN_POINT('',(6.614296095737,0.923445329295));
#2173 = CARTESIAN_POINT('',(6.58219365805,0.924110295637));
#2174 = CARTESIAN_POINT('',(6.553957629155,0.924802334056));
#2175 = CARTESIAN_POINT('',(6.529964612233,0.92551931117));
#2176 = CARTESIAN_POINT('',(6.510581022361,0.926258481446));
#2177 = CARTESIAN_POINT('',(6.496146644845,0.927016387197));
#2178 = CARTESIAN_POINT('',(6.486968152654,0.927788899467));
#2179 = CARTESIAN_POINT('',(6.484495360903,0.928310105148));
#2180 = CARTESIAN_POINT('',(6.484210526316,0.928571428571));
#2181 = ( GEOMETRIC_REPRESENTATION_CONTEXT(2) 
PARAMETRIC_REPRESENTATION_CONTEXT() REPRESENTATION_CONTEXT('2D SPACE',''
  ) );
#2182 = PCURVE('',#2183,#2188);
#2183 = CYLINDRICAL_SURFACE('',#2184,0.9);
#2184 = AXIS2_PLACEMENT_3D('',#2185,#2186,#2187);
#2185 = CARTESIAN_POINT('',(0.,18.2,65.));
#2186 = DIRECTION('',(-0.,1.,-0.));
#2187 = DIRECTION('',(1.,0.,0.));
#2188 = DEFINITIONAL_REPRESENTATION('',(#2189),#2325);
#2189 = B_SPLINE_CURVE_WITH_KNOTS('',3,(#2190,#2191,#2192,#2193,#2194,
    #2195,#2196,#2197,#2198,#2199,#2200,#2201,#2202,#2203,#2204,#2205,
    #2206,#2207,#2208,#2209,#2210,#2211,#2212,#2213,#2214,#2215,#2216,
    #2217,#2218,#2219,#2220,#2221,#2222,#2223,#2224,#2225,#2226,#2227,
    #2228,#2229,#2230,#2231,#2232,#2233,#2234,#2235,#2236,#2237,#2238,
    #2239,#2240,#2241,#2242,#2243,#2244,#2245,#2246,#2247,#2248,#2249,
    #2250,#2251,#2252,#2253,#2254,#2255,#2256,#2257,#2258,#2259,#2260,
    #2261,#2262,#2263,#2264,#2265,#2266,#2267,#2268,#2269,#2270,#2271,
    #2272,#2273,#2274,#2275,#2276,#2277,#2278,#2279,#2280,#2281,#2282,
    #2283,#2284,#2285,#2286,#2287,#2288,#2289,#2290,#2291,#2292,#2293,
    #2294,#2295,#2296,#2297,#2298,#2299,#2300,#2301,#2302,#2303,#2304,
    #2305,#2306,#2307,#2308,#2309,#2310,#2311,#2312,#2313,#2314,#2315,
    #2316,#2317,#2318,#2319,#2320,#2321,#2322,#2323,#2324),
  .UNSPECIFIED.,.F.,.F.,(4,1,1,1,1,1,1,1,1,1,1,1,1,1,1,1,1,1,1,1,1,1,1,1
    ,1,1,1,1,1,1,1,1,1,1,1,1,1,1,1,1,1,1,1,1,1,1,1,1,1,1,1,1,1,1,1,1,1,1
    ,1,1,1,1,1,1,1,1,1,1,1,1,1,1,1,1,1,1,1,1,1,1,1,1,1,1,1,1,1,1,1,1,1,1
    ,1,1,1,1,1,1,1,1,1,1,1,1,1,1,1,1,1,1,1,1,1,1,1,1,1,1,1,1,1,1,1,1,1,1
    ,1,1,1,1,1,1,4),(0.,0.573034685437,1.146069370873,1.71910405631,
    2.292138741747,2.865173427183,3.43820811262,4.011242798056,
    4.584277483493,5.15731216893,5.730346854366,6.303381539803,
    6.87641622524,7.449450910676,8.022485596113,8.595520281549,
    9.168554966986,9.741589652423,10.314624337859,10.887659023296,
    11.460693708733,12.033728394169,12.606763079606,13.179797765043,
    13.752832450479,14.325867135916,14.898901821352,15.471936506789,
    16.044971192226,16.618005877662,17.191040563099,17.764075248536,
    18.337109933972,18.910144619409,19.483179304845,20.056213990282,
    20.629248675719,21.202283361155,21.775318046592,22.348352732029,
    22.921387417465,23.494422102902,24.067456788338,24.640491473775,
    25.213526159212,25.786560844648,26.359595530085,26.932630215522,
    27.505664900958,28.078699586395,28.651734271832,29.224768957268,
    29.797803642705,30.370838328141,30.943873013578,31.516907699015,
    32.089942384451,32.662977069888,33.236011755325,33.809046440761,
    34.382081126198,34.955115811634,35.528150497071,36.101185182508,
    36.674219867944,37.247254553381,37.820289238818,38.393323924254,
    38.966358609691,39.539393295128,40.112427980564,40.685462666001,
    41.258497351437,41.831532036874,42.404566722311,42.977601407747,
    43.550636093184,44.123670778621,44.696705464057,45.269740149494,
    45.84277483493,46.415809520367,46.988844205804,47.56187889124,
    48.134913576677,48.707948262114,49.28098294755,49.854017632987,
    50.427052318424,51.00008700386,51.573121689297,52.146156374733,
    52.71919106017,53.292225745607,53.865260431043,54.43829511648,
    55.011329801917,55.584364487353,56.15739917279,56.730433858226,
    57.303468543663,57.8765032291,58.449537914536,59.022572599973,
    59.59560728541,60.168641970846,60.741676656283,61.314711341719,
    61.887746027156,62.460780712593,63.033815398029,63.606850083466,
    64.179884768903,64.752919454339,65.325954139776,65.898988825213,
    66.472023510649,67.045058196086,67.618092881522,68.191127566959,
    68.764162252396,69.337196937832,69.910231623269,70.483266308706,
    71.056300994142,71.629335679579,72.202370365015,72.775405050452,
    73.348439735889,73.921474421325,74.494509106762,75.067543792199,
    75.640578477635),.QUASI_UNIFORM_KNOTS.);
#2190 = CARTESIAN_POINT('',(0.,-10.77142857142));
#2191 = CARTESIAN_POINT('',(-3.183189847776E-03,-10.77167311759));
#2192 = CARTESIAN_POINT('',(-2.200290945794E-02,-10.77312656791));
#2193 = CARTESIAN_POINT('',(-7.405535044935E-02,-10.77713938022));
#2194 = CARTESIAN_POINT('',(-0.136542122329,-10.78193574159));
#2195 = CARTESIAN_POINT('',(-0.19555449823,-10.78642684129));
#2196 = CARTESIAN_POINT('',(-0.254548632854,-10.79086494188));
#2197 = CARTESIAN_POINT('',(-0.312391804211,-10.79515030468));
#2198 = CARTESIAN_POINT('',(-0.369233586974,-10.79928421234));
#2199 = CARTESIAN_POINT('',(-0.424924422421,-10.80324697084));
#2200 = CARTESIAN_POINT('',(-0.479432602069,-10.8070299583));
#2201 = CARTESIAN_POINT('',(-0.532730400168,-10.81062658386));
#2202 = CARTESIAN_POINT('',(-0.584813404952,-10.81403365059));
#2203 = CARTESIAN_POINT('',(-0.635768374357,-10.81725509715));
#2204 = CARTESIAN_POINT('',(-0.685644835924,-10.82029313114));
#2205 = CARTESIAN_POINT('',(-0.734501378123,-10.82315120517));
#2206 = CARTESIAN_POINT('',(-0.78239774879,-10.82583330833));
#2207 = CARTESIAN_POINT('',(-0.829405687114,-10.8283443264));
#2208 = CARTESIAN_POINT('',(-0.875551115356,-10.8306869801));
#2209 = CARTESIAN_POINT('',(-0.92092098164,-10.83286731101));
#2210 = CARTESIAN_POINT('',(-0.965585816623,-10.8348902829));
#2211 = CARTESIAN_POINT('',(-1.009610530566,-10.83676042964));
#2212 = CARTESIAN_POINT('',(-1.053053535491,-10.83848179804));
#2213 = CARTESIAN_POINT('',(-1.095968603434,-10.84005805266));
#2214 = CARTESIAN_POINT('',(-1.138405689417,-10.84149251473));
#2215 = CARTESIAN_POINT('',(-1.18041180315,-10.84278820029));
#2216 = CARTESIAN_POINT('',(-1.222031696835,-10.84394784359));
#2217 = CARTESIAN_POINT('',(-1.263308476359,-10.8449739123));
#2218 = CARTESIAN_POINT('',(-1.3042841382,-10.84586861522));
#2219 = CARTESIAN_POINT('',(-1.345000063771,-10.84663390394));
#2220 = CARTESIAN_POINT('',(-1.385497452491,-10.84727146944));
#2221 = CARTESIAN_POINT('',(-1.425817822459,-10.84778273362));
#2222 = CARTESIAN_POINT('',(-1.466003156258,-10.84816883721));
#2223 = CARTESIAN_POINT('',(-1.506097328651,-10.84843061803));
#2224 = CARTESIAN_POINT('',(-1.546142781227,-10.84856859956));
#2225 = CARTESIAN_POINT('',(-1.586195061889,-10.84858291049));
#2226 = CARTESIAN_POINT('',(-1.626255753681,-10.84847344532));
#2227 = CARTESIAN_POINT('',(-1.666364048244,-10.84824004702));
#2228 = CARTESIAN_POINT('',(-1.706560641573,-10.84788221727));
#2229 = CARTESIAN_POINT('',(-1.746884877766,-10.84739918847));
#2230 = CARTESIAN_POINT('',(-1.787376014854,-10.84678991745));
#2231 = CARTESIAN_POINT('',(-1.8280733951,-10.8460530958));
#2232 = CARTESIAN_POINT('',(-1.869016924876,-10.84518715021));
#2233 = CARTESIAN_POINT('',(-1.910247498215,-10.84419023888));
#2234 = CARTESIAN_POINT('',(-1.951807482562,-10.84306024114));
#2235 = CARTESIAN_POINT('',(-1.993741241543,-10.84179474038));
#2236 = CARTESIAN_POINT('',(-2.03609578236,-10.8403909974));
#2237 = CARTESIAN_POINT('',(-2.078921329318,-10.83884592039));
#2238 = CARTESIAN_POINT('',(-2.122272675743,-10.83715600443));
#2239 = CARTESIAN_POINT('',(-2.166208265598,-10.83531733706));
#2240 = CARTESIAN_POINT('',(-2.210774852991,-10.83332631851));
#2241 = CARTESIAN_POINT('',(-2.256034023561,-10.83117859497));
#2242 = CARTESIAN_POINT('',(-2.302044708388,-10.82886980871));
#2243 = CARTESIAN_POINT('',(-2.348873522923,-10.82639514393));
#2244 = CARTESIAN_POINT('',(-2.39656853222,-10.82375084452));
#2245 = CARTESIAN_POINT('',(-2.445212265771,-10.82093140225));
#2246 = CARTESIAN_POINT('',(-2.494873223375,-10.81793219014));
#2247 = CARTESIAN_POINT('',(-2.545608391832,-10.81474967472));
#2248 = CARTESIAN_POINT('',(-2.597462719896,-10.81138172014));
#2249 = CARTESIAN_POINT('',(-2.650468815357,-10.80782789856));
#2250 = CARTESIAN_POINT('',(-2.704646385808,-10.80408980578));
#2251 = CARTESIAN_POINT('',(-2.759999621833,-10.8001715258));
#2252 = CARTESIAN_POINT('',(-2.816519303095,-10.79607972379));
#2253 = CARTESIAN_POINT('',(-2.874162971552,-10.79182536013));
#2254 = CARTESIAN_POINT('',(-2.932911306109,-10.78741962918));
#2255 = CARTESIAN_POINT('',(-2.992581956817,-10.78288807689));
#2256 = CARTESIAN_POINT('',(-3.052841456258,-10.77827027968));
#2257 = CARTESIAN_POINT('',(-3.113422723124,-10.77360272675));
#2258 = CARTESIAN_POINT('',(-3.174065347303,-10.76892243951));
#2259 = CARTESIAN_POINT('',(-3.234524549285,-10.76426550907));
#2260 = CARTESIAN_POINT('',(-3.29456398768,-10.75966689039));
#2261 = CARTESIAN_POINT('',(-3.353946297103,-10.75516039976));
#2262 = CARTESIAN_POINT('',(-3.412450707878,-10.75077679034));
#2263 = CARTESIAN_POINT('',(-3.469786511947,-10.74654945979));
#2264 = CARTESIAN_POINT('',(-3.525946946421,-10.74248812572));
#2265 = CARTESIAN_POINT('',(-3.580958473144,-10.7385984331));
#2266 = CARTESIAN_POINT('',(-3.634812766205,-10.73488685892));
#2267 = CARTESIAN_POINT('',(-3.687528969098,-10.73135639757));
#2268 = CARTESIAN_POINT('',(-3.739134710552,-10.72800819005));
#2269 = CARTESIAN_POINT('',(-3.789669595318,-10.72484152116));
#2270 = CARTESIAN_POINT('',(-3.839184186114,-10.72185416904));
#2271 = CARTESIAN_POINT('',(-3.887737626949,-10.71904279387));
#2272 = CARTESIAN_POINT('',(-3.935407532891,-10.71640268209));
#2273 = CARTESIAN_POINT('',(-3.982247826526,-10.71393027911));
#2274 = CARTESIAN_POINT('',(-4.028317223137,-10.71162157457));
#2275 = CARTESIAN_POINT('',(-4.073676068394,-10.70947243757));
#2276 = CARTESIAN_POINT('',(-4.118382755773,-10.70747888238));
#2277 = CARTESIAN_POINT('',(-4.162490580289,-10.70563724013));
#2278 = CARTESIAN_POINT('',(-4.206046844707,-10.70394417689));
#2279 = CARTESIAN_POINT('',(-4.249110318864,-10.70239607105));
#2280 = CARTESIAN_POINT('',(-4.29173100529,-10.70098987668));
#2281 = CARTESIAN_POINT('',(-4.333956308011,-10.69972284758));
#2282 = CARTESIAN_POINT('',(-4.375830382138,-10.69859256027));
#2283 = CARTESIAN_POINT('',(-4.417395158685,-10.69759686879));
#2284 = CARTESIAN_POINT('',(-4.458690802922,-10.69673388829));
#2285 = CARTESIAN_POINT('',(-4.499756229381,-10.69600198057));
#2286 = CARTESIAN_POINT('',(-4.540629556823,-10.69539974758));
#2287 = CARTESIAN_POINT('',(-4.581348461418,-10.69492603051));
#2288 = CARTESIAN_POINT('',(-4.621950805329,-10.6945799126));
#2289 = CARTESIAN_POINT('',(-4.662474145284,-10.69436073104));
#2290 = CARTESIAN_POINT('',(-4.702959374812,-10.69426807282));
#2291 = CARTESIAN_POINT('',(-4.743438908087,-10.69430184481));
#2292 = CARTESIAN_POINT('',(-4.783914841609,-10.6944619311));
#2293 = CARTESIAN_POINT('',(-4.824442600591,-10.69474848177));
#2294 = CARTESIAN_POINT('',(-4.86506285244,-10.69516200882));
#2295 = CARTESIAN_POINT('',(-4.905818147556,-10.69570331904));
#2296 = CARTESIAN_POINT('',(-4.94674900945,-10.69637349818));
#2297 = CARTESIAN_POINT('',(-4.987895497688,-10.69717388916));
#2298 = CARTESIAN_POINT('',(-5.029297295796,-10.69810607847));
#2299 = CARTESIAN_POINT('',(-5.070994204987,-10.69917188624));
#2300 = CARTESIAN_POINT('',(-5.113026555284,-10.70037336098));
#2301 = CARTESIAN_POINT('',(-5.155435679258,-10.7017127791));
#2302 = CARTESIAN_POINT('',(-5.198264425547,-10.70319265015));
#2303 = CARTESIAN_POINT('',(-5.24155773753,-10.70481572872));
#2304 = CARTESIAN_POINT('',(-5.285363320447,-10.70658503508));
#2305 = CARTESIAN_POINT('',(-5.329732415759,-10.70850388564));
#2306 = CARTESIAN_POINT('',(-5.374720769501,-10.71057593879));
#2307 = CARTESIAN_POINT('',(-5.420389673118,-10.71280524787));
#2308 = CARTESIAN_POINT('',(-5.46680778879,-10.71519636578));
#2309 = CARTESIAN_POINT('',(-5.514051420261,-10.71775435166));
#2310 = CARTESIAN_POINT('',(-5.562213310773,-10.72048531085));
#2311 = CARTESIAN_POINT('',(-5.61136161509,-10.72339399964));
#2312 = CARTESIAN_POINT('',(-5.661549894978,-10.72648396385));
#2313 = CARTESIAN_POINT('',(-5.712818594753,-10.72975734502));
#2314 = CARTESIAN_POINT('',(-5.765194843547,-10.73321457205));
#2315 = CARTESIAN_POINT('',(-5.8186923593,-10.73685407436));
#2316 = CARTESIAN_POINT('',(-5.873310819866,-10.74067197577));
#2317 = CARTESIAN_POINT('',(-5.92903470703,-10.74466177382));
#2318 = CARTESIAN_POINT('',(-5.98583151224,-10.74881400433));
#2319 = CARTESIAN_POINT('',(-6.043648931336,-10.75311586702));
#2320 = CARTESIAN_POINT('',(-6.102411610629,-10.75755088867));
#2321 = CARTESIAN_POINT('',(-6.162014155086,-10.76209832318));
#2322 = CARTESIAN_POINT('',(-6.222321070623,-10.7667333968));
#2323 = CARTESIAN_POINT('',(-6.262861487479,-10.76986063088));
#2324 = CARTESIAN_POINT('',(-6.28318530718,-10.77142857142));
#2325 = ( GEOMETRIC_REPRESENTATION_CONTEXT(2) 
PARAMETRIC_REPRESENTATION_CONTEXT() REPRESENTATION_CONTEXT('2D SPACE',''
  ) );
#2326 = ADVANCED_FACE('',(#2327,#2353),#1202,.F.);
#2327 = FACE_BOUND('',#2328,.F.);
#2328 = EDGE_LOOP('',(#2329,#2350,#2351,#2352));
#2329 = ORIENTED_EDGE('',*,*,#2330,.F.);
#2330 = EDGE_CURVE('',#1164,#1336,#2331,.T.);
#2331 = SURFACE_CURVE('',#2332,(#2336,#2343),.PCURVE_S1.);
#2332 = LINE('',#2333,#2334);
#2333 = CARTESIAN_POINT('',(-4.5,0.,70.));
#2334 = VECTOR('',#2335,1.);
#2335 = DIRECTION('',(1.,0.,0.));
#2336 = PCURVE('',#1202,#2337);
#2337 = DEFINITIONAL_REPRESENTATION('',(#2338),#2342);
#2338 = LINE('',#2339,#2340);
#2339 = CARTESIAN_POINT('',(0.,0.));
#2340 = VECTOR('',#2341,1.);
#2341 = DIRECTION('',(0.789352217376,0.613940613515));
#2342 = ( GEOMETRIC_REPRESENTATION_CONTEXT(2) 
PARAMETRIC_REPRESENTATION_CONTEXT() REPRESENTATION_CONTEXT('2D SPACE',''
  ) );
#2343 = PCURVE('',#1178,#2344);
#2344 = DEFINITIONAL_REPRESENTATION('',(#2345),#2349);
#2345 = LINE('',#2346,#2347);
#2346 = CARTESIAN_POINT('',(-4.5,35.));
#2347 = VECTOR('',#2348,1.);
#2348 = DIRECTION('',(1.,-2.478345596314E-18));
#2349 = ( GEOMETRIC_REPRESENTATION_CONTEXT(2) 
PARAMETRIC_REPRESENTATION_CONTEXT() REPRESENTATION_CONTEXT('2D SPACE',''
  ) );
#2350 = ORIENTED_EDGE('',*,*,#1189,.F.);
#2351 = ORIENTED_EDGE('',*,*,#1923,.F.);
#2352 = ORIENTED_EDGE('',*,*,#1335,.F.);
#2353 = FACE_BOUND('',#2354,.F.);
#2354 = EDGE_LOOP('',(#2355));
#2355 = ORIENTED_EDGE('',*,*,#2356,.T.);
#2356 = EDGE_CURVE('',#2357,#2357,#2359,.T.);
#2357 = VERTEX_POINT('',#2358);
#2358 = CARTESIAN_POINT('',(0.9,2.2,70.));
#2359 = SURFACE_CURVE('',#2360,(#2365,#2376),.PCURVE_S1.);
#2360 = CIRCLE('',#2361,0.9);
#2361 = AXIS2_PLACEMENT_3D('',#2362,#2363,#2364);
#2362 = CARTESIAN_POINT('',(0.,2.2,70.));
#2363 = DIRECTION('',(0.,0.,1.));
#2364 = DIRECTION('',(1.,0.,0.));
#2365 = PCURVE('',#1202,#2366);
#2366 = DEFINITIONAL_REPRESENTATION('',(#2367),#2375);
#2367 = ( BOUNDED_CURVE() B_SPLINE_CURVE(2,(#2368,#2369,#2370,#2371,
#2372,#2373,#2374),.UNSPECIFIED.,.T.,.F.) B_SPLINE_CURVE_WITH_KNOTS((1,2
    ,2,2,2,1),(-2.094395102393,0.,2.094395102393,4.188790204786,
6.28318530718,8.377580409573),.UNSPECIFIED.) CURVE() 
GEOMETRIC_REPRESENTATION_ITEM() RATIONAL_B_SPLINE_CURVE((1.,0.5,1.,0.5,
1.,0.5,1.)) REPRESENTATION_ITEM('') );
#2368 = CARTESIAN_POINT('',(5.613171323565,1.578704434753));
#2369 = CARTESIAN_POINT('',(6.570210025459,0.348226103746));
#2370 = CARTESIAN_POINT('',(5.026065181054,0.134645441004));
#2371 = CARTESIAN_POINT('',(3.481920336649,-7.893522173763E-02));
#2372 = CARTESIAN_POINT('',(4.06902647916,1.365123772011));
#2373 = CARTESIAN_POINT('',(4.656132621671,2.809182765759));
#2374 = CARTESIAN_POINT('',(5.613171323565,1.578704434753));
#2375 = ( GEOMETRIC_REPRESENTATION_CONTEXT(2) 
PARAMETRIC_REPRESENTATION_CONTEXT() REPRESENTATION_CONTEXT('2D SPACE',''
  ) );
#2376 = PCURVE('',#2377,#2382);
#2377 = CYLINDRICAL_SURFACE('',#2378,0.9);
#2378 = AXIS2_PLACEMENT_3D('',#2379,#2380,#2381);
#2379 = CARTESIAN_POINT('',(0.,2.2,0.));
#2380 = DIRECTION('',(-0.,-0.,-1.));
#2381 = DIRECTION('',(1.,0.,0.));
#2382 = DEFINITIONAL_REPRESENTATION('',(#2383),#2387);
#2383 = LINE('',#2384,#2385);
#2384 = CARTESIAN_POINT('',(-0.,-70.));
#2385 = VECTOR('',#2386,1.);
#2386 = DIRECTION('',(-1.,0.));
#2387 = ( GEOMETRIC_REPRESENTATION_CONTEXT(2) 
PARAMETRIC_REPRESENTATION_CONTEXT() REPRESENTATION_CONTEXT('2D SPACE',''
  ) );
#2388 = ADVANCED_FACE('',(#2389,#2415),#1178,.T.);
#2389 = FACE_BOUND('',#2390,.T.);
#2390 = EDGE_LOOP('',(#2391,#2412,#2413,#2414));
#2391 = ORIENTED_EDGE('',*,*,#2392,.F.);
#2392 = EDGE_CURVE('',#1358,#1130,#2393,.T.);
#2393 = SURFACE_CURVE('',#2394,(#2398,#2405),.PCURVE_S1.);
#2394 = LINE('',#2395,#2396);
#2395 = CARTESIAN_POINT('',(16.,0.,63.964285714286));
#2396 = VECTOR('',#2397,1.);
#2397 = DIRECTION('',(-1.,0.,0.));
#2398 = PCURVE('',#1178,#2399);
#2399 = DEFINITIONAL_REPRESENTATION('',(#2400),#2404);
#2400 = LINE('',#2401,#2402);
#2401 = CARTESIAN_POINT('',(16.,28.964285714286));
#2402 = VECTOR('',#2403,1.);
#2403 = DIRECTION('',(-1.,2.478345596314E-18));
#2404 = ( GEOMETRIC_REPRESENTATION_CONTEXT(2) 
PARAMETRIC_REPRESENTATION_CONTEXT() REPRESENTATION_CONTEXT('2D SPACE',''
  ) );
#2405 = PCURVE('',#1149,#2406);
#2406 = DEFINITIONAL_REPRESENTATION('',(#2407),#2411);
#2407 = LINE('',#2408,#2409);
#2408 = CARTESIAN_POINT('',(0.,-16.));
#2409 = VECTOR('',#2410,1.);
#2410 = DIRECTION('',(0.,1.));
#2411 = ( GEOMETRIC_REPRESENTATION_CONTEXT(2) 
PARAMETRIC_REPRESENTATION_CONTEXT() REPRESENTATION_CONTEXT('2D SPACE',''
  ) );
#2412 = ORIENTED_EDGE('',*,*,#1357,.T.);
#2413 = ORIENTED_EDGE('',*,*,#2330,.F.);
#2414 = ORIENTED_EDGE('',*,*,#1163,.F.);
#2415 = FACE_BOUND('',#2416,.T.);
#2416 = EDGE_LOOP('',(#2417));
#2417 = ORIENTED_EDGE('',*,*,#2418,.T.);
#2418 = EDGE_CURVE('',#2419,#2419,#2421,.T.);
#2419 = VERTEX_POINT('',#2420);
#2420 = CARTESIAN_POINT('',(0.9,0.,65.));
#2421 = SURFACE_CURVE('',#2422,(#2427,#2438),.PCURVE_S1.);
#2422 = CIRCLE('',#2423,0.9);
#2423 = AXIS2_PLACEMENT_3D('',#2424,#2425,#2426);
#2424 = CARTESIAN_POINT('',(0.,0.,65.));
#2425 = DIRECTION('',(-0.,1.,0.));
#2426 = DIRECTION('',(1.,0.,0.));
#2427 = PCURVE('',#1178,#2428);
#2428 = DEFINITIONAL_REPRESENTATION('',(#2429),#2437);
#2429 = ( BOUNDED_CURVE() B_SPLINE_CURVE(2,(#2430,#2431,#2432,#2433,
#2434,#2435,#2436),.UNSPECIFIED.,.T.,.F.) B_SPLINE_CURVE_WITH_KNOTS((1,2
    ,2,2,2,1),(-2.094395102393,0.,2.094395102393,4.188790204786,
6.28318530718,8.377580409573),.UNSPECIFIED.) CURVE() 
GEOMETRIC_REPRESENTATION_ITEM() RATIONAL_B_SPLINE_CURVE((1.,0.5,1.,0.5,
1.,0.5,1.)) REPRESENTATION_ITEM('') );
#2430 = CARTESIAN_POINT('',(0.9,30.));
#2431 = CARTESIAN_POINT('',(0.9,28.441154273188));
#2432 = CARTESIAN_POINT('',(-0.45,29.220577136594));
#2433 = CARTESIAN_POINT('',(-1.8,30.));
#2434 = CARTESIAN_POINT('',(-0.45,30.779422863406));
#2435 = CARTESIAN_POINT('',(0.9,31.558845726812));
#2436 = CARTESIAN_POINT('',(0.9,30.));
#2437 = ( GEOMETRIC_REPRESENTATION_CONTEXT(2) 
PARAMETRIC_REPRESENTATION_CONTEXT() REPRESENTATION_CONTEXT('2D SPACE',''
  ) );
#2438 = PCURVE('',#2439,#2444);
#2439 = CYLINDRICAL_SURFACE('',#2440,0.9);
#2440 = AXIS2_PLACEMENT_3D('',#2441,#2442,#2443);
#2441 = CARTESIAN_POINT('',(0.,18.2,65.));
#2442 = DIRECTION('',(-0.,1.,-0.));
#2443 = DIRECTION('',(1.,0.,0.));
#2444 = DEFINITIONAL_REPRESENTATION('',(#2445),#2449);
#2445 = LINE('',#2446,#2447);
#2446 = CARTESIAN_POINT('',(-6.28318530718,-18.2));
#2447 = VECTOR('',#2448,1.);
#2448 = DIRECTION('',(1.,-0.));
#2449 = ( GEOMETRIC_REPRESENTATION_CONTEXT(2) 
PARAMETRIC_REPRESENTATION_CONTEXT() REPRESENTATION_CONTEXT('2D SPACE',''
  ) );
#2450 = ADVANCED_FACE('',(#2451,#2477),#1149,.F.);
#2451 = FACE_BOUND('',#2452,.F.);
#2452 = EDGE_LOOP('',(#2453,#2454,#2455,#2476));
#2453 = ORIENTED_EDGE('',*,*,#2392,.F.);
#2454 = ORIENTED_EDGE('',*,*,#1378,.F.);
#2455 = ORIENTED_EDGE('',*,*,#2456,.F.);
#2456 = EDGE_CURVE('',#1087,#1379,#2457,.T.);
#2457 = SURFACE_CURVE('',#2458,(#2462,#2469),.PCURVE_S1.);
#2458 = LINE('',#2459,#2460);
#2459 = CARTESIAN_POINT('',(-16.,6.110204081633,61.714285714286));
#2460 = VECTOR('',#2461,1.);
#2461 = DIRECTION('',(1.,0.,0.));
#2462 = PCURVE('',#1149,#2463);
#2463 = DEFINITIONAL_REPRESENTATION('',(#2464),#2468);
#2464 = LINE('',#2465,#2466);
#2465 = CARTESIAN_POINT('',(6.511305085711,16.));
#2466 = VECTOR('',#2467,1.);
#2467 = DIRECTION('',(0.,-1.));
#2468 = ( GEOMETRIC_REPRESENTATION_CONTEXT(2) 
PARAMETRIC_REPRESENTATION_CONTEXT() REPRESENTATION_CONTEXT('2D SPACE',''
  ) );
#2469 = PCURVE('',#1112,#2470);
#2470 = DEFINITIONAL_REPRESENTATION('',(#2471),#2475);
#2471 = LINE('',#2472,#2473);
#2472 = CARTESIAN_POINT('',(-0.,16.));
#2473 = VECTOR('',#2474,1.);
#2474 = DIRECTION('',(0.,-1.));
#2475 = ( GEOMETRIC_REPRESENTATION_CONTEXT(2) 
PARAMETRIC_REPRESENTATION_CONTEXT() REPRESENTATION_CONTEXT('2D SPACE',''
  ) );
#2476 = ORIENTED_EDGE('',*,*,#1129,.F.);
#2477 = FACE_BOUND('',#2478,.F.);
#2478 = EDGE_LOOP('',(#2479));
#2479 = ORIENTED_EDGE('',*,*,#2480,.F.);
#2480 = EDGE_CURVE('',#2481,#2481,#2483,.T.);
#2481 = VERTEX_POINT('',#2482);
#2482 = CARTESIAN_POINT('',(0.9,2.2,63.154165473805));
#2483 = SURFACE_CURVE('',#2484,(#2489,#2496),.PCURVE_S1.);
#2484 = ELLIPSE('',#2485,0.959080007615,0.9);
#2485 = AXIS2_PLACEMENT_3D('',#2486,#2487,#2488);
#2486 = CARTESIAN_POINT('',(0.,2.2,63.154165473805));
#2487 = DIRECTION('',(0.,0.345552845456,0.938399291878));
#2488 = DIRECTION('',(0.,0.938399291878,-0.345552845456));
#2489 = PCURVE('',#1149,#2490);
#2490 = DEFINITIONAL_REPRESENTATION('',(#2491),#2495);
#2491 = ELLIPSE('',#2492,0.959080007615,0.9);
#2492 = AXIS2_PLACEMENT_2D('',#2493,#2494);
#2493 = CARTESIAN_POINT('',(2.344417796391,0.));
#2494 = DIRECTION('',(1.,0.));
#2495 = ( GEOMETRIC_REPRESENTATION_CONTEXT(2) 
PARAMETRIC_REPRESENTATION_CONTEXT() REPRESENTATION_CONTEXT('2D SPACE',''
  ) );
#2496 = PCURVE('',#2497,#2502);
#2497 = CYLINDRICAL_SURFACE('',#2498,0.9);
#2498 = AXIS2_PLACEMENT_3D('',#2499,#2500,#2501);
#2499 = CARTESIAN_POINT('',(0.,2.2,0.));
#2500 = DIRECTION('',(-0.,-0.,-1.));
#2501 = DIRECTION('',(1.,0.,0.));
#2502 = DEFINITIONAL_REPRESENTATION('',(#2503),#2520);
#2503 = B_SPLINE_CURVE_WITH_KNOTS('',8,(#2504,#2505,#2506,#2507,#2508,
    #2509,#2510,#2511,#2512,#2513,#2514,#2515,#2516,#2517,#2518,#2519),
  .UNSPECIFIED.,.F.,.F.,(9,7,9),(4.712388980385,7.853981633974,
    10.995574287564),.UNSPECIFIED.);
#2504 = CARTESIAN_POINT('',(0.,-63.1541654738));
#2505 = CARTESIAN_POINT('',(-0.392699081699,-63.0240199615));
#2506 = CARTESIAN_POINT('',(-0.785398163398,-62.89387341152));
#2507 = CARTESIAN_POINT('',(-1.178097245092,-62.79432096463));
#2508 = CARTESIAN_POINT('',(-1.570796326794,-62.75587402225));
#2509 = CARTESIAN_POINT('',(-1.963495408494,-62.79432096457));
#2510 = CARTESIAN_POINT('',(-2.356194490193,-62.89387341152));
#2511 = CARTESIAN_POINT('',(-2.748893571891,-63.0240199615));
#2512 = CARTESIAN_POINT('',(-3.534291735289,-63.2843109861));
#2513 = CARTESIAN_POINT('',(-3.926990816981,-63.41445753616));
#2514 = CARTESIAN_POINT('',(-4.319689898692,-63.5140099822));
#2515 = CARTESIAN_POINT('',(-4.712388980359,-63.55245692638));
#2516 = CARTESIAN_POINT('',(-5.105088062086,-63.51400998226));
#2517 = CARTESIAN_POINT('',(-5.497787143779,-63.41445753619));
#2518 = CARTESIAN_POINT('',(-5.890486225481,-63.2843109861));
#2519 = CARTESIAN_POINT('',(-6.28318530718,-63.1541654738));
#2520 = ( GEOMETRIC_REPRESENTATION_CONTEXT(2) 
PARAMETRIC_REPRESENTATION_CONTEXT() REPRESENTATION_CONTEXT('2D SPACE',''
  ) );
#2521 = ADVANCED_FACE('',(#2522,#2548),#1112,.F.);
#2522 = FACE_BOUND('',#2523,.F.);
#2523 = EDGE_LOOP('',(#2524,#2525,#2526,#2547));
#2524 = ORIENTED_EDGE('',*,*,#2456,.T.);
#2525 = ORIENTED_EDGE('',*,*,#1407,.T.);
#2526 = ORIENTED_EDGE('',*,*,#2527,.F.);
#2527 = EDGE_CURVE('',#1061,#1408,#2528,.T.);
#2528 = SURFACE_CURVE('',#2529,(#2533,#2540),.PCURVE_S1.);
#2529 = LINE('',#2530,#2531);
#2530 = CARTESIAN_POINT('',(-16.,0.,59.464285714286));
#2531 = VECTOR('',#2532,1.);
#2532 = DIRECTION('',(1.,0.,0.));
#2533 = PCURVE('',#1112,#2534);
#2534 = DEFINITIONAL_REPRESENTATION('',(#2535),#2539);
#2535 = LINE('',#2536,#2537);
#2536 = CARTESIAN_POINT('',(6.511305085711,16.));
#2537 = VECTOR('',#2538,1.);
#2538 = DIRECTION('',(0.,-1.));
#2539 = ( GEOMETRIC_REPRESENTATION_CONTEXT(2) 
PARAMETRIC_REPRESENTATION_CONTEXT() REPRESENTATION_CONTEXT('2D SPACE',''
  ) );
#2540 = PCURVE('',#1075,#2541);
#2541 = DEFINITIONAL_REPRESENTATION('',(#2542),#2546);
#2542 = LINE('',#2543,#2544);
#2543 = CARTESIAN_POINT('',(-16.,24.464285714286));
#2544 = VECTOR('',#2545,1.);
#2545 = DIRECTION('',(1.,-2.478345596314E-18));
#2546 = ( GEOMETRIC_REPRESENTATION_CONTEXT(2) 
PARAMETRIC_REPRESENTATION_CONTEXT() REPRESENTATION_CONTEXT('2D SPACE',''
  ) );
#2547 = ORIENTED_EDGE('',*,*,#1086,.T.);
#2548 = FACE_BOUND('',#2549,.F.);
#2549 = EDGE_LOOP('',(#2550));
#2550 = ORIENTED_EDGE('',*,*,#2551,.F.);
#2551 = EDGE_CURVE('',#2552,#2552,#2554,.T.);
#2552 = VERTEX_POINT('',#2553);
#2553 = CARTESIAN_POINT('',(0.9,2.2,60.274405954767));
#2554 = SURFACE_CURVE('',#2555,(#2560,#2567),.PCURVE_S1.);
#2555 = ELLIPSE('',#2556,0.959080007615,0.9);
#2556 = AXIS2_PLACEMENT_3D('',#2557,#2558,#2559);
#2557 = CARTESIAN_POINT('',(0.,2.2,60.274405954767));
#2558 = DIRECTION('',(0.,0.345552845456,-0.938399291878));
#2559 = DIRECTION('',(0.,-0.938399291878,-0.345552845456));
#2560 = PCURVE('',#1112,#2561);
#2561 = DEFINITIONAL_REPRESENTATION('',(#2562),#2566);
#2562 = ELLIPSE('',#2563,0.959080007615,0.9);
#2563 = AXIS2_PLACEMENT_2D('',#2564,#2565);
#2564 = CARTESIAN_POINT('',(4.166887289319,0.));
#2565 = DIRECTION('',(1.,0.));
#2566 = ( GEOMETRIC_REPRESENTATION_CONTEXT(2) 
PARAMETRIC_REPRESENTATION_CONTEXT() REPRESENTATION_CONTEXT('2D SPACE',''
  ) );
#2567 = PCURVE('',#2568,#2573);
#2568 = CYLINDRICAL_SURFACE('',#2569,0.9);
#2569 = AXIS2_PLACEMENT_3D('',#2570,#2571,#2572);
#2570 = CARTESIAN_POINT('',(0.,2.2,0.));
#2571 = DIRECTION('',(-0.,-0.,-1.));
#2572 = DIRECTION('',(1.,0.,0.));
#2573 = DEFINITIONAL_REPRESENTATION('',(#2574),#2591);
#2574 = B_SPLINE_CURVE_WITH_KNOTS('',8,(#2575,#2576,#2577,#2578,#2579,
    #2580,#2581,#2582,#2583,#2584,#2585,#2586,#2587,#2588,#2589,#2590),
  .UNSPECIFIED.,.F.,.F.,(9,7,9),(4.712388980385,7.853981633974,
    10.995574287564),.UNSPECIFIED.);
#2575 = CARTESIAN_POINT('',(-6.28318530718,-60.27440595476));
#2576 = CARTESIAN_POINT('',(-5.890486225481,-60.14426044247));
#2577 = CARTESIAN_POINT('',(-5.497787143782,-60.01411389246));
#2578 = CARTESIAN_POINT('',(-5.105088062084,-59.91456144565));
#2579 = CARTESIAN_POINT('',(-4.712388980384,-59.87611450284));
#2580 = CARTESIAN_POINT('',(-4.31968989869,-59.91456144565));
#2581 = CARTESIAN_POINT('',(-3.926990816988,-60.01411389247));
#2582 = CARTESIAN_POINT('',(-3.534291735289,-60.14426044247));
#2583 = CARTESIAN_POINT('',(-2.748893571891,-60.40455146706));
#2584 = CARTESIAN_POINT('',(-2.356194490198,-60.53469801702));
#2585 = CARTESIAN_POINT('',(-1.963495408495,-60.63425046374));
#2586 = CARTESIAN_POINT('',(-1.570796326806,-60.67269740643));
#2587 = CARTESIAN_POINT('',(-1.178097245101,-60.63425046365));
#2588 = CARTESIAN_POINT('',(-0.785398163401,-60.53469801704));
#2589 = CARTESIAN_POINT('',(-0.392699081699,-60.40455146706));
#2590 = CARTESIAN_POINT('',(-8.881784197001E-16,-60.27440595476));
#2591 = ( GEOMETRIC_REPRESENTATION_CONTEXT(2) 
PARAMETRIC_REPRESENTATION_CONTEXT() REPRESENTATION_CONTEXT('2D SPACE',''
  ) );
#2592 = ADVANCED_FACE('',(#2593),#1075,.T.);
#2593 = FACE_BOUND('',#2594,.T.);
#2594 = EDGE_LOOP('',(#2595,#2616,#2617,#2618));
#2595 = ORIENTED_EDGE('',*,*,#2596,.F.);
#2596 = EDGE_CURVE('',#1437,#1027,#2597,.T.);
#2597 = SURFACE_CURVE('',#2598,(#2602,#2609),.PCURVE_S1.);
#2598 = LINE('',#2599,#2600);
#2599 = CARTESIAN_POINT('',(16.,0.,55.678571428571));
#2600 = VECTOR('',#2601,1.);
#2601 = DIRECTION('',(-1.,0.,0.));
#2602 = PCURVE('',#1075,#2603);
#2603 = DEFINITIONAL_REPRESENTATION('',(#2604),#2608);
#2604 = LINE('',#2605,#2606);
#2605 = CARTESIAN_POINT('',(16.,20.678571428571));
#2606 = VECTOR('',#2607,1.);
#2607 = DIRECTION('',(-1.,2.478345596314E-18));
#2608 = ( GEOMETRIC_REPRESENTATION_CONTEXT(2) 
PARAMETRIC_REPRESENTATION_CONTEXT() REPRESENTATION_CONTEXT('2D SPACE',''
  ) );
#2609 = PCURVE('',#1046,#2610);
#2610 = DEFINITIONAL_REPRESENTATION('',(#2611),#2615);
#2611 = LINE('',#2612,#2613);
#2612 = CARTESIAN_POINT('',(0.,-16.));
#2613 = VECTOR('',#2614,1.);
#2614 = DIRECTION('',(0.,1.));
#2615 = ( GEOMETRIC_REPRESENTATION_CONTEXT(2) 
PARAMETRIC_REPRESENTATION_CONTEXT() REPRESENTATION_CONTEXT('2D SPACE',''
  ) );
#2616 = ORIENTED_EDGE('',*,*,#1436,.T.);
#2617 = ORIENTED_EDGE('',*,*,#2527,.F.);
#2618 = ORIENTED_EDGE('',*,*,#1060,.F.);
#2619 = ADVANCED_FACE('',(#2620,#2646),#1046,.F.);
#2620 = FACE_BOUND('',#2621,.F.);
#2621 = EDGE_LOOP('',(#2622,#2623,#2624,#2645));
#2622 = ORIENTED_EDGE('',*,*,#2596,.F.);
#2623 = ORIENTED_EDGE('',*,*,#1457,.F.);
#2624 = ORIENTED_EDGE('',*,*,#2625,.F.);
#2625 = EDGE_CURVE('',#984,#1458,#2626,.T.);
#2626 = SURFACE_CURVE('',#2627,(#2631,#2638),.PCURVE_S1.);
#2627 = LINE('',#2628,#2629);
#2628 = CARTESIAN_POINT('',(-16.,6.820408163265,53.428571428571));
#2629 = VECTOR('',#2630,1.);
#2630 = DIRECTION('',(1.,0.,0.));
#2631 = PCURVE('',#1046,#2632);
#2632 = DEFINITIONAL_REPRESENTATION('',(#2633),#2637);
#2633 = LINE('',#2634,#2635);
#2634 = CARTESIAN_POINT('',(7.181954296258,16.));
#2635 = VECTOR('',#2636,1.);
#2636 = DIRECTION('',(0.,-1.));
#2637 = ( GEOMETRIC_REPRESENTATION_CONTEXT(2) 
PARAMETRIC_REPRESENTATION_CONTEXT() REPRESENTATION_CONTEXT('2D SPACE',''
  ) );
#2638 = PCURVE('',#1009,#2639);
#2639 = DEFINITIONAL_REPRESENTATION('',(#2640),#2644);
#2640 = LINE('',#2641,#2642);
#2641 = CARTESIAN_POINT('',(-0.,16.));
#2642 = VECTOR('',#2643,1.);
#2643 = DIRECTION('',(0.,-1.));
#2644 = ( GEOMETRIC_REPRESENTATION_CONTEXT(2) 
PARAMETRIC_REPRESENTATION_CONTEXT() REPRESENTATION_CONTEXT('2D SPACE',''
  ) );
#2645 = ORIENTED_EDGE('',*,*,#1026,.F.);
#2646 = FACE_BOUND('',#2647,.F.);
#2647 = EDGE_LOOP('',(#2648));
#2648 = ORIENTED_EDGE('',*,*,#2649,.F.);
#2649 = EDGE_CURVE('',#2650,#2650,#2652,.T.);
#2650 = VERTEX_POINT('',#2651);
#2651 = CARTESIAN_POINT('',(0.9,2.2,54.952808412413));
#2652 = SURFACE_CURVE('',#2653,(#2658,#2665),.PCURVE_S1.);
#2653 = ELLIPSE('',#2654,0.947708511266,0.9);
#2654 = AXIS2_PLACEMENT_3D('',#2655,#2656,#2657);
#2655 = CARTESIAN_POINT('',(0.,2.2,54.952808412413));
#2656 = DIRECTION('',(0.,0.313285201658,0.949659087474));
#2657 = DIRECTION('',(0.,0.949659087474,-0.313285201658));
#2658 = PCURVE('',#1046,#2659);
#2659 = DEFINITIONAL_REPRESENTATION('',(#2660),#2664);
#2660 = ELLIPSE('',#2661,0.947708511266,0.9);
#2661 = AXIS2_PLACEMENT_2D('',#2662,#2663);
#2662 = CARTESIAN_POINT('',(2.316620805316,0.));
#2663 = DIRECTION('',(1.,0.));
#2664 = ( GEOMETRIC_REPRESENTATION_CONTEXT(2) 
PARAMETRIC_REPRESENTATION_CONTEXT() REPRESENTATION_CONTEXT('2D SPACE',''
  ) );
#2665 = PCURVE('',#2568,#2666);
#2666 = DEFINITIONAL_REPRESENTATION('',(#2667),#2684);
#2667 = B_SPLINE_CURVE_WITH_KNOTS('',8,(#2668,#2669,#2670,#2671,#2672,
    #2673,#2674,#2675,#2676,#2677,#2678,#2679,#2680,#2681,#2682,#2683),
  .UNSPECIFIED.,.F.,.F.,(9,7,9),(4.712388980385,7.853981633974,
    10.995574287564),.UNSPECIFIED.);
#2668 = CARTESIAN_POINT('',(0.,-54.95280841241));
#2669 = CARTESIAN_POINT('',(-0.392699081699,-54.83621485651));
#2670 = CARTESIAN_POINT('',(-0.785398163397,-54.71962037096));
#2671 = CARTESIAN_POINT('',(-1.178097245096,-54.63043424717));
#2672 = CARTESIAN_POINT('',(-1.570796326791,-54.59599075597));
#2673 = CARTESIAN_POINT('',(-1.963495408494,-54.63043424717));
#2674 = CARTESIAN_POINT('',(-2.356194490192,-54.71962037096));
#2675 = CARTESIAN_POINT('',(-2.748893571891,-54.83621485651));
#2676 = CARTESIAN_POINT('',(-3.534291735289,-55.06940196831));
#2677 = CARTESIAN_POINT('',(-3.926990816981,-55.18599645383));
#2678 = CARTESIAN_POINT('',(-4.319689898692,-55.27518257775));
#2679 = CARTESIAN_POINT('',(-4.712388980359,-55.30962606828));
#2680 = CARTESIAN_POINT('',(-5.105088062086,-55.27518257757));
#2681 = CARTESIAN_POINT('',(-5.497787143779,-55.18599645382));
#2682 = CARTESIAN_POINT('',(-5.890486225481,-55.06940196831));
#2683 = CARTESIAN_POINT('',(-6.28318530718,-54.95280841241));
#2684 = ( GEOMETRIC_REPRESENTATION_CONTEXT(2) 
PARAMETRIC_REPRESENTATION_CONTEXT() REPRESENTATION_CONTEXT('2D SPACE',''
  ) );
#2685 = ADVANCED_FACE('',(#2686,#2712),#1009,.F.);
#2686 = FACE_BOUND('',#2687,.F.);
#2687 = EDGE_LOOP('',(#2688,#2689,#2690,#2711));
#2688 = ORIENTED_EDGE('',*,*,#2625,.T.);
#2689 = ORIENTED_EDGE('',*,*,#1486,.T.);
#2690 = ORIENTED_EDGE('',*,*,#2691,.F.);
#2691 = EDGE_CURVE('',#958,#1487,#2692,.T.);
#2692 = SURFACE_CURVE('',#2693,(#2697,#2704),.PCURVE_S1.);
#2693 = LINE('',#2694,#2695);
#2694 = CARTESIAN_POINT('',(-16.,0.,51.178571428571));
#2695 = VECTOR('',#2696,1.);
#2696 = DIRECTION('',(1.,0.,0.));
#2697 = PCURVE('',#1009,#2698);
#2698 = DEFINITIONAL_REPRESENTATION('',(#2699),#2703);
#2699 = LINE('',#2700,#2701);
#2700 = CARTESIAN_POINT('',(7.181954296258,16.));
#2701 = VECTOR('',#2702,1.);
#2702 = DIRECTION('',(0.,-1.));
#2703 = ( GEOMETRIC_REPRESENTATION_CONTEXT(2) 
PARAMETRIC_REPRESENTATION_CONTEXT() REPRESENTATION_CONTEXT('2D SPACE',''
  ) );
#2704 = PCURVE('',#972,#2705);
#2705 = DEFINITIONAL_REPRESENTATION('',(#2706),#2710);
#2706 = LINE('',#2707,#2708);
#2707 = CARTESIAN_POINT('',(-16.,16.178571428571));
#2708 = VECTOR('',#2709,1.);
#2709 = DIRECTION('',(1.,-2.478345596314E-18));
#2710 = ( GEOMETRIC_REPRESENTATION_CONTEXT(2) 
PARAMETRIC_REPRESENTATION_CONTEXT() REPRESENTATION_CONTEXT('2D SPACE',''
  ) );
#2711 = ORIENTED_EDGE('',*,*,#983,.T.);
#2712 = FACE_BOUND('',#2713,.F.);
#2713 = EDGE_LOOP('',(#2714));
#2714 = ORIENTED_EDGE('',*,*,#2715,.F.);
#2715 = EDGE_CURVE('',#2716,#2716,#2718,.T.);
#2716 = VERTEX_POINT('',#2717);
#2717 = CARTESIAN_POINT('',(0.9,2.2,51.904334444729));
#2718 = SURFACE_CURVE('',#2719,(#2724,#2731),.PCURVE_S1.);
#2719 = ELLIPSE('',#2720,0.947708511266,0.9);
#2720 = AXIS2_PLACEMENT_3D('',#2721,#2722,#2723);
#2721 = CARTESIAN_POINT('',(0.,2.2,51.904334444729));
#2722 = DIRECTION('',(0.,0.313285201658,-0.949659087474));
#2723 = DIRECTION('',(0.,-0.949659087474,-0.313285201658));
#2724 = PCURVE('',#1009,#2725);
#2725 = DEFINITIONAL_REPRESENTATION('',(#2726),#2730);
#2726 = ELLIPSE('',#2727,0.947708511266,0.9);
#2727 = AXIS2_PLACEMENT_2D('',#2728,#2729);
#2728 = CARTESIAN_POINT('',(4.865333490942,0.));
#2729 = DIRECTION('',(1.,0.));
#2730 = ( GEOMETRIC_REPRESENTATION_CONTEXT(2) 
PARAMETRIC_REPRESENTATION_CONTEXT() REPRESENTATION_CONTEXT('2D SPACE',''
  ) );
#2731 = PCURVE('',#2732,#2737);
#2732 = CYLINDRICAL_SURFACE('',#2733,0.9);
#2733 = AXIS2_PLACEMENT_3D('',#2734,#2735,#2736);
#2734 = CARTESIAN_POINT('',(0.,2.2,0.));
#2735 = DIRECTION('',(-0.,-0.,-1.));
#2736 = DIRECTION('',(1.,0.,0.));
#2737 = DEFINITIONAL_REPRESENTATION('',(#2738),#2755);
#2738 = B_SPLINE_CURVE_WITH_KNOTS('',8,(#2739,#2740,#2741,#2742,#2743,
    #2744,#2745,#2746,#2747,#2748,#2749,#2750,#2751,#2752,#2753,#2754),
  .UNSPECIFIED.,.F.,.F.,(9,7,9),(4.712388980385,7.853981633974,
    10.995574287564),.UNSPECIFIED.);
#2739 = CARTESIAN_POINT('',(-6.28318530718,-51.90433444472));
#2740 = CARTESIAN_POINT('',(-5.890486225481,-51.78774088883));
#2741 = CARTESIAN_POINT('',(-5.497787143782,-51.67114640324));
#2742 = CARTESIAN_POINT('',(-5.105088062084,-51.58196027978));
#2743 = CARTESIAN_POINT('',(-4.712388980384,-51.54751678829));
#2744 = CARTESIAN_POINT('',(-4.31968989869,-51.58196027978));
#2745 = CARTESIAN_POINT('',(-3.926990816988,-51.67114640324));
#2746 = CARTESIAN_POINT('',(-3.534291735289,-51.78774088883));
#2747 = CARTESIAN_POINT('',(-2.748893571891,-52.02092800062));
#2748 = CARTESIAN_POINT('',(-2.356194490198,-52.13752248615));
#2749 = CARTESIAN_POINT('',(-1.963495408495,-52.22670860966));
#2750 = CARTESIAN_POINT('',(-1.570796326806,-52.26115210092));
#2751 = CARTESIAN_POINT('',(-1.178097245101,-52.22670860966));
#2752 = CARTESIAN_POINT('',(-0.785398163401,-52.13752248614));
#2753 = CARTESIAN_POINT('',(-0.392699081699,-52.02092800062));
#2754 = CARTESIAN_POINT('',(-8.881784197001E-16,-51.90433444472));
#2755 = ( GEOMETRIC_REPRESENTATION_CONTEXT(2) 
PARAMETRIC_REPRESENTATION_CONTEXT() REPRESENTATION_CONTEXT('2D SPACE',''
  ) );
#2756 = ADVANCED_FACE('',(#2757),#972,.T.);
#2757 = FACE_BOUND('',#2758,.T.);
#2758 = EDGE_LOOP('',(#2759,#2780,#2781,#2782));
#2759 = ORIENTED_EDGE('',*,*,#2760,.F.);
#2760 = EDGE_CURVE('',#1516,#924,#2761,.T.);
#2761 = SURFACE_CURVE('',#2762,(#2766,#2773),.PCURVE_S1.);
#2762 = LINE('',#2763,#2764);
#2763 = CARTESIAN_POINT('',(16.,0.,47.392857142857));
#2764 = VECTOR('',#2765,1.);
#2765 = DIRECTION('',(-1.,0.,0.));
#2766 = PCURVE('',#972,#2767);
#2767 = DEFINITIONAL_REPRESENTATION('',(#2768),#2772);
#2768 = LINE('',#2769,#2770);
#2769 = CARTESIAN_POINT('',(16.,12.392857142857));
#2770 = VECTOR('',#2771,1.);
#2771 = DIRECTION('',(-1.,2.478345596314E-18));
#2772 = ( GEOMETRIC_REPRESENTATION_CONTEXT(2) 
PARAMETRIC_REPRESENTATION_CONTEXT() REPRESENTATION_CONTEXT('2D SPACE',''
  ) );
#2773 = PCURVE('',#943,#2774);
#2774 = DEFINITIONAL_REPRESENTATION('',(#2775),#2779);
#2775 = LINE('',#2776,#2777);
#2776 = CARTESIAN_POINT('',(0.,-16.));
#2777 = VECTOR('',#2778,1.);
#2778 = DIRECTION('',(0.,1.));
#2779 = ( GEOMETRIC_REPRESENTATION_CONTEXT(2) 
PARAMETRIC_REPRESENTATION_CONTEXT() REPRESENTATION_CONTEXT('2D SPACE',''
  ) );
#2780 = ORIENTED_EDGE('',*,*,#1515,.T.);
#2781 = ORIENTED_EDGE('',*,*,#2691,.F.);
#2782 = ORIENTED_EDGE('',*,*,#957,.F.);
#2783 = ADVANCED_FACE('',(#2784,#2810),#943,.F.);
#2784 = FACE_BOUND('',#2785,.F.);
#2785 = EDGE_LOOP('',(#2786,#2787,#2788,#2809));
#2786 = ORIENTED_EDGE('',*,*,#2760,.F.);
#2787 = ORIENTED_EDGE('',*,*,#1536,.F.);
#2788 = ORIENTED_EDGE('',*,*,#2789,.F.);
#2789 = EDGE_CURVE('',#881,#1537,#2790,.T.);
#2790 = SURFACE_CURVE('',#2791,(#2795,#2802),.PCURVE_S1.);
#2791 = LINE('',#2792,#2793);
#2792 = CARTESIAN_POINT('',(-16.,7.530612244898,45.142857142857));
#2793 = VECTOR('',#2794,1.);
#2794 = DIRECTION('',(1.,0.,0.));
#2795 = PCURVE('',#943,#2796);
#2796 = DEFINITIONAL_REPRESENTATION('',(#2797),#2801);
#2797 = LINE('',#2798,#2799);
#2798 = CARTESIAN_POINT('',(7.859556016914,16.));
#2799 = VECTOR('',#2800,1.);
#2800 = DIRECTION('',(0.,-1.));
#2801 = ( GEOMETRIC_REPRESENTATION_CONTEXT(2) 
PARAMETRIC_REPRESENTATION_CONTEXT() REPRESENTATION_CONTEXT('2D SPACE',''
  ) );
#2802 = PCURVE('',#906,#2803);
#2803 = DEFINITIONAL_REPRESENTATION('',(#2804),#2808);
#2804 = LINE('',#2805,#2806);
#2805 = CARTESIAN_POINT('',(-0.,16.));
#2806 = VECTOR('',#2807,1.);
#2807 = DIRECTION('',(0.,-1.));
#2808 = ( GEOMETRIC_REPRESENTATION_CONTEXT(2) 
PARAMETRIC_REPRESENTATION_CONTEXT() REPRESENTATION_CONTEXT('2D SPACE',''
  ) );
#2809 = ORIENTED_EDGE('',*,*,#923,.F.);
#2810 = FACE_BOUND('',#2811,.F.);
#2811 = EDGE_LOOP('',(#2812));
#2812 = ORIENTED_EDGE('',*,*,#2813,.F.);
#2813 = EDGE_CURVE('',#2814,#2814,#2816,.T.);
#2814 = VERTEX_POINT('',#2815);
#2815 = CARTESIAN_POINT('',(0.9,2.2,46.735540069686));
#2816 = SURFACE_CURVE('',#2817,(#2822,#2829),.PCURVE_S1.);
#2817 = ELLIPSE('',#2818,0.939312792265,0.9);
#2818 = AXIS2_PLACEMENT_3D('',#2819,#2820,#2821);
#2819 = CARTESIAN_POINT('',(0.,2.2,46.735540069686));
#2820 = DIRECTION('',(0.,0.286275712668,0.958147283217));
#2821 = DIRECTION('',(0.,0.958147283217,-0.286275712668));
#2822 = PCURVE('',#943,#2823);
#2823 = DEFINITIONAL_REPRESENTATION('',(#2824),#2828);
#2824 = ELLIPSE('',#2825,0.939312792265,0.9);
#2825 = AXIS2_PLACEMENT_2D('',#2826,#2827);
#2826 = CARTESIAN_POINT('',(2.296097936649,0.));
#2827 = DIRECTION('',(1.,0.));
#2828 = ( GEOMETRIC_REPRESENTATION_CONTEXT(2) 
PARAMETRIC_REPRESENTATION_CONTEXT() REPRESENTATION_CONTEXT('2D SPACE',''
  ) );
#2829 = PCURVE('',#2732,#2830);
#2830 = DEFINITIONAL_REPRESENTATION('',(#2831),#2848);
#2831 = B_SPLINE_CURVE_WITH_KNOTS('',8,(#2832,#2833,#2834,#2835,#2836,
    #2837,#2838,#2839,#2840,#2841,#2842,#2843,#2844,#2845,#2846,#2847),
  .UNSPECIFIED.,.F.,.F.,(9,7,9),(4.712388980385,7.853981633974,
    10.995574287564),.UNSPECIFIED.);
#2832 = CARTESIAN_POINT('',(0.,-46.73554006968));
#2833 = CARTESIAN_POINT('',(-0.392699081699,-46.62994232881));
#2834 = CARTESIAN_POINT('',(-0.785398163397,-46.52434374592));
#2835 = CARTESIAN_POINT('',(-1.178097245096,-46.44356867144));
#2836 = CARTESIAN_POINT('',(-1.570796326791,-46.41237350925));
#2837 = CARTESIAN_POINT('',(-1.963495408494,-46.44356867141));
#2838 = CARTESIAN_POINT('',(-2.356194490192,-46.52434374592));
#2839 = CARTESIAN_POINT('',(-2.748893571891,-46.62994232881));
#2840 = CARTESIAN_POINT('',(-3.534291735289,-46.84113781055));
#2841 = CARTESIAN_POINT('',(-3.926990816981,-46.94673639342));
#2842 = CARTESIAN_POINT('',(-4.319689898692,-47.02751146783));
#2843 = CARTESIAN_POINT('',(-4.712388980359,-47.05870663008));
#2844 = CARTESIAN_POINT('',(-5.105088062086,-47.02751146775));
#2845 = CARTESIAN_POINT('',(-5.497787143779,-46.94673639341));
#2846 = CARTESIAN_POINT('',(-5.890486225481,-46.84113781055));
#2847 = CARTESIAN_POINT('',(-6.28318530718,-46.73554006968));
#2848 = ( GEOMETRIC_REPRESENTATION_CONTEXT(2) 
PARAMETRIC_REPRESENTATION_CONTEXT() REPRESENTATION_CONTEXT('2D SPACE',''
  ) );
#2849 = ADVANCED_FACE('',(#2850,#2876),#906,.F.);
#2850 = FACE_BOUND('',#2851,.F.);
#2851 = EDGE_LOOP('',(#2852,#2853,#2854,#2875));
#2852 = ORIENTED_EDGE('',*,*,#2789,.T.);
#2853 = ORIENTED_EDGE('',*,*,#1565,.T.);
#2854 = ORIENTED_EDGE('',*,*,#2855,.F.);
#2855 = EDGE_CURVE('',#855,#1566,#2856,.T.);
#2856 = SURFACE_CURVE('',#2857,(#2861,#2868),.PCURVE_S1.);
#2857 = LINE('',#2858,#2859);
#2858 = CARTESIAN_POINT('',(-16.,0.,42.892857142857));
#2859 = VECTOR('',#2860,1.);
#2860 = DIRECTION('',(1.,0.,0.));
#2861 = PCURVE('',#906,#2862);
#2862 = DEFINITIONAL_REPRESENTATION('',(#2863),#2867);
#2863 = LINE('',#2864,#2865);
#2864 = CARTESIAN_POINT('',(7.859556016914,16.));
#2865 = VECTOR('',#2866,1.);
#2866 = DIRECTION('',(0.,-1.));
#2867 = ( GEOMETRIC_REPRESENTATION_CONTEXT(2) 
PARAMETRIC_REPRESENTATION_CONTEXT() REPRESENTATION_CONTEXT('2D SPACE',''
  ) );
#2868 = PCURVE('',#869,#2869);
#2869 = DEFINITIONAL_REPRESENTATION('',(#2870),#2874);
#2870 = LINE('',#2871,#2872);
#2871 = CARTESIAN_POINT('',(-16.,7.892857142857));
#2872 = VECTOR('',#2873,1.);
#2873 = DIRECTION('',(1.,-2.478345596314E-18));
#2874 = ( GEOMETRIC_REPRESENTATION_CONTEXT(2) 
PARAMETRIC_REPRESENTATION_CONTEXT() REPRESENTATION_CONTEXT('2D SPACE',''
  ) );
#2875 = ORIENTED_EDGE('',*,*,#880,.T.);
#2876 = FACE_BOUND('',#2877,.F.);
#2877 = EDGE_LOOP('',(#2878));
#2878 = ORIENTED_EDGE('',*,*,#2879,.F.);
#2879 = EDGE_CURVE('',#2880,#2880,#2882,.T.);
#2880 = VERTEX_POINT('',#2881);
#2881 = CARTESIAN_POINT('',(0.9,2.2,43.550174216028));
#2882 = SURFACE_CURVE('',#2883,(#2888,#2895),.PCURVE_S1.);
#2883 = ELLIPSE('',#2884,0.939312792265,0.9);
#2884 = AXIS2_PLACEMENT_3D('',#2885,#2886,#2887);
#2885 = CARTESIAN_POINT('',(0.,2.2,43.550174216028));
#2886 = DIRECTION('',(0.,0.286275712668,-0.958147283217));
#2887 = DIRECTION('',(0.,-0.958147283217,-0.286275712668));
#2888 = PCURVE('',#906,#2889);
#2889 = DEFINITIONAL_REPRESENTATION('',(#2890),#2894);
#2890 = ELLIPSE('',#2891,0.939312792265,0.9);
#2891 = AXIS2_PLACEMENT_2D('',#2892,#2893);
#2892 = CARTESIAN_POINT('',(5.563458080265,0.));
#2893 = DIRECTION('',(1.,0.));
#2894 = ( GEOMETRIC_REPRESENTATION_CONTEXT(2) 
PARAMETRIC_REPRESENTATION_CONTEXT() REPRESENTATION_CONTEXT('2D SPACE',''
  ) );
#2895 = PCURVE('',#2896,#2901);
#2896 = CYLINDRICAL_SURFACE('',#2897,0.9);
#2897 = AXIS2_PLACEMENT_3D('',#2898,#2899,#2900);
#2898 = CARTESIAN_POINT('',(0.,2.2,0.));
#2899 = DIRECTION('',(-0.,-0.,-1.));
#2900 = DIRECTION('',(1.,0.,0.));
#2901 = DEFINITIONAL_REPRESENTATION('',(#2902),#2919);
#2902 = B_SPLINE_CURVE_WITH_KNOTS('',8,(#2903,#2904,#2905,#2906,#2907,
    #2908,#2909,#2910,#2911,#2912,#2913,#2914,#2915,#2916,#2917,#2918),
  .UNSPECIFIED.,.F.,.F.,(9,7,9),(4.712388980385,7.853981633974,
    10.995574287564),.UNSPECIFIED.);
#2903 = CARTESIAN_POINT('',(-6.28318530718,-43.55017421602));
#2904 = CARTESIAN_POINT('',(-5.890486225481,-43.44457647515));
#2905 = CARTESIAN_POINT('',(-5.497787143782,-43.33897789227));
#2906 = CARTESIAN_POINT('',(-5.105088062084,-43.25820281769));
#2907 = CARTESIAN_POINT('',(-4.712388980384,-43.22700765568));
#2908 = CARTESIAN_POINT('',(-4.31968989869,-43.25820281769));
#2909 = CARTESIAN_POINT('',(-3.926990816988,-43.33897789229));
#2910 = CARTESIAN_POINT('',(-3.534291735289,-43.44457647515));
#2911 = CARTESIAN_POINT('',(-2.748893571891,-43.65577195689));
#2912 = CARTESIAN_POINT('',(-2.356194490198,-43.76137053977));
#2913 = CARTESIAN_POINT('',(-1.963495408495,-43.84214561406));
#2914 = CARTESIAN_POINT('',(-1.570796326806,-43.87334077665));
#2915 = CARTESIAN_POINT('',(-1.178097245101,-43.84214561409));
#2916 = CARTESIAN_POINT('',(-0.785398163401,-43.76137053976));
#2917 = CARTESIAN_POINT('',(-0.392699081699,-43.65577195689));
#2918 = CARTESIAN_POINT('',(-8.881784197001E-16,-43.55017421602));
#2919 = ( GEOMETRIC_REPRESENTATION_CONTEXT(2) 
PARAMETRIC_REPRESENTATION_CONTEXT() REPRESENTATION_CONTEXT('2D SPACE',''
  ) );
#2920 = ADVANCED_FACE('',(#2921),#869,.T.);
#2921 = FACE_BOUND('',#2922,.T.);
#2922 = EDGE_LOOP('',(#2923,#2944,#2945,#2946));
#2923 = ORIENTED_EDGE('',*,*,#2924,.F.);
#2924 = EDGE_CURVE('',#1595,#821,#2925,.T.);
#2925 = SURFACE_CURVE('',#2926,(#2930,#2937),.PCURVE_S1.);
#2926 = LINE('',#2927,#2928);
#2927 = CARTESIAN_POINT('',(16.,0.,39.107142857143));
#2928 = VECTOR('',#2929,1.);
#2929 = DIRECTION('',(-1.,0.,0.));
#2930 = PCURVE('',#869,#2931);
#2931 = DEFINITIONAL_REPRESENTATION('',(#2932),#2936);
#2932 = LINE('',#2933,#2934);
#2933 = CARTESIAN_POINT('',(16.,4.107142857143));
#2934 = VECTOR('',#2935,1.);
#2935 = DIRECTION('',(-1.,2.478345596314E-18));
#2936 = ( GEOMETRIC_REPRESENTATION_CONTEXT(2) 
PARAMETRIC_REPRESENTATION_CONTEXT() REPRESENTATION_CONTEXT('2D SPACE',''
  ) );
#2937 = PCURVE('',#840,#2938);
#2938 = DEFINITIONAL_REPRESENTATION('',(#2939),#2943);
#2939 = LINE('',#2940,#2941);
#2940 = CARTESIAN_POINT('',(0.,-16.));
#2941 = VECTOR('',#2942,1.);
#2942 = DIRECTION('',(0.,1.));
#2943 = ( GEOMETRIC_REPRESENTATION_CONTEXT(2) 
PARAMETRIC_REPRESENTATION_CONTEXT() REPRESENTATION_CONTEXT('2D SPACE',''
  ) );
#2944 = ORIENTED_EDGE('',*,*,#1594,.T.);
#2945 = ORIENTED_EDGE('',*,*,#2855,.F.);
#2946 = ORIENTED_EDGE('',*,*,#854,.F.);
#2947 = ADVANCED_FACE('',(#2948,#2974),#840,.F.);
#2948 = FACE_BOUND('',#2949,.F.);
#2949 = EDGE_LOOP('',(#2950,#2951,#2952,#2973));
#2950 = ORIENTED_EDGE('',*,*,#2924,.F.);
#2951 = ORIENTED_EDGE('',*,*,#1615,.F.);
#2952 = ORIENTED_EDGE('',*,*,#2953,.F.);
#2953 = EDGE_CURVE('',#778,#1616,#2954,.T.);
#2954 = SURFACE_CURVE('',#2955,(#2959,#2966),.PCURVE_S1.);
#2955 = LINE('',#2956,#2957);
#2956 = CARTESIAN_POINT('',(-16.,8.240816326531,36.857142857143));
#2957 = VECTOR('',#2958,1.);
#2958 = DIRECTION('',(1.,0.,0.));
#2959 = PCURVE('',#840,#2960);
#2960 = DEFINITIONAL_REPRESENTATION('',(#2961),#2965);
#2961 = LINE('',#2962,#2963);
#2962 = CARTESIAN_POINT('',(8.542455954093,16.));
#2963 = VECTOR('',#2964,1.);
#2964 = DIRECTION('',(0.,-1.));
#2965 = ( GEOMETRIC_REPRESENTATION_CONTEXT(2) 
PARAMETRIC_REPRESENTATION_CONTEXT() REPRESENTATION_CONTEXT('2D SPACE',''
  ) );
#2966 = PCURVE('',#803,#2967);
#2967 = DEFINITIONAL_REPRESENTATION('',(#2968),#2972);
#2968 = LINE('',#2969,#2970);
#2969 = CARTESIAN_POINT('',(-0.,16.));
#2970 = VECTOR('',#2971,1.);
#2971 = DIRECTION('',(0.,-1.));
#2972 = ( GEOMETRIC_REPRESENTATION_CONTEXT(2) 
PARAMETRIC_REPRESENTATION_CONTEXT() REPRESENTATION_CONTEXT('2D SPACE',''
  ) );
#2973 = ORIENTED_EDGE('',*,*,#820,.F.);
#2974 = FACE_BOUND('',#2975,.F.);
#2975 = EDGE_LOOP('',(#2976));
#2976 = ORIENTED_EDGE('',*,*,#2977,.F.);
#2977 = EDGE_CURVE('',#2978,#2978,#2980,.T.);
#2978 = VERTEX_POINT('',#2979);
#2979 = CARTESIAN_POINT('',(0.9,2.2,38.506474209297));
#2980 = SURFACE_CURVE('',#2981,(#2986,#2993),.PCURVE_S1.);
#2981 = ELLIPSE('',#2982,0.932942812223,0.9);
#2982 = AXIS2_PLACEMENT_3D('',#2983,#2984,#2985);
#2983 = CARTESIAN_POINT('',(0.,2.2,38.506474209297));
#2984 = DIRECTION('',(0.,0.263390295729,0.964689355241));
#2985 = DIRECTION('',(0.,0.964689355241,-0.263390295729));
#2986 = PCURVE('',#840,#2987);
#2987 = DEFINITIONAL_REPRESENTATION('',(#2988),#2992);
#2988 = ELLIPSE('',#2989,0.932942812223,0.9);
#2989 = AXIS2_PLACEMENT_2D('',#2990,#2991);
#2990 = CARTESIAN_POINT('',(2.280526874322,0.));
#2991 = DIRECTION('',(1.,0.));
#2992 = ( GEOMETRIC_REPRESENTATION_CONTEXT(2) 
PARAMETRIC_REPRESENTATION_CONTEXT() REPRESENTATION_CONTEXT('2D SPACE',''
  ) );
#2993 = PCURVE('',#2896,#2994);
#2994 = DEFINITIONAL_REPRESENTATION('',(#2995),#3012);
#2995 = B_SPLINE_CURVE_WITH_KNOTS('',8,(#2996,#2997,#2998,#2999,#3000,
    #3001,#3002,#3003,#3004,#3005,#3006,#3007,#3008,#3009,#3010,#3011),
  .UNSPECIFIED.,.F.,.F.,(9,7,9),(4.712388980385,7.853981633974,
    10.995574287564),.UNSPECIFIED.);
#2996 = CARTESIAN_POINT('',(0.,-38.50647420929));
#2997 = CARTESIAN_POINT('',(-0.392699081699,-38.40997701667));
#2998 = CARTESIAN_POINT('',(-0.785398163397,-38.31347905463));
#2999 = CARTESIAN_POINT('',(-1.178097245096,-38.23966527923));
#3000 = CARTESIAN_POINT('',(-1.570796326791,-38.21115855604));
#3001 = CARTESIAN_POINT('',(-1.963495408494,-38.23966527913));
#3002 = CARTESIAN_POINT('',(-2.356194490192,-38.31347905462));
#3003 = CARTESIAN_POINT('',(-2.748893571891,-38.40997701667));
#3004 = CARTESIAN_POINT('',(-3.534291735289,-38.60297140192));
#3005 = CARTESIAN_POINT('',(-3.926990816981,-38.69946936389));
#3006 = CARTESIAN_POINT('',(-4.319689898692,-38.77328313948));
#3007 = CARTESIAN_POINT('',(-4.712388980359,-38.80178986201));
#3008 = CARTESIAN_POINT('',(-5.105088062086,-38.77328313951));
#3009 = CARTESIAN_POINT('',(-5.497787143779,-38.69946936388));
#3010 = CARTESIAN_POINT('',(-5.890486225481,-38.60297140192));
#3011 = CARTESIAN_POINT('',(-6.28318530718,-38.50647420929));
#3012 = ( GEOMETRIC_REPRESENTATION_CONTEXT(2) 
PARAMETRIC_REPRESENTATION_CONTEXT() REPRESENTATION_CONTEXT('2D SPACE',''
  ) );
#3013 = ADVANCED_FACE('',(#3014,#3040),#803,.F.);
#3014 = FACE_BOUND('',#3015,.F.);
#3015 = EDGE_LOOP('',(#3016,#3017,#3018,#3039));
#3016 = ORIENTED_EDGE('',*,*,#2953,.T.);
#3017 = ORIENTED_EDGE('',*,*,#1644,.T.);
#3018 = ORIENTED_EDGE('',*,*,#3019,.F.);
#3019 = EDGE_CURVE('',#752,#1645,#3020,.T.);
#3020 = SURFACE_CURVE('',#3021,(#3025,#3032),.PCURVE_S1.);
#3021 = LINE('',#3022,#3023);
#3022 = CARTESIAN_POINT('',(-16.,0.,34.607142857143));
#3023 = VECTOR('',#3024,1.);
#3024 = DIRECTION('',(1.,0.,0.));
#3025 = PCURVE('',#803,#3026);
#3026 = DEFINITIONAL_REPRESENTATION('',(#3027),#3031);
#3027 = LINE('',#3028,#3029);
#3028 = CARTESIAN_POINT('',(8.542455954093,16.));
#3029 = VECTOR('',#3030,1.);
#3030 = DIRECTION('',(0.,-1.));
#3031 = ( GEOMETRIC_REPRESENTATION_CONTEXT(2) 
PARAMETRIC_REPRESENTATION_CONTEXT() REPRESENTATION_CONTEXT('2D SPACE',''
  ) );
#3032 = PCURVE('',#766,#3033);
#3033 = DEFINITIONAL_REPRESENTATION('',(#3034),#3038);
#3034 = LINE('',#3035,#3036);
#3035 = CARTESIAN_POINT('',(-16.,-0.392857142857));
#3036 = VECTOR('',#3037,1.);
#3037 = DIRECTION('',(1.,-2.478345596314E-18));
#3038 = ( GEOMETRIC_REPRESENTATION_CONTEXT(2) 
PARAMETRIC_REPRESENTATION_CONTEXT() REPRESENTATION_CONTEXT('2D SPACE',''
  ) );
#3039 = ORIENTED_EDGE('',*,*,#777,.T.);
#3040 = FACE_BOUND('',#3041,.F.);
#3041 = EDGE_LOOP('',(#3042));
#3042 = ORIENTED_EDGE('',*,*,#3043,.F.);
#3043 = EDGE_CURVE('',#3044,#3044,#3046,.T.);
#3044 = VERTEX_POINT('',#3045);
#3045 = CARTESIAN_POINT('',(0.9,2.2,35.207811504988));
#3046 = SURFACE_CURVE('',#3047,(#3052,#3059),.PCURVE_S1.);
#3047 = ELLIPSE('',#3048,0.932942812223,0.9);
#3048 = AXIS2_PLACEMENT_3D('',#3049,#3050,#3051);
#3049 = CARTESIAN_POINT('',(0.,2.2,35.207811504988));
#3050 = DIRECTION('',(0.,0.263390295729,-0.964689355241));
#3051 = DIRECTION('',(0.,-0.964689355241,-0.263390295729));
#3052 = PCURVE('',#803,#3053);
#3053 = DEFINITIONAL_REPRESENTATION('',(#3054),#3058);
#3054 = ELLIPSE('',#3055,0.932942812223,0.9);
#3055 = AXIS2_PLACEMENT_2D('',#3056,#3057);
#3056 = CARTESIAN_POINT('',(6.261929079771,0.));
#3057 = DIRECTION('',(1.,0.));
#3058 = ( GEOMETRIC_REPRESENTATION_CONTEXT(2) 
PARAMETRIC_REPRESENTATION_CONTEXT() REPRESENTATION_CONTEXT('2D SPACE',''
  ) );
#3059 = PCURVE('',#3060,#3065);
#3060 = CYLINDRICAL_SURFACE('',#3061,0.9);
#3061 = AXIS2_PLACEMENT_3D('',#3062,#3063,#3064);
#3062 = CARTESIAN_POINT('',(0.,2.2,0.));
#3063 = DIRECTION('',(-0.,-0.,-1.));
#3064 = DIRECTION('',(1.,0.,0.));
#3065 = DEFINITIONAL_REPRESENTATION('',(#3066),#3083);
#3066 = B_SPLINE_CURVE_WITH_KNOTS('',8,(#3067,#3068,#3069,#3070,#3071,
    #3072,#3073,#3074,#3075,#3076,#3077,#3078,#3079,#3080,#3081,#3082),
  .UNSPECIFIED.,.F.,.F.,(9,7,9),(4.712388980385,7.853981633974,
    10.995574287564),.UNSPECIFIED.);
#3067 = CARTESIAN_POINT('',(-6.28318530718,-35.20781150498));
#3068 = CARTESIAN_POINT('',(-5.890486225481,-35.11131431236));
#3069 = CARTESIAN_POINT('',(-5.497787143782,-35.01481635034));
#3070 = CARTESIAN_POINT('',(-5.105088062084,-34.94100257477));
#3071 = CARTESIAN_POINT('',(-4.712388980384,-34.91249585204));
#3072 = CARTESIAN_POINT('',(-4.31968989869,-34.94100257476));
#3073 = CARTESIAN_POINT('',(-3.926990816988,-35.01481635034));
#3074 = CARTESIAN_POINT('',(-3.534291735289,-35.11131431236));
#3075 = CARTESIAN_POINT('',(-2.748893571891,-35.30430869761));
#3076 = CARTESIAN_POINT('',(-2.356194490198,-35.40080665965));
#3077 = CARTESIAN_POINT('',(-1.963495408495,-35.47462043499));
#3078 = CARTESIAN_POINT('',(-1.570796326806,-35.50312715838));
#3079 = CARTESIAN_POINT('',(-1.178097245101,-35.47462043499));
#3080 = CARTESIAN_POINT('',(-0.785398163401,-35.40080665965));
#3081 = CARTESIAN_POINT('',(-0.392699081699,-35.30430869761));
#3082 = CARTESIAN_POINT('',(-8.881784197001E-16,-35.20781150498));
#3083 = ( GEOMETRIC_REPRESENTATION_CONTEXT(2) 
PARAMETRIC_REPRESENTATION_CONTEXT() REPRESENTATION_CONTEXT('2D SPACE',''
  ) );
#3084 = ADVANCED_FACE('',(#3085),#766,.T.);
#3085 = FACE_BOUND('',#3086,.T.);
#3086 = EDGE_LOOP('',(#3087,#3108,#3109,#3110));
#3087 = ORIENTED_EDGE('',*,*,#3088,.F.);
#3088 = EDGE_CURVE('',#1674,#718,#3089,.T.);
#3089 = SURFACE_CURVE('',#3090,(#3094,#3101),.PCURVE_S1.);
#3090 = LINE('',#3091,#3092);
#3091 = CARTESIAN_POINT('',(16.,0.,30.821428571429));
#3092 = VECTOR('',#3093,1.);
#3093 = DIRECTION('',(-1.,0.,0.));
#3094 = PCURVE('',#766,#3095);
#3095 = DEFINITIONAL_REPRESENTATION('',(#3096),#3100);
#3096 = LINE('',#3097,#3098);
#3097 = CARTESIAN_POINT('',(16.,-4.178571428571));
#3098 = VECTOR('',#3099,1.);
#3099 = DIRECTION('',(-1.,2.478345596314E-18));
#3100 = ( GEOMETRIC_REPRESENTATION_CONTEXT(2) 
PARAMETRIC_REPRESENTATION_CONTEXT() REPRESENTATION_CONTEXT('2D SPACE',''
  ) );
#3101 = PCURVE('',#737,#3102);
#3102 = DEFINITIONAL_REPRESENTATION('',(#3103),#3107);
#3103 = LINE('',#3104,#3105);
#3104 = CARTESIAN_POINT('',(0.,-16.));
#3105 = VECTOR('',#3106,1.);
#3106 = DIRECTION('',(0.,1.));
#3107 = ( GEOMETRIC_REPRESENTATION_CONTEXT(2) 
PARAMETRIC_REPRESENTATION_CONTEXT() REPRESENTATION_CONTEXT('2D SPACE',''
  ) );
#3108 = ORIENTED_EDGE('',*,*,#1673,.T.);
#3109 = ORIENTED_EDGE('',*,*,#3019,.F.);
#3110 = ORIENTED_EDGE('',*,*,#751,.F.);
#3111 = ADVANCED_FACE('',(#3112,#3138),#737,.F.);
#3112 = FACE_BOUND('',#3113,.F.);
#3113 = EDGE_LOOP('',(#3114,#3115,#3116,#3137));
#3114 = ORIENTED_EDGE('',*,*,#3088,.F.);
#3115 = ORIENTED_EDGE('',*,*,#1694,.F.);
#3116 = ORIENTED_EDGE('',*,*,#3117,.F.);
#3117 = EDGE_CURVE('',#675,#1695,#3118,.T.);
#3118 = SURFACE_CURVE('',#3119,(#3123,#3130),.PCURVE_S1.);
#3119 = LINE('',#3120,#3121);
#3120 = CARTESIAN_POINT('',(-16.,8.951020408163,28.571428571429));
#3121 = VECTOR('',#3122,1.);
#3122 = DIRECTION('',(1.,0.,0.));
#3123 = PCURVE('',#737,#3124);
#3124 = DEFINITIONAL_REPRESENTATION('',(#3125),#3129);
#3125 = LINE('',#3126,#3127);
#3126 = CARTESIAN_POINT('',(9.229478118905,16.));
#3127 = VECTOR('',#3128,1.);
#3128 = DIRECTION('',(0.,-1.));
#3129 = ( GEOMETRIC_REPRESENTATION_CONTEXT(2) 
PARAMETRIC_REPRESENTATION_CONTEXT() REPRESENTATION_CONTEXT('2D SPACE',''
  ) );
#3130 = PCURVE('',#700,#3131);
#3131 = DEFINITIONAL_REPRESENTATION('',(#3132),#3136);
#3132 = LINE('',#3133,#3134);
#3133 = CARTESIAN_POINT('',(-0.,16.));
#3134 = VECTOR('',#3135,1.);
#3135 = DIRECTION('',(0.,-1.));
#3136 = ( GEOMETRIC_REPRESENTATION_CONTEXT(2) 
PARAMETRIC_REPRESENTATION_CONTEXT() REPRESENTATION_CONTEXT('2D SPACE',''
  ) );
#3137 = ORIENTED_EDGE('',*,*,#717,.F.);
#3138 = FACE_BOUND('',#3139,.F.);
#3139 = EDGE_LOOP('',(#3140));
#3140 = ORIENTED_EDGE('',*,*,#3141,.F.);
#3141 = EDGE_CURVE('',#3142,#3142,#3144,.T.);
#3142 = VERTEX_POINT('',#3143);
#3143 = CARTESIAN_POINT('',(0.9,2.2,30.268418995505));
#3144 = SURFACE_CURVE('',#3145,(#3150,#3157),.PCURVE_S1.);
#3145 = ELLIPSE('',#3146,0.927998141915,0.9);
#3146 = AXIS2_PLACEMENT_3D('',#3147,#3148,#3149);
#3147 = CARTESIAN_POINT('',(0.,2.2,30.268418995505));
#3148 = DIRECTION('',(0.,0.243784098192,0.969829528045));
#3149 = DIRECTION('',(0.,0.969829528045,-0.243784098192));
#3150 = PCURVE('',#737,#3151);
#3151 = DEFINITIONAL_REPRESENTATION('',(#3152),#3156);
#3152 = ELLIPSE('',#3153,0.927998141915,0.9);
#3153 = AXIS2_PLACEMENT_2D('',#3154,#3155);
#3154 = CARTESIAN_POINT('',(2.268439902458,0.));
#3155 = DIRECTION('',(1.,0.));
#3156 = ( GEOMETRIC_REPRESENTATION_CONTEXT(2) 
PARAMETRIC_REPRESENTATION_CONTEXT() REPRESENTATION_CONTEXT('2D SPACE',''
  ) );
#3157 = PCURVE('',#3060,#3158);
#3158 = DEFINITIONAL_REPRESENTATION('',(#3159),#3176);
#3159 = B_SPLINE_CURVE_WITH_KNOTS('',8,(#3160,#3161,#3162,#3163,#3164,
    #3165,#3166,#3167,#3168,#3169,#3170,#3171,#3172,#3173,#3174,#3175),
  .UNSPECIFIED.,.F.,.F.,(9,7,9),(4.712388980385,7.853981633974,
    10.995574287564),.UNSPECIFIED.);
#3160 = CARTESIAN_POINT('',(0.,-30.2684189955));
#3161 = CARTESIAN_POINT('',(-0.392699081699,-30.17957821488));
#3162 = CARTESIAN_POINT('',(-0.785398163397,-30.09073672589));
#3163 = CARTESIAN_POINT('',(-1.178097245096,-30.02277958377));
#3164 = CARTESIAN_POINT('',(-1.570796326791,-29.9965346801));
#3165 = CARTESIAN_POINT('',(-1.963495408494,-30.02277958382));
#3166 = CARTESIAN_POINT('',(-2.356194490192,-30.09073672589));
#3167 = CARTESIAN_POINT('',(-2.748893571891,-30.17957821488));
#3168 = CARTESIAN_POINT('',(-3.534291735289,-30.35725977612));
#3169 = CARTESIAN_POINT('',(-3.926990816981,-30.44610126511));
#3170 = CARTESIAN_POINT('',(-4.319689898692,-30.51405840709));
#3171 = CARTESIAN_POINT('',(-4.712388980359,-30.54030331099));
#3172 = CARTESIAN_POINT('',(-5.105088062086,-30.51405840706));
#3173 = CARTESIAN_POINT('',(-5.497787143779,-30.44610126512));
#3174 = CARTESIAN_POINT('',(-5.890486225481,-30.35725977612));
#3175 = CARTESIAN_POINT('',(-6.28318530718,-30.2684189955));
#3176 = ( GEOMETRIC_REPRESENTATION_CONTEXT(2) 
PARAMETRIC_REPRESENTATION_CONTEXT() REPRESENTATION_CONTEXT('2D SPACE',''
  ) );
#3177 = ADVANCED_FACE('',(#3178,#3204),#700,.F.);
#3178 = FACE_BOUND('',#3179,.F.);
#3179 = EDGE_LOOP('',(#3180,#3181,#3182,#3203));
#3180 = ORIENTED_EDGE('',*,*,#3117,.T.);
#3181 = ORIENTED_EDGE('',*,*,#1723,.T.);
#3182 = ORIENTED_EDGE('',*,*,#3183,.F.);
#3183 = EDGE_CURVE('',#649,#1724,#3184,.T.);
#3184 = SURFACE_CURVE('',#3185,(#3189,#3196),.PCURVE_S1.);
#3185 = LINE('',#3186,#3187);
#3186 = CARTESIAN_POINT('',(-16.,0.,26.321428571429));
#3187 = VECTOR('',#3188,1.);
#3188 = DIRECTION('',(1.,0.,0.));
#3189 = PCURVE('',#700,#3190);
#3190 = DEFINITIONAL_REPRESENTATION('',(#3191),#3195);
#3191 = LINE('',#3192,#3193);
#3192 = CARTESIAN_POINT('',(9.229478118905,16.));
#3193 = VECTOR('',#3194,1.);
#3194 = DIRECTION('',(0.,-1.));
#3195 = ( GEOMETRIC_REPRESENTATION_CONTEXT(2) 
PARAMETRIC_REPRESENTATION_CONTEXT() REPRESENTATION_CONTEXT('2D SPACE',''
  ) );
#3196 = PCURVE('',#663,#3197);
#3197 = DEFINITIONAL_REPRESENTATION('',(#3198),#3202);
#3198 = LINE('',#3199,#3200);
#3199 = CARTESIAN_POINT('',(-16.,-8.678571428571));
#3200 = VECTOR('',#3201,1.);
#3201 = DIRECTION('',(1.,-2.478345596314E-18));
#3202 = ( GEOMETRIC_REPRESENTATION_CONTEXT(2) 
PARAMETRIC_REPRESENTATION_CONTEXT() REPRESENTATION_CONTEXT('2D SPACE',''
  ) );
#3203 = ORIENTED_EDGE('',*,*,#674,.T.);
#3204 = FACE_BOUND('',#3205,.F.);
#3205 = EDGE_LOOP('',(#3206));
#3206 = ORIENTED_EDGE('',*,*,#3207,.F.);
#3207 = EDGE_CURVE('',#3208,#3208,#3210,.T.);
#3208 = VERTEX_POINT('',#3209);
#3209 = CARTESIAN_POINT('',(0.9,2.2,26.874438147352));
#3210 = SURFACE_CURVE('',#3211,(#3216,#3223),.PCURVE_S1.);
#3211 = ELLIPSE('',#3212,0.927998141915,0.9);
#3212 = AXIS2_PLACEMENT_3D('',#3213,#3214,#3215);
#3213 = CARTESIAN_POINT('',(0.,2.2,26.874438147352));
#3214 = DIRECTION('',(0.,0.243784098192,-0.969829528045));
#3215 = DIRECTION('',(0.,-0.969829528045,-0.243784098192));
#3216 = PCURVE('',#700,#3217);
#3217 = DEFINITIONAL_REPRESENTATION('',(#3218),#3222);
#3218 = ELLIPSE('',#3219,0.927998141915,0.9);
#3219 = AXIS2_PLACEMENT_2D('',#3220,#3221);
#3220 = CARTESIAN_POINT('',(6.961038216448,0.));
#3221 = DIRECTION('',(1.,0.));
#3222 = ( GEOMETRIC_REPRESENTATION_CONTEXT(2) 
PARAMETRIC_REPRESENTATION_CONTEXT() REPRESENTATION_CONTEXT('2D SPACE',''
  ) );
#3223 = PCURVE('',#3224,#3229);
#3224 = CYLINDRICAL_SURFACE('',#3225,0.9);
#3225 = AXIS2_PLACEMENT_3D('',#3226,#3227,#3228);
#3226 = CARTESIAN_POINT('',(0.,2.2,0.));
#3227 = DIRECTION('',(-0.,-0.,-1.));
#3228 = DIRECTION('',(1.,0.,0.));
#3229 = DEFINITIONAL_REPRESENTATION('',(#3230),#3247);
#3230 = B_SPLINE_CURVE_WITH_KNOTS('',8,(#3231,#3232,#3233,#3234,#3235,
    #3236,#3237,#3238,#3239,#3240,#3241,#3242,#3243,#3244,#3245,#3246),
  .UNSPECIFIED.,.F.,.F.,(9,7,9),(4.712388980385,7.853981633974,
    10.995574287564),.UNSPECIFIED.);
#3231 = CARTESIAN_POINT('',(-6.28318530718,-26.87443814735));
#3232 = CARTESIAN_POINT('',(-5.890486225481,-26.78559736672));
#3233 = CARTESIAN_POINT('',(-5.497787143782,-26.6967558777));
#3234 = CARTESIAN_POINT('',(-5.105088062084,-26.62879873577));
#3235 = CARTESIAN_POINT('',(-4.712388980384,-26.60255383169));
#3236 = CARTESIAN_POINT('',(-4.31968989869,-26.62879873569));
#3237 = CARTESIAN_POINT('',(-3.926990816988,-26.69675587768));
#3238 = CARTESIAN_POINT('',(-3.534291735289,-26.78559736672));
#3239 = CARTESIAN_POINT('',(-2.748893571891,-26.96327892797));
#3240 = CARTESIAN_POINT('',(-2.356194490198,-27.05212041696));
#3241 = CARTESIAN_POINT('',(-1.963495408495,-27.12007755895));
#3242 = CARTESIAN_POINT('',(-1.570796326806,-27.14632246266));
#3243 = CARTESIAN_POINT('',(-1.178097245101,-27.12007755901));
#3244 = CARTESIAN_POINT('',(-0.785398163401,-27.05212041694));
#3245 = CARTESIAN_POINT('',(-0.392699081699,-26.96327892797));
#3246 = CARTESIAN_POINT('',(-8.881784197001E-16,-26.87443814735));
#3247 = ( GEOMETRIC_REPRESENTATION_CONTEXT(2) 
PARAMETRIC_REPRESENTATION_CONTEXT() REPRESENTATION_CONTEXT('2D SPACE',''
  ) );
#3248 = ADVANCED_FACE('',(#3249),#663,.T.);
#3249 = FACE_BOUND('',#3250,.T.);
#3250 = EDGE_LOOP('',(#3251,#3272,#3273,#3274));
#3251 = ORIENTED_EDGE('',*,*,#3252,.F.);
#3252 = EDGE_CURVE('',#1753,#615,#3253,.T.);
#3253 = SURFACE_CURVE('',#3254,(#3258,#3265),.PCURVE_S1.);
#3254 = LINE('',#3255,#3256);
#3255 = CARTESIAN_POINT('',(16.,0.,22.535714285714));
#3256 = VECTOR('',#3257,1.);
#3257 = DIRECTION('',(-1.,0.,0.));
#3258 = PCURVE('',#663,#3259);
#3259 = DEFINITIONAL_REPRESENTATION('',(#3260),#3264);
#3260 = LINE('',#3261,#3262);
#3261 = CARTESIAN_POINT('',(16.,-12.46428571428));
#3262 = VECTOR('',#3263,1.);
#3263 = DIRECTION('',(-1.,2.478345596314E-18));
#3264 = ( GEOMETRIC_REPRESENTATION_CONTEXT(2) 
PARAMETRIC_REPRESENTATION_CONTEXT() REPRESENTATION_CONTEXT('2D SPACE',''
  ) );
#3265 = PCURVE('',#634,#3266);
#3266 = DEFINITIONAL_REPRESENTATION('',(#3267),#3271);
#3267 = LINE('',#3268,#3269);
#3268 = CARTESIAN_POINT('',(0.,-16.));
#3269 = VECTOR('',#3270,1.);
#3270 = DIRECTION('',(0.,1.));
#3271 = ( GEOMETRIC_REPRESENTATION_CONTEXT(2) 
PARAMETRIC_REPRESENTATION_CONTEXT() REPRESENTATION_CONTEXT('2D SPACE',''
  ) );
#3272 = ORIENTED_EDGE('',*,*,#1752,.T.);
#3273 = ORIENTED_EDGE('',*,*,#3183,.F.);
#3274 = ORIENTED_EDGE('',*,*,#648,.F.);
#3275 = ADVANCED_FACE('',(#3276,#3282),#634,.F.);
#3276 = FACE_BOUND('',#3277,.F.);
#3277 = EDGE_LOOP('',(#3278,#3279,#3280,#3281));
#3278 = ORIENTED_EDGE('',*,*,#3252,.F.);
#3279 = ORIENTED_EDGE('',*,*,#1773,.F.);
#3280 = ORIENTED_EDGE('',*,*,#1217,.F.);
#3281 = ORIENTED_EDGE('',*,*,#614,.F.);
#3282 = FACE_BOUND('',#3283,.F.);
#3283 = EDGE_LOOP('',(#3284));
#3284 = ORIENTED_EDGE('',*,*,#3285,.F.);
#3285 = EDGE_CURVE('',#3286,#3286,#3288,.T.);
#3286 = VERTEX_POINT('',#3287);
#3287 = CARTESIAN_POINT('',(0.9,2.2,22.023356871266));
#3288 = SURFACE_CURVE('',#3289,(#3294,#3301),.PCURVE_S1.);
#3289 = ELLIPSE('',#3290,0.924084670787,0.9);
#3290 = AXIS2_PLACEMENT_3D('',#3291,#3292,#3293);
#3291 = CARTESIAN_POINT('',(0.,2.2,22.023356871266));
#3292 = DIRECTION('',(0.,0.226819865195,0.973936727284));
#3293 = DIRECTION('',(0.,0.973936727284,-0.226819865195));
#3294 = PCURVE('',#634,#3295);
#3295 = DEFINITIONAL_REPRESENTATION('',(#3296),#3300);
#3296 = ELLIPSE('',#3297,0.924084670787,0.9);
#3297 = AXIS2_PLACEMENT_2D('',#3298,#3299);
#3298 = CARTESIAN_POINT('',(2.258873639702,0.));
#3299 = DIRECTION('',(1.,0.));
#3300 = ( GEOMETRIC_REPRESENTATION_CONTEXT(2) 
PARAMETRIC_REPRESENTATION_CONTEXT() REPRESENTATION_CONTEXT('2D SPACE',''
  ) );
#3301 = PCURVE('',#3224,#3302);
#3302 = DEFINITIONAL_REPRESENTATION('',(#3303),#3320);
#3303 = B_SPLINE_CURVE_WITH_KNOTS('',8,(#3304,#3305,#3306,#3307,#3308,
    #3309,#3310,#3311,#3312,#3313,#3314,#3315,#3316,#3317,#3318,#3319),
  .UNSPECIFIED.,.F.,.F.,(9,7,9),(4.712388980385,7.853981633974,
    10.995574287564),.UNSPECIFIED.);
#3304 = CARTESIAN_POINT('',(0.,-22.02335687126));
#3305 = CARTESIAN_POINT('',(-0.392699081699,-21.94104684511));
#3306 = CARTESIAN_POINT('',(-0.785398163397,-21.85873616262));
#3307 = CARTESIAN_POINT('',(-1.178097245096,-21.79577460275));
#3308 = CARTESIAN_POINT('',(-1.570796326791,-21.77145898192));
#3309 = CARTESIAN_POINT('',(-1.963495408494,-21.79577460269));
#3310 = CARTESIAN_POINT('',(-2.356194490192,-21.85873616261));
#3311 = CARTESIAN_POINT('',(-2.748893571891,-21.94104684511));
#3312 = CARTESIAN_POINT('',(-3.534291735289,-22.10566689742));
#3313 = CARTESIAN_POINT('',(-3.926990816981,-22.18797757989));
#3314 = CARTESIAN_POINT('',(-4.319689898692,-22.25093913984));
#3315 = CARTESIAN_POINT('',(-4.712388980359,-22.27525476049));
#3316 = CARTESIAN_POINT('',(-5.105088062086,-22.2509391398));
#3317 = CARTESIAN_POINT('',(-5.497787143779,-22.18797757988));
#3318 = CARTESIAN_POINT('',(-5.890486225481,-22.10566689742));
#3319 = CARTESIAN_POINT('',(-6.28318530718,-22.02335687126));
#3320 = ( GEOMETRIC_REPRESENTATION_CONTEXT(2) 
PARAMETRIC_REPRESENTATION_CONTEXT() REPRESENTATION_CONTEXT('2D SPACE',''
  ) );
#3321 = ADVANCED_FACE('',(#3322),#1876,.F.);
#3322 = FACE_BOUND('',#3323,.F.);
#3323 = EDGE_LOOP('',(#3324));
#3324 = ORIENTED_EDGE('',*,*,#1861,.T.);
#3325 = ADVANCED_FACE('',(#3326),#2183,.F.);
#3326 = FACE_BOUND('',#3327,.T.);
#3327 = EDGE_LOOP('',(#3328,#3329,#3352,#3388,#3422,#3454));
#3328 = ORIENTED_EDGE('',*,*,#1945,.F.);
#3329 = ORIENTED_EDGE('',*,*,#3330,.T.);
#3330 = EDGE_CURVE('',#1946,#3331,#3333,.T.);
#3331 = VERTEX_POINT('',#3332);
#3332 = CARTESIAN_POINT('',(0.9,2.2,65.));
#3333 = SEAM_CURVE('',#3334,(#3338,#3345),.PCURVE_S1.);
#3334 = LINE('',#3335,#3336);
#3335 = CARTESIAN_POINT('',(0.9,18.2,65.));
#3336 = VECTOR('',#3337,1.);
#3337 = DIRECTION('',(0.,-1.,0.));
#3338 = PCURVE('',#2183,#3339);
#3339 = DEFINITIONAL_REPRESENTATION('',(#3340),#3344);
#3340 = LINE('',#3341,#3342);
#3341 = CARTESIAN_POINT('',(-0.,0.));
#3342 = VECTOR('',#3343,1.);
#3343 = DIRECTION('',(-0.,-1.));
#3344 = ( GEOMETRIC_REPRESENTATION_CONTEXT(2) 
PARAMETRIC_REPRESENTATION_CONTEXT() REPRESENTATION_CONTEXT('2D SPACE',''
  ) );
#3345 = PCURVE('',#2183,#3346);
#3346 = DEFINITIONAL_REPRESENTATION('',(#3347),#3351);
#3347 = LINE('',#3348,#3349);
#3348 = CARTESIAN_POINT('',(-6.28318530718,0.));
#3349 = VECTOR('',#3350,1.);
#3350 = DIRECTION('',(-0.,-1.));
#3351 = ( GEOMETRIC_REPRESENTATION_CONTEXT(2) 
PARAMETRIC_REPRESENTATION_CONTEXT() REPRESENTATION_CONTEXT('2D SPACE',''
  ) );
#3352 = ORIENTED_EDGE('',*,*,#3353,.F.);
#3353 = EDGE_CURVE('',#3354,#3331,#3356,.T.);
#3354 = VERTEX_POINT('',#3355);
#3355 = CARTESIAN_POINT('',(-0.9,2.2,65.));
#3356 = SURFACE_CURVE('',#3357,(#3362,#3375),.PCURVE_S1.);
#3357 = ELLIPSE('',#3358,1.272792206136,0.9);
#3358 = AXIS2_PLACEMENT_3D('',#3359,#3360,#3361);
#3359 = CARTESIAN_POINT('',(0.,2.2,65.));
#3360 = DIRECTION('',(-0.,0.707106781187,-0.707106781187));
#3361 = DIRECTION('',(0.,-0.707106781187,-0.707106781187));
#3362 = PCURVE('',#2183,#3363);
#3363 = DEFINITIONAL_REPRESENTATION('',(#3364),#3374);
#3364 = B_SPLINE_CURVE_WITH_KNOTS('',8,(#3365,#3366,#3367,#3368,#3369,
    #3370,#3371,#3372,#3373),.UNSPECIFIED.,.F.,.F.,(9,9),(1.570796326795
    ,4.712388980385),.PIECEWISE_BEZIER_KNOTS.);
#3365 = CARTESIAN_POINT('',(-3.14159265359,-16.));
#3366 = CARTESIAN_POINT('',(-2.748893571891,-15.64657082647));
#3367 = CARTESIAN_POINT('',(-2.35619449019,-15.29313883486));
#3368 = CARTESIAN_POINT('',(-1.9634954085,-15.02278960577));
#3369 = CARTESIAN_POINT('',(-1.570796326778,-14.9183813083));
#3370 = CARTESIAN_POINT('',(-1.178097245104,-15.02278960582));
#3371 = CARTESIAN_POINT('',(-0.785398163395,-15.29313883486));
#3372 = CARTESIAN_POINT('',(-0.392699081699,-15.64657082647));
#3373 = CARTESIAN_POINT('',(0.,-16.));
#3374 = ( GEOMETRIC_REPRESENTATION_CONTEXT(2) 
PARAMETRIC_REPRESENTATION_CONTEXT() REPRESENTATION_CONTEXT('2D SPACE',''
  ) );
#3375 = PCURVE('',#2377,#3376);
#3376 = DEFINITIONAL_REPRESENTATION('',(#3377),#3387);
#3377 = B_SPLINE_CURVE_WITH_KNOTS('',8,(#3378,#3379,#3380,#3381,#3382,
    #3383,#3384,#3385,#3386),.UNSPECIFIED.,.F.,.F.,(9,9),(1.570796326795
    ,4.712388980385),.PIECEWISE_BEZIER_KNOTS.);
#3378 = CARTESIAN_POINT('',(-3.14159265359,-65.));
#3379 = CARTESIAN_POINT('',(-2.748893571891,-65.35342917352));
#3380 = CARTESIAN_POINT('',(-2.356194490191,-65.70686116513));
#3381 = CARTESIAN_POINT('',(-1.963495408494,-65.97721039404));
#3382 = CARTESIAN_POINT('',(-1.570796326783,-66.08161869185));
#3383 = CARTESIAN_POINT('',(-1.178097245093,-65.97721039407));
#3384 = CARTESIAN_POINT('',(-0.785398163396,-65.70686116509));
#3385 = CARTESIAN_POINT('',(-0.392699081699,-65.35342917352));
#3386 = CARTESIAN_POINT('',(0.,-65.));
#3387 = ( GEOMETRIC_REPRESENTATION_CONTEXT(2) 
PARAMETRIC_REPRESENTATION_CONTEXT() REPRESENTATION_CONTEXT('2D SPACE',''
  ) );
#3388 = ORIENTED_EDGE('',*,*,#3389,.T.);
#3389 = EDGE_CURVE('',#3354,#3390,#3392,.T.);
#3390 = VERTEX_POINT('',#3391);
#3391 = CARTESIAN_POINT('',(-2.204364238465E-16,3.1,64.1));
#3392 = SURFACE_CURVE('',#3393,(#3398,#3410),.PCURVE_S1.);
#3393 = ELLIPSE('',#3394,1.272792206136,0.9);
#3394 = AXIS2_PLACEMENT_3D('',#3395,#3396,#3397);
#3395 = CARTESIAN_POINT('',(0.,2.2,65.));
#3396 = DIRECTION('',(0.,-0.707106781187,-0.707106781187));
#3397 = DIRECTION('',(-0.,0.707106781187,-0.707106781187));
#3398 = PCURVE('',#2183,#3399);
#3399 = DEFINITIONAL_REPRESENTATION('',(#3400),#3409);
#3400 = B_SPLINE_CURVE_WITH_KNOTS('',7,(#3401,#3402,#3403,#3404,#3405,
    #3406,#3407,#3408),.UNSPECIFIED.,.F.,.F.,(8,8),(4.712388980385,
    6.28318530718),.PIECEWISE_BEZIER_KNOTS.);
#3401 = CARTESIAN_POINT('',(-3.14159265359,-16.));
#3402 = CARTESIAN_POINT('',(-3.365992128846,-15.79804047226));
#3403 = CARTESIAN_POINT('',(-3.590391604103,-15.59608176461));
#3404 = CARTESIAN_POINT('',(-3.814791079359,-15.41072785679));
#3405 = CARTESIAN_POINT('',(-4.039190554615,-15.25861374584));
#3406 = CARTESIAN_POINT('',(-4.263590029872,-15.15287380534));
#3407 = CARTESIAN_POINT('',(-4.487989505128,-15.1));
#3408 = CARTESIAN_POINT('',(-4.712388980385,-15.1));
#3409 = ( GEOMETRIC_REPRESENTATION_CONTEXT(2) 
PARAMETRIC_REPRESENTATION_CONTEXT() REPRESENTATION_CONTEXT('2D SPACE',''
  ) );
#3410 = PCURVE('',#2497,#3411);
#3411 = DEFINITIONAL_REPRESENTATION('',(#3412),#3421);
#3412 = B_SPLINE_CURVE_WITH_KNOTS('',7,(#3413,#3414,#3415,#3416,#3417,
    #3418,#3419,#3420),.UNSPECIFIED.,.F.,.F.,(8,8),(4.712388980385,
    6.28318530718),.PIECEWISE_BEZIER_KNOTS.);
#3413 = CARTESIAN_POINT('',(-3.14159265359,-65.));
#3414 = CARTESIAN_POINT('',(-2.917193178333,-64.79804047226));
#3415 = CARTESIAN_POINT('',(-2.692793703077,-64.59608176461));
#3416 = CARTESIAN_POINT('',(-2.468394227821,-64.4107278568));
#3417 = CARTESIAN_POINT('',(-2.243994752564,-64.25861374585));
#3418 = CARTESIAN_POINT('',(-2.019595277308,-64.15287380534));
#3419 = CARTESIAN_POINT('',(-1.795195802051,-64.1));
#3420 = CARTESIAN_POINT('',(-1.570796326795,-64.1));
#3421 = ( GEOMETRIC_REPRESENTATION_CONTEXT(2) 
PARAMETRIC_REPRESENTATION_CONTEXT() REPRESENTATION_CONTEXT('2D SPACE',''
  ) );
#3422 = ORIENTED_EDGE('',*,*,#3423,.T.);
#3423 = EDGE_CURVE('',#3390,#3331,#3424,.T.);
#3424 = SURFACE_CURVE('',#3425,(#3430,#3442),.PCURVE_S1.);
#3425 = ELLIPSE('',#3426,1.272792206136,0.9);
#3426 = AXIS2_PLACEMENT_3D('',#3427,#3428,#3429);
#3427 = CARTESIAN_POINT('',(0.,2.2,65.));
#3428 = DIRECTION('',(0.,-0.707106781187,-0.707106781187));
#3429 = DIRECTION('',(-0.,0.707106781187,-0.707106781187));
#3430 = PCURVE('',#2183,#3431);
#3431 = DEFINITIONAL_REPRESENTATION('',(#3432),#3441);
#3432 = B_SPLINE_CURVE_WITH_KNOTS('',7,(#3433,#3434,#3435,#3436,#3437,
    #3438,#3439,#3440),.UNSPECIFIED.,.F.,.F.,(8,8),(0.,1.570796326795),
  .PIECEWISE_BEZIER_KNOTS.);
#3433 = CARTESIAN_POINT('',(-4.712388980385,-15.1));
#3434 = CARTESIAN_POINT('',(-4.936788455641,-15.1));
#3435 = CARTESIAN_POINT('',(-5.161187930898,-15.15287380534));
#3436 = CARTESIAN_POINT('',(-5.385587406154,-15.25861374584));
#3437 = CARTESIAN_POINT('',(-5.60998688141,-15.4107278568));
#3438 = CARTESIAN_POINT('',(-5.834386356667,-15.59608176461));
#3439 = CARTESIAN_POINT('',(-6.058785831923,-15.79804047226));
#3440 = CARTESIAN_POINT('',(-6.28318530718,-16.));
#3441 = ( GEOMETRIC_REPRESENTATION_CONTEXT(2) 
PARAMETRIC_REPRESENTATION_CONTEXT() REPRESENTATION_CONTEXT('2D SPACE',''
  ) );
#3442 = PCURVE('',#2497,#3443);
#3443 = DEFINITIONAL_REPRESENTATION('',(#3444),#3453);
#3444 = B_SPLINE_CURVE_WITH_KNOTS('',7,(#3445,#3446,#3447,#3448,#3449,
    #3450,#3451,#3452),.UNSPECIFIED.,.F.,.F.,(8,8),(0.,1.570796326795),
  .PIECEWISE_BEZIER_KNOTS.);
#3445 = CARTESIAN_POINT('',(-1.570796326795,-64.1));
#3446 = CARTESIAN_POINT('',(-1.346396851538,-64.1));
#3447 = CARTESIAN_POINT('',(-1.121997376282,-64.15287380535));
#3448 = CARTESIAN_POINT('',(-0.897597901026,-64.25861374584));
#3449 = CARTESIAN_POINT('',(-0.673198425769,-64.41072785679));
#3450 = CARTESIAN_POINT('',(-0.448798950513,-64.59608176461));
#3451 = CARTESIAN_POINT('',(-0.224399475256,-64.79804047226));
#3452 = CARTESIAN_POINT('',(0.,-65.));
#3453 = ( GEOMETRIC_REPRESENTATION_CONTEXT(2) 
PARAMETRIC_REPRESENTATION_CONTEXT() REPRESENTATION_CONTEXT('2D SPACE',''
  ) );
#3454 = ORIENTED_EDGE('',*,*,#3330,.F.);
#3455 = ADVANCED_FACE('',(#3456),#2377,.F.);
#3456 = FACE_BOUND('',#3457,.T.);
#3457 = EDGE_LOOP('',(#3458,#3459,#3480,#3481,#3482));
#3458 = ORIENTED_EDGE('',*,*,#3353,.T.);
#3459 = ORIENTED_EDGE('',*,*,#3460,.T.);
#3460 = EDGE_CURVE('',#3331,#2357,#3461,.T.);
#3461 = SEAM_CURVE('',#3462,(#3466,#3473),.PCURVE_S1.);
#3462 = LINE('',#3463,#3464);
#3463 = CARTESIAN_POINT('',(0.9,2.2,0.));
#3464 = VECTOR('',#3465,1.);
#3465 = DIRECTION('',(0.,0.,1.));
#3466 = PCURVE('',#2377,#3467);
#3467 = DEFINITIONAL_REPRESENTATION('',(#3468),#3472);
#3468 = LINE('',#3469,#3470);
#3469 = CARTESIAN_POINT('',(-6.28318530718,0.));
#3470 = VECTOR('',#3471,1.);
#3471 = DIRECTION('',(-0.,-1.));
#3472 = ( GEOMETRIC_REPRESENTATION_CONTEXT(2) 
PARAMETRIC_REPRESENTATION_CONTEXT() REPRESENTATION_CONTEXT('2D SPACE',''
  ) );
#3473 = PCURVE('',#2377,#3474);
#3474 = DEFINITIONAL_REPRESENTATION('',(#3475),#3479);
#3475 = LINE('',#3476,#3477);
#3476 = CARTESIAN_POINT('',(-0.,0.));
#3477 = VECTOR('',#3478,1.);
#3478 = DIRECTION('',(-0.,-1.));
#3479 = ( GEOMETRIC_REPRESENTATION_CONTEXT(2) 
PARAMETRIC_REPRESENTATION_CONTEXT() REPRESENTATION_CONTEXT('2D SPACE',''
  ) );
#3480 = ORIENTED_EDGE('',*,*,#2356,.T.);
#3481 = ORIENTED_EDGE('',*,*,#3460,.F.);
#3482 = ORIENTED_EDGE('',*,*,#3483,.T.);
#3483 = EDGE_CURVE('',#3331,#3354,#3484,.T.);
#3484 = SURFACE_CURVE('',#3485,(#3490,#3503),.PCURVE_S1.);
#3485 = ELLIPSE('',#3486,1.272792206136,0.9);
#3486 = AXIS2_PLACEMENT_3D('',#3487,#3488,#3489);
#3487 = CARTESIAN_POINT('',(0.,2.2,65.));
#3488 = DIRECTION('',(0.,-0.707106781187,-0.707106781187));
#3489 = DIRECTION('',(-0.,0.707106781187,-0.707106781187));
#3490 = PCURVE('',#2377,#3491);
#3491 = DEFINITIONAL_REPRESENTATION('',(#3492),#3502);
#3492 = B_SPLINE_CURVE_WITH_KNOTS('',8,(#3493,#3494,#3495,#3496,#3497,
    #3498,#3499,#3500,#3501),.UNSPECIFIED.,.F.,.F.,(9,9),(1.570796326795
    ,4.712388980385),.PIECEWISE_BEZIER_KNOTS.);
#3493 = CARTESIAN_POINT('',(-6.28318530718,-65.));
#3494 = CARTESIAN_POINT('',(-5.890486225481,-65.35342917352));
#3495 = CARTESIAN_POINT('',(-5.497787143783,-65.70686116513));
#3496 = CARTESIAN_POINT('',(-5.105088062086,-65.97721039404));
#3497 = CARTESIAN_POINT('',(-4.712388980389,-66.08161869185));
#3498 = CARTESIAN_POINT('',(-4.319689898688,-65.97721039407));
#3499 = CARTESIAN_POINT('',(-3.926990816988,-65.70686116509));
#3500 = CARTESIAN_POINT('',(-3.534291735289,-65.35342917352));
#3501 = CARTESIAN_POINT('',(-3.14159265359,-65.));
#3502 = ( GEOMETRIC_REPRESENTATION_CONTEXT(2) 
PARAMETRIC_REPRESENTATION_CONTEXT() REPRESENTATION_CONTEXT('2D SPACE',''
  ) );
#3503 = PCURVE('',#2439,#3504);
#3504 = DEFINITIONAL_REPRESENTATION('',(#3505),#3515);
#3505 = B_SPLINE_CURVE_WITH_KNOTS('',8,(#3506,#3507,#3508,#3509,#3510,
    #3511,#3512,#3513,#3514),.UNSPECIFIED.,.F.,.F.,(9,9),(1.570796326795
    ,4.712388980385),.PIECEWISE_BEZIER_KNOTS.);
#3506 = CARTESIAN_POINT('',(0.,-16.));
#3507 = CARTESIAN_POINT('',(-0.392699081699,-16.35342917352));
#3508 = CARTESIAN_POINT('',(-0.785398163396,-16.70686116512));
#3509 = CARTESIAN_POINT('',(-1.178097245095,-16.97721039422));
#3510 = CARTESIAN_POINT('',(-1.570796326791,-17.08161869166));
#3511 = CARTESIAN_POINT('',(-1.963495408495,-16.97721039423));
#3512 = CARTESIAN_POINT('',(-2.356194490191,-16.70686116511));
#3513 = CARTESIAN_POINT('',(-2.748893571891,-16.35342917352));
#3514 = CARTESIAN_POINT('',(-3.14159265359,-16.));
#3515 = ( GEOMETRIC_REPRESENTATION_CONTEXT(2) 
PARAMETRIC_REPRESENTATION_CONTEXT() REPRESENTATION_CONTEXT('2D SPACE',''
  ) );
#3516 = ADVANCED_FACE('',(#3517),#2439,.F.);
#3517 = FACE_BOUND('',#3518,.T.);
#3518 = EDGE_LOOP('',(#3519,#3520,#3541,#3542,#3543,#3577));
#3519 = ORIENTED_EDGE('',*,*,#3483,.F.);
#3520 = ORIENTED_EDGE('',*,*,#3521,.T.);
#3521 = EDGE_CURVE('',#3331,#2419,#3522,.T.);
#3522 = SEAM_CURVE('',#3523,(#3527,#3534),.PCURVE_S1.);
#3523 = LINE('',#3524,#3525);
#3524 = CARTESIAN_POINT('',(0.9,18.2,65.));
#3525 = VECTOR('',#3526,1.);
#3526 = DIRECTION('',(0.,-1.,0.));
#3527 = PCURVE('',#2439,#3528);
#3528 = DEFINITIONAL_REPRESENTATION('',(#3529),#3533);
#3529 = LINE('',#3530,#3531);
#3530 = CARTESIAN_POINT('',(-6.28318530718,0.));
#3531 = VECTOR('',#3532,1.);
#3532 = DIRECTION('',(-0.,-1.));
#3533 = ( GEOMETRIC_REPRESENTATION_CONTEXT(2) 
PARAMETRIC_REPRESENTATION_CONTEXT() REPRESENTATION_CONTEXT('2D SPACE',''
  ) );
#3534 = PCURVE('',#2439,#3535);
#3535 = DEFINITIONAL_REPRESENTATION('',(#3536),#3540);
#3536 = LINE('',#3537,#3538);
#3537 = CARTESIAN_POINT('',(-0.,0.));
#3538 = VECTOR('',#3539,1.);
#3539 = DIRECTION('',(-0.,-1.));
#3540 = ( GEOMETRIC_REPRESENTATION_CONTEXT(2) 
PARAMETRIC_REPRESENTATION_CONTEXT() REPRESENTATION_CONTEXT('2D SPACE',''
  ) );
#3541 = ORIENTED_EDGE('',*,*,#2418,.F.);
#3542 = ORIENTED_EDGE('',*,*,#3521,.F.);
#3543 = ORIENTED_EDGE('',*,*,#3544,.T.);
#3544 = EDGE_CURVE('',#3331,#3545,#3547,.T.);
#3545 = VERTEX_POINT('',#3546);
#3546 = CARTESIAN_POINT('',(2.204364238465E-16,1.3,64.1));
#3547 = SURFACE_CURVE('',#3548,(#3553,#3565),.PCURVE_S1.);
#3548 = ELLIPSE('',#3549,1.272792206136,0.9);
#3549 = AXIS2_PLACEMENT_3D('',#3550,#3551,#3552);
#3550 = CARTESIAN_POINT('',(0.,2.2,65.));
#3551 = DIRECTION('',(-0.,0.707106781187,-0.707106781187));
#3552 = DIRECTION('',(0.,-0.707106781187,-0.707106781187));
#3553 = PCURVE('',#2439,#3554);
#3554 = DEFINITIONAL_REPRESENTATION('',(#3555),#3564);
#3555 = B_SPLINE_CURVE_WITH_KNOTS('',7,(#3556,#3557,#3558,#3559,#3560,
    #3561,#3562,#3563),.UNSPECIFIED.,.F.,.F.,(8,8),(4.712388980385,
    6.28318530718),.PIECEWISE_BEZIER_KNOTS.);
#3556 = CARTESIAN_POINT('',(-6.28318530718,-16.));
#3557 = CARTESIAN_POINT('',(-6.058785831923,-16.20195952773));
#3558 = CARTESIAN_POINT('',(-5.834386356667,-16.40391823538));
#3559 = CARTESIAN_POINT('',(-5.60998688141,-16.58927214319));
#3560 = CARTESIAN_POINT('',(-5.385587406154,-16.74138625416));
#3561 = CARTESIAN_POINT('',(-5.161187930898,-16.84712619465));
#3562 = CARTESIAN_POINT('',(-4.936788455641,-16.9));
#3563 = CARTESIAN_POINT('',(-4.712388980385,-16.9));
#3564 = ( GEOMETRIC_REPRESENTATION_CONTEXT(2) 
PARAMETRIC_REPRESENTATION_CONTEXT() REPRESENTATION_CONTEXT('2D SPACE',''
  ) );
#3565 = PCURVE('',#2497,#3566);
#3566 = DEFINITIONAL_REPRESENTATION('',(#3567),#3576);
#3567 = B_SPLINE_CURVE_WITH_KNOTS('',7,(#3568,#3569,#3570,#3571,#3572,
    #3573,#3574,#3575),.UNSPECIFIED.,.F.,.F.,(8,8),(4.712388980385,
    6.28318530718),.PIECEWISE_BEZIER_KNOTS.);
#3568 = CARTESIAN_POINT('',(-6.28318530718,-65.));
#3569 = CARTESIAN_POINT('',(-6.058785831923,-64.79804047226));
#3570 = CARTESIAN_POINT('',(-5.834386356667,-64.59608176461));
#3571 = CARTESIAN_POINT('',(-5.609986881411,-64.4107278568));
#3572 = CARTESIAN_POINT('',(-5.385587406153,-64.25861374585));
#3573 = CARTESIAN_POINT('',(-5.161187930898,-64.15287380534));
#3574 = CARTESIAN_POINT('',(-4.936788455641,-64.1));
#3575 = CARTESIAN_POINT('',(-4.712388980385,-64.1));
#3576 = ( GEOMETRIC_REPRESENTATION_CONTEXT(2) 
PARAMETRIC_REPRESENTATION_CONTEXT() REPRESENTATION_CONTEXT('2D SPACE',''
  ) );
#3577 = ORIENTED_EDGE('',*,*,#3578,.T.);
#3578 = EDGE_CURVE('',#3545,#3354,#3579,.T.);
#3579 = SURFACE_CURVE('',#3580,(#3585,#3597),.PCURVE_S1.);
#3580 = ELLIPSE('',#3581,1.272792206136,0.9);
#3581 = AXIS2_PLACEMENT_3D('',#3582,#3583,#3584);
#3582 = CARTESIAN_POINT('',(0.,2.2,65.));
#3583 = DIRECTION('',(-0.,0.707106781187,-0.707106781187));
#3584 = DIRECTION('',(0.,-0.707106781187,-0.707106781187));
#3585 = PCURVE('',#2439,#3586);
#3586 = DEFINITIONAL_REPRESENTATION('',(#3587),#3596);
#3587 = B_SPLINE_CURVE_WITH_KNOTS('',7,(#3588,#3589,#3590,#3591,#3592,
    #3593,#3594,#3595),.UNSPECIFIED.,.F.,.F.,(8,8),(0.,1.570796326795),
  .PIECEWISE_BEZIER_KNOTS.);
#3588 = CARTESIAN_POINT('',(-4.712388980385,-16.9));
#3589 = CARTESIAN_POINT('',(-4.487989505128,-16.9));
#3590 = CARTESIAN_POINT('',(-4.263590029872,-16.84712619465));
#3591 = CARTESIAN_POINT('',(-4.039190554617,-16.74138625416));
#3592 = CARTESIAN_POINT('',(-3.814791079358,-16.58927214319));
#3593 = CARTESIAN_POINT('',(-3.590391604102,-16.40391823538));
#3594 = CARTESIAN_POINT('',(-3.365992128846,-16.20195952773));
#3595 = CARTESIAN_POINT('',(-3.14159265359,-16.));
#3596 = ( GEOMETRIC_REPRESENTATION_CONTEXT(2) 
PARAMETRIC_REPRESENTATION_CONTEXT() REPRESENTATION_CONTEXT('2D SPACE',''
  ) );
#3597 = PCURVE('',#2497,#3598);
#3598 = DEFINITIONAL_REPRESENTATION('',(#3599),#3608);
#3599 = B_SPLINE_CURVE_WITH_KNOTS('',7,(#3600,#3601,#3602,#3603,#3604,
    #3605,#3606,#3607),.UNSPECIFIED.,.F.,.F.,(8,8),(0.,1.570796326795),
  .PIECEWISE_BEZIER_KNOTS.);
#3600 = CARTESIAN_POINT('',(-4.712388980385,-64.1));
#3601 = CARTESIAN_POINT('',(-4.487989505128,-64.1));
#3602 = CARTESIAN_POINT('',(-4.263590029871,-64.15287380535));
#3603 = CARTESIAN_POINT('',(-4.039190554616,-64.25861374584));
#3604 = CARTESIAN_POINT('',(-3.814791079359,-64.41072785679));
#3605 = CARTESIAN_POINT('',(-3.590391604102,-64.59608176461));
#3606 = CARTESIAN_POINT('',(-3.365992128846,-64.79804047226));
#3607 = CARTESIAN_POINT('',(-3.14159265359,-65.));
#3608 = ( GEOMETRIC_REPRESENTATION_CONTEXT(2) 
PARAMETRIC_REPRESENTATION_CONTEXT() REPRESENTATION_CONTEXT('2D SPACE',''
  ) );
#3609 = ADVANCED_FACE('',(#3610),#2497,.F.);
#3610 = FACE_BOUND('',#3611,.T.);
#3611 = EDGE_LOOP('',(#3612,#3633,#3634,#3635,#3636,#3637,#3638));
#3612 = ORIENTED_EDGE('',*,*,#3613,.F.);
#3613 = EDGE_CURVE('',#2481,#3331,#3614,.T.);
#3614 = SEAM_CURVE('',#3615,(#3619,#3626),.PCURVE_S1.);
#3615 = LINE('',#3616,#3617);
#3616 = CARTESIAN_POINT('',(0.9,2.2,0.));
#3617 = VECTOR('',#3618,1.);
#3618 = DIRECTION('',(0.,0.,1.));
#3619 = PCURVE('',#2497,#3620);
#3620 = DEFINITIONAL_REPRESENTATION('',(#3621),#3625);
#3621 = LINE('',#3622,#3623);
#3622 = CARTESIAN_POINT('',(-6.28318530718,0.));
#3623 = VECTOR('',#3624,1.);
#3624 = DIRECTION('',(-0.,-1.));
#3625 = ( GEOMETRIC_REPRESENTATION_CONTEXT(2) 
PARAMETRIC_REPRESENTATION_CONTEXT() REPRESENTATION_CONTEXT('2D SPACE',''
  ) );
#3626 = PCURVE('',#2497,#3627);
#3627 = DEFINITIONAL_REPRESENTATION('',(#3628),#3632);
#3628 = LINE('',#3629,#3630);
#3629 = CARTESIAN_POINT('',(-0.,0.));
#3630 = VECTOR('',#3631,1.);
#3631 = DIRECTION('',(-0.,-1.));
#3632 = ( GEOMETRIC_REPRESENTATION_CONTEXT(2) 
PARAMETRIC_REPRESENTATION_CONTEXT() REPRESENTATION_CONTEXT('2D SPACE',''
  ) );
#3633 = ORIENTED_EDGE('',*,*,#2480,.F.);
#3634 = ORIENTED_EDGE('',*,*,#3613,.T.);
#3635 = ORIENTED_EDGE('',*,*,#3423,.F.);
#3636 = ORIENTED_EDGE('',*,*,#3389,.F.);
#3637 = ORIENTED_EDGE('',*,*,#3578,.F.);
#3638 = ORIENTED_EDGE('',*,*,#3544,.F.);
#3639 = ADVANCED_FACE('',(#3640),#2568,.F.);
#3640 = FACE_BOUND('',#3641,.T.);
#3641 = EDGE_LOOP('',(#3642,#3643,#3664,#3665));
#3642 = ORIENTED_EDGE('',*,*,#2649,.F.);
#3643 = ORIENTED_EDGE('',*,*,#3644,.T.);
#3644 = EDGE_CURVE('',#2650,#2552,#3645,.T.);
#3645 = SEAM_CURVE('',#3646,(#3650,#3657),.PCURVE_S1.);
#3646 = LINE('',#3647,#3648);
#3647 = CARTESIAN_POINT('',(0.9,2.2,0.));
#3648 = VECTOR('',#3649,1.);
#3649 = DIRECTION('',(0.,0.,1.));
#3650 = PCURVE('',#2568,#3651);
#3651 = DEFINITIONAL_REPRESENTATION('',(#3652),#3656);
#3652 = LINE('',#3653,#3654);
#3653 = CARTESIAN_POINT('',(-6.28318530718,0.));
#3654 = VECTOR('',#3655,1.);
#3655 = DIRECTION('',(-0.,-1.));
#3656 = ( GEOMETRIC_REPRESENTATION_CONTEXT(2) 
PARAMETRIC_REPRESENTATION_CONTEXT() REPRESENTATION_CONTEXT('2D SPACE',''
  ) );
#3657 = PCURVE('',#2568,#3658);
#3658 = DEFINITIONAL_REPRESENTATION('',(#3659),#3663);
#3659 = LINE('',#3660,#3661);
#3660 = CARTESIAN_POINT('',(-0.,0.));
#3661 = VECTOR('',#3662,1.);
#3662 = DIRECTION('',(-0.,-1.));
#3663 = ( GEOMETRIC_REPRESENTATION_CONTEXT(2) 
PARAMETRIC_REPRESENTATION_CONTEXT() REPRESENTATION_CONTEXT('2D SPACE',''
  ) );
#3664 = ORIENTED_EDGE('',*,*,#2551,.F.);
#3665 = ORIENTED_EDGE('',*,*,#3644,.F.);
#3666 = ADVANCED_FACE('',(#3667),#2732,.F.);
#3667 = FACE_BOUND('',#3668,.T.);
#3668 = EDGE_LOOP('',(#3669,#3670,#3691,#3692));
#3669 = ORIENTED_EDGE('',*,*,#2813,.F.);
#3670 = ORIENTED_EDGE('',*,*,#3671,.T.);
#3671 = EDGE_CURVE('',#2814,#2716,#3672,.T.);
#3672 = SEAM_CURVE('',#3673,(#3677,#3684),.PCURVE_S1.);
#3673 = LINE('',#3674,#3675);
#3674 = CARTESIAN_POINT('',(0.9,2.2,0.));
#3675 = VECTOR('',#3676,1.);
#3676 = DIRECTION('',(0.,0.,1.));
#3677 = PCURVE('',#2732,#3678);
#3678 = DEFINITIONAL_REPRESENTATION('',(#3679),#3683);
#3679 = LINE('',#3680,#3681);
#3680 = CARTESIAN_POINT('',(-6.28318530718,0.));
#3681 = VECTOR('',#3682,1.);
#3682 = DIRECTION('',(-0.,-1.));
#3683 = ( GEOMETRIC_REPRESENTATION_CONTEXT(2) 
PARAMETRIC_REPRESENTATION_CONTEXT() REPRESENTATION_CONTEXT('2D SPACE',''
  ) );
#3684 = PCURVE('',#2732,#3685);
#3685 = DEFINITIONAL_REPRESENTATION('',(#3686),#3690);
#3686 = LINE('',#3687,#3688);
#3687 = CARTESIAN_POINT('',(-0.,0.));
#3688 = VECTOR('',#3689,1.);
#3689 = DIRECTION('',(-0.,-1.));
#3690 = ( GEOMETRIC_REPRESENTATION_CONTEXT(2) 
PARAMETRIC_REPRESENTATION_CONTEXT() REPRESENTATION_CONTEXT('2D SPACE',''
  ) );
#3691 = ORIENTED_EDGE('',*,*,#2715,.F.);
#3692 = ORIENTED_EDGE('',*,*,#3671,.F.);
#3693 = ADVANCED_FACE('',(#3694),#2896,.F.);
#3694 = FACE_BOUND('',#3695,.T.);
#3695 = EDGE_LOOP('',(#3696,#3697,#3718,#3719));
#3696 = ORIENTED_EDGE('',*,*,#2977,.F.);
#3697 = ORIENTED_EDGE('',*,*,#3698,.T.);
#3698 = EDGE_CURVE('',#2978,#2880,#3699,.T.);
#3699 = SEAM_CURVE('',#3700,(#3704,#3711),.PCURVE_S1.);
#3700 = LINE('',#3701,#3702);
#3701 = CARTESIAN_POINT('',(0.9,2.2,0.));
#3702 = VECTOR('',#3703,1.);
#3703 = DIRECTION('',(0.,0.,1.));
#3704 = PCURVE('',#2896,#3705);
#3705 = DEFINITIONAL_REPRESENTATION('',(#3706),#3710);
#3706 = LINE('',#3707,#3708);
#3707 = CARTESIAN_POINT('',(-6.28318530718,0.));
#3708 = VECTOR('',#3709,1.);
#3709 = DIRECTION('',(-0.,-1.));
#3710 = ( GEOMETRIC_REPRESENTATION_CONTEXT(2) 
PARAMETRIC_REPRESENTATION_CONTEXT() REPRESENTATION_CONTEXT('2D SPACE',''
  ) );
#3711 = PCURVE('',#2896,#3712);
#3712 = DEFINITIONAL_REPRESENTATION('',(#3713),#3717);
#3713 = LINE('',#3714,#3715);
#3714 = CARTESIAN_POINT('',(-0.,0.));
#3715 = VECTOR('',#3716,1.);
#3716 = DIRECTION('',(-0.,-1.));
#3717 = ( GEOMETRIC_REPRESENTATION_CONTEXT(2) 
PARAMETRIC_REPRESENTATION_CONTEXT() REPRESENTATION_CONTEXT('2D SPACE',''
  ) );
#3718 = ORIENTED_EDGE('',*,*,#2879,.F.);
#3719 = ORIENTED_EDGE('',*,*,#3698,.F.);
#3720 = ADVANCED_FACE('',(#3721),#3060,.F.);
#3721 = FACE_BOUND('',#3722,.T.);
#3722 = EDGE_LOOP('',(#3723,#3724,#3745,#3746));
#3723 = ORIENTED_EDGE('',*,*,#3141,.F.);
#3724 = ORIENTED_EDGE('',*,*,#3725,.T.);
#3725 = EDGE_CURVE('',#3142,#3044,#3726,.T.);
#3726 = SEAM_CURVE('',#3727,(#3731,#3738),.PCURVE_S1.);
#3727 = LINE('',#3728,#3729);
#3728 = CARTESIAN_POINT('',(0.9,2.2,0.));
#3729 = VECTOR('',#3730,1.);
#3730 = DIRECTION('',(0.,0.,1.));
#3731 = PCURVE('',#3060,#3732);
#3732 = DEFINITIONAL_REPRESENTATION('',(#3733),#3737);
#3733 = LINE('',#3734,#3735);
#3734 = CARTESIAN_POINT('',(-6.28318530718,0.));
#3735 = VECTOR('',#3736,1.);
#3736 = DIRECTION('',(-0.,-1.));
#3737 = ( GEOMETRIC_REPRESENTATION_CONTEXT(2) 
PARAMETRIC_REPRESENTATION_CONTEXT() REPRESENTATION_CONTEXT('2D SPACE',''
  ) );
#3738 = PCURVE('',#3060,#3739);
#3739 = DEFINITIONAL_REPRESENTATION('',(#3740),#3744);
#3740 = LINE('',#3741,#3742);
#3741 = CARTESIAN_POINT('',(-0.,0.));
#3742 = VECTOR('',#3743,1.);
#3743 = DIRECTION('',(-0.,-1.));
#3744 = ( GEOMETRIC_REPRESENTATION_CONTEXT(2) 
PARAMETRIC_REPRESENTATION_CONTEXT() REPRESENTATION_CONTEXT('2D SPACE',''
  ) );
#3745 = ORIENTED_EDGE('',*,*,#3043,.F.);
#3746 = ORIENTED_EDGE('',*,*,#3725,.F.);
#3747 = ADVANCED_FACE('',(#3748),#3224,.F.);
#3748 = FACE_BOUND('',#3749,.T.);
#3749 = EDGE_LOOP('',(#3750,#3751,#3772,#3773));
#3750 = ORIENTED_EDGE('',*,*,#3285,.F.);
#3751 = ORIENTED_EDGE('',*,*,#3752,.T.);
#3752 = EDGE_CURVE('',#3286,#3208,#3753,.T.);
#3753 = SEAM_CURVE('',#3754,(#3758,#3765),.PCURVE_S1.);
#3754 = LINE('',#3755,#3756);
#3755 = CARTESIAN_POINT('',(0.9,2.2,0.));
#3756 = VECTOR('',#3757,1.);
#3757 = DIRECTION('',(0.,0.,1.));
#3758 = PCURVE('',#3224,#3759);
#3759 = DEFINITIONAL_REPRESENTATION('',(#3760),#3764);
#3760 = LINE('',#3761,#3762);
#3761 = CARTESIAN_POINT('',(-6.28318530718,0.));
#3762 = VECTOR('',#3763,1.);
#3763 = DIRECTION('',(-0.,-1.));
#3764 = ( GEOMETRIC_REPRESENTATION_CONTEXT(2) 
PARAMETRIC_REPRESENTATION_CONTEXT() REPRESENTATION_CONTEXT('2D SPACE',''
  ) );
#3765 = PCURVE('',#3224,#3766);
#3766 = DEFINITIONAL_REPRESENTATION('',(#3767),#3771);
#3767 = LINE('',#3768,#3769);
#3768 = CARTESIAN_POINT('',(-0.,0.));
#3769 = VECTOR('',#3770,1.);
#3770 = DIRECTION('',(-0.,-1.));
#3771 = ( GEOMETRIC_REPRESENTATION_CONTEXT(2) 
PARAMETRIC_REPRESENTATION_CONTEXT() REPRESENTATION_CONTEXT('2D SPACE',''
  ) );
#3772 = ORIENTED_EDGE('',*,*,#3207,.F.);
#3773 = ORIENTED_EDGE('',*,*,#3752,.F.);
#3774 = ( GEOMETRIC_REPRESENTATION_CONTEXT(3) 
GLOBAL_UNCERTAINTY_ASSIGNED_CONTEXT((#3778)) 
GLOBAL_UNIT_ASSIGNED_CONTEXT((#3775,#3776,#3777)) REPRESENTATION_CONTEXT
('Context #1','3D Context with UNIT and UNCERTAINTY') );
#3775 = ( LENGTH_UNIT() NAMED_UNIT(*) SI_UNIT(.MILLI.,.METRE.) );
#3776 = ( NAMED_UNIT(*) PLANE_ANGLE_UNIT() SI_UNIT($,.RADIAN.) );
#3777 = ( NAMED_UNIT(*) SI_UNIT($,.STERADIAN.) SOLID_ANGLE_UNIT() );
#3778 = UNCERTAINTY_MEASURE_WITH_UNIT(LENGTH_MEASURE(2.E-06),#3775,
  'distance_accuracy_value','confusion accuracy');
#3779 = PRODUCT_RELATED_PRODUCT_CATEGORY('part',$,(#7));
ENDSEC;
END-ISO-10303-21;
