ISO-10303-21;
HEADER;
FILE_DESCRIPTION(('Open CASCADE Model'),'2;1');
FILE_NAME('Open CASCADE Shape Model','2026-07-28T00:20:58',('Author'),(
    'Open CASCADE'),'Open CASCADE STEP processor 7.9','Open CASCADE 7.9'
  ,'Unknown');
FILE_SCHEMA(('AUTOMOTIVE_DESIGN { 1 0 10303 214 1 1 1 1 }'));
ENDSEC;
DATA;
#1 = APPLICATION_PROTOCOL_DEFINITION('international standard',
  'automotive_design',2000,#2);
#2 = APPLICATION_CONTEXT(
  'core data for automotive mechanical design processes');
#3 = SHAPE_DEFINITION_REPRESENTATION(#4,#10);
#4 = PRODUCT_DEFINITION_SHAPE('','',#5);
#5 = PRODUCT_DEFINITION('design','',#6,#9);
#6 = PRODUCT_DEFINITION_FORMATION('','',#7);
#7 = PRODUCT('Open CASCADE STEP translator 7.9 1',
  'Open CASCADE STEP translator 7.9 1','',(#8));
#8 = PRODUCT_CONTEXT('',#2,'mechanical');
#9 = PRODUCT_DEFINITION_CONTEXT('part definition',#2,'design');
#10 = ADVANCED_BREP_SHAPE_REPRESENTATION('',(#11,#15),#2049);
#11 = AXIS2_PLACEMENT_3D('',#12,#13,#14);
#12 = CARTESIAN_POINT('',(0.,0.,0.));
#13 = DIRECTION('',(0.,0.,1.));
#14 = DIRECTION('',(1.,0.,-0.));
#15 = MANIFOLD_SOLID_BREP('',#16);
#16 = CLOSED_SHELL('',(#17,#105,#140,#207,#484,#554,#1452,#1487,#1514,
    #1541,#1572,#1794,#2016));
#17 = ADVANCED_FACE('',(#18),#32,.T.);
#18 = FACE_BOUND('',#19,.F.);
#19 = EDGE_LOOP('',(#20,#50,#77,#78));
#20 = ORIENTED_EDGE('',*,*,#21,.T.);
#21 = EDGE_CURVE('',#22,#24,#26,.T.);
#22 = VERTEX_POINT('',#23);
#23 = CARTESIAN_POINT('',(18.,0.,29.));
#24 = VERTEX_POINT('',#25);
#25 = CARTESIAN_POINT('',(18.,0.,32.));
#26 = SEAM_CURVE('',#27,(#31,#43),.PCURVE_S1.);
#27 = LINE('',#28,#29);
#28 = CARTESIAN_POINT('',(18.,0.,29.));
#29 = VECTOR('',#30,1.);
#30 = DIRECTION('',(0.,0.,1.));
#31 = PCURVE('',#32,#37);
#32 = CYLINDRICAL_SURFACE('',#33,18.);
#33 = AXIS2_PLACEMENT_3D('',#34,#35,#36);
#34 = CARTESIAN_POINT('',(0.,0.,29.));
#35 = DIRECTION('',(-0.,-0.,-1.));
#36 = DIRECTION('',(1.,0.,0.));
#37 = DEFINITIONAL_REPRESENTATION('',(#38),#42);
#38 = LINE('',#39,#40);
#39 = CARTESIAN_POINT('',(-0.,0.));
#40 = VECTOR('',#41,1.);
#41 = DIRECTION('',(-0.,-1.));
#42 = ( GEOMETRIC_REPRESENTATION_CONTEXT(2) 
PARAMETRIC_REPRESENTATION_CONTEXT() REPRESENTATION_CONTEXT('2D SPACE',''
  ) );
#43 = PCURVE('',#32,#44);
#44 = DEFINITIONAL_REPRESENTATION('',(#45),#49);
#45 = LINE('',#46,#47);
#46 = CARTESIAN_POINT('',(-6.28318530718,0.));
#47 = VECTOR('',#48,1.);
#48 = DIRECTION('',(-0.,-1.));
#49 = ( GEOMETRIC_REPRESENTATION_CONTEXT(2) 
PARAMETRIC_REPRESENTATION_CONTEXT() REPRESENTATION_CONTEXT('2D SPACE',''
  ) );
#50 = ORIENTED_EDGE('',*,*,#51,.T.);
#51 = EDGE_CURVE('',#24,#24,#52,.T.);
#52 = SURFACE_CURVE('',#53,(#58,#65),.PCURVE_S1.);
#53 = CIRCLE('',#54,18.);
#54 = AXIS2_PLACEMENT_3D('',#55,#56,#57);
#55 = CARTESIAN_POINT('',(0.,0.,32.));
#56 = DIRECTION('',(0.,0.,1.));
#57 = DIRECTION('',(1.,0.,0.));
#58 = PCURVE('',#32,#59);
#59 = DEFINITIONAL_REPRESENTATION('',(#60),#64);
#60 = LINE('',#61,#62);
#61 = CARTESIAN_POINT('',(-0.,-3.));
#62 = VECTOR('',#63,1.);
#63 = DIRECTION('',(-1.,0.));
#64 = ( GEOMETRIC_REPRESENTATION_CONTEXT(2) 
PARAMETRIC_REPRESENTATION_CONTEXT() REPRESENTATION_CONTEXT('2D SPACE',''
  ) );
#65 = PCURVE('',#66,#71);
#66 = PLANE('',#67);
#67 = AXIS2_PLACEMENT_3D('',#68,#69,#70);
#68 = CARTESIAN_POINT('',(-6.077511700175E-16,4.807142605466E-16,32.));
#69 = DIRECTION('',(0.,0.,1.));
#70 = DIRECTION('',(1.,0.,-0.));
#71 = DEFINITIONAL_REPRESENTATION('',(#72),#76);
#72 = CIRCLE('',#73,18.);
#73 = AXIS2_PLACEMENT_2D('',#74,#75);
#74 = CARTESIAN_POINT('',(6.077511700175E-16,-4.807142605466E-16));
#75 = DIRECTION('',(1.,0.));
#76 = ( GEOMETRIC_REPRESENTATION_CONTEXT(2) 
PARAMETRIC_REPRESENTATION_CONTEXT() REPRESENTATION_CONTEXT('2D SPACE',''
  ) );
#77 = ORIENTED_EDGE('',*,*,#21,.F.);
#78 = ORIENTED_EDGE('',*,*,#79,.F.);
#79 = EDGE_CURVE('',#22,#22,#80,.T.);
#80 = SURFACE_CURVE('',#81,(#86,#93),.PCURVE_S1.);
#81 = CIRCLE('',#82,18.);
#82 = AXIS2_PLACEMENT_3D('',#83,#84,#85);
#83 = CARTESIAN_POINT('',(0.,0.,29.));
#84 = DIRECTION('',(0.,0.,1.));
#85 = DIRECTION('',(1.,0.,0.));
#86 = PCURVE('',#32,#87);
#87 = DEFINITIONAL_REPRESENTATION('',(#88),#92);
#88 = LINE('',#89,#90);
#89 = CARTESIAN_POINT('',(-0.,0.));
#90 = VECTOR('',#91,1.);
#91 = DIRECTION('',(-1.,0.));
#92 = ( GEOMETRIC_REPRESENTATION_CONTEXT(2) 
PARAMETRIC_REPRESENTATION_CONTEXT() REPRESENTATION_CONTEXT('2D SPACE',''
  ) );
#93 = PCURVE('',#94,#99);
#94 = PLANE('',#95);
#95 = AXIS2_PLACEMENT_3D('',#96,#97,#98);
#96 = CARTESIAN_POINT('',(-6.077511700175E-16,4.807142605466E-16,29.));
#97 = DIRECTION('',(0.,0.,1.));
#98 = DIRECTION('',(1.,0.,-0.));
#99 = DEFINITIONAL_REPRESENTATION('',(#100),#104);
#100 = CIRCLE('',#101,18.);
#101 = AXIS2_PLACEMENT_2D('',#102,#103);
#102 = CARTESIAN_POINT('',(6.077511700175E-16,-4.807142605466E-16));
#103 = DIRECTION('',(1.,0.));
#104 = ( GEOMETRIC_REPRESENTATION_CONTEXT(2) 
PARAMETRIC_REPRESENTATION_CONTEXT() REPRESENTATION_CONTEXT('2D SPACE',''
  ) );
#105 = ADVANCED_FACE('',(#106,#109),#94,.F.);
#106 = FACE_BOUND('',#107,.F.);
#107 = EDGE_LOOP('',(#108));
#108 = ORIENTED_EDGE('',*,*,#79,.T.);
#109 = FACE_BOUND('',#110,.F.);
#110 = EDGE_LOOP('',(#111));
#111 = ORIENTED_EDGE('',*,*,#112,.F.);
#112 = EDGE_CURVE('',#113,#113,#115,.T.);
#113 = VERTEX_POINT('',#114);
#114 = CARTESIAN_POINT('',(10.,0.,29.));
#115 = SURFACE_CURVE('',#116,(#121,#128),.PCURVE_S1.);
#116 = CIRCLE('',#117,10.);
#117 = AXIS2_PLACEMENT_3D('',#118,#119,#120);
#118 = CARTESIAN_POINT('',(0.,0.,29.));
#119 = DIRECTION('',(0.,0.,1.));
#120 = DIRECTION('',(1.,0.,0.));
#121 = PCURVE('',#94,#122);
#122 = DEFINITIONAL_REPRESENTATION('',(#123),#127);
#123 = CIRCLE('',#124,10.);
#124 = AXIS2_PLACEMENT_2D('',#125,#126);
#125 = CARTESIAN_POINT('',(6.077511700175E-16,-4.807142605466E-16));
#126 = DIRECTION('',(1.,0.));
#127 = ( GEOMETRIC_REPRESENTATION_CONTEXT(2) 
PARAMETRIC_REPRESENTATION_CONTEXT() REPRESENTATION_CONTEXT('2D SPACE',''
  ) );
#128 = PCURVE('',#129,#134);
#129 = CYLINDRICAL_SURFACE('',#130,10.);
#130 = AXIS2_PLACEMENT_3D('',#131,#132,#133);
#131 = CARTESIAN_POINT('',(0.,0.,3.));
#132 = DIRECTION('',(-0.,-0.,-1.));
#133 = DIRECTION('',(1.,0.,0.));
#134 = DEFINITIONAL_REPRESENTATION('',(#135),#139);
#135 = LINE('',#136,#137);
#136 = CARTESIAN_POINT('',(-0.,-26.));
#137 = VECTOR('',#138,1.);
#138 = DIRECTION('',(-1.,0.));
#139 = ( GEOMETRIC_REPRESENTATION_CONTEXT(2) 
PARAMETRIC_REPRESENTATION_CONTEXT() REPRESENTATION_CONTEXT('2D SPACE',''
  ) );
#140 = ADVANCED_FACE('',(#141,#144),#66,.T.);
#141 = FACE_BOUND('',#142,.T.);
#142 = EDGE_LOOP('',(#143));
#143 = ORIENTED_EDGE('',*,*,#51,.T.);
#144 = FACE_BOUND('',#145,.T.);
#145 = EDGE_LOOP('',(#146,#176));
#146 = ORIENTED_EDGE('',*,*,#147,.F.);
#147 = EDGE_CURVE('',#148,#150,#152,.T.);
#148 = VERTEX_POINT('',#149);
#149 = CARTESIAN_POINT('',(2.1,-1.532970971676,32.));
#150 = VERTEX_POINT('',#151);
#151 = CARTESIAN_POINT('',(2.1,1.532970971676,32.));
#152 = SURFACE_CURVE('',#153,(#157,#164),.PCURVE_S1.);
#153 = LINE('',#154,#155);
#154 = CARTESIAN_POINT('',(2.1,-2.6,32.));
#155 = VECTOR('',#156,1.);
#156 = DIRECTION('',(0.,1.,0.));
#157 = PCURVE('',#66,#158);
#158 = DEFINITIONAL_REPRESENTATION('',(#159),#163);
#159 = LINE('',#160,#161);
#160 = CARTESIAN_POINT('',(2.1,-2.6));
#161 = VECTOR('',#162,1.);
#162 = DIRECTION('',(0.,1.));
#163 = ( GEOMETRIC_REPRESENTATION_CONTEXT(2) 
PARAMETRIC_REPRESENTATION_CONTEXT() REPRESENTATION_CONTEXT('2D SPACE',''
  ) );
#164 = PCURVE('',#165,#170);
#165 = PLANE('',#166);
#166 = AXIS2_PLACEMENT_3D('',#167,#168,#169);
#167 = CARTESIAN_POINT('',(2.1,-2.6,-32.));
#168 = DIRECTION('',(1.,0.,0.));
#169 = DIRECTION('',(0.,0.,1.));
#170 = DEFINITIONAL_REPRESENTATION('',(#171),#175);
#171 = LINE('',#172,#173);
#172 = CARTESIAN_POINT('',(64.,0.));
#173 = VECTOR('',#174,1.);
#174 = DIRECTION('',(0.,-1.));
#175 = ( GEOMETRIC_REPRESENTATION_CONTEXT(2) 
PARAMETRIC_REPRESENTATION_CONTEXT() REPRESENTATION_CONTEXT('2D SPACE',''
  ) );
#176 = ORIENTED_EDGE('',*,*,#177,.T.);
#177 = EDGE_CURVE('',#148,#150,#178,.T.);
#178 = SURFACE_CURVE('',#179,(#184,#195),.PCURVE_S1.);
#179 = CIRCLE('',#180,2.6);
#180 = AXIS2_PLACEMENT_3D('',#181,#182,#183);
#181 = CARTESIAN_POINT('',(0.,0.,32.));
#182 = DIRECTION('',(0.,0.,-1.));
#183 = DIRECTION('',(0.807692307692,-0.589604219875,0.));
#184 = PCURVE('',#66,#185);
#185 = DEFINITIONAL_REPRESENTATION('',(#186),#194);
#186 = ( BOUNDED_CURVE() B_SPLINE_CURVE(2,(#187,#188,#189,#190,#191,#192
,#193),.UNSPECIFIED.,.T.,.F.) B_SPLINE_CURVE_WITH_KNOTS((1,2,2,2,2,1),(
    -2.094395102393,0.,2.094395102393,4.188790204786,6.28318530718,
8.377580409573),.UNSPECIFIED.) CURVE() GEOMETRIC_REPRESENTATION_ITEM() 
RATIONAL_B_SPLINE_CURVE((1.,0.5,1.,0.5,1.,0.5,1.)) REPRESENTATION_ITEM(
  '') );
#187 = CARTESIAN_POINT('',(2.1,-1.532970971676));
#188 = CARTESIAN_POINT('',(-0.555183609471,-5.17027766757));
#189 = CARTESIAN_POINT('',(-2.377591804735,-1.052167862109));
#190 = CARTESIAN_POINT('',(-4.2,3.065941943351));
#191 = CARTESIAN_POINT('',(0.277591804735,2.585138833785));
#192 = CARTESIAN_POINT('',(4.75518360947,2.104335724219));
#193 = CARTESIAN_POINT('',(2.1,-1.532970971676));
#194 = ( GEOMETRIC_REPRESENTATION_CONTEXT(2) 
PARAMETRIC_REPRESENTATION_CONTEXT() REPRESENTATION_CONTEXT('2D SPACE',''
  ) );
#195 = PCURVE('',#196,#201);
#196 = CYLINDRICAL_SURFACE('',#197,2.6);
#197 = AXIS2_PLACEMENT_3D('',#198,#199,#200);
#198 = CARTESIAN_POINT('',(0.,0.,-32.));
#199 = DIRECTION('',(-0.,-0.,-1.));
#200 = DIRECTION('',(1.,0.,0.));
#201 = DEFINITIONAL_REPRESENTATION('',(#202),#206);
#202 = LINE('',#203,#204);
#203 = CARTESIAN_POINT('',(-5.65261656758,-64.));
#204 = VECTOR('',#205,1.);
#205 = DIRECTION('',(1.,-0.));
#206 = ( GEOMETRIC_REPRESENTATION_CONTEXT(2) 
PARAMETRIC_REPRESENTATION_CONTEXT() REPRESENTATION_CONTEXT('2D SPACE',''
  ) );
#207 = ADVANCED_FACE('',(#208,#262,#373),#129,.T.);
#208 = FACE_BOUND('',#209,.F.);
#209 = EDGE_LOOP('',(#210,#239,#260,#261));
#210 = ORIENTED_EDGE('',*,*,#211,.F.);
#211 = EDGE_CURVE('',#212,#212,#214,.T.);
#212 = VERTEX_POINT('',#213);
#213 = CARTESIAN_POINT('',(10.,0.,3.));
#214 = SURFACE_CURVE('',#215,(#220,#227),.PCURVE_S1.);
#215 = CIRCLE('',#216,10.);
#216 = AXIS2_PLACEMENT_3D('',#217,#218,#219);
#217 = CARTESIAN_POINT('',(0.,0.,3.));
#218 = DIRECTION('',(0.,0.,1.));
#219 = DIRECTION('',(1.,0.,0.));
#220 = PCURVE('',#129,#221);
#221 = DEFINITIONAL_REPRESENTATION('',(#222),#226);
#222 = LINE('',#223,#224);
#223 = CARTESIAN_POINT('',(-0.,0.));
#224 = VECTOR('',#225,1.);
#225 = DIRECTION('',(-1.,0.));
#226 = ( GEOMETRIC_REPRESENTATION_CONTEXT(2) 
PARAMETRIC_REPRESENTATION_CONTEXT() REPRESENTATION_CONTEXT('2D SPACE',''
  ) );
#227 = PCURVE('',#228,#233);
#228 = PLANE('',#229);
#229 = AXIS2_PLACEMENT_3D('',#230,#231,#232);
#230 = CARTESIAN_POINT('',(-6.077511700175E-16,4.807142605466E-16,3.));
#231 = DIRECTION('',(0.,0.,1.));
#232 = DIRECTION('',(1.,0.,-0.));
#233 = DEFINITIONAL_REPRESENTATION('',(#234),#238);
#234 = CIRCLE('',#235,10.);
#235 = AXIS2_PLACEMENT_2D('',#236,#237);
#236 = CARTESIAN_POINT('',(6.077511700175E-16,-4.807142605466E-16));
#237 = DIRECTION('',(1.,0.));
#238 = ( GEOMETRIC_REPRESENTATION_CONTEXT(2) 
PARAMETRIC_REPRESENTATION_CONTEXT() REPRESENTATION_CONTEXT('2D SPACE',''
  ) );
#239 = ORIENTED_EDGE('',*,*,#240,.T.);
#240 = EDGE_CURVE('',#212,#113,#241,.T.);
#241 = SEAM_CURVE('',#242,(#246,#253),.PCURVE_S1.);
#242 = LINE('',#243,#244);
#243 = CARTESIAN_POINT('',(10.,0.,3.));
#244 = VECTOR('',#245,1.);
#245 = DIRECTION('',(0.,0.,1.));
#246 = PCURVE('',#129,#247);
#247 = DEFINITIONAL_REPRESENTATION('',(#248),#252);
#248 = LINE('',#249,#250);
#249 = CARTESIAN_POINT('',(-6.28318530718,0.));
#250 = VECTOR('',#251,1.);
#251 = DIRECTION('',(-0.,-1.));
#252 = ( GEOMETRIC_REPRESENTATION_CONTEXT(2) 
PARAMETRIC_REPRESENTATION_CONTEXT() REPRESENTATION_CONTEXT('2D SPACE',''
  ) );
#253 = PCURVE('',#129,#254);
#254 = DEFINITIONAL_REPRESENTATION('',(#255),#259);
#255 = LINE('',#256,#257);
#256 = CARTESIAN_POINT('',(-0.,0.));
#257 = VECTOR('',#258,1.);
#258 = DIRECTION('',(-0.,-1.));
#259 = ( GEOMETRIC_REPRESENTATION_CONTEXT(2) 
PARAMETRIC_REPRESENTATION_CONTEXT() REPRESENTATION_CONTEXT('2D SPACE',''
  ) );
#260 = ORIENTED_EDGE('',*,*,#112,.T.);
#261 = ORIENTED_EDGE('',*,*,#240,.F.);
#262 = FACE_BOUND('',#263,.F.);
#263 = EDGE_LOOP('',(#264));
#264 = ORIENTED_EDGE('',*,*,#265,.F.);
#265 = EDGE_CURVE('',#266,#266,#268,.T.);
#266 = VERTEX_POINT('',#267);
#267 = CARTESIAN_POINT('',(0.7,9.975469913743,16.));
#268 = SURFACE_CURVE('',#269,(#300,#334),.PCURVE_S1.);
#269 = B_SPLINE_CURVE_WITH_KNOTS('',8,(#270,#271,#272,#273,#274,#275,
    #276,#277,#278,#279,#280,#281,#282,#283,#284,#285,#286,#287,#288,
    #289,#290,#291,#292,#293,#294,#295,#296,#297,#298,#299),
  .UNSPECIFIED.,.T.,.F.,(9,7,7,7,9),(0.,0.25,0.5,0.749999999999,1.),
  .UNSPECIFIED.);
#270 = CARTESIAN_POINT('',(0.7,9.975469913743,16.));
#271 = CARTESIAN_POINT('',(0.7,9.975469913743,16.126141761823));
#272 = CARTESIAN_POINT('',(0.674022349916,9.977293116372,16.25611811734)
  );
#273 = CARTESIAN_POINT('',(0.619297864482,9.981131550502,16.382377224007
    ));
#274 = CARTESIAN_POINT('',(0.536272696543,9.986581798842,16.497042094135
    ));
#275 = CARTESIAN_POINT('',(0.427407485852,9.992485608257,16.59263202367)
  );
#276 = CARTESIAN_POINT('',(0.297327990848,9.997359415304,16.662281109638
    ));
#277 = CARTESIAN_POINT('',(0.151995516186,10.,16.7));
#278 = CARTESIAN_POINT('',(-0.151995516185,10.,16.7));
#279 = CARTESIAN_POINT('',(-0.297327990849,9.997359415304,
    16.662281109638));
#280 = CARTESIAN_POINT('',(-0.42740748585,9.992485608257,16.59263202367)
  );
#281 = CARTESIAN_POINT('',(-0.536272696544,9.986581798842,
    16.497042094134));
#282 = CARTESIAN_POINT('',(-0.619297864481,9.981131550502,
    16.382377224007));
#283 = CARTESIAN_POINT('',(-0.674022349916,9.977293116372,
    16.256118117339));
#284 = CARTESIAN_POINT('',(-0.7,9.975469913743,16.126141761823));
#285 = CARTESIAN_POINT('',(-0.7,9.975469913743,15.873858238177));
#286 = CARTESIAN_POINT('',(-0.674022349916,9.977293116372,
    15.743881882661));
#287 = CARTESIAN_POINT('',(-0.619297864482,9.981131550502,
    15.617622775993));
#288 = CARTESIAN_POINT('',(-0.536272696543,9.986581798842,
    15.502957905866));
#289 = CARTESIAN_POINT('',(-0.427407485851,9.992485608257,15.40736797633
    ));
#290 = CARTESIAN_POINT('',(-0.297327990848,9.997359415304,
    15.337718890362));
#291 = CARTESIAN_POINT('',(-0.151995516186,10.,15.3));
#292 = CARTESIAN_POINT('',(0.151995516186,10.,15.3));
#293 = CARTESIAN_POINT('',(0.297327990846,9.997359415304,15.337718890362
    ));
#294 = CARTESIAN_POINT('',(0.427407485854,9.992485608257,15.40736797633)
  );
#295 = CARTESIAN_POINT('',(0.536272696542,9.986581798842,15.502957905865
    ));
#296 = CARTESIAN_POINT('',(0.619297864482,9.981131550502,15.617622775995
    ));
#297 = CARTESIAN_POINT('',(0.674022349916,9.977293116372,15.743881882659
    ));
#298 = CARTESIAN_POINT('',(0.7,9.975469913743,15.873858238178));
#299 = CARTESIAN_POINT('',(0.7,9.975469913743,16.));
#300 = PCURVE('',#129,#301);
#301 = DEFINITIONAL_REPRESENTATION('',(#302),#333);
#302 = B_SPLINE_CURVE_WITH_KNOTS('',8,(#303,#304,#305,#306,#307,#308,
    #309,#310,#311,#312,#313,#314,#315,#316,#317,#318,#319,#320,#321,
    #322,#323,#324,#325,#326,#327,#328,#329,#330,#331,#332),
  .UNSPECIFIED.,.T.,.F.,(9,7,7,7,9),(0.,0.25,0.5,0.749999999999,1.),
  .UNSPECIFIED.);
#303 = CARTESIAN_POINT('',(-1.500739033707,-13.));
#304 = CARTESIAN_POINT('',(-1.500739033707,-13.12614176182));
#305 = CARTESIAN_POINT('',(-1.503343197731,-13.25611811734));
#306 = CARTESIAN_POINT('',(-1.508829037584,-13.382377224));
#307 = CARTESIAN_POINT('',(-1.517149506853,-13.49704209413));
#308 = CARTESIAN_POINT('',(-1.528050273295,-13.59263202367));
#309 = CARTESIAN_POINT('',(-1.541063518276,-13.66228110963));
#310 = CARTESIAN_POINT('',(-1.555596775176,-13.7));
#311 = CARTESIAN_POINT('',(-1.585995878413,-13.7));
#312 = CARTESIAN_POINT('',(-1.600529135314,-13.66228110963));
#313 = CARTESIAN_POINT('',(-1.613542380295,-13.59263202367));
#314 = CARTESIAN_POINT('',(-1.624443146737,-13.49704209413));
#315 = CARTESIAN_POINT('',(-1.632763616006,-13.382377224));
#316 = CARTESIAN_POINT('',(-1.638249455859,-13.25611811733));
#317 = CARTESIAN_POINT('',(-1.640853619883,-13.12614176182));
#318 = CARTESIAN_POINT('',(-1.640853619883,-12.87385823817));
#319 = CARTESIAN_POINT('',(-1.638249455859,-12.74388188266));
#320 = CARTESIAN_POINT('',(-1.632763616006,-12.61762277599));
#321 = CARTESIAN_POINT('',(-1.624443146737,-12.50295790586));
#322 = CARTESIAN_POINT('',(-1.613542380295,-12.40736797633));
#323 = CARTESIAN_POINT('',(-1.600529135314,-12.33771889036));
#324 = CARTESIAN_POINT('',(-1.585995878413,-12.3));
#325 = CARTESIAN_POINT('',(-1.555596775176,-12.3));
#326 = CARTESIAN_POINT('',(-1.541063518276,-12.33771889036));
#327 = CARTESIAN_POINT('',(-1.528050273294,-12.40736797633));
#328 = CARTESIAN_POINT('',(-1.517149506853,-12.50295790586));
#329 = CARTESIAN_POINT('',(-1.508829037583,-12.61762277599));
#330 = CARTESIAN_POINT('',(-1.503343197731,-12.74388188265));
#331 = CARTESIAN_POINT('',(-1.500739033707,-12.87385823817));
#332 = CARTESIAN_POINT('',(-1.500739033707,-13.));
#333 = ( GEOMETRIC_REPRESENTATION_CONTEXT(2) 
PARAMETRIC_REPRESENTATION_CONTEXT() REPRESENTATION_CONTEXT('2D SPACE',''
  ) );
#334 = PCURVE('',#335,#340);
#335 = CYLINDRICAL_SURFACE('',#336,0.7);
#336 = AXIS2_PLACEMENT_3D('',#337,#338,#339);
#337 = CARTESIAN_POINT('',(0.,20.,16.));
#338 = DIRECTION('',(-0.,1.,-0.));
#339 = DIRECTION('',(1.,0.,0.));
#340 = DEFINITIONAL_REPRESENTATION('',(#341),#372);
#341 = B_SPLINE_CURVE_WITH_KNOTS('',8,(#342,#343,#344,#345,#346,#347,
    #348,#349,#350,#351,#352,#353,#354,#355,#356,#357,#358,#359,#360,
    #361,#362,#363,#364,#365,#366,#367,#368,#369,#370,#371),
  .UNSPECIFIED.,.F.,.F.,(9,7,7,7,9),(0.,0.25,0.5,0.749999999999,1.),
  .UNSPECIFIED.);
#342 = CARTESIAN_POINT('',(0.,-10.02453008625));
#343 = CARTESIAN_POINT('',(-0.180202516889,-10.02453008625));
#344 = CARTESIAN_POINT('',(-0.365882614737,-10.02270688362));
#345 = CARTESIAN_POINT('',(-0.555172429539,-10.01886844949));
#346 = CARTESIAN_POINT('',(-0.747996677635,-10.01341820115));
#347 = CARTESIAN_POINT('',(-0.944625236801,-10.00751439174));
#348 = CARTESIAN_POINT('',(-1.146040124495,-10.00264058469));
#349 = CARTESIAN_POINT('',(-1.353659875101,-10.));
#350 = CARTESIAN_POINT('',(-1.787932778488,-10.));
#351 = CARTESIAN_POINT('',(-1.995552529096,-10.00264058469));
#352 = CARTESIAN_POINT('',(-2.196967416784,-10.00751439174));
#353 = CARTESIAN_POINT('',(-2.39359597596,-10.01341820115));
#354 = CARTESIAN_POINT('',(-2.586420224046,-10.01886844949));
#355 = CARTESIAN_POINT('',(-2.775710038854,-10.02270688362));
#356 = CARTESIAN_POINT('',(-2.9613901367,-10.02453008625));
#357 = CARTESIAN_POINT('',(-3.321795170479,-10.02453008625));
#358 = CARTESIAN_POINT('',(-3.507475268326,-10.02270688362));
#359 = CARTESIAN_POINT('',(-3.696765083131,-10.01886844949));
#360 = CARTESIAN_POINT('',(-3.889589331223,-10.01341820115));
#361 = CARTESIAN_POINT('',(-4.086217890392,-10.00751439174));
#362 = CARTESIAN_POINT('',(-4.287632778085,-10.00264058469));
#363 = CARTESIAN_POINT('',(-4.495252528691,-10.));
#364 = CARTESIAN_POINT('',(-4.929525432079,-10.));
#365 = CARTESIAN_POINT('',(-5.137145182681,-10.00264058469));
#366 = CARTESIAN_POINT('',(-5.338560070384,-10.00751439174));
#367 = CARTESIAN_POINT('',(-5.535188629539,-10.01341820115));
#368 = CARTESIAN_POINT('',(-5.728012877644,-10.01886844949));
#369 = CARTESIAN_POINT('',(-5.91730269244,-10.02270688362));
#370 = CARTESIAN_POINT('',(-6.102982790292,-10.02453008625));
#371 = CARTESIAN_POINT('',(-6.28318530718,-10.02453008625));
#372 = ( GEOMETRIC_REPRESENTATION_CONTEXT(2) 
PARAMETRIC_REPRESENTATION_CONTEXT() REPRESENTATION_CONTEXT('2D SPACE',''
  ) );
#373 = FACE_BOUND('',#374,.F.);
#374 = EDGE_LOOP('',(#375));
#375 = ORIENTED_EDGE('',*,*,#376,.T.);
#376 = EDGE_CURVE('',#377,#377,#379,.T.);
#377 = VERTEX_POINT('',#378);
#378 = CARTESIAN_POINT('',(0.7,-9.975469913743,16.));
#379 = SURFACE_CURVE('',#380,(#411,#445),.PCURVE_S1.);
#380 = B_SPLINE_CURVE_WITH_KNOTS('',8,(#381,#382,#383,#384,#385,#386,
    #387,#388,#389,#390,#391,#392,#393,#394,#395,#396,#397,#398,#399,
    #400,#401,#402,#403,#404,#405,#406,#407,#408,#409,#410),
  .UNSPECIFIED.,.T.,.F.,(9,7,7,7,9),(0.,0.249999999999,0.499999999998,
    0.749999999998,1.),.UNSPECIFIED.);
#381 = CARTESIAN_POINT('',(0.7,-9.975469913743,16.));
#382 = CARTESIAN_POINT('',(0.7,-9.975469913743,16.126141761823));
#383 = CARTESIAN_POINT('',(0.674022349916,-9.977293116372,
    16.256118117339));
#384 = CARTESIAN_POINT('',(0.619297864482,-9.981131550502,
    16.382377224008));
#385 = CARTESIAN_POINT('',(0.536272696543,-9.986581798842,
    16.497042094134));
#386 = CARTESIAN_POINT('',(0.427407485851,-9.992485608257,16.59263202367
    ));
#387 = CARTESIAN_POINT('',(0.297327990849,-9.997359415304,
    16.662281109638));
#388 = CARTESIAN_POINT('',(0.151995516185,-10.,16.7));
#389 = CARTESIAN_POINT('',(-0.151995516185,-10.,16.7));
#390 = CARTESIAN_POINT('',(-0.297327990848,-9.997359415304,
    16.662281109638));
#391 = CARTESIAN_POINT('',(-0.427407485851,-9.992485608257,
    16.59263202367));
#392 = CARTESIAN_POINT('',(-0.536272696544,-9.986581798842,
    16.497042094135));
#393 = CARTESIAN_POINT('',(-0.619297864481,-9.981131550502,
    16.382377224007));
#394 = CARTESIAN_POINT('',(-0.674022349916,-9.977293116372,
    16.25611811734));
#395 = CARTESIAN_POINT('',(-0.7,-9.975469913743,16.126141761822));
#396 = CARTESIAN_POINT('',(-0.7,-9.975469913743,15.873858238177));
#397 = CARTESIAN_POINT('',(-0.674022349916,-9.977293116372,
    15.743881882661));
#398 = CARTESIAN_POINT('',(-0.619297864482,-9.981131550502,
    15.617622775993));
#399 = CARTESIAN_POINT('',(-0.536272696543,-9.986581798842,
    15.502957905865));
#400 = CARTESIAN_POINT('',(-0.427407485849,-9.992485608257,
    15.407367976331));
#401 = CARTESIAN_POINT('',(-0.29732799085,-9.997359415304,
    15.337718890362));
#402 = CARTESIAN_POINT('',(-0.151995516185,-10.,15.3));
#403 = CARTESIAN_POINT('',(0.151995516186,-10.,15.3));
#404 = CARTESIAN_POINT('',(0.297327990847,-9.997359415304,
    15.337718890362));
#405 = CARTESIAN_POINT('',(0.427407485852,-9.992485608257,15.40736797633
    ));
#406 = CARTESIAN_POINT('',(0.536272696543,-9.986581798842,
    15.502957905866));
#407 = CARTESIAN_POINT('',(0.619297864481,-9.981131550502,
    15.617622775993));
#408 = CARTESIAN_POINT('',(0.674022349916,-9.977293116372,15.74388188266
    ));
#409 = CARTESIAN_POINT('',(0.7,-9.975469913743,15.873858238178));
#410 = CARTESIAN_POINT('',(0.7,-9.975469913743,16.));
#411 = PCURVE('',#129,#412);
#412 = DEFINITIONAL_REPRESENTATION('',(#413),#444);
#413 = B_SPLINE_CURVE_WITH_KNOTS('',8,(#414,#415,#416,#417,#418,#419,
    #420,#421,#422,#423,#424,#425,#426,#427,#428,#429,#430,#431,#432,
    #433,#434,#435,#436,#437,#438,#439,#440,#441,#442,#443),
  .UNSPECIFIED.,.T.,.F.,(9,7,7,7,9),(0.,0.249999999999,0.499999999998,
    0.749999999998,1.),.UNSPECIFIED.);
#414 = CARTESIAN_POINT('',(-4.782446273473,-13.));
#415 = CARTESIAN_POINT('',(-4.782446273473,-13.12614176182));
#416 = CARTESIAN_POINT('',(-4.779842109449,-13.25611811733));
#417 = CARTESIAN_POINT('',(-4.774356269596,-13.382377224));
#418 = CARTESIAN_POINT('',(-4.766035800327,-13.49704209413));
#419 = CARTESIAN_POINT('',(-4.755135033885,-13.59263202367));
#420 = CARTESIAN_POINT('',(-4.742121788904,-13.66228110963));
#421 = CARTESIAN_POINT('',(-4.727588532003,-13.7));
#422 = CARTESIAN_POINT('',(-4.697189428766,-13.7));
#423 = CARTESIAN_POINT('',(-4.682656171866,-13.66228110963));
#424 = CARTESIAN_POINT('',(-4.669642926885,-13.59263202367));
#425 = CARTESIAN_POINT('',(-4.658742160442,-13.49704209413));
#426 = CARTESIAN_POINT('',(-4.650421691173,-13.382377224));
#427 = CARTESIAN_POINT('',(-4.644935851321,-13.25611811734));
#428 = CARTESIAN_POINT('',(-4.642331687297,-13.12614176182));
#429 = CARTESIAN_POINT('',(-4.642331687297,-12.87385823817));
#430 = CARTESIAN_POINT('',(-4.644935851321,-12.74388188266));
#431 = CARTESIAN_POINT('',(-4.650421691173,-12.61762277599));
#432 = CARTESIAN_POINT('',(-4.658742160443,-12.50295790586));
#433 = CARTESIAN_POINT('',(-4.669642926885,-12.40736797633));
#434 = CARTESIAN_POINT('',(-4.682656171865,-12.33771889036));
#435 = CARTESIAN_POINT('',(-4.697189428766,-12.3));
#436 = CARTESIAN_POINT('',(-4.727588532003,-12.3));
#437 = CARTESIAN_POINT('',(-4.742121788904,-12.33771889036));
#438 = CARTESIAN_POINT('',(-4.755135033885,-12.40736797632));
#439 = CARTESIAN_POINT('',(-4.766035800327,-12.50295790586));
#440 = CARTESIAN_POINT('',(-4.774356269596,-12.61762277599));
#441 = CARTESIAN_POINT('',(-4.779842109449,-12.74388188266));
#442 = CARTESIAN_POINT('',(-4.782446273473,-12.87385823817));
#443 = CARTESIAN_POINT('',(-4.782446273473,-13.));
#444 = ( GEOMETRIC_REPRESENTATION_CONTEXT(2) 
PARAMETRIC_REPRESENTATION_CONTEXT() REPRESENTATION_CONTEXT('2D SPACE',''
  ) );
#445 = PCURVE('',#446,#451);
#446 = CYLINDRICAL_SURFACE('',#447,0.7);
#447 = AXIS2_PLACEMENT_3D('',#448,#449,#450);
#448 = CARTESIAN_POINT('',(0.,20.,16.));
#449 = DIRECTION('',(-0.,1.,-0.));
#450 = DIRECTION('',(1.,0.,0.));
#451 = DEFINITIONAL_REPRESENTATION('',(#452),#483);
#452 = B_SPLINE_CURVE_WITH_KNOTS('',8,(#453,#454,#455,#456,#457,#458,
    #459,#460,#461,#462,#463,#464,#465,#466,#467,#468,#469,#470,#471,
    #472,#473,#474,#475,#476,#477,#478,#479,#480,#481,#482),
  .UNSPECIFIED.,.F.,.F.,(9,7,7,7,9),(0.,0.249999999999,0.499999999998,
    0.749999999998,1.),.UNSPECIFIED.);
#453 = CARTESIAN_POINT('',(0.,-29.97546991374));
#454 = CARTESIAN_POINT('',(-0.18020251689,-29.97546991374));
#455 = CARTESIAN_POINT('',(-0.365882614736,-29.97729311637));
#456 = CARTESIAN_POINT('',(-0.55517242954,-29.9811315505));
#457 = CARTESIAN_POINT('',(-0.747996677634,-29.98658179884));
#458 = CARTESIAN_POINT('',(-0.944625236803,-29.99248560825));
#459 = CARTESIAN_POINT('',(-1.146040124495,-29.9973594153));
#460 = CARTESIAN_POINT('',(-1.353659875102,-30.));
#461 = CARTESIAN_POINT('',(-1.787932778488,-30.));
#462 = CARTESIAN_POINT('',(-1.995552529095,-29.9973594153));
#463 = CARTESIAN_POINT('',(-2.196967416785,-29.99248560825));
#464 = CARTESIAN_POINT('',(-2.393595975959,-29.98658179884));
#465 = CARTESIAN_POINT('',(-2.586420224048,-29.9811315505));
#466 = CARTESIAN_POINT('',(-2.775710038854,-29.97729311637));
#467 = CARTESIAN_POINT('',(-2.961390136701,-29.97546991374));
#468 = CARTESIAN_POINT('',(-3.32179517048,-29.97546991374));
#469 = CARTESIAN_POINT('',(-3.507475268325,-29.97729311637));
#470 = CARTESIAN_POINT('',(-3.696765083131,-29.9811315505));
#471 = CARTESIAN_POINT('',(-3.889589331224,-29.98658179884));
#472 = CARTESIAN_POINT('',(-4.086217890394,-29.99248560825));
#473 = CARTESIAN_POINT('',(-4.287632778082,-29.9973594153));
#474 = CARTESIAN_POINT('',(-4.495252528692,-30.));
#475 = CARTESIAN_POINT('',(-4.929525432079,-30.));
#476 = CARTESIAN_POINT('',(-5.137145182683,-29.9973594153));
#477 = CARTESIAN_POINT('',(-5.338560070379,-29.99248560825));
#478 = CARTESIAN_POINT('',(-5.535188629544,-29.98658179884));
#479 = CARTESIAN_POINT('',(-5.72801287764,-29.9811315505));
#480 = CARTESIAN_POINT('',(-5.917302692442,-29.97729311637));
#481 = CARTESIAN_POINT('',(-6.102982790291,-29.97546991374));
#482 = CARTESIAN_POINT('',(-6.28318530718,-29.97546991374));
#483 = ( GEOMETRIC_REPRESENTATION_CONTEXT(2) 
PARAMETRIC_REPRESENTATION_CONTEXT() REPRESENTATION_CONTEXT('2D SPACE',''
  ) );
#484 = ADVANCED_FACE('',(#485),#165,.F.);
#485 = FACE_BOUND('',#486,.F.);
#486 = EDGE_LOOP('',(#487,#488,#509,#535));
#487 = ORIENTED_EDGE('',*,*,#147,.F.);
#488 = ORIENTED_EDGE('',*,*,#489,.T.);
#489 = EDGE_CURVE('',#148,#490,#492,.T.);
#490 = VERTEX_POINT('',#491);
#491 = CARTESIAN_POINT('',(2.1,-1.532970971676,0.));
#492 = SURFACE_CURVE('',#493,(#497,#503),.PCURVE_S1.);
#493 = LINE('',#494,#495);
#494 = CARTESIAN_POINT('',(2.1,-1.532970971676,-32.));
#495 = VECTOR('',#496,1.);
#496 = DIRECTION('',(-0.,-0.,-1.));
#497 = PCURVE('',#165,#498);
#498 = DEFINITIONAL_REPRESENTATION('',(#499),#502);
#499 = B_SPLINE_CURVE_WITH_KNOTS('',1,(#500,#501),.UNSPECIFIED.,.F.,.F.,
  (2,2),(-64.0000006,5.999999999062E-07),.PIECEWISE_BEZIER_KNOTS.);
#500 = CARTESIAN_POINT('',(64.0000006,-1.067029028324));
#501 = CARTESIAN_POINT('',(-5.999999999062E-07,-1.067029028324));
#502 = ( GEOMETRIC_REPRESENTATION_CONTEXT(2) 
PARAMETRIC_REPRESENTATION_CONTEXT() REPRESENTATION_CONTEXT('2D SPACE',''
  ) );
#503 = PCURVE('',#196,#504);
#504 = DEFINITIONAL_REPRESENTATION('',(#505),#508);
#505 = B_SPLINE_CURVE_WITH_KNOTS('',1,(#506,#507),.UNSPECIFIED.,.F.,.F.,
  (2,2),(-64.0000006,5.999999999062E-07),.PIECEWISE_BEZIER_KNOTS.);
#506 = CARTESIAN_POINT('',(-5.65261656758,-64.0000006));
#507 = CARTESIAN_POINT('',(-5.65261656758,5.999999999062E-07));
#508 = ( GEOMETRIC_REPRESENTATION_CONTEXT(2) 
PARAMETRIC_REPRESENTATION_CONTEXT() REPRESENTATION_CONTEXT('2D SPACE',''
  ) );
#509 = ORIENTED_EDGE('',*,*,#510,.T.);
#510 = EDGE_CURVE('',#490,#511,#513,.T.);
#511 = VERTEX_POINT('',#512);
#512 = CARTESIAN_POINT('',(2.1,1.532970971676,0.));
#513 = SURFACE_CURVE('',#514,(#518,#524),.PCURVE_S1.);
#514 = LINE('',#515,#516);
#515 = CARTESIAN_POINT('',(2.1,-1.3,0.));
#516 = VECTOR('',#517,1.);
#517 = DIRECTION('',(0.,1.,0.));
#518 = PCURVE('',#165,#519);
#519 = DEFINITIONAL_REPRESENTATION('',(#520),#523);
#520 = B_SPLINE_CURVE_WITH_KNOTS('',1,(#521,#522),.UNSPECIFIED.,.F.,.F.,
  (2,2),(-0.232970971676,2.832970971676),.PIECEWISE_BEZIER_KNOTS.);
#521 = CARTESIAN_POINT('',(32.,-1.067029028324));
#522 = CARTESIAN_POINT('',(32.,-4.132970971676));
#523 = ( GEOMETRIC_REPRESENTATION_CONTEXT(2) 
PARAMETRIC_REPRESENTATION_CONTEXT() REPRESENTATION_CONTEXT('2D SPACE',''
  ) );
#524 = PCURVE('',#525,#530);
#525 = PLANE('',#526);
#526 = AXIS2_PLACEMENT_3D('',#527,#528,#529);
#527 = CARTESIAN_POINT('',(-6.077511700175E-16,4.807142605466E-16,0.));
#528 = DIRECTION('',(0.,0.,1.));
#529 = DIRECTION('',(1.,0.,-0.));
#530 = DEFINITIONAL_REPRESENTATION('',(#531),#534);
#531 = B_SPLINE_CURVE_WITH_KNOTS('',1,(#532,#533),.UNSPECIFIED.,.F.,.F.,
  (2,2),(-0.232970971676,2.832970971676),.PIECEWISE_BEZIER_KNOTS.);
#532 = CARTESIAN_POINT('',(2.1,-1.532970971676));
#533 = CARTESIAN_POINT('',(2.1,1.532970971676));
#534 = ( GEOMETRIC_REPRESENTATION_CONTEXT(2) 
PARAMETRIC_REPRESENTATION_CONTEXT() REPRESENTATION_CONTEXT('2D SPACE',''
  ) );
#535 = ORIENTED_EDGE('',*,*,#536,.F.);
#536 = EDGE_CURVE('',#150,#511,#537,.T.);
#537 = SURFACE_CURVE('',#538,(#542,#548),.PCURVE_S1.);
#538 = LINE('',#539,#540);
#539 = CARTESIAN_POINT('',(2.1,1.532970971676,-32.));
#540 = VECTOR('',#541,1.);
#541 = DIRECTION('',(-0.,-0.,-1.));
#542 = PCURVE('',#165,#543);
#543 = DEFINITIONAL_REPRESENTATION('',(#544),#547);
#544 = B_SPLINE_CURVE_WITH_KNOTS('',1,(#545,#546),.UNSPECIFIED.,.F.,.F.,
  (2,2),(-64.0000006,5.999999999062E-07),.PIECEWISE_BEZIER_KNOTS.);
#545 = CARTESIAN_POINT('',(64.0000006,-4.132970971676));
#546 = CARTESIAN_POINT('',(-5.999999999062E-07,-4.132970971676));
#547 = ( GEOMETRIC_REPRESENTATION_CONTEXT(2) 
PARAMETRIC_REPRESENTATION_CONTEXT() REPRESENTATION_CONTEXT('2D SPACE',''
  ) );
#548 = PCURVE('',#196,#549);
#549 = DEFINITIONAL_REPRESENTATION('',(#550),#553);
#550 = B_SPLINE_CURVE_WITH_KNOTS('',1,(#551,#552),.UNSPECIFIED.,.F.,.F.,
  (2,2),(-64.0000006,5.999999999062E-07),.PIECEWISE_BEZIER_KNOTS.);
#551 = CARTESIAN_POINT('',(-0.6305687396,-64.0000006));
#552 = CARTESIAN_POINT('',(-0.6305687396,5.999999999062E-07));
#553 = ( GEOMETRIC_REPRESENTATION_CONTEXT(2) 
PARAMETRIC_REPRESENTATION_CONTEXT() REPRESENTATION_CONTEXT('2D SPACE',''
  ) );
#554 = ADVANCED_FACE('',(#555,#586,#692,#798,#1125),#196,.F.);
#555 = FACE_BOUND('',#556,.T.);
#556 = EDGE_LOOP('',(#557,#583,#584,#585));
#557 = ORIENTED_EDGE('',*,*,#558,.T.);
#558 = EDGE_CURVE('',#490,#511,#559,.T.);
#559 = SURFACE_CURVE('',#560,(#565,#572),.PCURVE_S1.);
#560 = CIRCLE('',#561,2.6);
#561 = AXIS2_PLACEMENT_3D('',#562,#563,#564);
#562 = CARTESIAN_POINT('',(0.,0.,0.));
#563 = DIRECTION('',(0.,0.,-1.));
#564 = DIRECTION('',(1.,0.,0.));
#565 = PCURVE('',#196,#566);
#566 = DEFINITIONAL_REPRESENTATION('',(#567),#571);
#567 = LINE('',#568,#569);
#568 = CARTESIAN_POINT('',(-6.28318530718,-32.));
#569 = VECTOR('',#570,1.);
#570 = DIRECTION('',(1.,-0.));
#571 = ( GEOMETRIC_REPRESENTATION_CONTEXT(2) 
PARAMETRIC_REPRESENTATION_CONTEXT() REPRESENTATION_CONTEXT('2D SPACE',''
  ) );
#572 = PCURVE('',#525,#573);
#573 = DEFINITIONAL_REPRESENTATION('',(#574),#582);
#574 = ( BOUNDED_CURVE() B_SPLINE_CURVE(2,(#575,#576,#577,#578,#579,#580
,#581),.UNSPECIFIED.,.T.,.F.) B_SPLINE_CURVE_WITH_KNOTS((1,2,2,2,2,1),(
    -2.094395102393,0.,2.094395102393,4.188790204786,6.28318530718,
8.377580409573),.UNSPECIFIED.) CURVE() GEOMETRIC_REPRESENTATION_ITEM() 
RATIONAL_B_SPLINE_CURVE((1.,0.5,1.,0.5,1.,0.5,1.)) REPRESENTATION_ITEM(
  '') );
#575 = CARTESIAN_POINT('',(2.6,-4.807142605466E-16));
#576 = CARTESIAN_POINT('',(2.6,-4.503332099679));
#577 = CARTESIAN_POINT('',(-1.3,-2.25166604984));
#578 = CARTESIAN_POINT('',(-5.2,-1.117530596103E-15));
#579 = CARTESIAN_POINT('',(-1.3,2.25166604984));
#580 = CARTESIAN_POINT('',(2.6,4.503332099679));
#581 = CARTESIAN_POINT('',(2.6,-4.807142605466E-16));
#582 = ( GEOMETRIC_REPRESENTATION_CONTEXT(2) 
PARAMETRIC_REPRESENTATION_CONTEXT() REPRESENTATION_CONTEXT('2D SPACE',''
  ) );
#583 = ORIENTED_EDGE('',*,*,#536,.F.);
#584 = ORIENTED_EDGE('',*,*,#177,.F.);
#585 = ORIENTED_EDGE('',*,*,#489,.T.);
#586 = FACE_BOUND('',#587,.T.);
#587 = EDGE_LOOP('',(#588));
#588 = ORIENTED_EDGE('',*,*,#589,.F.);
#589 = EDGE_CURVE('',#590,#590,#592,.T.);
#590 = VERTEX_POINT('',#591);
#591 = CARTESIAN_POINT('',(0.7,2.50399680511,16.));
#592 = SURFACE_CURVE('',#593,(#624,#658),.PCURVE_S1.);
#593 = B_SPLINE_CURVE_WITH_KNOTS('',8,(#594,#595,#596,#597,#598,#599,
    #600,#601,#602,#603,#604,#605,#606,#607,#608,#609,#610,#611,#612,
    #613,#614,#615,#616,#617,#618,#619,#620,#621,#622,#623),
  .UNSPECIFIED.,.T.,.F.,(9,7,7,7,9),(0.,0.25,0.499999999999,
    0.749999999998,1.),.UNSPECIFIED.);
#594 = CARTESIAN_POINT('',(0.7,2.50399680511,16.));
#595 = CARTESIAN_POINT('',(0.7,2.50399680511,16.128425210672));
#596 = CARTESIAN_POINT('',(0.673072901918,2.511525888724,16.259799526537
    ));
#597 = CARTESIAN_POINT('',(0.61705272724,2.527176984635,16.38624601355)
  );
#598 = CARTESIAN_POINT('',(0.533155858818,2.548913554266,16.500191806945
    ));
#599 = CARTESIAN_POINT('',(0.424035450798,2.571644760743,16.594664979384
    ));
#600 = CARTESIAN_POINT('',(0.294422897594,2.590067130778,16.663109760587
    ));
#601 = CARTESIAN_POINT('',(0.150316715717,2.6,16.7));
#602 = CARTESIAN_POINT('',(-0.150316715717,2.6,16.7));
#603 = CARTESIAN_POINT('',(-0.294422897595,2.590067130778,
    16.663109760586));
#604 = CARTESIAN_POINT('',(-0.424035450795,2.571644760743,
    16.594664979385));
#605 = CARTESIAN_POINT('',(-0.533155858822,2.548913554266,
    16.500191806944));
#606 = CARTESIAN_POINT('',(-0.617052727238,2.527176984635,
    16.386246013552));
#607 = CARTESIAN_POINT('',(-0.673072901919,2.511525888724,
    16.259799526536));
#608 = CARTESIAN_POINT('',(-0.7,2.50399680511,16.128425210672));
#609 = CARTESIAN_POINT('',(-0.7,2.50399680511,15.871574789328));
#610 = CARTESIAN_POINT('',(-0.673072901919,2.511525888724,
    15.740200473464));
#611 = CARTESIAN_POINT('',(-0.617052727238,2.527176984635,
    15.613753986448));
#612 = CARTESIAN_POINT('',(-0.533155858822,2.548913554266,
    15.499808193056));
#613 = CARTESIAN_POINT('',(-0.424035450795,2.571644760743,
    15.405335020616));
#614 = CARTESIAN_POINT('',(-0.294422897595,2.590067130778,
    15.336890239413));
#615 = CARTESIAN_POINT('',(-0.150316715716,2.6,15.3));
#616 = CARTESIAN_POINT('',(0.150316715718,2.6,15.3));
#617 = CARTESIAN_POINT('',(0.294422897594,2.590067130778,15.336890239414
    ));
#618 = CARTESIAN_POINT('',(0.424035450795,2.571644760743,15.405335020616
    ));
#619 = CARTESIAN_POINT('',(0.53315585882,2.548913554266,15.499808193053)
  );
#620 = CARTESIAN_POINT('',(0.617052727241,2.527176984634,15.613753986451
    ));
#621 = CARTESIAN_POINT('',(0.673072901918,2.511525888724,15.740200473465
    ));
#622 = CARTESIAN_POINT('',(0.7,2.50399680511,15.871574789326));
#623 = CARTESIAN_POINT('',(0.7,2.50399680511,16.));
#624 = PCURVE('',#196,#625);
#625 = DEFINITIONAL_REPRESENTATION('',(#626),#657);
#626 = B_SPLINE_CURVE_WITH_KNOTS('',8,(#627,#628,#629,#630,#631,#632,
    #633,#634,#635,#636,#637,#638,#639,#640,#641,#642,#643,#644,#645,
    #646,#647,#648,#649,#650,#651,#652,#653,#654,#655,#656),
  .UNSPECIFIED.,.T.,.F.,(9,7,7,7,9),(0.,0.25,0.499999999999,
    0.749999999998,1.),.UNSPECIFIED.);
#627 = CARTESIAN_POINT('',(-1.298202107668,-48.));
#628 = CARTESIAN_POINT('',(-1.298202107668,-48.12842521067));
#629 = CARTESIAN_POINT('',(-1.308956213821,-48.25979952653));
#630 = CARTESIAN_POINT('',(-1.331325487862,-48.38624601355));
#631 = CARTESIAN_POINT('',(-1.36466046766,-48.50019180694));
#632 = CARTESIAN_POINT('',(-1.407411809771,-48.59466497938));
#633 = CARTESIAN_POINT('',(-1.457556600584,-48.66310976058));
#634 = CARTESIAN_POINT('',(-1.512982205365,-48.7));
#635 = CARTESIAN_POINT('',(-1.628610448224,-48.7));
#636 = CARTESIAN_POINT('',(-1.684036053006,-48.66310976058));
#637 = CARTESIAN_POINT('',(-1.734180843818,-48.59466497938));
#638 = CARTESIAN_POINT('',(-1.776932185931,-48.50019180694));
#639 = CARTESIAN_POINT('',(-1.810267165727,-48.38624601355));
#640 = CARTESIAN_POINT('',(-1.832636439769,-48.25979952653));
#641 = CARTESIAN_POINT('',(-1.843390545922,-48.12842521067));
#642 = CARTESIAN_POINT('',(-1.843390545922,-47.87157478932));
#643 = CARTESIAN_POINT('',(-1.832636439769,-47.74020047346));
#644 = CARTESIAN_POINT('',(-1.810267165727,-47.61375398644));
#645 = CARTESIAN_POINT('',(-1.77693218593,-47.49980819305));
#646 = CARTESIAN_POINT('',(-1.734180843819,-47.40533502061));
#647 = CARTESIAN_POINT('',(-1.684036053006,-47.33689023941));
#648 = CARTESIAN_POINT('',(-1.628610448224,-47.3));
#649 = CARTESIAN_POINT('',(-1.512982205365,-47.3));
#650 = CARTESIAN_POINT('',(-1.457556600585,-47.33689023941));
#651 = CARTESIAN_POINT('',(-1.407411809771,-47.40533502061));
#652 = CARTESIAN_POINT('',(-1.36466046766,-47.49980819305));
#653 = CARTESIAN_POINT('',(-1.331325487862,-47.61375398645));
#654 = CARTESIAN_POINT('',(-1.308956213822,-47.74020047346));
#655 = CARTESIAN_POINT('',(-1.298202107668,-47.87157478932));
#656 = CARTESIAN_POINT('',(-1.298202107668,-48.));
#657 = ( GEOMETRIC_REPRESENTATION_CONTEXT(2) 
PARAMETRIC_REPRESENTATION_CONTEXT() REPRESENTATION_CONTEXT('2D SPACE',''
  ) );
#658 = PCURVE('',#335,#659);
#659 = DEFINITIONAL_REPRESENTATION('',(#660),#691);
#660 = B_SPLINE_CURVE_WITH_KNOTS('',8,(#661,#662,#663,#664,#665,#666,
    #667,#668,#669,#670,#671,#672,#673,#674,#675,#676,#677,#678,#679,
    #680,#681,#682,#683,#684,#685,#686,#687,#688,#689,#690),
  .UNSPECIFIED.,.F.,.F.,(9,7,7,7,9),(0.,0.25,0.499999999999,
    0.749999999998,1.),.UNSPECIFIED.);
#661 = CARTESIAN_POINT('',(0.,-17.49600319489));
#662 = CARTESIAN_POINT('',(-0.183464586674,-17.49600319489));
#663 = CARTESIAN_POINT('',(-0.371141001375,-17.48847411127));
#664 = CARTESIAN_POINT('',(-0.561196817018,-17.47282301536));
#665 = CARTESIAN_POINT('',(-0.753991221137,-17.45108644573));
#666 = CARTESIAN_POINT('',(-0.949951130797,-17.42835523925));
#667 = CARTESIAN_POINT('',(-1.150190846293,-17.40993286922));
#668 = CARTESIAN_POINT('',(-1.356058161485,-17.4));
#669 = CARTESIAN_POINT('',(-1.785534492105,-17.4));
#670 = CARTESIAN_POINT('',(-1.991401807299,-17.40993286922));
#671 = CARTESIAN_POINT('',(-2.191641522789,-17.42835523925));
#672 = CARTESIAN_POINT('',(-2.387601432458,-17.45108644573));
#673 = CARTESIAN_POINT('',(-2.580395836569,-17.47282301536));
#674 = CARTESIAN_POINT('',(-2.770451652217,-17.48847411127));
#675 = CARTESIAN_POINT('',(-2.958128066915,-17.49600319489));
#676 = CARTESIAN_POINT('',(-3.325057240264,-17.49600319489));
#677 = CARTESIAN_POINT('',(-3.512733654963,-17.48847411127));
#678 = CARTESIAN_POINT('',(-3.702789470612,-17.47282301536));
#679 = CARTESIAN_POINT('',(-3.895583874721,-17.45108644573));
#680 = CARTESIAN_POINT('',(-4.09154378439,-17.42835523925));
#681 = CARTESIAN_POINT('',(-4.29178349988,-17.40993286922));
#682 = CARTESIAN_POINT('',(-4.497650815076,-17.4));
#683 = CARTESIAN_POINT('',(-4.927127145697,-17.4));
#684 = CARTESIAN_POINT('',(-5.132994460886,-17.40993286922));
#685 = CARTESIAN_POINT('',(-5.333234176381,-17.42835523925));
#686 = CARTESIAN_POINT('',(-5.529194086041,-17.45108644573));
#687 = CARTESIAN_POINT('',(-5.721988490164,-17.47282301536));
#688 = CARTESIAN_POINT('',(-5.912044305808,-17.48847411127));
#689 = CARTESIAN_POINT('',(-6.099720720502,-17.49600319489));
#690 = CARTESIAN_POINT('',(-6.28318530718,-17.49600319489));
#691 = ( GEOMETRIC_REPRESENTATION_CONTEXT(2) 
PARAMETRIC_REPRESENTATION_CONTEXT() REPRESENTATION_CONTEXT('2D SPACE',''
  ) );
#692 = FACE_BOUND('',#693,.T.);
#693 = EDGE_LOOP('',(#694));
#694 = ORIENTED_EDGE('',*,*,#695,.T.);
#695 = EDGE_CURVE('',#696,#696,#698,.T.);
#696 = VERTEX_POINT('',#697);
#697 = CARTESIAN_POINT('',(0.7,-2.50399680511,16.));
#698 = SURFACE_CURVE('',#699,(#730,#764),.PCURVE_S1.);
#699 = B_SPLINE_CURVE_WITH_KNOTS('',8,(#700,#701,#702,#703,#704,#705,
    #706,#707,#708,#709,#710,#711,#712,#713,#714,#715,#716,#717,#718,
    #719,#720,#721,#722,#723,#724,#725,#726,#727,#728,#729),
  .UNSPECIFIED.,.T.,.F.,(9,7,7,7,9),(0.,0.25,0.500000000001,
    0.750000000002,1.),.UNSPECIFIED.);
#700 = CARTESIAN_POINT('',(0.7,-2.50399680511,16.));
#701 = CARTESIAN_POINT('',(0.7,-2.50399680511,16.128425210672));
#702 = CARTESIAN_POINT('',(0.673072901919,-2.511525888724,
    16.259799526537));
#703 = CARTESIAN_POINT('',(0.617052727238,-2.527176984635,
    16.386246013551));
#704 = CARTESIAN_POINT('',(0.533155858821,-2.548913554266,
    16.500191806945));
#705 = CARTESIAN_POINT('',(0.424035450795,-2.571644760743,
    16.594664979384));
#706 = CARTESIAN_POINT('',(0.294422897595,-2.590067130778,
    16.663109760587));
#707 = CARTESIAN_POINT('',(0.150316715717,-2.6,16.7));
#708 = CARTESIAN_POINT('',(-0.150316715717,-2.6,16.7));
#709 = CARTESIAN_POINT('',(-0.294422897595,-2.590067130778,
    16.663109760587));
#710 = CARTESIAN_POINT('',(-0.424035450796,-2.571644760743,
    16.594664979384));
#711 = CARTESIAN_POINT('',(-0.533155858821,-2.548913554266,
    16.500191806945));
#712 = CARTESIAN_POINT('',(-0.617052727238,-2.527176984635,
    16.38624601355));
#713 = CARTESIAN_POINT('',(-0.673072901919,-2.511525888724,
    16.259799526537));
#714 = CARTESIAN_POINT('',(-0.7,-2.50399680511,16.128425210672));
#715 = CARTESIAN_POINT('',(-0.7,-2.50399680511,15.871574789328));
#716 = CARTESIAN_POINT('',(-0.673072901918,-2.511525888724,
    15.740200473463));
#717 = CARTESIAN_POINT('',(-0.617052727239,-2.527176984635,
    15.61375398645));
#718 = CARTESIAN_POINT('',(-0.53315585882,-2.548913554266,
    15.499808193054));
#719 = CARTESIAN_POINT('',(-0.424035450796,-2.571644760743,
    15.405335020617));
#720 = CARTESIAN_POINT('',(-0.294422897594,-2.590067130778,
    15.336890239413));
#721 = CARTESIAN_POINT('',(-0.150316715717,-2.6,15.3));
#722 = CARTESIAN_POINT('',(0.150316715715,-2.6,15.3));
#723 = CARTESIAN_POINT('',(0.294422897596,-2.590067130778,
    15.336890239413));
#724 = CARTESIAN_POINT('',(0.424035450796,-2.571644760742,
    15.405335020617));
#725 = CARTESIAN_POINT('',(0.533155858821,-2.548913554266,
    15.499808193056));
#726 = CARTESIAN_POINT('',(0.617052727237,-2.527176984636,
    15.613753986448));
#727 = CARTESIAN_POINT('',(0.673072901919,-2.511525888723,
    15.740200473462));
#728 = CARTESIAN_POINT('',(0.7,-2.50399680511,15.87157478933));
#729 = CARTESIAN_POINT('',(0.7,-2.50399680511,16.));
#730 = PCURVE('',#196,#731);
#731 = DEFINITIONAL_REPRESENTATION('',(#732),#763);
#732 = B_SPLINE_CURVE_WITH_KNOTS('',8,(#733,#734,#735,#736,#737,#738,
    #739,#740,#741,#742,#743,#744,#745,#746,#747,#748,#749,#750,#751,
    #752,#753,#754,#755,#756,#757,#758,#759,#760,#761,#762),
  .UNSPECIFIED.,.T.,.F.,(9,7,7,7,9),(0.,0.25,0.500000000001,
    0.750000000002,1.),.UNSPECIFIED.);
#733 = CARTESIAN_POINT('',(-4.984983199512,-48.));
#734 = CARTESIAN_POINT('',(-4.984983199512,-48.12842521067));
#735 = CARTESIAN_POINT('',(-4.974229093358,-48.25979952653));
#736 = CARTESIAN_POINT('',(-4.951859819317,-48.38624601355));
#737 = CARTESIAN_POINT('',(-4.91852483952,-48.50019180694));
#738 = CARTESIAN_POINT('',(-4.875773497408,-48.59466497938));
#739 = CARTESIAN_POINT('',(-4.825628706595,-48.66310976058));
#740 = CARTESIAN_POINT('',(-4.770203101814,-48.7));
#741 = CARTESIAN_POINT('',(-4.654574858955,-48.7));
#742 = CARTESIAN_POINT('',(-4.599149254174,-48.66310976058));
#743 = CARTESIAN_POINT('',(-4.549004463361,-48.59466497938));
#744 = CARTESIAN_POINT('',(-4.506253121249,-48.50019180694));
#745 = CARTESIAN_POINT('',(-4.472918141453,-48.38624601355));
#746 = CARTESIAN_POINT('',(-4.450548867411,-48.25979952653));
#747 = CARTESIAN_POINT('',(-4.439794761258,-48.12842521067));
#748 = CARTESIAN_POINT('',(-4.439794761258,-47.87157478932));
#749 = CARTESIAN_POINT('',(-4.450548867411,-47.74020047346));
#750 = CARTESIAN_POINT('',(-4.472918141452,-47.61375398645));
#751 = CARTESIAN_POINT('',(-4.506253121249,-47.49980819305));
#752 = CARTESIAN_POINT('',(-4.549004463361,-47.40533502061));
#753 = CARTESIAN_POINT('',(-4.599149254174,-47.33689023941));
#754 = CARTESIAN_POINT('',(-4.654574858955,-47.3));
#755 = CARTESIAN_POINT('',(-4.770203101814,-47.3));
#756 = CARTESIAN_POINT('',(-4.825628706596,-47.33689023941));
#757 = CARTESIAN_POINT('',(-4.875773497409,-47.40533502061));
#758 = CARTESIAN_POINT('',(-4.918524839521,-47.49980819305));
#759 = CARTESIAN_POINT('',(-4.951859819316,-47.61375398644));
#760 = CARTESIAN_POINT('',(-4.974229093359,-47.74020047346));
#761 = CARTESIAN_POINT('',(-4.984983199512,-47.87157478933));
#762 = CARTESIAN_POINT('',(-4.984983199512,-48.));
#763 = ( GEOMETRIC_REPRESENTATION_CONTEXT(2) 
PARAMETRIC_REPRESENTATION_CONTEXT() REPRESENTATION_CONTEXT('2D SPACE',''
  ) );
#764 = PCURVE('',#446,#765);
#765 = DEFINITIONAL_REPRESENTATION('',(#766),#797);
#766 = B_SPLINE_CURVE_WITH_KNOTS('',8,(#767,#768,#769,#770,#771,#772,
    #773,#774,#775,#776,#777,#778,#779,#780,#781,#782,#783,#784,#785,
    #786,#787,#788,#789,#790,#791,#792,#793,#794,#795,#796),
  .UNSPECIFIED.,.F.,.F.,(9,7,7,7,9),(0.,0.25,0.500000000001,
    0.750000000002,1.),.UNSPECIFIED.);
#767 = CARTESIAN_POINT('',(0.,-22.50399680511));
#768 = CARTESIAN_POINT('',(-0.183464586674,-22.50399680511));
#769 = CARTESIAN_POINT('',(-0.371141001374,-22.51152588872));
#770 = CARTESIAN_POINT('',(-0.561196817019,-22.52717698463));
#771 = CARTESIAN_POINT('',(-0.753991221135,-22.54891355426));
#772 = CARTESIAN_POINT('',(-0.949951130798,-22.57164476074));
#773 = CARTESIAN_POINT('',(-1.150190846292,-22.59006713077));
#774 = CARTESIAN_POINT('',(-1.356058161485,-22.6));
#775 = CARTESIAN_POINT('',(-1.785534492104,-22.6));
#776 = CARTESIAN_POINT('',(-1.991401807298,-22.59006713077));
#777 = CARTESIAN_POINT('',(-2.191641522791,-22.57164476074));
#778 = CARTESIAN_POINT('',(-2.387601432456,-22.54891355426));
#779 = CARTESIAN_POINT('',(-2.58039583657,-22.52717698463));
#780 = CARTESIAN_POINT('',(-2.770451652215,-22.51152588872));
#781 = CARTESIAN_POINT('',(-2.958128066916,-22.50399680511));
#782 = CARTESIAN_POINT('',(-3.325057240264,-22.50399680511));
#783 = CARTESIAN_POINT('',(-3.512733654965,-22.51152588872));
#784 = CARTESIAN_POINT('',(-3.702789470606,-22.52717698463));
#785 = CARTESIAN_POINT('',(-3.895583874728,-22.54891355426));
#786 = CARTESIAN_POINT('',(-4.091543784386,-22.57164476074));
#787 = CARTESIAN_POINT('',(-4.291783499882,-22.59006713077));
#788 = CARTESIAN_POINT('',(-4.497650815075,-22.6));
#789 = CARTESIAN_POINT('',(-4.927127145692,-22.6));
#790 = CARTESIAN_POINT('',(-5.13299446089,-22.59006713077));
#791 = CARTESIAN_POINT('',(-5.333234176381,-22.57164476074));
#792 = CARTESIAN_POINT('',(-5.529194086048,-22.54891355426));
#793 = CARTESIAN_POINT('',(-5.721988490157,-22.52717698463));
#794 = CARTESIAN_POINT('',(-5.912044305804,-22.51152588872));
#795 = CARTESIAN_POINT('',(-6.099720720507,-22.50399680511));
#796 = CARTESIAN_POINT('',(-6.28318530718,-22.50399680511));
#797 = ( GEOMETRIC_REPRESENTATION_CONTEXT(2) 
PARAMETRIC_REPRESENTATION_CONTEXT() REPRESENTATION_CONTEXT('2D SPACE',''
  ) );
#798 = FACE_BOUND('',#799,.T.);
#799 = EDGE_LOOP('',(#800));
#800 = ORIENTED_EDGE('',*,*,#801,.F.);
#801 = EDGE_CURVE('',#802,#802,#804,.T.);
#802 = VERTEX_POINT('',#803);
#803 = CARTESIAN_POINT('',(1.4,2.190890230021,1.5));
#804 = SURFACE_CURVE('',#805,(#908,#1014),.PCURVE_S1.);
#805 = B_SPLINE_CURVE_WITH_KNOTS('',6,(#806,#807,#808,#809,#810,#811,
    #812,#813,#814,#815,#816,#817,#818,#819,#820,#821,#822,#823,#824,
    #825,#826,#827,#828,#829,#830,#831,#832,#833,#834,#835,#836,#837,
    #838,#839,#840,#841,#842,#843,#844,#845,#846,#847,#848,#849,#850,
    #851,#852,#853,#854,#855,#856,#857,#858,#859,#860,#861,#862,#863,
    #864,#865,#866,#867,#868,#869,#870,#871,#872,#873,#874,#875,#876,
    #877,#878,#879,#880,#881,#882,#883,#884,#885,#886,#887,#888,#889,
    #890,#891,#892,#893,#894,#895,#896,#897,#898,#899,#900,#901,#902,
    #903,#904,#905,#906,#907),.UNSPECIFIED.,.T.,.F.,(7,5,5,5,5,5,5,5,5,5
    ,5,5,5,5,5,5,5,5,5,5,7),(0.,4.874286455274E-02,9.557040544125E-02,
    0.140819283438,0.18640601168,0.249844547844,0.291842094858,
    0.340766928936,0.404608899137,0.451602607213,0.500294295985,
    0.549256564819,0.595950613072,0.659868311898,0.686534149833,
    0.749815074795,0.791708280129,0.840511561885,0.904194918574,
    0.951071872155,1.),.UNSPECIFIED.);
#806 = CARTESIAN_POINT('',(1.4,2.190890230021,1.5));
#807 = CARTESIAN_POINT('',(1.4,2.190890230021,1.566173638427));
#808 = CARTESIAN_POINT('',(1.396246550499,2.19328834654,1.63231534611));
#809 = CARTESIAN_POINT('',(1.388746727438,2.198081860228,1.698190324966)
  );
#810 = CARTESIAN_POINT('',(1.377520175849,2.205186747965,1.763553804091)
  );
#811 = CARTESIAN_POINT('',(1.362608077946,2.214445214622,1.828151209143)
  );
#812 = CARTESIAN_POINT('',(1.326284131634,2.236381608393,1.952787619686)
  );
#813 = CARTESIAN_POINT('',(1.305150615047,2.248911261768,2.012906674724)
  );
#814 = CARTESIAN_POINT('',(1.28071761219,2.263041710719,2.07193612807));
#815 = CARTESIAN_POINT('',(1.253013309026,2.278558201079,2.129721478422)
  );
#816 = CARTESIAN_POINT('',(1.222065449851,2.295219054303,2.186091975121)
  );
#817 = CARTESIAN_POINT('',(1.154903550961,2.329715544687,2.293780689703)
  );
#818 = CARTESIAN_POINT('',(1.118891291721,2.347498312886,2.345222905171)
  );
#819 = CARTESIAN_POINT('',(1.079870373303,2.365891387418,2.395060184167)
  );
#820 = CARTESIAN_POINT('',(1.037831565228,2.384660686706,2.44313972246)
  );
#821 = CARTESIAN_POINT('',(0.992761424973,2.403558187299,2.489279986914)
  );
#822 = CARTESIAN_POINT('',(0.896170753678,2.441226160136,2.577586109715)
  );
#823 = CARTESIAN_POINT('',(0.844572116256,2.460007240037,2.619749308674)
  );
#824 = CARTESIAN_POINT('',(0.789865669928,2.4783821681,2.65949978883));
#825 = CARTESIAN_POINT('',(0.7320842638,2.496051178259,2.696554725893));
#826 = CARTESIAN_POINT('',(0.671281985482,2.512703406517,2.730604099124)
  );
#827 = CARTESIAN_POINT('',(0.518832800765,2.549340240695,2.804034822913)
  );
#828 = CARTESIAN_POINT('',(0.423938248344,2.56819475184,2.840519920063)
  );
#829 = CARTESIAN_POINT('',(0.323993331903,2.583427677702,2.869207398138)
  );
#830 = CARTESIAN_POINT('',(0.220360693923,2.594096796346,2.889036779633)
  );
#831 = CARTESIAN_POINT('',(0.114528679608,2.599658866836,2.899366459725)
  );
#832 = CARTESIAN_POINT('',(-6.248173494717E-02,2.600205250685,
    2.900381184424));
#833 = CARTESIAN_POINT('',(-0.132954579406,2.59812856535,2.896523651443)
  );
#834 = CARTESIAN_POINT('',(-0.202859152389,2.593759791915,2.88841576205)
  );
#835 = CARTESIAN_POINT('',(-0.271666553056,2.587205246444,2.876183433864
    ));
#836 = CARTESIAN_POINT('',(-0.338866178117,2.578665212792,2.860071495735
    ));
#837 = CARTESIAN_POINT('',(-0.479831872319,2.556493178557,2.817587804371
    ));
#838 = CARTESIAN_POINT('',(-0.552839818362,2.542255373439,2.789966285582
    ));
#839 = CARTESIAN_POINT('',(-0.622723850054,2.526083878818,2.758026694617
    ));
#840 = CARTESIAN_POINT('',(-0.689252681748,2.508386001297,2.722212528891
    ));
#841 = CARTESIAN_POINT('',(-0.752241737221,2.489584265801,2.682975223401
    ));
#842 = CARTESIAN_POINT('',(-0.888946253184,2.444669912927,2.585723633085
    ));
#843 = CARTESIAN_POINT('',(-0.960225220562,2.418027067567,2.525526248908
    ));
#844 = CARTESIAN_POINT('',(-1.025391890006,2.390974554994,2.460938161461
    ));
#845 = CARTESIAN_POINT('',(-1.084491022603,2.364250304576,2.392547454548
    ));
#846 = CARTESIAN_POINT('',(-1.137566671313,2.338532884237,2.320814983738
    ));
#847 = CARTESIAN_POINT('',(-1.219254902683,2.296721872376,2.191115891849
    ));
#848 = CARTESIAN_POINT('',(-1.250640731639,2.279872543916,2.134490429583
    ));
#849 = CARTESIAN_POINT('',(-1.278742492853,2.264168304657,2.076422921023
    ));
#850 = CARTESIAN_POINT('',(-1.303532526939,2.249856192513,2.017087125477
    ));
#851 = CARTESIAN_POINT('',(-1.324982487954,2.237155991767,1.956640016541
    ));
#852 = CARTESIAN_POINT('',(-1.361782083597,2.214955498155,1.831586783319
    ));
#853 = CARTESIAN_POINT('',(-1.376883533707,2.205586901604,1.76690812315)
  );
#854 = CARTESIAN_POINT('',(-1.388287617731,2.198373660503,1.701452396045
    ));
#855 = CARTESIAN_POINT('',(-1.395952579652,2.193476172353,1.635475202268
    ));
#856 = CARTESIAN_POINT('',(-1.399858259011,2.190980803605,1.569222140629
    ));
#857 = CARTESIAN_POINT('',(-1.400136385319,2.190803078757,1.43626670634)
  );
#858 = CARTESIAN_POINT('',(-1.396466710417,2.193147622369,1.369629319911
    ));
#859 = CARTESIAN_POINT('',(-1.38899467009,2.197924924767,1.303256691727)
  );
#860 = CARTESIAN_POINT('',(-1.377740001275,2.205050238145,1.237399254372
    ));
#861 = CARTESIAN_POINT('',(-1.362744669956,2.214362725343,1.172317471703
    ));
#862 = CARTESIAN_POINT('',(-1.326284131634,2.236381608393,1.047212380314
    ));
#863 = CARTESIAN_POINT('',(-1.305150615047,2.248911261768,0.987093325276
    ));
#864 = CARTESIAN_POINT('',(-1.28071761219,2.263041710719,0.92806387193)
  );
#865 = CARTESIAN_POINT('',(-1.253013309026,2.278558201079,0.870278521578
    ));
#866 = CARTESIAN_POINT('',(-1.222065449851,2.295219054303,0.813908024879
    ));
#867 = CARTESIAN_POINT('',(-1.14115294939,2.336778291613,0.684171324275)
  );
#868 = CARTESIAN_POINT('',(-1.088360249092,2.362460794564,0.612167072885
    ));
#869 = CARTESIAN_POINT('',(-1.029531468606,2.389182856667,0.543492657753
    ));
#870 = CARTESIAN_POINT('',(-0.964622980074,2.416265501727,0.478606418751
    ));
#871 = CARTESIAN_POINT('',(-0.893589087919,2.442970377788,0.418093636379
    ));
#872 = CARTESIAN_POINT('',(-0.784232059428,2.479138920666,0.339590382312
    ));
#873 = CARTESIAN_POINT('',(-0.750971463322,2.489580694066,0.317370863841
    ));
#874 = CARTESIAN_POINT('',(-0.716654757275,2.499753891014,0.296104838296
    ));
#875 = CARTESIAN_POINT('',(-0.681297349529,2.509594830394,0.275857728108
    ));
#876 = CARTESIAN_POINT('',(-0.644917919078,2.519039261516,0.256697030222
    ));
#877 = CARTESIAN_POINT('',(-0.518832800748,2.549340240699,0.195965177079
    ));
#878 = CARTESIAN_POINT('',(-0.42393824835,2.568194751837,0.159480079944)
  );
#879 = CARTESIAN_POINT('',(-0.323993331921,2.5834276777,0.130792601866)
  );
#880 = CARTESIAN_POINT('',(-0.220360693927,2.594096796348,0.110963220364
    ));
#881 = CARTESIAN_POINT('',(-0.114528679589,2.599658866837,0.100633540275
    ));
#882 = CARTESIAN_POINT('',(6.248173494718E-02,2.600205250685,
    9.961881557577E-02));
#883 = CARTESIAN_POINT('',(0.132954579406,2.59812856535,0.103476348557)
  );
#884 = CARTESIAN_POINT('',(0.202859152389,2.593759791915,0.11158423795)
  );
#885 = CARTESIAN_POINT('',(0.271666553056,2.587205246444,0.123816566136)
  );
#886 = CARTESIAN_POINT('',(0.338866178117,2.578665212792,0.139928504265)
  );
#887 = CARTESIAN_POINT('',(0.479831872319,2.556493178557,0.182412195629)
  );
#888 = CARTESIAN_POINT('',(0.552839818362,2.542255373439,0.210033714418)
  );
#889 = CARTESIAN_POINT('',(0.622723850054,2.526083878818,0.241973305383)
  );
#890 = CARTESIAN_POINT('',(0.689252681748,2.508386001297,0.277787471109)
  );
#891 = CARTESIAN_POINT('',(0.752241737221,2.489584265801,0.317024776599)
  );
#892 = CARTESIAN_POINT('',(0.888946253184,2.444669912927,0.414276366915)
  );
#893 = CARTESIAN_POINT('',(0.960225220562,2.418027067567,0.474473751092)
  );
#894 = CARTESIAN_POINT('',(1.025391890006,2.390974554994,0.539061838539)
  );
#895 = CARTESIAN_POINT('',(1.084491022603,2.364250304576,0.607452545452)
  );
#896 = CARTESIAN_POINT('',(1.137566671313,2.338532884237,0.679185016262)
  );
#897 = CARTESIAN_POINT('',(1.219254902683,2.296721872376,0.808884108151)
  );
#898 = CARTESIAN_POINT('',(1.250640731639,2.279872543916,0.865509570418)
  );
#899 = CARTESIAN_POINT('',(1.278742492853,2.264168304657,0.923577078977)
  );
#900 = CARTESIAN_POINT('',(1.303532526939,2.249856192513,0.982912874523)
  );
#901 = CARTESIAN_POINT('',(1.324982487954,2.237155991767,1.043359983459)
  );
#902 = CARTESIAN_POINT('',(1.361919882905,2.214872366464,1.16888148946)
  );
#903 = CARTESIAN_POINT('',(1.377105744722,2.205449020024,1.234044361686)
  );
#904 = CARTESIAN_POINT('',(1.388539044459,2.198214607932,1.299994066232)
  );
#905 = CARTESIAN_POINT('',(1.396177216183,2.19333263222,1.366469048822)
  );
#906 = CARTESIAN_POINT('',(1.4,2.190890230021,1.433217988862));
#907 = CARTESIAN_POINT('',(1.4,2.190890230021,1.5));
#908 = PCURVE('',#196,#909);
#909 = DEFINITIONAL_REPRESENTATION('',(#910),#1013);
#910 = B_SPLINE_CURVE_WITH_KNOTS('',6,(#911,#912,#913,#914,#915,#916,
    #917,#918,#919,#920,#921,#922,#923,#924,#925,#926,#927,#928,#929,
    #930,#931,#932,#933,#934,#935,#936,#937,#938,#939,#940,#941,#942,
    #943,#944,#945,#946,#947,#948,#949,#950,#951,#952,#953,#954,#955,
    #956,#957,#958,#959,#960,#961,#962,#963,#964,#965,#966,#967,#968,
    #969,#970,#971,#972,#973,#974,#975,#976,#977,#978,#979,#980,#981,
    #982,#983,#984,#985,#986,#987,#988,#989,#990,#991,#992,#993,#994,
    #995,#996,#997,#998,#999,#1000,#1001,#1002,#1003,#1004,#1005,#1006,
    #1007,#1008,#1009,#1010,#1011,#1012),.UNSPECIFIED.,.T.,.F.,(7,5,5,5,
    5,5,5,5,5,5,5,5,5,5,5,5,5,5,5,5,7),(0.,4.874286455274E-02,
    9.557040544125E-02,0.140819283438,0.18640601168,0.249844547844,
    0.291842094858,0.340766928936,0.404608899137,0.451602607213,
    0.500294295985,0.549256564819,0.595950613072,0.659868311898,
    0.686534149833,0.749815074795,0.791708280129,0.840511561885,
    0.904194918574,0.951071872155,1.),.UNSPECIFIED.);
#911 = CARTESIAN_POINT('',(-1.002186026531,-33.5));
#912 = CARTESIAN_POINT('',(-1.002186026531,-33.56617363842));
#913 = CARTESIAN_POINT('',(-1.00389912408,-33.63231534611));
#914 = CARTESIAN_POINT('',(-1.007322623271,-33.69819032496));
#915 = CARTESIAN_POINT('',(-1.012432420385,-33.76355380409));
#916 = CARTESIAN_POINT('',(-1.01918289453,-33.82815120914));
#917 = CARTESIAN_POINT('',(-1.035503618855,-33.95278761968));
#918 = CARTESIAN_POINT('',(-1.044952781431,-34.01290667472));
#919 = CARTESIAN_POINT('',(-1.055807460518,-34.07193612807));
#920 = CARTESIAN_POINT('',(-1.068018248074,-34.12972147842));
#921 = CARTESIAN_POINT('',(-1.081534020434,-34.18609197512));
#922 = CARTESIAN_POINT('',(-1.110573700774,-34.2937806897));
#923 = CARTESIAN_POINT('',(-1.126019277784,-34.34522290517));
#924 = CARTESIAN_POINT('',(-1.142606684069,-34.39506018416));
#925 = CARTESIAN_POINT('',(-1.160307448992,-34.44313972246));
#926 = CARTESIAN_POINT('',(-1.179098256949,-34.48927998691));
#927 = CARTESIAN_POINT('',(-1.218973494995,-34.57758610971));
#928 = CARTESIAN_POINT('',(-1.240087410728,-34.61974930867));
#929 = CARTESIAN_POINT('',(-1.262272576916,-34.65949978883));
#930 = CARTESIAN_POINT('',(-1.28549781311,-34.69655472589));
#931 = CARTESIAN_POINT('',(-1.309732473343,-34.73060409912));
#932 = CARTESIAN_POINT('',(-1.370036205969,-34.80403482291));
#933 = CARTESIAN_POINT('',(-1.407218272445,-34.84051992006));
#934 = CARTESIAN_POINT('',(-1.446040961292,-34.86920739813));
#935 = CARTESIAN_POINT('',(-1.486035536101,-34.88903677963));
#936 = CARTESIAN_POINT('',(-1.526746634592,-34.89936645972));
#937 = CARTESIAN_POINT('',(-1.594827887601,-34.90038118442));
#938 = CARTESIAN_POINT('',(-1.621930186729,-34.89652365144));
#939 = CARTESIAN_POINT('',(-1.648847262307,-34.88841576205));
#940 = CARTESIAN_POINT('',(-1.675411145937,-34.87618343386));
#941 = CARTESIAN_POINT('',(-1.70145366014,-34.86007149573));
#942 = CARTESIAN_POINT('',(-1.756337785042,-34.81758780437));
#943 = CARTESIAN_POINT('',(-1.784927525206,-34.78996628558));
#944 = CARTESIAN_POINT('',(-1.812492537326,-34.75802669461));
#945 = CARTESIAN_POINT('',(-1.83895152336,-34.72221252889));
#946 = CARTESIAN_POINT('',(-1.864224914574,-34.6829752234));
#947 = CARTESIAN_POINT('',(-1.919568681266,-34.58572363308));
#948 = CARTESIAN_POINT('',(-1.948812508581,-34.5255262489));
#949 = CARTESIAN_POINT('',(-1.975927342184,-34.46093816146));
#950 = CARTESIAN_POINT('',(-2.000859704872,-34.39254745454));
#951 = CARTESIAN_POINT('',(-2.023538119811,-34.32081498373));
#952 = CARTESIAN_POINT('',(-2.058833005743,-34.19111589184));
#953 = CARTESIAN_POINT('',(-2.072531370007,-34.13449042958));
#954 = CARTESIAN_POINT('',(-2.084910734387,-34.07642292102));
#955 = CARTESIAN_POINT('',(-2.095919221998,-34.01708712547));
#956 = CARTESIAN_POINT('',(-2.105506516656,-33.95664001654));
#957 = CARTESIAN_POINT('',(-2.122036354104,-33.83158678331));
#958 = CARTESIAN_POINT('',(-2.128871028257,-33.76690812315));
#959 = CARTESIAN_POINT('',(-2.134060802395,-33.70145239604));
#960 = CARTESIAN_POINT('',(-2.137559355873,-33.63547520226));
#961 = CARTESIAN_POINT('',(-2.139341931502,-33.56922214062));
#962 = CARTESIAN_POINT('',(-2.139468878099,-33.43626670634));
#963 = CARTESIAN_POINT('',(-2.137794028173,-33.36962931991));
#964 = CARTESIAN_POINT('',(-2.134382885909,-33.30325669172));
#965 = CARTESIAN_POINT('',(-2.129259751167,-33.23739925437));
#966 = CARTESIAN_POINT('',(-2.122471131261,-33.1723174717));
#967 = CARTESIAN_POINT('',(-2.106089034735,-33.04721238031));
#968 = CARTESIAN_POINT('',(-2.096639872159,-32.98709332527));
#969 = CARTESIAN_POINT('',(-2.085785193071,-32.92806387193));
#970 = CARTESIAN_POINT('',(-2.073574405516,-32.87027852157));
#971 = CARTESIAN_POINT('',(-2.060058633156,-32.81390802487));
#972 = CARTESIAN_POINT('',(-2.025073422974,-32.68417132427));
#973 = CARTESIAN_POINT('',(-2.002498675678,-32.61216707288));
#974 = CARTESIAN_POINT('',(-1.977661183664,-32.54349265775));
#975 = CARTESIAN_POINT('',(-1.950633359744,-32.47860641875));
#976 = CARTESIAN_POINT('',(-1.921469263698,-32.41809363637));
#977 = CARTESIAN_POINT('',(-1.877168110377,-32.33959038231));
#978 = CARTESIAN_POINT('',(-1.863761522131,-32.31737086384));
#979 = CARTESIAN_POINT('',(-1.849997762858,-32.29610483829));
#980 = CARTESIAN_POINT('',(-1.835884998855,-32.2758577281));
#981 = CARTESIAN_POINT('',(-1.821431448769,-32.25669703022));
#982 = CARTESIAN_POINT('',(-1.771556447615,-32.19596517707));
#983 = CARTESIAN_POINT('',(-1.734374381147,-32.15948007994));
#984 = CARTESIAN_POINT('',(-1.695551692305,-32.13079260186));
#985 = CARTESIAN_POINT('',(-1.655557117491,-32.11096322036));
#986 = CARTESIAN_POINT('',(-1.614846018991,-32.10063354027));
#987 = CARTESIAN_POINT('',(-1.546764765989,-32.09961881557));
#988 = CARTESIAN_POINT('',(-1.51966246686,-32.10347634855));
#989 = CARTESIAN_POINT('',(-1.492745391283,-32.11158423795));
#990 = CARTESIAN_POINT('',(-1.466181507653,-32.12381656613));
#991 = CARTESIAN_POINT('',(-1.44013899345,-32.13992850426));
#992 = CARTESIAN_POINT('',(-1.385254868548,-32.18241219562));
#993 = CARTESIAN_POINT('',(-1.356665128384,-32.21003371441));
#994 = CARTESIAN_POINT('',(-1.329100116264,-32.24197330538));
#995 = CARTESIAN_POINT('',(-1.30264113023,-32.2777874711));
#996 = CARTESIAN_POINT('',(-1.277367739016,-32.31702477659));
#997 = CARTESIAN_POINT('',(-1.222023972324,-32.41427636691));
#998 = CARTESIAN_POINT('',(-1.192780145009,-32.47447375109));
#999 = CARTESIAN_POINT('',(-1.165665311406,-32.53906183853));
#1000 = CARTESIAN_POINT('',(-1.140732948718,-32.60745254545));
#1001 = CARTESIAN_POINT('',(-1.118054533779,-32.67918501626));
#1002 = CARTESIAN_POINT('',(-1.082759647847,-32.80888410815));
#1003 = CARTESIAN_POINT('',(-1.069061283582,-32.86550957041));
#1004 = CARTESIAN_POINT('',(-1.056681919203,-32.92357707897));
#1005 = CARTESIAN_POINT('',(-1.045673431591,-32.98291287452));
#1006 = CARTESIAN_POINT('',(-1.036086136934,-33.04335998345));
#1007 = CARTESIAN_POINT('',(-1.019494402063,-33.16888148946));
#1008 = CARTESIAN_POINT('',(-1.012621049768,-33.23404436168));
#1009 = CARTESIAN_POINT('',(-1.007417427985,-33.29999406623));
#1010 = CARTESIAN_POINT('',(-1.003930765019,-33.36646904882));
#1011 = CARTESIAN_POINT('',(-1.002186026531,-33.43321798886));
#1012 = CARTESIAN_POINT('',(-1.002186026531,-33.5));
#1013 = ( GEOMETRIC_REPRESENTATION_CONTEXT(2) 
PARAMETRIC_REPRESENTATION_CONTEXT() REPRESENTATION_CONTEXT('2D SPACE',''
  ) );
#1014 = PCURVE('',#1015,#1020);
#1015 = CYLINDRICAL_SURFACE('',#1016,1.4);
#1016 = AXIS2_PLACEMENT_3D('',#1017,#1018,#1019);
#1017 = CARTESIAN_POINT('',(0.,18.,1.5));
#1018 = DIRECTION('',(-0.,1.,-0.));
#1019 = DIRECTION('',(1.,0.,0.));
#1020 = DEFINITIONAL_REPRESENTATION('',(#1021),#1124);
#1021 = B_SPLINE_CURVE_WITH_KNOTS('',6,(#1022,#1023,#1024,#1025,#1026,
    #1027,#1028,#1029,#1030,#1031,#1032,#1033,#1034,#1035,#1036,#1037,
    #1038,#1039,#1040,#1041,#1042,#1043,#1044,#1045,#1046,#1047,#1048,
    #1049,#1050,#1051,#1052,#1053,#1054,#1055,#1056,#1057,#1058,#1059,
    #1060,#1061,#1062,#1063,#1064,#1065,#1066,#1067,#1068,#1069,#1070,
    #1071,#1072,#1073,#1074,#1075,#1076,#1077,#1078,#1079,#1080,#1081,
    #1082,#1083,#1084,#1085,#1086,#1087,#1088,#1089,#1090,#1091,#1092,
    #1093,#1094,#1095,#1096,#1097,#1098,#1099,#1100,#1101,#1102,#1103,
    #1104,#1105,#1106,#1107,#1108,#1109,#1110,#1111,#1112,#1113,#1114,
    #1115,#1116,#1117,#1118,#1119,#1120,#1121,#1122,#1123),
  .UNSPECIFIED.,.F.,.F.,(7,5,5,5,5,5,5,5,5,5,5,5,5,5,5,5,5,5,5,5,7),(0.,
    4.874286455274E-02,9.557040544125E-02,0.140819283438,0.18640601168,
    0.249844547844,0.291842094858,0.340766928936,0.404608899137,
    0.451602607213,0.500294295985,0.549256564819,0.595950613072,
    0.659868311898,0.686534149833,0.749815074795,0.791708280129,
    0.840511561885,0.904194918574,0.951071872155,1.),.UNSPECIFIED.);
#1022 = CARTESIAN_POINT('',(0.,-15.80910976997));
#1023 = CARTESIAN_POINT('',(-4.726688459081E-02,-15.80910976997));
#1024 = CARTESIAN_POINT('',(-9.451104669987E-02,-15.80671165346));
#1025 = CARTESIAN_POINT('',(-0.141754453822,-15.80191813977));
#1026 = CARTESIAN_POINT('',(-0.189012195325,-15.79481325203));
#1027 = CARTESIAN_POINT('',(-0.236290464563,-15.78555478537));
#1028 = CARTESIAN_POINT('',(-0.329020223091,-15.7636183916));
#1029 = CARTESIAN_POINT('',(-0.374470947948,-15.75108873823));
#1030 = CARTESIAN_POINT('',(-0.42000255437,-15.73695828928));
#1031 = CARTESIAN_POINT('',(-0.465673312748,-15.72144179892));
#1032 = CARTESIAN_POINT('',(-0.511536035603,-15.70478094569));
#1033 = CARTESIAN_POINT('',(-0.602190064834,-15.67028445531));
#1034 = CARTESIAN_POINT('',(-0.646980176629,-15.65250168711));
#1035 = CARTESIAN_POINT('',(-0.692094074105,-15.63410861258));
#1036 = CARTESIAN_POINT('',(-0.737610188882,-15.61533931329));
#1037 = CARTESIAN_POINT('',(-0.783608058989,-15.5964418127));
#1038 = CARTESIAN_POINT('',(-0.877088737734,-15.55877383986));
#1039 = CARTESIAN_POINT('',(-0.924611382264,-15.53999275996));
#1040 = CARTESIAN_POINT('',(-0.972795716728,-15.5216178319));
#1041 = CARTESIAN_POINT('',(-1.021697410635,-15.50394882174));
#1042 = CARTESIAN_POINT('',(-1.071379474261,-15.48729659348));
#1043 = CARTESIAN_POINT('',(-1.192245450629,-15.4506597593));
#1044 = CARTESIAN_POINT('',(-1.264621551393,-15.43180524816));
#1045 = CARTESIAN_POINT('',(-1.338457290577,-15.41657232229));
#1046 = CARTESIAN_POINT('',(-1.413353599847,-15.40590320365));
#1047 = CARTESIAN_POINT('',(-1.488988845707,-15.40034113316));
#1048 = CARTESIAN_POINT('',(-1.61542693358,-15.39979474931));
#1049 = CARTESIAN_POINT('',(-1.665748117702,-15.40187143465));
#1050 = CARTESIAN_POINT('',(-1.71587573062,-15.40624020808));
#1051 = CARTESIAN_POINT('',(-1.765660913929,-15.41279475355));
#1052 = CARTESIAN_POINT('',(-1.814939700107,-15.4213347872));
#1053 = CARTESIAN_POINT('',(-1.920102816784,-15.44350682144));
#1054 = CARTESIAN_POINT('',(-1.975726418592,-15.45774462656));
#1055 = CARTESIAN_POINT('',(-2.030428997443,-15.47391612118));
#1056 = CARTESIAN_POINT('',(-2.084233414348,-15.4916139987));
#1057 = CARTESIAN_POINT('',(-2.137141357829,-15.51041573419));
#1058 = CARTESIAN_POINT('',(-2.256975419338,-15.55533008707));
#1059 = CARTESIAN_POINT('',(-2.323387532151,-15.58197293243));
#1060 = CARTESIAN_POINT('',(-2.38862072592,-15.609025445));
#1061 = CARTESIAN_POINT('',(-2.452905134868,-15.63574969542));
#1062 = CARTESIAN_POINT('',(-2.516463964084,-15.66146711576));
#1063 = CARTESIAN_POINT('',(-2.625949825583,-15.70327812762));
#1064 = CARTESIAN_POINT('',(-2.672121636025,-15.72012745608));
#1065 = CARTESIAN_POINT('',(-2.718095104396,-15.73583169534));
#1066 = CARTESIAN_POINT('',(-2.763924690388,-15.75014380748));
#1067 = CARTESIAN_POINT('',(-2.809670325323,-15.76284400823));
#1068 = CARTESIAN_POINT('',(-2.902781300856,-15.78504450184));
#1069 = CARTESIAN_POINT('',(-2.950146266484,-15.79441309839));
#1070 = CARTESIAN_POINT('',(-2.997489928836,-15.80162633949));
#1071 = CARTESIAN_POINT('',(-3.044818727536,-15.80652382764));
#1072 = CARTESIAN_POINT('',(-3.092148162295,-15.80901919639));
#1073 = CARTESIAN_POINT('',(-3.187116537432,-15.80919692124));
#1074 = CARTESIAN_POINT('',(-3.234709171832,-15.80685237763));
#1075 = CARTESIAN_POINT('',(-3.282301005308,-15.80207507523));
#1076 = CARTESIAN_POINT('',(-3.329907352652,-15.79494976185));
#1077 = CARTESIAN_POINT('',(-3.377534418591,-15.78563727465));
#1078 = CARTESIAN_POINT('',(-3.470612876681,-15.7636183916));
#1079 = CARTESIAN_POINT('',(-3.516063601538,-15.75108873823));
#1080 = CARTESIAN_POINT('',(-3.56159520796,-15.73695828928));
#1081 = CARTESIAN_POINT('',(-3.607265966338,-15.72144179892));
#1082 = CARTESIAN_POINT('',(-3.653128689193,-15.70478094569));
#1083 = CARTESIAN_POINT('',(-3.762343054826,-15.66322170838));
#1084 = CARTESIAN_POINT('',(-3.825937925822,-15.63753920543));
#1085 = CARTESIAN_POINT('',(-3.890249590067,-15.61081714333));
#1086 = CARTESIAN_POINT('',(-3.955502095824,-15.58373449827));
#1087 = CARTESIAN_POINT('',(-4.021926409901,-15.55702962221));
#1088 = CARTESIAN_POINT('',(-4.118081367162,-15.52086107933));
#1089 = CARTESIAN_POINT('',(-4.146636472055,-15.51041930593));
#1090 = CARTESIAN_POINT('',(-4.17544787012,-15.50024610898));
#1091 = CARTESIAN_POINT('',(-4.20452393801,-15.4904051696));
#1092 = CARTESIAN_POINT('',(-4.233874296878,-15.48096073848));
#1093 = CARTESIAN_POINT('',(-4.333838104232,-15.4506597593));
#1094 = CARTESIAN_POINT('',(-4.406214204977,-15.43180524816));
#1095 = CARTESIAN_POINT('',(-4.480049944154,-15.4165723223));
#1096 = CARTESIAN_POINT('',(-4.554946253434,-15.40590320365));
#1097 = CARTESIAN_POINT('',(-4.630581499311,-15.40034113316));
#1098 = CARTESIAN_POINT('',(-4.75701958717,-15.39979474931));
#1099 = CARTESIAN_POINT('',(-4.807340771292,-15.40187143465));
#1100 = CARTESIAN_POINT('',(-4.85746838421,-15.40624020808));
#1101 = CARTESIAN_POINT('',(-4.907253567519,-15.41279475355));
#1102 = CARTESIAN_POINT('',(-4.956532353697,-15.4213347872));
#1103 = CARTESIAN_POINT('',(-5.061695470374,-15.44350682144));
#1104 = CARTESIAN_POINT('',(-5.117319072182,-15.45774462656));
#1105 = CARTESIAN_POINT('',(-5.172021651033,-15.47391612118));
#1106 = CARTESIAN_POINT('',(-5.225826067938,-15.4916139987));
#1107 = CARTESIAN_POINT('',(-5.278734011419,-15.51041573419));
#1108 = CARTESIAN_POINT('',(-5.398568072928,-15.55533008707));
#1109 = CARTESIAN_POINT('',(-5.464980185741,-15.58197293243));
#1110 = CARTESIAN_POINT('',(-5.53021337951,-15.609025445));
#1111 = CARTESIAN_POINT('',(-5.594497788458,-15.63574969542));
#1112 = CARTESIAN_POINT('',(-5.658056617674,-15.66146711576));
#1113 = CARTESIAN_POINT('',(-5.767542479172,-15.70327812762));
#1114 = CARTESIAN_POINT('',(-5.813714289615,-15.72012745608));
#1115 = CARTESIAN_POINT('',(-5.859687757986,-15.73583169534));
#1116 = CARTESIAN_POINT('',(-5.905517343978,-15.75014380748));
#1117 = CARTESIAN_POINT('',(-5.951262978913,-15.76284400823));
#1118 = CARTESIAN_POINT('',(-6.044722616645,-15.78512763353));
#1119 = CARTESIAN_POINT('',(-6.092436398196,-15.79455097997));
#1120 = CARTESIAN_POINT('',(-6.140128708155,-15.80178539206));
#1121 = CARTESIAN_POINT('',(-6.187805965886,-15.80666736778));
#1122 = CARTESIAN_POINT('',(-6.235483870652,-15.80910976997));
#1123 = CARTESIAN_POINT('',(-6.28318530718,-15.80910976997));
#1124 = ( GEOMETRIC_REPRESENTATION_CONTEXT(2) 
PARAMETRIC_REPRESENTATION_CONTEXT() REPRESENTATION_CONTEXT('2D SPACE',''
  ) );
#1125 = FACE_BOUND('',#1126,.T.);
#1126 = EDGE_LOOP('',(#1127));
#1127 = ORIENTED_EDGE('',*,*,#1128,.T.);
#1128 = EDGE_CURVE('',#1129,#1129,#1131,.T.);
#1129 = VERTEX_POINT('',#1130);
#1130 = CARTESIAN_POINT('',(1.4,-2.190890230021,1.5));
#1131 = SURFACE_CURVE('',#1132,(#1235,#1341),.PCURVE_S1.);
#1132 = B_SPLINE_CURVE_WITH_KNOTS('',6,(#1133,#1134,#1135,#1136,#1137,
    #1138,#1139,#1140,#1141,#1142,#1143,#1144,#1145,#1146,#1147,#1148,
    #1149,#1150,#1151,#1152,#1153,#1154,#1155,#1156,#1157,#1158,#1159,
    #1160,#1161,#1162,#1163,#1164,#1165,#1166,#1167,#1168,#1169,#1170,
    #1171,#1172,#1173,#1174,#1175,#1176,#1177,#1178,#1179,#1180,#1181,
    #1182,#1183,#1184,#1185,#1186,#1187,#1188,#1189,#1190,#1191,#1192,
    #1193,#1194,#1195,#1196,#1197,#1198,#1199,#1200,#1201,#1202,#1203,
    #1204,#1205,#1206,#1207,#1208,#1209,#1210,#1211,#1212,#1213,#1214,
    #1215,#1216,#1217,#1218,#1219,#1220,#1221,#1222,#1223,#1224,#1225,
    #1226,#1227,#1228,#1229,#1230,#1231,#1232,#1233,#1234),
  .UNSPECIFIED.,.T.,.F.,(7,5,5,5,5,5,5,5,5,5,5,5,5,5,5,5,5,5,5,5,7),(0.,
    4.874286149499E-02,9.557039944591E-02,0.140819274604,0.186405999966,
    0.249844532109,0.291842076468,0.34076690746,0.404608873642,
    0.45160257876,0.500294264466,0.549256530219,0.595950575532,
    0.659868266708,0.686534105407,0.749815038802,0.79170824972,
    0.840511537993,0.904194906372,0.951071865923,1.),.UNSPECIFIED.);
#1133 = CARTESIAN_POINT('',(1.4,-2.190890230021,1.5));
#1134 = CARTESIAN_POINT('',(1.4,-2.190890230021,1.566173638427));
#1135 = CARTESIAN_POINT('',(1.396246550499,-2.19328834654,1.63231534611)
  );
#1136 = CARTESIAN_POINT('',(1.388746727438,-2.198081860228,
    1.698190324966));
#1137 = CARTESIAN_POINT('',(1.377520175849,-2.205186747965,
    1.763553804091));
#1138 = CARTESIAN_POINT('',(1.362608077946,-2.214445214622,
    1.828151209143));
#1139 = CARTESIAN_POINT('',(1.326284131634,-2.236381608393,
    1.952787619686));
#1140 = CARTESIAN_POINT('',(1.305150615047,-2.248911261768,
    2.012906674724));
#1141 = CARTESIAN_POINT('',(1.28071761219,-2.263041710719,2.07193612807)
  );
#1142 = CARTESIAN_POINT('',(1.253013309026,-2.278558201079,
    2.129721478422));
#1143 = CARTESIAN_POINT('',(1.222065449851,-2.295219054303,
    2.186091975121));
#1144 = CARTESIAN_POINT('',(1.154903550961,-2.329715544687,
    2.293780689703));
#1145 = CARTESIAN_POINT('',(1.118891291721,-2.347498312886,
    2.345222905171));
#1146 = CARTESIAN_POINT('',(1.079870373303,-2.365891387418,
    2.395060184167));
#1147 = CARTESIAN_POINT('',(1.037831565228,-2.384660686706,2.44313972246
    ));
#1148 = CARTESIAN_POINT('',(0.992761424973,-2.403558187299,
    2.489279986914));
#1149 = CARTESIAN_POINT('',(0.896170753699,-2.441226160127,
    2.577586109696));
#1150 = CARTESIAN_POINT('',(0.844572116254,-2.460007240039,2.61974930868
    ));
#1151 = CARTESIAN_POINT('',(0.789865669905,-2.478382168107,
    2.659499788846));
#1152 = CARTESIAN_POINT('',(0.732084263791,-2.49605117826,2.696554725894
    ));
#1153 = CARTESIAN_POINT('',(0.671281985508,-2.512703406511,
    2.730604099111));
#1154 = CARTESIAN_POINT('',(0.518832800748,-2.549340240699,
    2.804034822921));
#1155 = CARTESIAN_POINT('',(0.42393824835,-2.568194751837,2.840519920057
    ));
#1156 = CARTESIAN_POINT('',(0.323993331921,-2.5834276777,2.869207398134)
  );
#1157 = CARTESIAN_POINT('',(0.220360693927,-2.594096796348,
    2.889036779636));
#1158 = CARTESIAN_POINT('',(0.114528679589,-2.599658866837,
    2.899366459725));
#1159 = CARTESIAN_POINT('',(-6.248173494717E-02,-2.600205250685,
    2.900381184424));
#1160 = CARTESIAN_POINT('',(-0.132954579406,-2.59812856535,
    2.896523651443));
#1161 = CARTESIAN_POINT('',(-0.202859152389,-2.593759791915,
    2.88841576205));
#1162 = CARTESIAN_POINT('',(-0.271666553056,-2.587205246444,
    2.876183433864));
#1163 = CARTESIAN_POINT('',(-0.338866178117,-2.578665212792,
    2.860071495735));
#1164 = CARTESIAN_POINT('',(-0.47983187233,-2.556493178556,
    2.817587804367));
#1165 = CARTESIAN_POINT('',(-0.552839818359,-2.542255373439,
    2.789966285581));
#1166 = CARTESIAN_POINT('',(-0.622723850045,-2.52608387882,
    2.758026694621));
#1167 = CARTESIAN_POINT('',(-0.689252681747,-2.508386001299,
    2.722212528893));
#1168 = CARTESIAN_POINT('',(-0.752241737228,-2.489584265798,
    2.682975223396));
#1169 = CARTESIAN_POINT('',(-0.888946253184,-2.444669912927,
    2.585723633085));
#1170 = CARTESIAN_POINT('',(-0.960225220562,-2.418027067567,
    2.525526248908));
#1171 = CARTESIAN_POINT('',(-1.025391890006,-2.390974554994,
    2.460938161461));
#1172 = CARTESIAN_POINT('',(-1.084491022603,-2.364250304576,
    2.392547454548));
#1173 = CARTESIAN_POINT('',(-1.137566671313,-2.338532884237,
    2.320814983738));
#1174 = CARTESIAN_POINT('',(-1.219254902683,-2.296721872376,
    2.191115891849));
#1175 = CARTESIAN_POINT('',(-1.250640731639,-2.279872543916,
    2.134490429583));
#1176 = CARTESIAN_POINT('',(-1.278742492853,-2.264168304657,
    2.076422921023));
#1177 = CARTESIAN_POINT('',(-1.303532526939,-2.249856192513,
    2.017087125477));
#1178 = CARTESIAN_POINT('',(-1.324982487954,-2.237155991767,
    1.956640016541));
#1179 = CARTESIAN_POINT('',(-1.361782083597,-2.214955498155,
    1.831586783319));
#1180 = CARTESIAN_POINT('',(-1.376883533707,-2.205586901604,
    1.76690812315));
#1181 = CARTESIAN_POINT('',(-1.388287617731,-2.198373660503,
    1.701452396045));
#1182 = CARTESIAN_POINT('',(-1.395952579652,-2.193476172353,
    1.635475202268));
#1183 = CARTESIAN_POINT('',(-1.399858259011,-2.190980803605,
    1.569222140629));
#1184 = CARTESIAN_POINT('',(-1.400136385319,-2.190803078757,
    1.43626670634));
#1185 = CARTESIAN_POINT('',(-1.396466710417,-2.193147622369,
    1.369629319911));
#1186 = CARTESIAN_POINT('',(-1.38899467009,-2.197924924767,
    1.303256691727));
#1187 = CARTESIAN_POINT('',(-1.377740001275,-2.205050238145,
    1.237399254372));
#1188 = CARTESIAN_POINT('',(-1.362744669956,-2.214362725343,
    1.172317471703));
#1189 = CARTESIAN_POINT('',(-1.326284131634,-2.236381608393,
    1.047212380314));
#1190 = CARTESIAN_POINT('',(-1.305150615047,-2.248911261768,
    0.987093325276));
#1191 = CARTESIAN_POINT('',(-1.28071761219,-2.263041710719,0.92806387193
    ));
#1192 = CARTESIAN_POINT('',(-1.253013309026,-2.278558201079,
    0.870278521578));
#1193 = CARTESIAN_POINT('',(-1.222065449851,-2.295219054303,
    0.813908024879));
#1194 = CARTESIAN_POINT('',(-1.141152952043,-2.33677829025,
    0.684171328528));
#1195 = CARTESIAN_POINT('',(-1.088360243647,-2.36246079685,
    0.612167066743));
#1196 = CARTESIAN_POINT('',(-1.029531469278,-2.38918285667,
    0.543492657143));
#1197 = CARTESIAN_POINT('',(-0.964622985894,-2.416265499422,
    0.478606424647));
#1198 = CARTESIAN_POINT('',(-0.893589083967,-2.442970379095,
    0.418093633542));
#1199 = CARTESIAN_POINT('',(-0.784232056302,-2.4791389217,0.339590380068
    ));
#1200 = CARTESIAN_POINT('',(-0.750971464566,-2.489580693837,
    0.317370864256));
#1201 = CARTESIAN_POINT('',(-0.71665476078,-2.499753890022,
    0.296104840372));
#1202 = CARTESIAN_POINT('',(-0.681297350145,-2.509594830089,
    0.275857728811));
#1203 = CARTESIAN_POINT('',(-0.644917915166,-2.519039262456,
    0.256697028338));
#1204 = CARTESIAN_POINT('',(-0.518832800748,-2.549340240699,
    0.195965177079));
#1205 = CARTESIAN_POINT('',(-0.42393824835,-2.568194751837,
    0.159480079943));
#1206 = CARTESIAN_POINT('',(-0.323993331921,-2.5834276777,0.130792601866
    ));
#1207 = CARTESIAN_POINT('',(-0.220360693927,-2.594096796348,
    0.110963220364));
#1208 = CARTESIAN_POINT('',(-0.114528679589,-2.599658866837,
    0.100633540275));
#1209 = CARTESIAN_POINT('',(6.248173494717E-02,-2.600205250685,
    9.961881557577E-02));
#1210 = CARTESIAN_POINT('',(0.132954579406,-2.59812856535,0.103476348557
    ));
#1211 = CARTESIAN_POINT('',(0.202859152389,-2.593759791915,0.11158423795
    ));
#1212 = CARTESIAN_POINT('',(0.271666553056,-2.587205246444,
    0.123816566136));
#1213 = CARTESIAN_POINT('',(0.338866178117,-2.578665212792,
    0.139928504265));
#1214 = CARTESIAN_POINT('',(0.479831872339,-2.556493178554,
    0.182412195636));
#1215 = CARTESIAN_POINT('',(0.552839818357,-2.542255373439,0.21003371442
    ));
#1216 = CARTESIAN_POINT('',(0.622723850038,-2.526083878822,
    0.241973305375));
#1217 = CARTESIAN_POINT('',(0.689252681745,-2.5083860013,0.277787471104)
  );
#1218 = CARTESIAN_POINT('',(0.752241737234,-2.489584265796,
    0.317024776609));
#1219 = CARTESIAN_POINT('',(0.888946257039,-2.444669911661,
    0.414276369658));
#1220 = CARTESIAN_POINT('',(0.960225214706,-2.41802706985,0.474473745324
    ));
#1221 = CARTESIAN_POINT('',(1.025391889351,-2.39097455498,0.53906183917)
  );
#1222 = CARTESIAN_POINT('',(1.084491028069,-2.36425030231,0.607452551477
    ));
#1223 = CARTESIAN_POINT('',(1.137566668668,-2.338532885591,
    0.679185012063));
#1224 = CARTESIAN_POINT('',(1.219254902683,-2.296721872376,
    0.808884108151));
#1225 = CARTESIAN_POINT('',(1.250640731639,-2.279872543916,
    0.865509570418));
#1226 = CARTESIAN_POINT('',(1.278742492853,-2.264168304657,
    0.923577078977));
#1227 = CARTESIAN_POINT('',(1.303532526939,-2.249856192513,
    0.982912874523));
#1228 = CARTESIAN_POINT('',(1.324982487954,-2.237155991767,
    1.043359983459));
#1229 = CARTESIAN_POINT('',(1.361919882905,-2.214872366464,1.16888148946
    ));
#1230 = CARTESIAN_POINT('',(1.377105744722,-2.205449020024,
    1.234044361686));
#1231 = CARTESIAN_POINT('',(1.388539044459,-2.198214607932,
    1.299994066232));
#1232 = CARTESIAN_POINT('',(1.396177216183,-2.19333263222,1.366469048822
    ));
#1233 = CARTESIAN_POINT('',(1.4,-2.190890230021,1.433217988862));
#1234 = CARTESIAN_POINT('',(1.4,-2.190890230021,1.5));
#1235 = PCURVE('',#196,#1236);
#1236 = DEFINITIONAL_REPRESENTATION('',(#1237),#1340);
#1237 = B_SPLINE_CURVE_WITH_KNOTS('',6,(#1238,#1239,#1240,#1241,#1242,
    #1243,#1244,#1245,#1246,#1247,#1248,#1249,#1250,#1251,#1252,#1253,
    #1254,#1255,#1256,#1257,#1258,#1259,#1260,#1261,#1262,#1263,#1264,
    #1265,#1266,#1267,#1268,#1269,#1270,#1271,#1272,#1273,#1274,#1275,
    #1276,#1277,#1278,#1279,#1280,#1281,#1282,#1283,#1284,#1285,#1286,
    #1287,#1288,#1289,#1290,#1291,#1292,#1293,#1294,#1295,#1296,#1297,
    #1298,#1299,#1300,#1301,#1302,#1303,#1304,#1305,#1306,#1307,#1308,
    #1309,#1310,#1311,#1312,#1313,#1314,#1315,#1316,#1317,#1318,#1319,
    #1320,#1321,#1322,#1323,#1324,#1325,#1326,#1327,#1328,#1329,#1330,
    #1331,#1332,#1333,#1334,#1335,#1336,#1337,#1338,#1339),
  .UNSPECIFIED.,.T.,.F.,(7,5,5,5,5,5,5,5,5,5,5,5,5,5,5,5,5,5,5,5,7),(0.,
    4.874286149499E-02,9.557039944591E-02,0.140819274604,0.186405999966,
    0.249844532109,0.291842076468,0.34076690746,0.404608873642,
    0.45160257876,0.500294264466,0.549256530219,0.595950575532,
    0.659868266708,0.686534105407,0.749815038802,0.79170824972,
    0.840511537993,0.904194906372,0.951071865923,1.),.UNSPECIFIED.);
#1238 = CARTESIAN_POINT('',(-5.280999280649,-33.5));
#1239 = CARTESIAN_POINT('',(-5.280999280649,-33.56617363842));
#1240 = CARTESIAN_POINT('',(-5.2792861831,-33.63231534611));
#1241 = CARTESIAN_POINT('',(-5.275862683909,-33.69819032496));
#1242 = CARTESIAN_POINT('',(-5.270752886794,-33.76355380409));
#1243 = CARTESIAN_POINT('',(-5.26400241265,-33.82815120914));
#1244 = CARTESIAN_POINT('',(-5.247681688324,-33.95278761968));
#1245 = CARTESIAN_POINT('',(-5.238232525749,-34.01290667472));
#1246 = CARTESIAN_POINT('',(-5.227377846661,-34.07193612807));
#1247 = CARTESIAN_POINT('',(-5.215167059106,-34.12972147842));
#1248 = CARTESIAN_POINT('',(-5.201651286745,-34.18609197512));
#1249 = CARTESIAN_POINT('',(-5.172611606406,-34.2937806897));
#1250 = CARTESIAN_POINT('',(-5.157166029395,-34.34522290517));
#1251 = CARTESIAN_POINT('',(-5.140578623111,-34.39506018416));
#1252 = CARTESIAN_POINT('',(-5.122877858188,-34.44313972246));
#1253 = CARTESIAN_POINT('',(-5.104087050231,-34.48927998691));
#1254 = CARTESIAN_POINT('',(-5.064211812193,-34.57758610969));
#1255 = CARTESIAN_POINT('',(-5.043097896451,-34.61974930868));
#1256 = CARTESIAN_POINT('',(-5.020912730254,-34.65949978884));
#1257 = CARTESIAN_POINT('',(-4.997687494066,-34.69655472589));
#1258 = CARTESIAN_POINT('',(-4.973452833847,-34.73060409911));
#1259 = CARTESIAN_POINT('',(-4.913149101205,-34.80403482292));
#1260 = CARTESIAN_POINT('',(-4.875967034737,-34.84051992005));
#1261 = CARTESIAN_POINT('',(-4.837144345895,-34.86920739813));
#1262 = CARTESIAN_POINT('',(-4.79714977108,-34.88903677963));
#1263 = CARTESIAN_POINT('',(-4.75643867258,-34.89936645972));
#1264 = CARTESIAN_POINT('',(-4.688357419579,-34.90038118442));
#1265 = CARTESIAN_POINT('',(-4.66125512045,-34.89652365144));
#1266 = CARTESIAN_POINT('',(-4.634338044873,-34.88841576205));
#1267 = CARTESIAN_POINT('',(-4.607774161243,-34.87618343386));
#1268 = CARTESIAN_POINT('',(-4.58173164704,-34.86007149573));
#1269 = CARTESIAN_POINT('',(-4.526847522133,-34.81758780436));
#1270 = CARTESIAN_POINT('',(-4.498257781975,-34.78996628558));
#1271 = CARTESIAN_POINT('',(-4.470692769857,-34.75802669462));
#1272 = CARTESIAN_POINT('',(-4.44423378382,-34.72221252889));
#1273 = CARTESIAN_POINT('',(-4.418960392603,-34.68297522339));
#1274 = CARTESIAN_POINT('',(-4.363616625914,-34.58572363308));
#1275 = CARTESIAN_POINT('',(-4.334372798599,-34.5255262489));
#1276 = CARTESIAN_POINT('',(-4.307257964996,-34.46093816146));
#1277 = CARTESIAN_POINT('',(-4.282325602308,-34.39254745454));
#1278 = CARTESIAN_POINT('',(-4.259647187369,-34.32081498373));
#1279 = CARTESIAN_POINT('',(-4.224352301436,-34.19111589184));
#1280 = CARTESIAN_POINT('',(-4.210653937172,-34.13449042958));
#1281 = CARTESIAN_POINT('',(-4.198274572793,-34.07642292102));
#1282 = CARTESIAN_POINT('',(-4.187266085181,-34.01708712547));
#1283 = CARTESIAN_POINT('',(-4.177678790524,-33.95664001654));
#1284 = CARTESIAN_POINT('',(-4.161148953076,-33.83158678331));
#1285 = CARTESIAN_POINT('',(-4.154314278923,-33.76690812315));
#1286 = CARTESIAN_POINT('',(-4.149124504785,-33.70145239604));
#1287 = CARTESIAN_POINT('',(-4.145625951307,-33.63547520226));
#1288 = CARTESIAN_POINT('',(-4.143843375678,-33.56922214062));
#1289 = CARTESIAN_POINT('',(-4.14371642908,-33.43626670634));
#1290 = CARTESIAN_POINT('',(-4.145391279007,-33.36962931991));
#1291 = CARTESIAN_POINT('',(-4.14880242127,-33.30325669172));
#1292 = CARTESIAN_POINT('',(-4.153925556012,-33.23739925437));
#1293 = CARTESIAN_POINT('',(-4.160714175918,-33.1723174717));
#1294 = CARTESIAN_POINT('',(-4.177096272445,-33.04721238031));
#1295 = CARTESIAN_POINT('',(-4.186545435021,-32.98709332527));
#1296 = CARTESIAN_POINT('',(-4.197400114108,-32.92806387193));
#1297 = CARTESIAN_POINT('',(-4.209610901664,-32.87027852157));
#1298 = CARTESIAN_POINT('',(-4.223126674024,-32.81390802487));
#1299 = CARTESIAN_POINT('',(-4.258111883059,-32.68417132852));
#1300 = CARTESIAN_POINT('',(-4.280686633778,-32.61216706674));
#1301 = CARTESIAN_POINT('',(-4.305524123277,-32.54349265714));
#1302 = CARTESIAN_POINT('',(-4.332551945023,-32.47860642464));
#1303 = CARTESIAN_POINT('',(-4.361716045083,-32.41809363354));
#1304 = CARTESIAN_POINT('',(-4.406017198069,-32.33959038006));
#1305 = CARTESIAN_POINT('',(-4.419423784565,-32.31737086425));
#1306 = CARTESIAN_POINT('',(-4.43318754292,-32.29610484037));
#1307 = CARTESIAN_POINT('',(-4.447300308065,-32.27585772881));
#1308 = CARTESIAN_POINT('',(-4.461753859958,-32.25669702833));
#1309 = CARTESIAN_POINT('',(-4.511628859565,-32.19596517707));
#1310 = CARTESIAN_POINT('',(-4.548810926033,-32.15948007994));
#1311 = CARTESIAN_POINT('',(-4.587633614874,-32.13079260186));
#1312 = CARTESIAN_POINT('',(-4.627628189689,-32.11096322036));
#1313 = CARTESIAN_POINT('',(-4.668339288189,-32.10063354027));
#1314 = CARTESIAN_POINT('',(-4.736420541191,-32.09961881557));
#1315 = CARTESIAN_POINT('',(-4.763522840319,-32.10347634855));
#1316 = CARTESIAN_POINT('',(-4.790439915896,-32.11158423795));
#1317 = CARTESIAN_POINT('',(-4.817003799527,-32.12381656613));
#1318 = CARTESIAN_POINT('',(-4.84304631373,-32.13992850426));
#1319 = CARTESIAN_POINT('',(-4.89793043864,-32.18241219563));
#1320 = CARTESIAN_POINT('',(-4.926520178794,-32.21003371442));
#1321 = CARTESIAN_POINT('',(-4.954085190909,-32.24197330537));
#1322 = CARTESIAN_POINT('',(-4.980544176948,-32.2777874711));
#1323 = CARTESIAN_POINT('',(-5.005817568169,-32.3170247766));
#1324 = CARTESIAN_POINT('',(-5.061161336416,-32.41427636965));
#1325 = CARTESIAN_POINT('',(-5.090405159748,-32.47447374532));
#1326 = CARTESIAN_POINT('',(-5.117519995542,-32.53906183917));
#1327 = CARTESIAN_POINT('',(-5.142452360743,-32.60745255147));
#1328 = CARTESIAN_POINT('',(-5.165130772258,-32.67918501206));
#1329 = CARTESIAN_POINT('',(-5.200425659333,-32.80888410815));
#1330 = CARTESIAN_POINT('',(-5.214124023597,-32.86550957041));
#1331 = CARTESIAN_POINT('',(-5.226503387977,-32.92357707897));
#1332 = CARTESIAN_POINT('',(-5.237511875588,-32.98291287452));
#1333 = CARTESIAN_POINT('',(-5.247099170246,-33.04335998345));
#1334 = CARTESIAN_POINT('',(-5.263690905117,-33.16888148946));
#1335 = CARTESIAN_POINT('',(-5.270564257411,-33.23404436168));
#1336 = CARTESIAN_POINT('',(-5.275767879194,-33.29999406623));
#1337 = CARTESIAN_POINT('',(-5.279254542161,-33.36646904882));
#1338 = CARTESIAN_POINT('',(-5.280999280649,-33.43321798886));
#1339 = CARTESIAN_POINT('',(-5.280999280649,-33.5));
#1340 = ( GEOMETRIC_REPRESENTATION_CONTEXT(2) 
PARAMETRIC_REPRESENTATION_CONTEXT() REPRESENTATION_CONTEXT('2D SPACE',''
  ) );
#1341 = PCURVE('',#1342,#1347);
#1342 = CYLINDRICAL_SURFACE('',#1343,1.4);
#1343 = AXIS2_PLACEMENT_3D('',#1344,#1345,#1346);
#1344 = CARTESIAN_POINT('',(0.,18.,1.5));
#1345 = DIRECTION('',(-0.,1.,-0.));
#1346 = DIRECTION('',(1.,0.,0.));
#1347 = DEFINITIONAL_REPRESENTATION('',(#1348),#1451);
#1348 = B_SPLINE_CURVE_WITH_KNOTS('',6,(#1349,#1350,#1351,#1352,#1353,
    #1354,#1355,#1356,#1357,#1358,#1359,#1360,#1361,#1362,#1363,#1364,
    #1365,#1366,#1367,#1368,#1369,#1370,#1371,#1372,#1373,#1374,#1375,
    #1376,#1377,#1378,#1379,#1380,#1381,#1382,#1383,#1384,#1385,#1386,
    #1387,#1388,#1389,#1390,#1391,#1392,#1393,#1394,#1395,#1396,#1397,
    #1398,#1399,#1400,#1401,#1402,#1403,#1404,#1405,#1406,#1407,#1408,
    #1409,#1410,#1411,#1412,#1413,#1414,#1415,#1416,#1417,#1418,#1419,
    #1420,#1421,#1422,#1423,#1424,#1425,#1426,#1427,#1428,#1429,#1430,
    #1431,#1432,#1433,#1434,#1435,#1436,#1437,#1438,#1439,#1440,#1441,
    #1442,#1443,#1444,#1445,#1446,#1447,#1448,#1449,#1450),
  .UNSPECIFIED.,.F.,.F.,(7,5,5,5,5,5,5,5,5,5,5,5,5,5,5,5,5,5,5,5,7),(0.,
    4.874286149499E-02,9.557039944591E-02,0.140819274604,0.186405999966,
    0.249844532109,0.291842076468,0.34076690746,0.404608873642,
    0.45160257876,0.500294264466,0.549256530219,0.595950575532,
    0.659868266708,0.686534105407,0.749815038802,0.79170824972,
    0.840511537993,0.904194906372,0.951071865923,1.),.UNSPECIFIED.);
#1349 = CARTESIAN_POINT('',(0.,-20.19089023002));
#1350 = CARTESIAN_POINT('',(-4.72668845908E-02,-20.19089023002));
#1351 = CARTESIAN_POINT('',(-9.451104669987E-02,-20.19328834654));
#1352 = CARTESIAN_POINT('',(-0.141754453822,-20.19808186022));
#1353 = CARTESIAN_POINT('',(-0.189012195325,-20.20518674796));
#1354 = CARTESIAN_POINT('',(-0.236290464563,-20.21444521462));
#1355 = CARTESIAN_POINT('',(-0.329020223091,-20.23638160839));
#1356 = CARTESIAN_POINT('',(-0.374470947948,-20.24891126176));
#1357 = CARTESIAN_POINT('',(-0.42000255437,-20.26304171071));
#1358 = CARTESIAN_POINT('',(-0.465673312748,-20.27855820107));
#1359 = CARTESIAN_POINT('',(-0.511536035603,-20.2952190543));
#1360 = CARTESIAN_POINT('',(-0.602190064834,-20.32971554468));
#1361 = CARTESIAN_POINT('',(-0.646980176629,-20.34749831288));
#1362 = CARTESIAN_POINT('',(-0.692094074105,-20.36589138741));
#1363 = CARTESIAN_POINT('',(-0.737610188882,-20.3846606867));
#1364 = CARTESIAN_POINT('',(-0.783608058989,-20.40355818729));
#1365 = CARTESIAN_POINT('',(-0.877088737714,-20.44122616012));
#1366 = CARTESIAN_POINT('',(-0.924611382268,-20.46000724003));
#1367 = CARTESIAN_POINT('',(-0.972795716748,-20.4783821681));
#1368 = CARTESIAN_POINT('',(-1.021697410641,-20.49605117826));
#1369 = CARTESIAN_POINT('',(-1.07137947424,-20.51270340651));
#1370 = CARTESIAN_POINT('',(-1.192245450642,-20.54934024069));
#1371 = CARTESIAN_POINT('',(-1.264621551388,-20.56819475183));
#1372 = CARTESIAN_POINT('',(-1.338457290564,-20.5834276777));
#1373 = CARTESIAN_POINT('',(-1.413353599844,-20.59409679634));
#1374 = CARTESIAN_POINT('',(-1.488988845721,-20.59965886683));
#1375 = CARTESIAN_POINT('',(-1.61542693358,-20.60020525068));
#1376 = CARTESIAN_POINT('',(-1.665748117702,-20.59812856535));
#1377 = CARTESIAN_POINT('',(-1.71587573062,-20.59375979191));
#1378 = CARTESIAN_POINT('',(-1.765660913929,-20.58720524644));
#1379 = CARTESIAN_POINT('',(-1.814939700107,-20.57866521279));
#1380 = CARTESIAN_POINT('',(-1.920102816792,-20.55649317855));
#1381 = CARTESIAN_POINT('',(-1.97572641859,-20.54225537343));
#1382 = CARTESIAN_POINT('',(-2.030428997436,-20.52608387882));
#1383 = CARTESIAN_POINT('',(-2.084233414346,-20.50838600129));
#1384 = CARTESIAN_POINT('',(-2.137141357835,-20.48958426579));
#1385 = CARTESIAN_POINT('',(-2.256975419338,-20.44466991292));
#1386 = CARTESIAN_POINT('',(-2.323387532151,-20.41802706756));
#1387 = CARTESIAN_POINT('',(-2.38862072592,-20.39097455499));
#1388 = CARTESIAN_POINT('',(-2.452905134868,-20.36425030457));
#1389 = CARTESIAN_POINT('',(-2.516463964084,-20.33853288423));
#1390 = CARTESIAN_POINT('',(-2.625949825583,-20.29672187237));
#1391 = CARTESIAN_POINT('',(-2.672121636025,-20.27987254391));
#1392 = CARTESIAN_POINT('',(-2.718095104396,-20.26416830465));
#1393 = CARTESIAN_POINT('',(-2.763924690388,-20.24985619251));
#1394 = CARTESIAN_POINT('',(-2.809670325323,-20.23715599176));
#1395 = CARTESIAN_POINT('',(-2.902781300856,-20.21495549815));
#1396 = CARTESIAN_POINT('',(-2.950146266484,-20.2055869016));
#1397 = CARTESIAN_POINT('',(-2.997489928836,-20.1983736605));
#1398 = CARTESIAN_POINT('',(-3.044818727536,-20.19347617235));
#1399 = CARTESIAN_POINT('',(-3.092148162295,-20.1909808036));
#1400 = CARTESIAN_POINT('',(-3.187116537432,-20.19080307875));
#1401 = CARTESIAN_POINT('',(-3.234709171832,-20.19314762236));
#1402 = CARTESIAN_POINT('',(-3.282301005308,-20.19792492476));
#1403 = CARTESIAN_POINT('',(-3.329907352652,-20.20505023814));
#1404 = CARTESIAN_POINT('',(-3.377534418591,-20.21436272534));
#1405 = CARTESIAN_POINT('',(-3.470612876681,-20.23638160839));
#1406 = CARTESIAN_POINT('',(-3.516063601538,-20.24891126176));
#1407 = CARTESIAN_POINT('',(-3.56159520796,-20.26304171071));
#1408 = CARTESIAN_POINT('',(-3.607265966338,-20.27855820107));
#1409 = CARTESIAN_POINT('',(-3.653128689193,-20.2952190543));
#1410 = CARTESIAN_POINT('',(-3.762343051245,-20.33677829025));
#1411 = CARTESIAN_POINT('',(-3.825937931776,-20.36246079685));
#1412 = CARTESIAN_POINT('',(-3.890249590057,-20.38918285667));
#1413 = CARTESIAN_POINT('',(-3.955502089815,-20.41626549942));
#1414 = CARTESIAN_POINT('',(-4.021926413376,-20.44297037909));
#1415 = CARTESIAN_POINT('',(-4.118081369911,-20.4791389217));
#1416 = CARTESIAN_POINT('',(-4.146636471137,-20.48958069383));
#1417 = CARTESIAN_POINT('',(-4.175447867201,-20.49975389002));
#1418 = CARTESIAN_POINT('',(-4.204523937374,-20.50959483008));
#1419 = CARTESIAN_POINT('',(-4.233874299979,-20.51903926245));
#1420 = CARTESIAN_POINT('',(-4.333838104232,-20.54934024069));
#1421 = CARTESIAN_POINT('',(-4.406214204978,-20.56819475183));
#1422 = CARTESIAN_POINT('',(-4.480049944154,-20.5834276777));
#1423 = CARTESIAN_POINT('',(-4.554946253434,-20.59409679634));
#1424 = CARTESIAN_POINT('',(-4.630581499311,-20.59965886683));
#1425 = CARTESIAN_POINT('',(-4.75701958717,-20.60020525068));
#1426 = CARTESIAN_POINT('',(-4.807340771292,-20.59812856535));
#1427 = CARTESIAN_POINT('',(-4.85746838421,-20.59375979191));
#1428 = CARTESIAN_POINT('',(-4.907253567519,-20.58720524644));
#1429 = CARTESIAN_POINT('',(-4.956532353697,-20.57866521279));
#1430 = CARTESIAN_POINT('',(-5.061695470389,-20.55649317855));
#1431 = CARTESIAN_POINT('',(-5.117319072179,-20.54225537343));
#1432 = CARTESIAN_POINT('',(-5.17202165102,-20.52608387882));
#1433 = CARTESIAN_POINT('',(-5.225826067934,-20.5083860013));
#1434 = CARTESIAN_POINT('',(-5.27873401143,-20.48958426579));
#1435 = CARTESIAN_POINT('',(-5.398568076307,-20.44466991166));
#1436 = CARTESIAN_POINT('',(-5.46498017978,-20.41802706985));
#1437 = CARTESIAN_POINT('',(-5.530213379517,-20.39097455498));
#1438 = CARTESIAN_POINT('',(-5.594497794361,-20.36425030231));
#1439 = CARTESIAN_POINT('',(-5.658056614129,-20.33853288559));
#1440 = CARTESIAN_POINT('',(-5.767542479172,-20.29672187237));
#1441 = CARTESIAN_POINT('',(-5.813714289615,-20.27987254391));
#1442 = CARTESIAN_POINT('',(-5.859687757986,-20.26416830465));
#1443 = CARTESIAN_POINT('',(-5.905517343978,-20.24985619251));
#1444 = CARTESIAN_POINT('',(-5.951262978913,-20.23715599176));
#1445 = CARTESIAN_POINT('',(-6.044722616645,-20.21487236646));
#1446 = CARTESIAN_POINT('',(-6.092436398196,-20.20544902002));
#1447 = CARTESIAN_POINT('',(-6.140128708155,-20.19821460793));
#1448 = CARTESIAN_POINT('',(-6.187805965886,-20.19333263222));
#1449 = CARTESIAN_POINT('',(-6.235483870652,-20.19089023002));
#1450 = CARTESIAN_POINT('',(-6.28318530718,-20.19089023002));
#1451 = ( GEOMETRIC_REPRESENTATION_CONTEXT(2) 
PARAMETRIC_REPRESENTATION_CONTEXT() REPRESENTATION_CONTEXT('2D SPACE',''
  ) );
#1452 = ADVANCED_FACE('',(#1453,#1484),#228,.T.);
#1453 = FACE_BOUND('',#1454,.T.);
#1454 = EDGE_LOOP('',(#1455));
#1455 = ORIENTED_EDGE('',*,*,#1456,.T.);
#1456 = EDGE_CURVE('',#1457,#1457,#1459,.T.);
#1457 = VERTEX_POINT('',#1458);
#1458 = CARTESIAN_POINT('',(18.,0.,3.));
#1459 = SURFACE_CURVE('',#1460,(#1465,#1472),.PCURVE_S1.);
#1460 = CIRCLE('',#1461,18.);
#1461 = AXIS2_PLACEMENT_3D('',#1462,#1463,#1464);
#1462 = CARTESIAN_POINT('',(0.,0.,3.));
#1463 = DIRECTION('',(0.,0.,1.));
#1464 = DIRECTION('',(1.,0.,0.));
#1465 = PCURVE('',#228,#1466);
#1466 = DEFINITIONAL_REPRESENTATION('',(#1467),#1471);
#1467 = CIRCLE('',#1468,18.);
#1468 = AXIS2_PLACEMENT_2D('',#1469,#1470);
#1469 = CARTESIAN_POINT('',(6.077511700175E-16,-4.807142605466E-16));
#1470 = DIRECTION('',(1.,0.));
#1471 = ( GEOMETRIC_REPRESENTATION_CONTEXT(2) 
PARAMETRIC_REPRESENTATION_CONTEXT() REPRESENTATION_CONTEXT('2D SPACE',''
  ) );
#1472 = PCURVE('',#1473,#1478);
#1473 = CYLINDRICAL_SURFACE('',#1474,18.);
#1474 = AXIS2_PLACEMENT_3D('',#1475,#1476,#1477);
#1475 = CARTESIAN_POINT('',(0.,0.,0.));
#1476 = DIRECTION('',(-0.,-0.,-1.));
#1477 = DIRECTION('',(1.,0.,0.));
#1478 = DEFINITIONAL_REPRESENTATION('',(#1479),#1483);
#1479 = LINE('',#1480,#1481);
#1480 = CARTESIAN_POINT('',(-0.,-3.));
#1481 = VECTOR('',#1482,1.);
#1482 = DIRECTION('',(-1.,0.));
#1483 = ( GEOMETRIC_REPRESENTATION_CONTEXT(2) 
PARAMETRIC_REPRESENTATION_CONTEXT() REPRESENTATION_CONTEXT('2D SPACE',''
  ) );
#1484 = FACE_BOUND('',#1485,.T.);
#1485 = EDGE_LOOP('',(#1486));
#1486 = ORIENTED_EDGE('',*,*,#211,.F.);
#1487 = ADVANCED_FACE('',(#1488),#335,.F.);
#1488 = FACE_BOUND('',#1489,.T.);
#1489 = EDGE_LOOP('',(#1490,#1491,#1512,#1513));
#1490 = ORIENTED_EDGE('',*,*,#265,.F.);
#1491 = ORIENTED_EDGE('',*,*,#1492,.T.);
#1492 = EDGE_CURVE('',#266,#590,#1493,.T.);
#1493 = SEAM_CURVE('',#1494,(#1498,#1505),.PCURVE_S1.);
#1494 = LINE('',#1495,#1496);
#1495 = CARTESIAN_POINT('',(0.7,20.,16.));
#1496 = VECTOR('',#1497,1.);
#1497 = DIRECTION('',(0.,-1.,0.));
#1498 = PCURVE('',#335,#1499);
#1499 = DEFINITIONAL_REPRESENTATION('',(#1500),#1504);
#1500 = LINE('',#1501,#1502);
#1501 = CARTESIAN_POINT('',(-6.28318530718,0.));
#1502 = VECTOR('',#1503,1.);
#1503 = DIRECTION('',(-0.,-1.));
#1504 = ( GEOMETRIC_REPRESENTATION_CONTEXT(2) 
PARAMETRIC_REPRESENTATION_CONTEXT() REPRESENTATION_CONTEXT('2D SPACE',''
  ) );
#1505 = PCURVE('',#335,#1506);
#1506 = DEFINITIONAL_REPRESENTATION('',(#1507),#1511);
#1507 = LINE('',#1508,#1509);
#1508 = CARTESIAN_POINT('',(-0.,0.));
#1509 = VECTOR('',#1510,1.);
#1510 = DIRECTION('',(-0.,-1.));
#1511 = ( GEOMETRIC_REPRESENTATION_CONTEXT(2) 
PARAMETRIC_REPRESENTATION_CONTEXT() REPRESENTATION_CONTEXT('2D SPACE',''
  ) );
#1512 = ORIENTED_EDGE('',*,*,#589,.T.);
#1513 = ORIENTED_EDGE('',*,*,#1492,.F.);
#1514 = ADVANCED_FACE('',(#1515),#446,.F.);
#1515 = FACE_BOUND('',#1516,.T.);
#1516 = EDGE_LOOP('',(#1517,#1518,#1539,#1540));
#1517 = ORIENTED_EDGE('',*,*,#695,.F.);
#1518 = ORIENTED_EDGE('',*,*,#1519,.T.);
#1519 = EDGE_CURVE('',#696,#377,#1520,.T.);
#1520 = SEAM_CURVE('',#1521,(#1525,#1532),.PCURVE_S1.);
#1521 = LINE('',#1522,#1523);
#1522 = CARTESIAN_POINT('',(0.7,20.,16.));
#1523 = VECTOR('',#1524,1.);
#1524 = DIRECTION('',(0.,-1.,0.));
#1525 = PCURVE('',#446,#1526);
#1526 = DEFINITIONAL_REPRESENTATION('',(#1527),#1531);
#1527 = LINE('',#1528,#1529);
#1528 = CARTESIAN_POINT('',(-6.28318530718,0.));
#1529 = VECTOR('',#1530,1.);
#1530 = DIRECTION('',(-0.,-1.));
#1531 = ( GEOMETRIC_REPRESENTATION_CONTEXT(2) 
PARAMETRIC_REPRESENTATION_CONTEXT() REPRESENTATION_CONTEXT('2D SPACE',''
  ) );
#1532 = PCURVE('',#446,#1533);
#1533 = DEFINITIONAL_REPRESENTATION('',(#1534),#1538);
#1534 = LINE('',#1535,#1536);
#1535 = CARTESIAN_POINT('',(-0.,0.));
#1536 = VECTOR('',#1537,1.);
#1537 = DIRECTION('',(-0.,-1.));
#1538 = ( GEOMETRIC_REPRESENTATION_CONTEXT(2) 
PARAMETRIC_REPRESENTATION_CONTEXT() REPRESENTATION_CONTEXT('2D SPACE',''
  ) );
#1539 = ORIENTED_EDGE('',*,*,#376,.T.);
#1540 = ORIENTED_EDGE('',*,*,#1519,.F.);
#1541 = ADVANCED_FACE('',(#1542,#1568),#525,.F.);
#1542 = FACE_BOUND('',#1543,.F.);
#1543 = EDGE_LOOP('',(#1544));
#1544 = ORIENTED_EDGE('',*,*,#1545,.T.);
#1545 = EDGE_CURVE('',#1546,#1546,#1548,.T.);
#1546 = VERTEX_POINT('',#1547);
#1547 = CARTESIAN_POINT('',(18.,0.,0.));
#1548 = SURFACE_CURVE('',#1549,(#1554,#1561),.PCURVE_S1.);
#1549 = CIRCLE('',#1550,18.);
#1550 = AXIS2_PLACEMENT_3D('',#1551,#1552,#1553);
#1551 = CARTESIAN_POINT('',(0.,0.,0.));
#1552 = DIRECTION('',(0.,0.,1.));
#1553 = DIRECTION('',(1.,0.,0.));
#1554 = PCURVE('',#525,#1555);
#1555 = DEFINITIONAL_REPRESENTATION('',(#1556),#1560);
#1556 = CIRCLE('',#1557,18.);
#1557 = AXIS2_PLACEMENT_2D('',#1558,#1559);
#1558 = CARTESIAN_POINT('',(6.077511700175E-16,-4.807142605466E-16));
#1559 = DIRECTION('',(1.,0.));
#1560 = ( GEOMETRIC_REPRESENTATION_CONTEXT(2) 
PARAMETRIC_REPRESENTATION_CONTEXT() REPRESENTATION_CONTEXT('2D SPACE',''
  ) );
#1561 = PCURVE('',#1473,#1562);
#1562 = DEFINITIONAL_REPRESENTATION('',(#1563),#1567);
#1563 = LINE('',#1564,#1565);
#1564 = CARTESIAN_POINT('',(-0.,0.));
#1565 = VECTOR('',#1566,1.);
#1566 = DIRECTION('',(-1.,0.));
#1567 = ( GEOMETRIC_REPRESENTATION_CONTEXT(2) 
PARAMETRIC_REPRESENTATION_CONTEXT() REPRESENTATION_CONTEXT('2D SPACE',''
  ) );
#1568 = FACE_BOUND('',#1569,.F.);
#1569 = EDGE_LOOP('',(#1570,#1571));
#1570 = ORIENTED_EDGE('',*,*,#510,.F.);
#1571 = ORIENTED_EDGE('',*,*,#558,.T.);
#1572 = ADVANCED_FACE('',(#1573),#1015,.F.);
#1573 = FACE_BOUND('',#1574,.T.);
#1574 = EDGE_LOOP('',(#1575,#1771,#1792,#1793));
#1575 = ORIENTED_EDGE('',*,*,#1576,.T.);
#1576 = EDGE_CURVE('',#1577,#1577,#1579,.T.);
#1577 = VERTEX_POINT('',#1578);
#1578 = CARTESIAN_POINT('',(1.4,17.94547296674,1.5));
#1579 = SURFACE_CURVE('',#1580,(#1625,#1698),.PCURVE_S1.);
#1580 = B_SPLINE_CURVE_WITH_KNOTS('',7,(#1581,#1582,#1583,#1584,#1585,
    #1586,#1587,#1588,#1589,#1590,#1591,#1592,#1593,#1594,#1595,#1596,
    #1597,#1598,#1599,#1600,#1601,#1602,#1603,#1604,#1605,#1606,#1607,
    #1608,#1609,#1610,#1611,#1612,#1613,#1614,#1615,#1616,#1617,#1618,
    #1619,#1620,#1621,#1622,#1623,#1624),.UNSPECIFIED.,.T.,.F.,(8,6,6,6,
    6,6,6,8),(0.748501078497,0.9098330287,1.034912940704,1.161351164863,
    1.325392860397,1.46216927295,1.596775730886,1.748501078497),
  .UNSPECIFIED.);
#1581 = CARTESIAN_POINT('',(1.4,17.94547296674,1.5));
#1582 = CARTESIAN_POINT('',(1.4,17.94547296674,1.321245714936));
#1583 = CARTESIAN_POINT('',(1.373373509165,17.947550053348,
    1.142424320554));
#1584 = CARTESIAN_POINT('',(1.320076832357,17.951708749653,
    0.966267432538));
#1585 = CARTESIAN_POINT('',(1.239351214563,17.957754002131,
    0.795878395428));
#1586 = CARTESIAN_POINT('',(1.13013164089,17.965274526907,0.635250527514
    ));
#1587 = CARTESIAN_POINT('',(0.99135363865,17.973470845709,0.489765410273
    ));
#1588 = CARTESIAN_POINT('',(0.692297527762,17.987156993074,
    0.272488427452));
#1589 = CARTESIAN_POINT('',(0.541048674833,17.992969427454,
    0.189442268123));
#1590 = CARTESIAN_POINT('',(0.372464031944,17.997838973164,0.12648638436
    ));
#1591 = CARTESIAN_POINT('',(0.192196692543,18.000888350445,
    8.915769265389E-02));
#1592 = CARTESIAN_POINT('',(7.242670366335E-03,18.001564384284,
    8.02128675933E-02));
#1593 = CARTESIAN_POINT('',(-0.175053257679,17.99998154277,
    9.953581732787E-02));
#1594 = CARTESIAN_POINT('',(-0.523158351974,17.993247043779,
    0.188914014365));
#1595 = CARTESIAN_POINT('',(-0.684605458599,17.988137738886,
    0.258449526626));
#1596 = CARTESIAN_POINT('',(-0.829793857369,17.981909053213,
    0.34797822353));
#1597 = CARTESIAN_POINT('',(-0.957122391583,17.975263376474,
    0.45330553341));
#1598 = CARTESIAN_POINT('',(-1.065737368035,17.968815462175,
    0.57047612948));
#1599 = CARTESIAN_POINT('',(-1.155466464439,17.963017944632,
    0.695736245566));
#1600 = CARTESIAN_POINT('',(-1.319415982107,17.9518175614,0.993959311099
    ));
#1601 = CARTESIAN_POINT('',(-1.383633775001,17.94687096454,
    1.174661319516));
#1602 = CARTESIAN_POINT('',(-1.418556061094,17.943982452969,
    1.362501178646));
#1603 = CARTESIAN_POINT('',(-1.424034318473,17.943531085684,
    1.552757158995));
#1604 = CARTESIAN_POINT('',(-1.40034884548,17.945515742104,
    1.741149437988));
#1605 = CARTESIAN_POINT('',(-1.347880687565,17.949647108469,
    1.923696252891));
#1606 = CARTESIAN_POINT('',(-1.199118439135,17.960142338909,
    2.239832122887));
#1607 = CARTESIAN_POINT('',(-1.110240056783,17.966113930738,
    2.379315703636));
#1608 = CARTESIAN_POINT('',(-0.999312577118,17.973005346342,
    2.510451103102));
#1609 = CARTESIAN_POINT('',(-0.866316732218,17.980299361777,
    2.628776163723));
#1610 = CARTESIAN_POINT('',(-0.712048290991,17.987249801016,
    2.729456259694));
#1611 = CARTESIAN_POINT('',(-0.538237358999,17.992955322804,
    2.807214354674));
#1612 = CARTESIAN_POINT('',(-0.161109805276,18.000251295117,
    2.904044252762));
#1613 = CARTESIAN_POINT('',(3.597241244002E-02,18.001794241818,
    2.922557323855));
#1614 = CARTESIAN_POINT('',(0.235147547196,18.000677173394,
    2.908103925178));
#1615 = CARTESIAN_POINT('',(0.427583231776,17.996814665928,
    2.860983064213));
#1616 = CARTESIAN_POINT('',(0.60497477111,17.991007886221,2.78502818947)
  );
#1617 = CARTESIAN_POINT('',(0.76096973453,17.984388781666,2.687441804946
    ));
#1618 = CARTESIAN_POINT('',(1.040531571011,17.970511761886,
    2.456168140463));
#1619 = CARTESIAN_POINT('',(1.162415811652,17.963033899755,
    2.315360958798));
#1620 = CARTESIAN_POINT('',(1.258434538738,17.956321412947,
    2.162396491208));
#1621 = CARTESIAN_POINT('',(1.329511950122,17.950972368469,
    2.001491142072));
#1622 = CARTESIAN_POINT('',(1.376508744885,17.947305534722,
    1.835818037324));
#1623 = CARTESIAN_POINT('',(1.4,17.94547296674,1.667899824647));
#1624 = CARTESIAN_POINT('',(1.4,17.94547296674,1.5));
#1625 = PCURVE('',#1015,#1626);
#1626 = DEFINITIONAL_REPRESENTATION('',(#1627),#1697);
#1627 = B_SPLINE_CURVE_WITH_KNOTS('',3,(#1628,#1629,#1630,#1631,#1632,
    #1633,#1634,#1635,#1636,#1637,#1638,#1639,#1640,#1641,#1642,#1643,
    #1644,#1645,#1646,#1647,#1648,#1649,#1650,#1651,#1652,#1653,#1654,
    #1655,#1656,#1657,#1658,#1659,#1660,#1661,#1662,#1663,#1664,#1665,
    #1666,#1667,#1668,#1669,#1670,#1671,#1672,#1673,#1674,#1675,#1676,
    #1677,#1678,#1679,#1680,#1681,#1682,#1683,#1684,#1685,#1686,#1687,
    #1688,#1689,#1690,#1691,#1692,#1693,#1694,#1695,#1696),
  .UNSPECIFIED.,.F.,.F.,(4,1,1,1,1,1,1,1,1,1,1,1,1,1,1,1,1,1,1,1,1,1,1,1
    ,1,1,1,1,1,1,1,1,1,1,1,1,1,1,1,1,1,1,1,1,1,1,1,1,1,1,1,1,1,1,1,1,1,1
    ,1,1,1,1,1,1,1,1,4),(0.748501078497,0.763652593648,0.7788041088,
    0.793955623951,0.809107139103,0.824258654254,0.839410169406,
    0.854561684557,0.869713199709,0.88486471486,0.900016230012,
    0.915167745163,0.930319260315,0.945470775467,0.960622290618,
    0.97577380577,0.990925320921,1.006076836073,1.021228351224,
    1.036379866376,1.051531381527,1.066682896679,1.08183441183,
    1.096985926982,1.112137442133,1.127288957285,1.142440472436,
    1.157591987588,1.172743502739,1.187895017891,1.203046533042,
    1.218198048194,1.233349563345,1.248501078497,1.263652593648,
    1.2788041088,1.293955623951,1.309107139103,1.324258654254,
    1.339410169406,1.354561684557,1.369713199709,1.38486471486,
    1.400016230012,1.415167745163,1.430319260315,1.445470775467,
    1.460622290618,1.47577380577,1.490925320921,1.506076836073,
    1.521228351224,1.536379866376,1.551531381527,1.566682896679,
    1.58183441183,1.596985926982,1.612137442133,1.627288957285,
    1.642440472436,1.657591987588,1.672743502739,1.687895017891,
    1.703046533042,1.718198048194,1.733349563345,1.748501078497),
  .QUASI_UNIFORM_KNOTS.);
#1628 = CARTESIAN_POINT('',(-6.28318530718,-5.452703325989E-02));
#1629 = CARTESIAN_POINT('',(-6.255206547732,-5.452818393735E-02));
#1630 = CARTESIAN_POINT('',(-6.199239921937,-5.426965511957E-02));
#1631 = CARTESIAN_POINT('',(-6.115028771655,-5.312030136953E-02));
#1632 = CARTESIAN_POINT('',(-6.030319911814,-5.122468011563E-02));
#1633 = CARTESIAN_POINT('',(-5.944885969215,-4.861781379057E-02));
#1634 = CARTESIAN_POINT('',(-5.858499920014,-4.534921199528E-02));
#1635 = CARTESIAN_POINT('',(-5.770931789355,-4.148608330498E-02));
#1636 = CARTESIAN_POINT('',(-5.681946074475,-3.71145039322E-02));
#1637 = CARTESIAN_POINT('',(-5.591291364783,-3.234078330533E-02));
#1638 = CARTESIAN_POINT('',(-5.498718927786,-2.729387749234E-02));
#1639 = CARTESIAN_POINT('',(-5.403888876367,-2.212252065773E-02));
#1640 = CARTESIAN_POINT('',(-5.306688914747,-1.701085684203E-02));
#1641 = CARTESIAN_POINT('',(-5.205495955313,-1.209750411748E-02));
#1642 = CARTESIAN_POINT('',(-5.101327463934,-7.686509988457E-03));
#1643 = CARTESIAN_POINT('',(-4.99491765512,-4.054799155374E-03));
#1644 = CARTESIAN_POINT('',(-4.886927115948,-1.440089977378E-03));
#1645 = CARTESIAN_POINT('',(-4.777943725249,-1.767027423824E-05));
#1646 = CARTESIAN_POINT('',(-4.668483134212,1.123915851568E-04));
#1647 = CARTESIAN_POINT('',(-4.559177863688,-1.06042951704E-03));
#1648 = CARTESIAN_POINT('',(-4.450197568321,-3.47396796983E-03));
#1649 = CARTESIAN_POINT('',(-4.343602777893,-6.927525392328E-03));
#1650 = CARTESIAN_POINT('',(-4.239893471184,-1.116844744159E-02));
#1651 = CARTESIAN_POINT('',(-4.138661491299,-1.597134289135E-02));
#1652 = CARTESIAN_POINT('',(-4.039799825945,-2.110586104029E-02));
#1653 = CARTESIAN_POINT('',(-3.94316961166,-2.635543194374E-02));
#1654 = CARTESIAN_POINT('',(-3.848691189163,-3.152014626092E-02));
#1655 = CARTESIAN_POINT('',(-3.756293433361,-3.642400359802E-02));
#1656 = CARTESIAN_POINT('',(-3.666014333544,-4.091302930899E-02));
#1657 = CARTESIAN_POINT('',(-3.577644783006,-4.487862330332E-02));
#1658 = CARTESIAN_POINT('',(-3.489693613715,-4.828139147865E-02));
#1659 = CARTESIAN_POINT('',(-3.402352222216,-5.101754780814E-02));
#1660 = CARTESIAN_POINT('',(-3.315426445699,-5.302254864711E-02));
#1661 = CARTESIAN_POINT('',(-3.22882209012,-5.424698216159E-02));
#1662 = CARTESIAN_POINT('',(-3.142412201932,-5.466307600454E-02));
#1663 = CARTESIAN_POINT('',(-3.056071439694,-5.42626926367E-02));
#1664 = CARTESIAN_POINT('',(-2.969660160482,-5.305710024939E-02));
#1665 = CARTESIAN_POINT('',(-2.883041820558,-5.107691601386E-02));
#1666 = CARTESIAN_POINT('',(-2.796015806994,-4.836876475043E-02));
#1667 = CARTESIAN_POINT('',(-2.708552454899,-4.500450187251E-02));
#1668 = CARTESIAN_POINT('',(-2.619899633774,-4.104348004154E-02));
#1669 = CARTESIAN_POINT('',(-2.529141630526,-3.654061131385E-02));
#1670 = CARTESIAN_POINT('',(-2.436480165326,-3.162783150429E-02));
#1671 = CARTESIAN_POINT('',(-2.341788198968,-2.645260607035E-02));
#1672 = CARTESIAN_POINT('',(-2.244989365951,-2.119151940998E-02));
#1673 = CARTESIAN_POINT('',(-2.145961174869,-1.604301022888E-02));
#1674 = CARTESIAN_POINT('',(-2.044531661122,-1.122316462827E-02));
#1675 = CARTESIAN_POINT('',(-1.940572359947,-6.963228365123E-03));
#1676 = CARTESIAN_POINT('',(-1.833603870158,-3.489451517327E-03));
#1677 = CARTESIAN_POINT('',(-1.724241387251,-1.063321863369E-03));
#1678 = CARTESIAN_POINT('',(-1.614812844784,1.120494461983E-04));
#1679 = CARTESIAN_POINT('',(-1.505327422986,-1.706229277253E-05));
#1680 = CARTESIAN_POINT('',(-1.396371745669,-1.43808015045E-03));
#1681 = CARTESIAN_POINT('',(-1.288387588265,-4.051179068232E-03));
#1682 = CARTESIAN_POINT('',(-1.181887287438,-7.68493759001E-03));
#1683 = CARTESIAN_POINT('',(-1.077466548743,-1.21068173272E-02));
#1684 = CARTESIAN_POINT('',(-0.975701754896,-1.705028701777E-02));
#1685 = CARTESIAN_POINT('',(-0.877733985835,-2.220655508146E-02));
#1686 = CARTESIAN_POINT('',(-0.783248940507,-2.736075871335E-02));
#1687 = CARTESIAN_POINT('',(-0.690752436707,-3.240219164051E-02));
#1688 = CARTESIAN_POINT('',(-0.600263771255,-3.716421590466E-02));
#1689 = CARTESIAN_POINT('',(-0.511429271673,-4.152443288688E-02));
#1690 = CARTESIAN_POINT('',(-0.424018643439,-4.537632745026E-02));
#1691 = CARTESIAN_POINT('',(-0.337784984388,-4.863510988416E-02));
#1692 = CARTESIAN_POINT('',(-0.252496672881,-5.123409521486E-02));
#1693 = CARTESIAN_POINT('',(-0.167923459907,-5.312413493962E-02));
#1694 = CARTESIAN_POINT('',(-8.383615129548E-02,-5.427029939346E-02));
#1695 = CARTESIAN_POINT('',(-2.794382848568E-02,-5.452816703311E-02));
#1696 = CARTESIAN_POINT('',(0.,-5.452703325989E-02));
#1697 = ( GEOMETRIC_REPRESENTATION_CONTEXT(2) 
PARAMETRIC_REPRESENTATION_CONTEXT() REPRESENTATION_CONTEXT('2D SPACE',''
  ) );
#1698 = PCURVE('',#1473,#1699);
#1699 = DEFINITIONAL_REPRESENTATION('',(#1700),#1770);
#1700 = B_SPLINE_CURVE_WITH_KNOTS('',3,(#1701,#1702,#1703,#1704,#1705,
    #1706,#1707,#1708,#1709,#1710,#1711,#1712,#1713,#1714,#1715,#1716,
    #1717,#1718,#1719,#1720,#1721,#1722,#1723,#1724,#1725,#1726,#1727,
    #1728,#1729,#1730,#1731,#1732,#1733,#1734,#1735,#1736,#1737,#1738,
    #1739,#1740,#1741,#1742,#1743,#1744,#1745,#1746,#1747,#1748,#1749,
    #1750,#1751,#1752,#1753,#1754,#1755,#1756,#1757,#1758,#1759,#1760,
    #1761,#1762,#1763,#1764,#1765,#1766,#1767,#1768,#1769),
  .UNSPECIFIED.,.T.,.F.,(4,1,1,1,1,1,1,1,1,1,1,1,1,1,1,1,1,1,1,1,1,1,1,1
    ,1,1,1,1,1,1,1,1,1,1,1,1,1,1,1,1,1,1,1,1,1,1,1,1,1,1,1,1,1,1,1,1,1,1
    ,1,1,1,1,1,1,1,1,4),(0.748501078497,0.763652593648,0.7788041088,
    0.793955623951,0.809107139103,0.824258654254,0.839410169406,
    0.854561684557,0.869713199709,0.88486471486,0.900016230012,
    0.915167745163,0.930319260315,0.945470775467,0.960622290618,
    0.97577380577,0.990925320921,1.006076836073,1.021228351224,
    1.036379866376,1.051531381527,1.066682896679,1.08183441183,
    1.096985926982,1.112137442133,1.127288957285,1.142440472436,
    1.157591987588,1.172743502739,1.187895017891,1.203046533042,
    1.218198048194,1.233349563345,1.248501078497,1.263652593648,
    1.2788041088,1.293955623951,1.309107139103,1.324258654254,
    1.339410169406,1.354561684557,1.369713199709,1.38486471486,
    1.400016230012,1.415167745163,1.430319260315,1.445470775467,
    1.460622290618,1.47577380577,1.490925320921,1.506076836073,
    1.521228351224,1.536379866376,1.551531381527,1.566682896679,
    1.58183441183,1.596985926982,1.612137442133,1.627288957285,
    1.642440472436,1.657591987588,1.672743502739,1.687895017891,
    1.703046533042,1.718198048194,1.733349563345,1.748501078497),
  .QUASI_UNIFORM_KNOTS.);
#1701 = CARTESIAN_POINT('',(-1.49293991685,-1.5));
#1702 = CARTESIAN_POINT('',(-1.492940086919,-1.460831596778));
#1703 = CARTESIAN_POINT('',(-1.493122984091,-1.382475438665));
#1704 = CARTESIAN_POINT('',(-1.493948887323,-1.265410775026));
#1705 = CARTESIAN_POINT('',(-1.495329526554,-1.149327041169));
#1706 = CARTESIAN_POINT('',(-1.497270557767,-1.034792546331));
#1707 = CARTESIAN_POINT('',(-1.499778735655,-0.922425696836));
#1708 = CARTESIAN_POINT('',(-1.502861775572,-0.812909987149));
#1709 = CARTESIAN_POINT('',(-1.506527707337,-0.707005391508));
#1710 = CARTESIAN_POINT('',(-1.510784836217,-0.605557387296));
#1711 = CARTESIAN_POINT('',(-1.515639523138,-0.509525505623));
#1712 = CARTESIAN_POINT('',(-1.5211017442,-0.419943969866));
#1713 = CARTESIAN_POINT('',(-1.527161299708,-0.338143657443));
#1714 = CARTESIAN_POINT('',(-1.533905830832,-0.26461093949));
#1715 = CARTESIAN_POINT('',(-1.541243756597,-0.202163892221));
#1716 = CARTESIAN_POINT('',(-1.549069843727,-0.152922528378));
#1717 = CARTESIAN_POINT('',(-1.557263087826,-0.11855943498));
#1718 = CARTESIAN_POINT('',(-1.565691146356,-0.100220836511));
#1719 = CARTESIAN_POINT('',(-1.574216884318,-9.855628488223E-02));
#1720 = CARTESIAN_POINT('',(-1.582690060423,-0.113639664616));
#1721 = CARTESIAN_POINT('',(-1.590996654166,-0.14521212334));
#1722 = CARTESIAN_POINT('',(-1.598889157026,-0.191722809882));
#1723 = CARTESIAN_POINT('',(-1.606262926567,-0.25121033006));
#1724 = CARTESIAN_POINT('',(-1.613094346706,-0.322201320719));
#1725 = CARTESIAN_POINT('',(-1.619348962142,-0.403161073894));
#1726 = CARTESIAN_POINT('',(-1.625005285042,-0.492634318618));
#1727 = CARTESIAN_POINT('',(-1.630047452242,-0.589194066023));
#1728 = CARTESIAN_POINT('',(-1.634467913659,-0.691477573374));
#1729 = CARTESIAN_POINT('',(-1.63826209684,-0.79807431675));
#1730 = CARTESIAN_POINT('',(-1.641445937147,-0.907926375806));
#1731 = CARTESIAN_POINT('',(-1.644068402227,-1.021828998887));
#1732 = CARTESIAN_POINT('',(-1.646110986,-1.138603547075));
#1733 = CARTESIAN_POINT('',(-1.647573452585,-1.257552702451));
#1734 = CARTESIAN_POINT('',(-1.648453061692,-1.377881612306));
#1735 = CARTESIAN_POINT('',(-1.64874972968,-1.498851221565));
#1736 = CARTESIAN_POINT('',(-1.64846428387,-1.619732519749));
#1737 = CARTESIAN_POINT('',(-1.647598389189,-1.739819888859));
#1738 = CARTESIAN_POINT('',(-1.646154669902,-1.858401523179));
#1739 = CARTESIAN_POINT('',(-1.64413435364,-1.974836293511));
#1740 = CARTESIAN_POINT('',(-1.641544603773,-2.088241037649));
#1741 = CARTESIAN_POINT('',(-1.638369546527,-2.198622420206));
#1742 = CARTESIAN_POINT('',(-1.634569736339,-2.305952998701));
#1743 = CARTESIAN_POINT('',(-1.630148404521,-2.408693422643));
#1744 = CARTESIAN_POINT('',(-1.625104878462,-2.505641572324));
#1745 = CARTESIAN_POINT('',(-1.619446998665,-2.595442011814));
#1746 = CARTESIAN_POINT('',(-1.613188692939,-2.676710477072));
#1747 = CARTESIAN_POINT('',(-1.606349229873,-2.748006421363));
#1748 = CARTESIAN_POINT('',(-1.598961424398,-2.807790173782));
#1749 = CARTESIAN_POINT('',(-1.591043337219,-2.854584378231));
#1750 = CARTESIAN_POINT('',(-1.58270818771,-2.886323400372));
#1751 = CARTESIAN_POINT('',(-1.574225494767,-2.901439346297));
#1752 = CARTESIAN_POINT('',(-1.565697823948,-2.899786759947));
#1753 = CARTESIAN_POINT('',(-1.557271818781,-2.881466580647));
#1754 = CARTESIAN_POINT('',(-1.549078803203,-2.847125934182));
#1755 = CARTESIAN_POINT('',(-1.541245717957,-2.797859044019));
#1756 = CARTESIAN_POINT('',(-1.533890096554,-2.735256896662));
#1757 = CARTESIAN_POINT('',(-1.527108698346,-2.661264914299));
#1758 = CARTESIAN_POINT('',(-1.521007647694,-2.57866424817));
#1759 = CARTESIAN_POINT('',(-1.515573052063,-2.48925424768));
#1760 = CARTESIAN_POINT('',(-1.510728145966,-2.393208920275));
#1761 = CARTESIAN_POINT('',(-1.506485033784,-2.291861813383));
#1762 = CARTESIAN_POINT('',(-1.502830555037,-2.186079827602));
#1763 = CARTESIAN_POINT('',(-1.499757630634,-2.076719880908));
#1764 = CARTESIAN_POINT('',(-1.49725754947,-1.964525335125));
#1765 = CARTESIAN_POINT('',(-1.49532262921,-1.850171138034));
#1766 = CARTESIAN_POINT('',(-1.493946125188,-1.734266290648));
#1767 = CARTESIAN_POINT('',(-1.493122525564,-1.617371582514));
#1768 = CARTESIAN_POINT('',(-1.492940090801,-1.539119559723));
#1769 = CARTESIAN_POINT('',(-1.49293991685,-1.5));
#1770 = ( GEOMETRIC_REPRESENTATION_CONTEXT(2) 
PARAMETRIC_REPRESENTATION_CONTEXT() REPRESENTATION_CONTEXT('2D SPACE',''
  ) );
#1771 = ORIENTED_EDGE('',*,*,#1772,.T.);
#1772 = EDGE_CURVE('',#1577,#802,#1773,.T.);
#1773 = SEAM_CURVE('',#1774,(#1778,#1785),.PCURVE_S1.);
#1774 = LINE('',#1775,#1776);
#1775 = CARTESIAN_POINT('',(1.4,18.,1.5));
#1776 = VECTOR('',#1777,1.);
#1777 = DIRECTION('',(0.,-1.,0.));
#1778 = PCURVE('',#1015,#1779);
#1779 = DEFINITIONAL_REPRESENTATION('',(#1780),#1784);
#1780 = LINE('',#1781,#1782);
#1781 = CARTESIAN_POINT('',(-0.,0.));
#1782 = VECTOR('',#1783,1.);
#1783 = DIRECTION('',(-0.,-1.));
#1784 = ( GEOMETRIC_REPRESENTATION_CONTEXT(2) 
PARAMETRIC_REPRESENTATION_CONTEXT() REPRESENTATION_CONTEXT('2D SPACE',''
  ) );
#1785 = PCURVE('',#1015,#1786);
#1786 = DEFINITIONAL_REPRESENTATION('',(#1787),#1791);
#1787 = LINE('',#1788,#1789);
#1788 = CARTESIAN_POINT('',(-6.28318530718,0.));
#1789 = VECTOR('',#1790,1.);
#1790 = DIRECTION('',(-0.,-1.));
#1791 = ( GEOMETRIC_REPRESENTATION_CONTEXT(2) 
PARAMETRIC_REPRESENTATION_CONTEXT() REPRESENTATION_CONTEXT('2D SPACE',''
  ) );
#1792 = ORIENTED_EDGE('',*,*,#801,.T.);
#1793 = ORIENTED_EDGE('',*,*,#1772,.F.);
#1794 = ADVANCED_FACE('',(#1795),#1342,.F.);
#1795 = FACE_BOUND('',#1796,.T.);
#1796 = EDGE_LOOP('',(#1797,#1798,#1821,#2015));
#1797 = ORIENTED_EDGE('',*,*,#1128,.F.);
#1798 = ORIENTED_EDGE('',*,*,#1799,.T.);
#1799 = EDGE_CURVE('',#1129,#1800,#1802,.T.);
#1800 = VERTEX_POINT('',#1801);
#1801 = CARTESIAN_POINT('',(1.4,-17.94547296674,1.5));
#1802 = SEAM_CURVE('',#1803,(#1807,#1814),.PCURVE_S1.);
#1803 = LINE('',#1804,#1805);
#1804 = CARTESIAN_POINT('',(1.4,18.,1.5));
#1805 = VECTOR('',#1806,1.);
#1806 = DIRECTION('',(0.,-1.,0.));
#1807 = PCURVE('',#1342,#1808);
#1808 = DEFINITIONAL_REPRESENTATION('',(#1809),#1813);
#1809 = LINE('',#1810,#1811);
#1810 = CARTESIAN_POINT('',(-0.,0.));
#1811 = VECTOR('',#1812,1.);
#1812 = DIRECTION('',(-0.,-1.));
#1813 = ( GEOMETRIC_REPRESENTATION_CONTEXT(2) 
PARAMETRIC_REPRESENTATION_CONTEXT() REPRESENTATION_CONTEXT('2D SPACE',''
  ) );
#1814 = PCURVE('',#1342,#1815);
#1815 = DEFINITIONAL_REPRESENTATION('',(#1816),#1820);
#1816 = LINE('',#1817,#1818);
#1817 = CARTESIAN_POINT('',(-6.28318530718,0.));
#1818 = VECTOR('',#1819,1.);
#1819 = DIRECTION('',(-0.,-1.));
#1820 = ( GEOMETRIC_REPRESENTATION_CONTEXT(2) 
PARAMETRIC_REPRESENTATION_CONTEXT() REPRESENTATION_CONTEXT('2D SPACE',''
  ) );
#1821 = ORIENTED_EDGE('',*,*,#1822,.T.);
#1822 = EDGE_CURVE('',#1800,#1800,#1823,.T.);
#1823 = SURFACE_CURVE('',#1824,(#1869,#1942),.PCURVE_S1.);
#1824 = B_SPLINE_CURVE_WITH_KNOTS('',7,(#1825,#1826,#1827,#1828,#1829,
    #1830,#1831,#1832,#1833,#1834,#1835,#1836,#1837,#1838,#1839,#1840,
    #1841,#1842,#1843,#1844,#1845,#1846,#1847,#1848,#1849,#1850,#1851,
    #1852,#1853,#1854,#1855,#1856,#1857,#1858,#1859,#1860,#1861,#1862,
    #1863,#1864,#1865,#1866,#1867,#1868),.UNSPECIFIED.,.T.,.F.,(8,6,6,6,
    6,6,6,8),(0.,0.151725351241,0.286331812398,0.423108228222,
    0.58714992768,0.71358815055,0.838668056982,1.),.UNSPECIFIED.);
#1825 = CARTESIAN_POINT('',(1.4,-17.94547296674,1.5));
#1826 = CARTESIAN_POINT('',(1.4,-17.94547296674,1.667899824647));
#1827 = CARTESIAN_POINT('',(1.376508744885,-17.94730553472,
    1.835818037325));
#1828 = CARTESIAN_POINT('',(1.329511950122,-17.95097236846,
    2.001491142071));
#1829 = CARTESIAN_POINT('',(1.258434538737,-17.95632141294,
    2.162396491209));
#1830 = CARTESIAN_POINT('',(1.162415811652,-17.96303389975,
    2.315360958797));
#1831 = CARTESIAN_POINT('',(1.04053157101,-17.97051176188,2.456168140463
    ));
#1832 = CARTESIAN_POINT('',(0.76096973453,-17.98438878166,2.687441804948
    ));
#1833 = CARTESIAN_POINT('',(0.60497477111,-17.99100788622,2.785028189469
    ));
#1834 = CARTESIAN_POINT('',(0.427583231776,-17.99681466592,
    2.860983064214));
#1835 = CARTESIAN_POINT('',(0.235147547195,-18.00067717339,
    2.908103925178));
#1836 = CARTESIAN_POINT('',(3.59724124404E-02,-18.00179424181,
    2.922557323855));
#1837 = CARTESIAN_POINT('',(-0.161109805276,-18.00025129511,
    2.904044252762));
#1838 = CARTESIAN_POINT('',(-0.538237358999,-17.9929553228,
    2.807214354674));
#1839 = CARTESIAN_POINT('',(-0.712048290991,-17.98724980101,
    2.729456259694));
#1840 = CARTESIAN_POINT('',(-0.866316732218,-17.98029936177,
    2.628776163723));
#1841 = CARTESIAN_POINT('',(-0.999312577118,-17.97300534634,
    2.510451103102));
#1842 = CARTESIAN_POINT('',(-1.110240056783,-17.96611393073,
    2.379315703636));
#1843 = CARTESIAN_POINT('',(-1.199118439135,-17.9601423389,
    2.239832122887));
#1844 = CARTESIAN_POINT('',(-1.347880687564,-17.94964710846,
    1.923696252893));
#1845 = CARTESIAN_POINT('',(-1.40034884548,-17.9455157421,1.74114943799)
  );
#1846 = CARTESIAN_POINT('',(-1.424034318473,-17.94353108568,
    1.552757158996));
#1847 = CARTESIAN_POINT('',(-1.418556061094,-17.94398245296,
    1.362501178645));
#1848 = CARTESIAN_POINT('',(-1.383633775,-17.94687096454,1.174661319514)
  );
#1849 = CARTESIAN_POINT('',(-1.319415982106,-17.9518175614,
    0.993959311097));
#1850 = CARTESIAN_POINT('',(-1.155466466874,-17.96301794446,
    0.695736249995));
#1851 = CARTESIAN_POINT('',(-1.065737363349,-17.96881546261,
    0.570476117869));
#1852 = CARTESIAN_POINT('',(-0.957122390029,-17.9752633761,
    0.453305544985));
#1853 = CARTESIAN_POINT('',(-0.829793870541,-17.98190905315,
    0.347978220472));
#1854 = CARTESIAN_POINT('',(-0.684605443815,-17.98813773914,
    0.258449524133));
#1855 = CARTESIAN_POINT('',(-0.523158357985,-17.99324704366,
    0.188914015908));
#1856 = CARTESIAN_POINT('',(-0.175053257679,-17.99998154277,
    9.953581732787E-02));
#1857 = CARTESIAN_POINT('',(7.242670366746E-03,-18.00156438428,
    8.021286759338E-02));
#1858 = CARTESIAN_POINT('',(0.192196692542,-18.00088835044,
    8.915769265359E-02));
#1859 = CARTESIAN_POINT('',(0.372464031945,-17.99783897316,
    0.126486384361));
#1860 = CARTESIAN_POINT('',(0.541048674832,-17.99296942745,
    0.189442268123));
#1861 = CARTESIAN_POINT('',(0.692297527762,-17.98715699307,
    0.272488427453));
#1862 = CARTESIAN_POINT('',(0.991353638651,-17.9734708457,0.489765410273
    ));
#1863 = CARTESIAN_POINT('',(1.130131640889,-17.9652745269,0.635250527514
    ));
#1864 = CARTESIAN_POINT('',(1.239351214564,-17.95775400213,
    0.795878395428));
#1865 = CARTESIAN_POINT('',(1.320076832357,-17.95170874965,
    0.966267432537));
#1866 = CARTESIAN_POINT('',(1.373373509165,-17.94755005334,
    1.142424320555));
#1867 = CARTESIAN_POINT('',(1.4,-17.94547296674,1.321245714935));
#1868 = CARTESIAN_POINT('',(1.4,-17.94547296674,1.5));
#1869 = PCURVE('',#1342,#1870);
#1870 = DEFINITIONAL_REPRESENTATION('',(#1871),#1941);
#1871 = B_SPLINE_CURVE_WITH_KNOTS('',3,(#1872,#1873,#1874,#1875,#1876,
    #1877,#1878,#1879,#1880,#1881,#1882,#1883,#1884,#1885,#1886,#1887,
    #1888,#1889,#1890,#1891,#1892,#1893,#1894,#1895,#1896,#1897,#1898,
    #1899,#1900,#1901,#1902,#1903,#1904,#1905,#1906,#1907,#1908,#1909,
    #1910,#1911,#1912,#1913,#1914,#1915,#1916,#1917,#1918,#1919,#1920,
    #1921,#1922,#1923,#1924,#1925,#1926,#1927,#1928,#1929,#1930,#1931,
    #1932,#1933,#1934,#1935,#1936,#1937,#1938,#1939,#1940),
  .UNSPECIFIED.,.F.,.F.,(4,1,1,1,1,1,1,1,1,1,1,1,1,1,1,1,1,1,1,1,1,1,1,1
    ,1,1,1,1,1,1,1,1,1,1,1,1,1,1,1,1,1,1,1,1,1,1,1,1,1,1,1,1,1,1,1,1,1,1
    ,1,1,1,1,1,1,1,1,4),(0.,1.515151515152E-02,3.030303030303E-02,
    4.545454545455E-02,6.060606060606E-02,7.575757575758E-02,
    9.090909090909E-02,0.106060606061,0.121212121212,0.136363636364,
    0.151515151515,0.166666666667,0.181818181818,0.19696969697,
    0.212121212121,0.227272727273,0.242424242424,0.257575757576,
    0.272727272727,0.287878787879,0.30303030303,0.318181818182,
    0.333333333333,0.348484848485,0.363636363636,0.378787878788,
    0.393939393939,0.409090909091,0.424242424242,0.439393939394,
    0.454545454545,0.469696969697,0.484848484848,0.5,0.515151515152,
    0.530303030303,0.545454545455,0.560606060606,0.575757575758,
    0.590909090909,0.606060606061,0.621212121212,0.636363636364,
    0.651515151515,0.666666666667,0.681818181818,0.69696969697,
    0.712121212121,0.727272727273,0.742424242424,0.757575757576,
    0.772727272727,0.787878787879,0.80303030303,0.818181818182,
    0.833333333333,0.848484848485,0.863636363636,0.878787878788,
    0.893939393939,0.909090909091,0.924242424242,0.939393939394,
    0.954545454545,0.969696969697,0.984848484848,1.),
  .QUASI_UNIFORM_KNOTS.);
#1872 = CARTESIAN_POINT('',(0.,-35.94547296674));
#1873 = CARTESIAN_POINT('',(-2.794382781718E-02,-35.94547183296));
#1874 = CARTESIAN_POINT('',(-8.383614928965E-02,-35.94572970059));
#1875 = CARTESIAN_POINT('',(-0.167923455877,-35.94687586499));
#1876 = CARTESIAN_POINT('',(-0.252496666794,-35.94876590462));
#1877 = CARTESIAN_POINT('',(-0.337784976192,-35.95136488984));
#1878 = CARTESIAN_POINT('',(-0.424018633067,-35.95462367212));
#1879 = CARTESIAN_POINT('',(-0.511429259042,-35.95847556652));
#1880 = CARTESIAN_POINT('',(-0.600263756257,-35.96283578333));
#1881 = CARTESIAN_POINT('',(-0.690752419232,-35.96759780742));
#1882 = CARTESIAN_POINT('',(-0.783248920361,-35.97263924018));
#1883 = CARTESIAN_POINT('',(-0.877733963024,-35.97779344368));
#1884 = CARTESIAN_POINT('',(-0.975701728545,-35.98294971163));
#1885 = CARTESIAN_POINT('',(-1.077466519149,-35.98789318131));
#1886 = CARTESIAN_POINT('',(-1.181887254617,-35.99231506113));
#1887 = CARTESIAN_POINT('',(-1.288387552328,-35.99594881986));
#1888 = CARTESIAN_POINT('',(-1.396371706719,-35.9985619191));
#1889 = CARTESIAN_POINT('',(-1.505327381156,-35.99998293739));
#1890 = CARTESIAN_POINT('',(-1.614812800214,-36.00011204965));
#1891 = CARTESIAN_POINT('',(-1.724241340179,-35.9989366789));
#1892 = CARTESIAN_POINT('',(-1.833603820623,-35.99651054984));
#1893 = CARTESIAN_POINT('',(-1.94057230958,-35.99303677349));
#1894 = CARTESIAN_POINT('',(-2.044531609496,-35.98877683766));
#1895 = CARTESIAN_POINT('',(-2.145961122117,-35.98395699241));
#1896 = CARTESIAN_POINT('',(-2.244989312064,-35.97880848347));
#1897 = CARTESIAN_POINT('',(-2.341788143986,-35.97354739694));
#1898 = CARTESIAN_POINT('',(-2.436480109281,-35.96837217153));
#1899 = CARTESIAN_POINT('',(-2.529141573488,-35.96345939163));
#1900 = CARTESIAN_POINT('',(-2.619899575735,-35.95895652271));
#1901 = CARTESIAN_POINT('',(-2.708552396196,-35.95499550058));
#1902 = CARTESIAN_POINT('',(-2.796015746405,-35.95163123737));
#1903 = CARTESIAN_POINT('',(-2.883041758279,-35.94892308568));
#1904 = CARTESIAN_POINT('',(-2.96966009633,-35.94694290094));
#1905 = CARTESIAN_POINT('',(-3.056071373587,-35.94573730798));
#1906 = CARTESIAN_POINT('',(-3.142412133758,-35.94533692399));
#1907 = CARTESIAN_POINT('',(-3.228822019776,-35.94575301717));
#1908 = CARTESIAN_POINT('',(-3.315426373068,-35.94697745));
#1909 = CARTESIAN_POINT('',(-3.402352147207,-35.94898245014));
#1910 = CARTESIAN_POINT('',(-3.489693536123,-35.95171860579));
#1911 = CARTESIAN_POINT('',(-3.577644703022,-35.95512137334));
#1912 = CARTESIAN_POINT('',(-3.666014249855,-35.95908696671));
#1913 = CARTESIAN_POINT('',(-3.756293349958,-35.96357599209));
#1914 = CARTESIAN_POINT('',(-3.848691105288,-35.96847984919));
#1915 = CARTESIAN_POINT('',(-3.943169526087,-35.97364456336));
#1916 = CARTESIAN_POINT('',(-4.039799739011,-35.97889413431));
#1917 = CARTESIAN_POINT('',(-4.138661403952,-35.98402865273));
#1918 = CARTESIAN_POINT('',(-4.239893383444,-35.98883154865));
#1919 = CARTESIAN_POINT('',(-4.343602688163,-35.99307247129));
#1920 = CARTESIAN_POINT('',(-4.450197475591,-35.99652602948));
#1921 = CARTESIAN_POINT('',(-4.559177776468,-35.99893956906));
#1922 = CARTESIAN_POINT('',(-4.668483051224,-36.0001123912));
#1923 = CARTESIAN_POINT('',(-4.777943647383,-35.9999823303));
#1924 = CARTESIAN_POINT('',(-4.886927043414,-35.9985599114));
#1925 = CARTESIAN_POINT('',(-4.994917588235,-35.99594520282));
#1926 = CARTESIAN_POINT('',(-5.101327402943,-35.99231349237));
#1927 = CARTESIAN_POINT('',(-5.205495900375,-35.98790249841));
#1928 = CARTESIAN_POINT('',(-5.306688866233,-35.98298914563));
#1929 = CARTESIAN_POINT('',(-5.403888833698,-35.97787748164));
#1930 = CARTESIAN_POINT('',(-5.49871889027,-35.97270612456));
#1931 = CARTESIAN_POINT('',(-5.591291332188,-35.96765921844));
#1932 = CARTESIAN_POINT('',(-5.681946046509,-35.96288549749));
#1933 = CARTESIAN_POINT('',(-5.770931765797,-35.95851391779));
#1934 = CARTESIAN_POINT('',(-5.858499900671,-35.95465078879));
#1935 = CARTESIAN_POINT('',(-5.944885953931,-35.95138218672));
#1936 = CARTESIAN_POINT('',(-6.030319900463,-35.94877532017));
#1937 = CARTESIAN_POINT('',(-6.115028764143,-35.94687969875));
#1938 = CARTESIAN_POINT('',(-6.199239918198,-35.9457303449));
#1939 = CARTESIAN_POINT('',(-6.255206546486,-35.94547181606));
#1940 = CARTESIAN_POINT('',(-6.28318530718,-35.94547296674));
#1941 = ( GEOMETRIC_REPRESENTATION_CONTEXT(2) 
PARAMETRIC_REPRESENTATION_CONTEXT() REPRESENTATION_CONTEXT('2D SPACE',''
  ) );
#1942 = PCURVE('',#1473,#1943);
#1943 = DEFINITIONAL_REPRESENTATION('',(#1944),#2014);
#1944 = B_SPLINE_CURVE_WITH_KNOTS('',3,(#1945,#1946,#1947,#1948,#1949,
    #1950,#1951,#1952,#1953,#1954,#1955,#1956,#1957,#1958,#1959,#1960,
    #1961,#1962,#1963,#1964,#1965,#1966,#1967,#1968,#1969,#1970,#1971,
    #1972,#1973,#1974,#1975,#1976,#1977,#1978,#1979,#1980,#1981,#1982,
    #1983,#1984,#1985,#1986,#1987,#1988,#1989,#1990,#1991,#1992,#1993,
    #1994,#1995,#1996,#1997,#1998,#1999,#2000,#2001,#2002,#2003,#2004,
    #2005,#2006,#2007,#2008,#2009,#2010,#2011,#2012,#2013),
  .UNSPECIFIED.,.T.,.F.,(4,1,1,1,1,1,1,1,1,1,1,1,1,1,1,1,1,1,1,1,1,1,1,1
    ,1,1,1,1,1,1,1,1,1,1,1,1,1,1,1,1,1,1,1,1,1,1,1,1,1,1,1,1,1,1,1,1,1,1
    ,1,1,1,1,1,1,1,1,4),(0.,1.515151515152E-02,3.030303030303E-02,
    4.545454545455E-02,6.060606060606E-02,7.575757575758E-02,
    9.090909090909E-02,0.106060606061,0.121212121212,0.136363636364,
    0.151515151515,0.166666666667,0.181818181818,0.19696969697,
    0.212121212121,0.227272727273,0.242424242424,0.257575757576,
    0.272727272727,0.287878787879,0.30303030303,0.318181818182,
    0.333333333333,0.348484848485,0.363636363636,0.378787878788,
    0.393939393939,0.409090909091,0.424242424242,0.439393939394,
    0.454545454545,0.469696969697,0.484848484848,0.5,0.515151515152,
    0.530303030303,0.545454545455,0.560606060606,0.575757575758,
    0.590909090909,0.606060606061,0.621212121212,0.636363636364,
    0.651515151515,0.666666666667,0.681818181818,0.69696969697,
    0.712121212121,0.727272727273,0.742424242424,0.757575757576,
    0.772727272727,0.787878787879,0.80303030303,0.818181818182,
    0.833333333333,0.848484848485,0.863636363636,0.878787878788,
    0.893939393939,0.909090909091,0.924242424242,0.939393939394,
    0.954545454545,0.969696969697,0.984848484848,1.),
  .QUASI_UNIFORM_KNOTS.);
#1945 = CARTESIAN_POINT('',(-4.790245390329,-1.5));
#1946 = CARTESIAN_POINT('',(-4.790245216378,-1.539119558788));
#1947 = CARTESIAN_POINT('',(-4.790062781624,-1.617371579706));
#1948 = CARTESIAN_POINT('',(-4.78923918204,-1.734266285066));
#1949 = CARTESIAN_POINT('',(-4.787862678084,-1.850171129751));
#1950 = CARTESIAN_POINT('',(-4.785927757917,-1.964525324257));
#1951 = CARTESIAN_POINT('',(-4.783427676875,-2.07671986762));
#1952 = CARTESIAN_POINT('',(-4.78035475262,-2.186079812114));
#1953 = CARTESIAN_POINT('',(-4.776700274053,-2.291861795977));
#1954 = CARTESIAN_POINT('',(-4.772457162077,-2.39320890132));
#1955 = CARTESIAN_POINT('',(-4.767612256221,-2.489254227586));
#1956 = CARTESIAN_POINT('',(-4.76217766085,-2.578664227627));
#1957 = CARTESIAN_POINT('',(-4.75607661053,-2.661264893449));
#1958 = CARTESIAN_POINT('',(-4.749295212654,-2.735256876872));
#1959 = CARTESIAN_POINT('',(-4.741939591586,-2.797859026419));
#1960 = CARTESIAN_POINT('',(-4.734106506664,-2.847125919987));
#1961 = CARTESIAN_POINT('',(-4.725913491387,-2.881466571018));
#1962 = CARTESIAN_POINT('',(-4.717487486484,-2.899786755963));
#1963 = CARTESIAN_POINT('',(-4.708959815883,-2.901439348918));
#1964 = CARTESIAN_POINT('',(-4.700477123097,-2.886323410329));
#1965 = CARTESIAN_POINT('',(-4.69214197369,-2.854584396205));
#1966 = CARTESIAN_POINT('',(-4.684223886443,-2.807790199275));
#1967 = CARTESIAN_POINT('',(-4.676836080889,-2.748006454338));
#1968 = CARTESIAN_POINT('',(-4.669996617694,-2.676710517271));
#1969 = CARTESIAN_POINT('',(-4.6637383118,-2.595442058945));
#1970 = CARTESIAN_POINT('',(-4.658080431795,-2.505641626011));
#1971 = CARTESIAN_POINT('',(-4.653036905495,-2.408693482454));
#1972 = CARTESIAN_POINT('',(-4.648615573402,-2.305953064106));
#1973 = CARTESIAN_POINT('',(-4.644815762912,-2.198622490732));
#1974 = CARTESIAN_POINT('',(-4.641640705332,-2.088241112322));
#1975 = CARTESIAN_POINT('',(-4.639050955146,-1.974836373394));
#1976 = CARTESIAN_POINT('',(-4.637030638525,-1.858401607561));
#1977 = CARTESIAN_POINT('',(-4.635586918852,-1.739819977445));
#1978 = CARTESIAN_POINT('',(-4.634721023755,-1.619732612069));
#1979 = CARTESIAN_POINT('',(-4.6344355775,-1.498851317127));
#1980 = CARTESIAN_POINT('',(-4.634732245014,-1.377881710544));
#1981 = CARTESIAN_POINT('',(-4.635611853618,-1.257552802743));
#1982 = CARTESIAN_POINT('',(-4.637074319675,-1.138603648695));
#1983 = CARTESIAN_POINT('',(-4.63911690289,-1.021829101161));
#1984 = CARTESIAN_POINT('',(-4.641739367403,-0.907926477501));
#1985 = CARTESIAN_POINT('',(-4.644923207072,-0.798074418342));
#1986 = CARTESIAN_POINT('',(-4.648717389765,-0.69147766887));
#1987 = CARTESIAN_POINT('',(-4.653137850689,-0.589194155474));
#1988 = CARTESIAN_POINT('',(-4.658180017344,-0.492634402139));
#1989 = CARTESIAN_POINT('',(-4.663836339735,-0.403161149852));
#1990 = CARTESIAN_POINT('',(-4.670090954754,-0.322201387211));
#1991 = CARTESIAN_POINT('',(-4.676922374524,-0.251210386121));
#1992 = CARTESIAN_POINT('',(-4.684296143632,-0.191722855395));
#1993 = CARTESIAN_POINT('',(-4.692188646032,-0.145212156995));
#1994 = CARTESIAN_POINT('',(-4.700495240035,-0.11363968299));
#1995 = CARTESIAN_POINT('',(-4.7089684164,-9.855628977818E-02));
#1996 = CARTESIAN_POINT('',(-4.717494154769,-0.100220829078));
#1997 = CARTESIAN_POINT('',(-4.725922213789,-0.11855941704));
#1998 = CARTESIAN_POINT('',(-4.73411545845,-0.152922501942));
#1999 = CARTESIAN_POINT('',(-4.741941546189,-0.202163859511));
#2000 = CARTESIAN_POINT('',(-4.749279472582,-0.264610902751));
#2001 = CARTESIAN_POINT('',(-4.756024004347,-0.33814361911));
#2002 = CARTESIAN_POINT('',(-4.762083560425,-0.419943931527));
#2003 = CARTESIAN_POINT('',(-4.767545781983,-0.509525468241));
#2004 = CARTESIAN_POINT('',(-4.772400469349,-0.605557351977));
#2005 = CARTESIAN_POINT('',(-4.776657598617,-0.707005359071));
#2006 = CARTESIAN_POINT('',(-4.780323530715,-0.812909958277));
#2007 = CARTESIAN_POINT('',(-4.783406570911,-0.922425672061));
#2008 = CARTESIAN_POINT('',(-4.785914749025,-1.034792526068));
#2009 = CARTESIAN_POINT('',(-4.787855780412,-1.149327025726));
#2010 = CARTESIAN_POINT('',(-4.789236419767,-1.26541076462));
#2011 = CARTESIAN_POINT('',(-4.790062323072,-1.38247543343));
#2012 = CARTESIAN_POINT('',(-4.790245220261,-1.460831595033));
#2013 = CARTESIAN_POINT('',(-4.790245390329,-1.5));
#2014 = ( GEOMETRIC_REPRESENTATION_CONTEXT(2) 
PARAMETRIC_REPRESENTATION_CONTEXT() REPRESENTATION_CONTEXT('2D SPACE',''
  ) );
#2015 = ORIENTED_EDGE('',*,*,#1799,.F.);
#2016 = ADVANCED_FACE('',(#2017,#2043,#2046),#1473,.T.);
#2017 = FACE_BOUND('',#2018,.F.);
#2018 = EDGE_LOOP('',(#2019,#2020,#2041,#2042));
#2019 = ORIENTED_EDGE('',*,*,#1545,.F.);
#2020 = ORIENTED_EDGE('',*,*,#2021,.T.);
#2021 = EDGE_CURVE('',#1546,#1457,#2022,.T.);
#2022 = SEAM_CURVE('',#2023,(#2027,#2034),.PCURVE_S1.);
#2023 = LINE('',#2024,#2025);
#2024 = CARTESIAN_POINT('',(18.,0.,0.));
#2025 = VECTOR('',#2026,1.);
#2026 = DIRECTION('',(0.,0.,1.));
#2027 = PCURVE('',#1473,#2028);
#2028 = DEFINITIONAL_REPRESENTATION('',(#2029),#2033);
#2029 = LINE('',#2030,#2031);
#2030 = CARTESIAN_POINT('',(-0.,0.));
#2031 = VECTOR('',#2032,1.);
#2032 = DIRECTION('',(-0.,-1.));
#2033 = ( GEOMETRIC_REPRESENTATION_CONTEXT(2) 
PARAMETRIC_REPRESENTATION_CONTEXT() REPRESENTATION_CONTEXT('2D SPACE',''
  ) );
#2034 = PCURVE('',#1473,#2035);
#2035 = DEFINITIONAL_REPRESENTATION('',(#2036),#2040);
#2036 = LINE('',#2037,#2038);
#2037 = CARTESIAN_POINT('',(-6.28318530718,0.));
#2038 = VECTOR('',#2039,1.);
#2039 = DIRECTION('',(-0.,-1.));
#2040 = ( GEOMETRIC_REPRESENTATION_CONTEXT(2) 
PARAMETRIC_REPRESENTATION_CONTEXT() REPRESENTATION_CONTEXT('2D SPACE',''
  ) );
#2041 = ORIENTED_EDGE('',*,*,#1456,.T.);
#2042 = ORIENTED_EDGE('',*,*,#2021,.F.);
#2043 = FACE_BOUND('',#2044,.F.);
#2044 = EDGE_LOOP('',(#2045));
#2045 = ORIENTED_EDGE('',*,*,#1576,.T.);
#2046 = FACE_BOUND('',#2047,.F.);
#2047 = EDGE_LOOP('',(#2048));
#2048 = ORIENTED_EDGE('',*,*,#1822,.T.);
#2049 = ( GEOMETRIC_REPRESENTATION_CONTEXT(3) 
GLOBAL_UNCERTAINTY_ASSIGNED_CONTEXT((#2053)) 
GLOBAL_UNIT_ASSIGNED_CONTEXT((#2050,#2051,#2052)) REPRESENTATION_CONTEXT
('Context #1','3D Context with UNIT and UNCERTAINTY') );
#2050 = ( LENGTH_UNIT() NAMED_UNIT(*) SI_UNIT(.MILLI.,.METRE.) );
#2051 = ( NAMED_UNIT(*) PLANE_ANGLE_UNIT() SI_UNIT($,.RADIAN.) );
#2052 = ( NAMED_UNIT(*) SI_UNIT($,.STERADIAN.) SOLID_ANGLE_UNIT() );
#2053 = UNCERTAINTY_MEASURE_WITH_UNIT(LENGTH_MEASURE(1.E-07),#2050,
  'distance_accuracy_value','confusion accuracy');
#2054 = PRODUCT_RELATED_PRODUCT_CATEGORY('part',$,(#7));
ENDSEC;
END-ISO-10303-21;
